[2026-07-27T04:19:34.473+0000] {processor.py:161} INFO - Started process (PID=163) to work on /opt/airflow/dags/football_etl_dag.py
[2026-07-27T04:19:34.482+0000] {processor.py:830} INFO - Processing file /opt/airflow/dags/football_etl_dag.py for tasks to queue
[2026-07-27T04:19:34.493+0000] {logging_mixin.py:188} INFO - [2026-07-27T04:19:34.489+0000] {dagbag.py:545} INFO - Filling up the DagBag from /opt/airflow/dags/football_etl_dag.py
[2026-07-27T04:19:34.571+0000] {processor.py:840} INFO - DAG(s) 'football_etl' retrieved from /opt/airflow/dags/football_etl_dag.py
[2026-07-27T04:19:34.638+0000] {logging_mixin.py:188} INFO - [2026-07-27T04:19:34.638+0000] {dag.py:3089} INFO - Sync 1 DAGs
[2026-07-27T04:19:34.700+0000] {logging_mixin.py:188} INFO - [2026-07-27T04:19:34.699+0000] {dag.py:3947} INFO - Setting next_dagrun for football_etl to 2026-07-30 00:00:00+00:00, run_after=2026-07-31 00:00:00+00:00
[2026-07-27T04:19:34.747+0000] {processor.py:183} INFO - Processing /opt/airflow/dags/football_etl_dag.py took 0.293 seconds
[2026-07-27T04:20:04.872+0000] {processor.py:161} INFO - Started process (PID=168) to work on /opt/airflow/dags/football_etl_dag.py
[2026-07-27T04:20:04.876+0000] {processor.py:830} INFO - Processing file /opt/airflow/dags/football_etl_dag.py for tasks to queue
[2026-07-27T04:20:04.883+0000] {logging_mixin.py:188} INFO - [2026-07-27T04:20:04.882+0000] {dagbag.py:545} INFO - Filling up the DagBag from /opt/airflow/dags/football_etl_dag.py
[2026-07-27T04:20:04.950+0000] {processor.py:840} INFO - DAG(s) 'football_etl' retrieved from /opt/airflow/dags/football_etl_dag.py
[2026-07-27T04:20:05.193+0000] {logging_mixin.py:188} INFO - [2026-07-27T04:20:05.193+0000] {dag.py:3089} INFO - Sync 1 DAGs
[2026-07-27T04:20:05.217+0000] {logging_mixin.py:188} INFO - [2026-07-27T04:20:05.217+0000] {dag.py:3947} INFO - Setting next_dagrun for football_etl to 2026-07-30 00:00:00+00:00, run_after=2026-07-31 00:00:00+00:00
[2026-07-27T04:20:05.252+0000] {processor.py:183} INFO - Processing /opt/airflow/dags/football_etl_dag.py took 0.398 seconds
[2026-07-27T04:20:35.537+0000] {processor.py:161} INFO - Started process (PID=173) to work on /opt/airflow/dags/football_etl_dag.py
[2026-07-27T04:20:35.539+0000] {processor.py:830} INFO - Processing file /opt/airflow/dags/football_etl_dag.py for tasks to queue
[2026-07-27T04:20:35.542+0000] {logging_mixin.py:188} INFO - [2026-07-27T04:20:35.542+0000] {dagbag.py:545} INFO - Filling up the DagBag from /opt/airflow/dags/football_etl_dag.py
[2026-07-27T04:20:35.588+0000] {processor.py:840} INFO - DAG(s) 'football_etl' retrieved from /opt/airflow/dags/football_etl_dag.py
[2026-07-27T04:20:35.676+0000] {logging_mixin.py:188} INFO - [2026-07-27T04:20:35.675+0000] {dag.py:3089} INFO - Sync 1 DAGs
[2026-07-27T04:20:35.716+0000] {logging_mixin.py:188} INFO - [2026-07-27T04:20:35.716+0000] {dag.py:3947} INFO - Setting next_dagrun for football_etl to 2026-07-30 00:00:00+00:00, run_after=2026-07-31 00:00:00+00:00
[2026-07-27T04:20:35.754+0000] {processor.py:183} INFO - Processing /opt/airflow/dags/football_etl_dag.py took 0.227 seconds
[2026-07-27T04:21:05.969+0000] {processor.py:161} INFO - Started process (PID=178) to work on /opt/airflow/dags/football_etl_dag.py
[2026-07-27T04:21:05.971+0000] {processor.py:830} INFO - Processing file /opt/airflow/dags/football_etl_dag.py for tasks to queue
[2026-07-27T04:21:05.974+0000] {logging_mixin.py:188} INFO - [2026-07-27T04:21:05.974+0000] {dagbag.py:545} INFO - Filling up the DagBag from /opt/airflow/dags/football_etl_dag.py
[2026-07-27T04:21:06.004+0000] {processor.py:840} INFO - DAG(s) 'football_etl' retrieved from /opt/airflow/dags/football_etl_dag.py
[2026-07-27T04:21:06.045+0000] {logging_mixin.py:188} INFO - [2026-07-27T04:21:06.044+0000] {dag.py:3089} INFO - Sync 1 DAGs
[2026-07-27T04:21:06.073+0000] {logging_mixin.py:188} INFO - [2026-07-27T04:21:06.073+0000] {dag.py:3947} INFO - Setting next_dagrun for football_etl to 2026-07-30 00:00:00+00:00, run_after=2026-07-31 00:00:00+00:00
[2026-07-27T04:21:06.096+0000] {processor.py:183} INFO - Processing /opt/airflow/dags/football_etl_dag.py took 0.134 seconds
[2026-07-27T04:21:36.183+0000] {processor.py:161} INFO - Started process (PID=183) to work on /opt/airflow/dags/football_etl_dag.py
[2026-07-27T04:21:36.185+0000] {processor.py:830} INFO - Processing file /opt/airflow/dags/football_etl_dag.py for tasks to queue
[2026-07-27T04:21:36.189+0000] {logging_mixin.py:188} INFO - [2026-07-27T04:21:36.188+0000] {dagbag.py:545} INFO - Filling up the DagBag from /opt/airflow/dags/football_etl_dag.py
[2026-07-27T04:21:36.217+0000] {processor.py:840} INFO - DAG(s) 'football_etl' retrieved from /opt/airflow/dags/football_etl_dag.py
[2026-07-27T04:21:36.260+0000] {logging_mixin.py:188} INFO - [2026-07-27T04:21:36.259+0000] {dag.py:3089} INFO - Sync 1 DAGs
[2026-07-27T04:21:36.290+0000] {logging_mixin.py:188} INFO - [2026-07-27T04:21:36.290+0000] {dag.py:3947} INFO - Setting next_dagrun for football_etl to 2026-07-30 00:00:00+00:00, run_after=2026-07-31 00:00:00+00:00
[2026-07-27T04:21:36.324+0000] {processor.py:183} INFO - Processing /opt/airflow/dags/football_etl_dag.py took 0.149 seconds
[2026-07-27T04:22:06.583+0000] {processor.py:161} INFO - Started process (PID=188) to work on /opt/airflow/dags/football_etl_dag.py
[2026-07-27T04:22:06.585+0000] {processor.py:830} INFO - Processing file /opt/airflow/dags/football_etl_dag.py for tasks to queue
[2026-07-27T04:22:06.593+0000] {logging_mixin.py:188} INFO - [2026-07-27T04:22:06.593+0000] {dagbag.py:545} INFO - Filling up the DagBag from /opt/airflow/dags/football_etl_dag.py
[2026-07-27T04:22:06.631+0000] {processor.py:840} INFO - DAG(s) 'football_etl' retrieved from /opt/airflow/dags/football_etl_dag.py
[2026-07-27T04:22:06.674+0000] {logging_mixin.py:188} INFO - [2026-07-27T04:22:06.674+0000] {dag.py:3089} INFO - Sync 1 DAGs
[2026-07-27T04:22:06.704+0000] {logging_mixin.py:188} INFO - [2026-07-27T04:22:06.704+0000] {dag.py:3947} INFO - Setting next_dagrun for football_etl to 2026-07-30 00:00:00+00:00, run_after=2026-07-31 00:00:00+00:00
[2026-07-27T04:22:06.731+0000] {processor.py:183} INFO - Processing /opt/airflow/dags/football_etl_dag.py took 0.160 seconds
[2026-07-27T04:22:36.835+0000] {processor.py:161} INFO - Started process (PID=193) to work on /opt/airflow/dags/football_etl_dag.py
[2026-07-27T04:22:36.838+0000] {processor.py:830} INFO - Processing file /opt/airflow/dags/football_etl_dag.py for tasks to queue
[2026-07-27T04:22:36.844+0000] {logging_mixin.py:188} INFO - [2026-07-27T04:22:36.844+0000] {dagbag.py:545} INFO - Filling up the DagBag from /opt/airflow/dags/football_etl_dag.py
[2026-07-27T04:22:36.899+0000] {processor.py:840} INFO - DAG(s) 'football_etl' retrieved from /opt/airflow/dags/football_etl_dag.py
[2026-07-27T04:22:36.977+0000] {logging_mixin.py:188} INFO - [2026-07-27T04:22:36.976+0000] {dag.py:3089} INFO - Sync 1 DAGs
[2026-07-27T04:22:37.033+0000] {logging_mixin.py:188} INFO - [2026-07-27T04:22:37.032+0000] {dag.py:3947} INFO - Setting next_dagrun for football_etl to 2026-07-30 00:00:00+00:00, run_after=2026-07-31 00:00:00+00:00
[2026-07-27T04:22:37.077+0000] {processor.py:183} INFO - Processing /opt/airflow/dags/football_etl_dag.py took 0.263 seconds
[2026-07-27T04:23:07.185+0000] {processor.py:161} INFO - Started process (PID=198) to work on /opt/airflow/dags/football_etl_dag.py
[2026-07-27T04:23:07.187+0000] {processor.py:830} INFO - Processing file /opt/airflow/dags/football_etl_dag.py for tasks to queue
[2026-07-27T04:23:07.189+0000] {logging_mixin.py:188} INFO - [2026-07-27T04:23:07.189+0000] {dagbag.py:545} INFO - Filling up the DagBag from /opt/airflow/dags/football_etl_dag.py
[2026-07-27T04:23:07.215+0000] {processor.py:840} INFO - DAG(s) 'football_etl' retrieved from /opt/airflow/dags/football_etl_dag.py
[2026-07-27T04:23:07.260+0000] {logging_mixin.py:188} INFO - [2026-07-27T04:23:07.260+0000] {dag.py:3089} INFO - Sync 1 DAGs
[2026-07-27T04:23:07.289+0000] {logging_mixin.py:188} INFO - [2026-07-27T04:23:07.289+0000] {dag.py:3947} INFO - Setting next_dagrun for football_etl to 2026-07-30 00:00:00+00:00, run_after=2026-07-31 00:00:00+00:00
[2026-07-27T04:23:07.311+0000] {processor.py:183} INFO - Processing /opt/airflow/dags/football_etl_dag.py took 0.135 seconds
[2026-07-27T04:23:37.532+0000] {processor.py:161} INFO - Started process (PID=203) to work on /opt/airflow/dags/football_etl_dag.py
[2026-07-27T04:23:37.534+0000] {processor.py:830} INFO - Processing file /opt/airflow/dags/football_etl_dag.py for tasks to queue
[2026-07-27T04:23:37.538+0000] {logging_mixin.py:188} INFO - [2026-07-27T04:23:37.537+0000] {dagbag.py:545} INFO - Filling up the DagBag from /opt/airflow/dags/football_etl_dag.py
[2026-07-27T04:23:37.567+0000] {processor.py:840} INFO - DAG(s) 'football_etl' retrieved from /opt/airflow/dags/football_etl_dag.py
[2026-07-27T04:23:37.610+0000] {logging_mixin.py:188} INFO - [2026-07-27T04:23:37.609+0000] {dag.py:3089} INFO - Sync 1 DAGs
[2026-07-27T04:23:37.638+0000] {logging_mixin.py:188} INFO - [2026-07-27T04:23:37.638+0000] {dag.py:3947} INFO - Setting next_dagrun for football_etl to 2026-07-30 00:00:00+00:00, run_after=2026-07-31 00:00:00+00:00
[2026-07-27T04:23:37.662+0000] {processor.py:183} INFO - Processing /opt/airflow/dags/football_etl_dag.py took 0.139 seconds
[2026-07-27T04:24:07.730+0000] {processor.py:161} INFO - Started process (PID=208) to work on /opt/airflow/dags/football_etl_dag.py
[2026-07-27T04:24:07.732+0000] {processor.py:830} INFO - Processing file /opt/airflow/dags/football_etl_dag.py for tasks to queue
[2026-07-27T04:24:07.735+0000] {logging_mixin.py:188} INFO - [2026-07-27T04:24:07.735+0000] {dagbag.py:545} INFO - Filling up the DagBag from /opt/airflow/dags/football_etl_dag.py
[2026-07-27T04:24:07.763+0000] {processor.py:840} INFO - DAG(s) 'football_etl' retrieved from /opt/airflow/dags/football_etl_dag.py
[2026-07-27T04:24:07.804+0000] {logging_mixin.py:188} INFO - [2026-07-27T04:24:07.804+0000] {dag.py:3089} INFO - Sync 1 DAGs
[2026-07-27T04:24:07.837+0000] {logging_mixin.py:188} INFO - [2026-07-27T04:24:07.837+0000] {dag.py:3947} INFO - Setting next_dagrun for football_etl to 2026-07-30 00:00:00+00:00, run_after=2026-07-31 00:00:00+00:00
[2026-07-27T04:24:07.879+0000] {processor.py:183} INFO - Processing /opt/airflow/dags/football_etl_dag.py took 0.159 seconds
[2026-07-27T04:24:38.152+0000] {processor.py:161} INFO - Started process (PID=213) to work on /opt/airflow/dags/football_etl_dag.py
[2026-07-27T04:24:38.154+0000] {processor.py:830} INFO - Processing file /opt/airflow/dags/football_etl_dag.py for tasks to queue
[2026-07-27T04:24:38.158+0000] {logging_mixin.py:188} INFO - [2026-07-27T04:24:38.157+0000] {dagbag.py:545} INFO - Filling up the DagBag from /opt/airflow/dags/football_etl_dag.py
[2026-07-27T04:24:38.188+0000] {processor.py:840} INFO - DAG(s) 'football_etl' retrieved from /opt/airflow/dags/football_etl_dag.py
[2026-07-27T04:24:38.227+0000] {logging_mixin.py:188} INFO - [2026-07-27T04:24:38.227+0000] {dag.py:3089} INFO - Sync 1 DAGs
[2026-07-27T04:24:38.253+0000] {logging_mixin.py:188} INFO - [2026-07-27T04:24:38.253+0000] {dag.py:3947} INFO - Setting next_dagrun for football_etl to 2026-07-30 00:00:00+00:00, run_after=2026-07-31 00:00:00+00:00
[2026-07-27T04:24:38.276+0000] {processor.py:183} INFO - Processing /opt/airflow/dags/football_etl_dag.py took 0.132 seconds
[2026-07-27T04:25:08.402+0000] {processor.py:161} INFO - Started process (PID=218) to work on /opt/airflow/dags/football_etl_dag.py
[2026-07-27T04:25:08.403+0000] {processor.py:830} INFO - Processing file /opt/airflow/dags/football_etl_dag.py for tasks to queue
[2026-07-27T04:25:08.408+0000] {logging_mixin.py:188} INFO - [2026-07-27T04:25:08.408+0000] {dagbag.py:545} INFO - Filling up the DagBag from /opt/airflow/dags/football_etl_dag.py
[2026-07-27T04:25:08.433+0000] {processor.py:840} INFO - DAG(s) 'football_etl' retrieved from /opt/airflow/dags/football_etl_dag.py
[2026-07-27T04:25:08.471+0000] {logging_mixin.py:188} INFO - [2026-07-27T04:25:08.471+0000] {dag.py:3089} INFO - Sync 1 DAGs
[2026-07-27T04:25:08.496+0000] {logging_mixin.py:188} INFO - [2026-07-27T04:25:08.496+0000] {dag.py:3947} INFO - Setting next_dagrun for football_etl to 2026-07-30 00:00:00+00:00, run_after=2026-07-31 00:00:00+00:00
[2026-07-27T04:25:08.518+0000] {processor.py:183} INFO - Processing /opt/airflow/dags/football_etl_dag.py took 0.123 seconds
[2026-07-27T04:25:38.771+0000] {processor.py:161} INFO - Started process (PID=223) to work on /opt/airflow/dags/football_etl_dag.py
[2026-07-27T04:25:38.773+0000] {processor.py:830} INFO - Processing file /opt/airflow/dags/football_etl_dag.py for tasks to queue
[2026-07-27T04:25:38.776+0000] {logging_mixin.py:188} INFO - [2026-07-27T04:25:38.775+0000] {dagbag.py:545} INFO - Filling up the DagBag from /opt/airflow/dags/football_etl_dag.py
[2026-07-27T04:25:38.804+0000] {processor.py:840} INFO - DAG(s) 'football_etl' retrieved from /opt/airflow/dags/football_etl_dag.py
[2026-07-27T04:25:38.843+0000] {logging_mixin.py:188} INFO - [2026-07-27T04:25:38.843+0000] {dag.py:3089} INFO - Sync 1 DAGs
[2026-07-27T04:25:38.868+0000] {logging_mixin.py:188} INFO - [2026-07-27T04:25:38.868+0000] {dag.py:3947} INFO - Setting next_dagrun for football_etl to 2026-07-30 00:00:00+00:00, run_after=2026-07-31 00:00:00+00:00
[2026-07-27T04:25:38.890+0000] {processor.py:183} INFO - Processing /opt/airflow/dags/football_etl_dag.py took 0.130 seconds
[2026-07-27T04:26:09.022+0000] {processor.py:161} INFO - Started process (PID=228) to work on /opt/airflow/dags/football_etl_dag.py
[2026-07-27T04:26:09.023+0000] {processor.py:830} INFO - Processing file /opt/airflow/dags/football_etl_dag.py for tasks to queue
[2026-07-27T04:26:09.026+0000] {logging_mixin.py:188} INFO - [2026-07-27T04:26:09.025+0000] {dagbag.py:545} INFO - Filling up the DagBag from /opt/airflow/dags/football_etl_dag.py
[2026-07-27T04:26:09.052+0000] {processor.py:840} INFO - DAG(s) 'football_etl' retrieved from /opt/airflow/dags/football_etl_dag.py
[2026-07-27T04:26:09.093+0000] {logging_mixin.py:188} INFO - [2026-07-27T04:26:09.092+0000] {dag.py:3089} INFO - Sync 1 DAGs
[2026-07-27T04:26:09.118+0000] {logging_mixin.py:188} INFO - [2026-07-27T04:26:09.118+0000] {dag.py:3947} INFO - Setting next_dagrun for football_etl to 2026-07-30 00:00:00+00:00, run_after=2026-07-31 00:00:00+00:00
[2026-07-27T04:26:09.140+0000] {processor.py:183} INFO - Processing /opt/airflow/dags/football_etl_dag.py took 0.126 seconds
[2026-07-27T04:26:39.342+0000] {processor.py:161} INFO - Started process (PID=233) to work on /opt/airflow/dags/football_etl_dag.py
[2026-07-27T04:26:39.344+0000] {processor.py:830} INFO - Processing file /opt/airflow/dags/football_etl_dag.py for tasks to queue
[2026-07-27T04:26:39.346+0000] {logging_mixin.py:188} INFO - [2026-07-27T04:26:39.346+0000] {dagbag.py:545} INFO - Filling up the DagBag from /opt/airflow/dags/football_etl_dag.py
[2026-07-27T04:26:39.371+0000] {processor.py:840} INFO - DAG(s) 'football_etl' retrieved from /opt/airflow/dags/football_etl_dag.py
[2026-07-27T04:26:39.412+0000] {logging_mixin.py:188} INFO - [2026-07-27T04:26:39.412+0000] {dag.py:3089} INFO - Sync 1 DAGs
[2026-07-27T04:26:39.437+0000] {logging_mixin.py:188} INFO - [2026-07-27T04:26:39.436+0000] {dag.py:3947} INFO - Setting next_dagrun for football_etl to 2026-07-30 00:00:00+00:00, run_after=2026-07-31 00:00:00+00:00
[2026-07-27T04:26:39.462+0000] {processor.py:183} INFO - Processing /opt/airflow/dags/football_etl_dag.py took 0.127 seconds
[2026-07-27T04:27:09.623+0000] {processor.py:161} INFO - Started process (PID=238) to work on /opt/airflow/dags/football_etl_dag.py
[2026-07-27T04:27:09.624+0000] {processor.py:830} INFO - Processing file /opt/airflow/dags/football_etl_dag.py for tasks to queue
[2026-07-27T04:27:09.626+0000] {logging_mixin.py:188} INFO - [2026-07-27T04:27:09.626+0000] {dagbag.py:545} INFO - Filling up the DagBag from /opt/airflow/dags/football_etl_dag.py
[2026-07-27T04:27:09.651+0000] {processor.py:840} INFO - DAG(s) 'football_etl' retrieved from /opt/airflow/dags/football_etl_dag.py
[2026-07-27T04:27:09.685+0000] {logging_mixin.py:188} INFO - [2026-07-27T04:27:09.684+0000] {dag.py:3089} INFO - Sync 1 DAGs
[2026-07-27T04:27:09.709+0000] {logging_mixin.py:188} INFO - [2026-07-27T04:27:09.709+0000] {dag.py:3947} INFO - Setting next_dagrun for football_etl to 2026-07-30 00:00:00+00:00, run_after=2026-07-31 00:00:00+00:00
[2026-07-27T04:27:09.729+0000] {processor.py:183} INFO - Processing /opt/airflow/dags/football_etl_dag.py took 0.116 seconds
[2026-07-27T04:27:39.918+0000] {processor.py:161} INFO - Started process (PID=243) to work on /opt/airflow/dags/football_etl_dag.py
[2026-07-27T04:27:39.920+0000] {processor.py:830} INFO - Processing file /opt/airflow/dags/football_etl_dag.py for tasks to queue
[2026-07-27T04:27:39.924+0000] {logging_mixin.py:188} INFO - [2026-07-27T04:27:39.923+0000] {dagbag.py:545} INFO - Filling up the DagBag from /opt/airflow/dags/football_etl_dag.py
[2026-07-27T04:27:39.950+0000] {processor.py:840} INFO - DAG(s) 'football_etl' retrieved from /opt/airflow/dags/football_etl_dag.py
[2026-07-27T04:27:39.988+0000] {logging_mixin.py:188} INFO - [2026-07-27T04:27:39.988+0000] {dag.py:3089} INFO - Sync 1 DAGs
[2026-07-27T04:27:40.012+0000] {logging_mixin.py:188} INFO - [2026-07-27T04:27:40.012+0000] {dag.py:3947} INFO - Setting next_dagrun for football_etl to 2026-07-30 00:00:00+00:00, run_after=2026-07-31 00:00:00+00:00
[2026-07-27T04:27:40.034+0000] {processor.py:183} INFO - Processing /opt/airflow/dags/football_etl_dag.py took 0.122 seconds
[2026-07-27T04:28:10.172+0000] {processor.py:161} INFO - Started process (PID=248) to work on /opt/airflow/dags/football_etl_dag.py
[2026-07-27T04:28:10.173+0000] {processor.py:830} INFO - Processing file /opt/airflow/dags/football_etl_dag.py for tasks to queue
[2026-07-27T04:28:10.175+0000] {logging_mixin.py:188} INFO - [2026-07-27T04:28:10.175+0000] {dagbag.py:545} INFO - Filling up the DagBag from /opt/airflow/dags/football_etl_dag.py
[2026-07-27T04:28:10.199+0000] {processor.py:840} INFO - DAG(s) 'football_etl' retrieved from /opt/airflow/dags/football_etl_dag.py
[2026-07-27T04:28:10.240+0000] {logging_mixin.py:188} INFO - [2026-07-27T04:28:10.240+0000] {dag.py:3089} INFO - Sync 1 DAGs
[2026-07-27T04:28:10.268+0000] {logging_mixin.py:188} INFO - [2026-07-27T04:28:10.268+0000] {dag.py:3947} INFO - Setting next_dagrun for football_etl to 2026-07-30 00:00:00+00:00, run_after=2026-07-31 00:00:00+00:00
[2026-07-27T04:28:10.290+0000] {processor.py:183} INFO - Processing /opt/airflow/dags/football_etl_dag.py took 0.124 seconds
[2026-07-27T04:28:40.525+0000] {processor.py:161} INFO - Started process (PID=253) to work on /opt/airflow/dags/football_etl_dag.py
[2026-07-27T04:28:40.526+0000] {processor.py:830} INFO - Processing file /opt/airflow/dags/football_etl_dag.py for tasks to queue
[2026-07-27T04:28:40.529+0000] {logging_mixin.py:188} INFO - [2026-07-27T04:28:40.528+0000] {dagbag.py:545} INFO - Filling up the DagBag from /opt/airflow/dags/football_etl_dag.py
[2026-07-27T04:28:40.559+0000] {processor.py:840} INFO - DAG(s) 'football_etl' retrieved from /opt/airflow/dags/football_etl_dag.py
[2026-07-27T04:28:40.595+0000] {logging_mixin.py:188} INFO - [2026-07-27T04:28:40.595+0000] {dag.py:3089} INFO - Sync 1 DAGs
[2026-07-27T04:28:40.620+0000] {logging_mixin.py:188} INFO - [2026-07-27T04:28:40.620+0000] {dag.py:3947} INFO - Setting next_dagrun for football_etl to 2026-07-30 00:00:00+00:00, run_after=2026-07-31 00:00:00+00:00
[2026-07-27T04:28:40.641+0000] {processor.py:183} INFO - Processing /opt/airflow/dags/football_etl_dag.py took 0.123 seconds
[2026-07-27T04:29:10.825+0000] {processor.py:161} INFO - Started process (PID=258) to work on /opt/airflow/dags/football_etl_dag.py
[2026-07-27T04:29:10.826+0000] {processor.py:830} INFO - Processing file /opt/airflow/dags/football_etl_dag.py for tasks to queue
[2026-07-27T04:29:10.831+0000] {logging_mixin.py:188} INFO - [2026-07-27T04:29:10.830+0000] {dagbag.py:545} INFO - Filling up the DagBag from /opt/airflow/dags/football_etl_dag.py
[2026-07-27T04:29:10.862+0000] {processor.py:840} INFO - DAG(s) 'football_etl' retrieved from /opt/airflow/dags/football_etl_dag.py
[2026-07-27T04:29:10.901+0000] {logging_mixin.py:188} INFO - [2026-07-27T04:29:10.901+0000] {dag.py:3089} INFO - Sync 1 DAGs
[2026-07-27T04:29:10.927+0000] {logging_mixin.py:188} INFO - [2026-07-27T04:29:10.927+0000] {dag.py:3947} INFO - Setting next_dagrun for football_etl to 2026-07-30 00:00:00+00:00, run_after=2026-07-31 00:00:00+00:00
[2026-07-27T04:29:10.948+0000] {processor.py:183} INFO - Processing /opt/airflow/dags/football_etl_dag.py took 0.132 seconds
[2026-07-27T04:29:41.124+0000] {processor.py:161} INFO - Started process (PID=263) to work on /opt/airflow/dags/football_etl_dag.py
[2026-07-27T04:29:41.126+0000] {processor.py:830} INFO - Processing file /opt/airflow/dags/football_etl_dag.py for tasks to queue
[2026-07-27T04:29:41.128+0000] {logging_mixin.py:188} INFO - [2026-07-27T04:29:41.127+0000] {dagbag.py:545} INFO - Filling up the DagBag from /opt/airflow/dags/football_etl_dag.py
[2026-07-27T04:29:41.150+0000] {processor.py:840} INFO - DAG(s) 'football_etl' retrieved from /opt/airflow/dags/football_etl_dag.py
[2026-07-27T04:29:41.185+0000] {logging_mixin.py:188} INFO - [2026-07-27T04:29:41.184+0000] {dag.py:3089} INFO - Sync 1 DAGs
[2026-07-27T04:29:41.207+0000] {logging_mixin.py:188} INFO - [2026-07-27T04:29:41.207+0000] {dag.py:3947} INFO - Setting next_dagrun for football_etl to 2026-07-30 00:00:00+00:00, run_after=2026-07-31 00:00:00+00:00
[2026-07-27T04:29:41.226+0000] {processor.py:183} INFO - Processing /opt/airflow/dags/football_etl_dag.py took 0.107 seconds
[2026-07-27T04:30:11.442+0000] {processor.py:161} INFO - Started process (PID=268) to work on /opt/airflow/dags/football_etl_dag.py
[2026-07-27T04:30:11.443+0000] {processor.py:830} INFO - Processing file /opt/airflow/dags/football_etl_dag.py for tasks to queue
[2026-07-27T04:30:11.446+0000] {logging_mixin.py:188} INFO - [2026-07-27T04:30:11.445+0000] {dagbag.py:545} INFO - Filling up the DagBag from /opt/airflow/dags/football_etl_dag.py
[2026-07-27T04:30:11.472+0000] {processor.py:840} INFO - DAG(s) 'football_etl' retrieved from /opt/airflow/dags/football_etl_dag.py
[2026-07-27T04:30:11.507+0000] {logging_mixin.py:188} INFO - [2026-07-27T04:30:11.507+0000] {dag.py:3089} INFO - Sync 1 DAGs
[2026-07-27T04:30:11.533+0000] {logging_mixin.py:188} INFO - [2026-07-27T04:30:11.533+0000] {dag.py:3947} INFO - Setting next_dagrun for football_etl to 2026-07-30 00:00:00+00:00, run_after=2026-07-31 00:00:00+00:00
[2026-07-27T04:30:11.556+0000] {processor.py:183} INFO - Processing /opt/airflow/dags/football_etl_dag.py took 0.121 seconds
[2026-07-27T04:30:41.741+0000] {processor.py:161} INFO - Started process (PID=273) to work on /opt/airflow/dags/football_etl_dag.py
[2026-07-27T04:30:41.743+0000] {processor.py:830} INFO - Processing file /opt/airflow/dags/football_etl_dag.py for tasks to queue
[2026-07-27T04:30:41.746+0000] {logging_mixin.py:188} INFO - [2026-07-27T04:30:41.745+0000] {dagbag.py:545} INFO - Filling up the DagBag from /opt/airflow/dags/football_etl_dag.py
[2026-07-27T04:30:41.770+0000] {processor.py:840} INFO - DAG(s) 'football_etl' retrieved from /opt/airflow/dags/football_etl_dag.py
[2026-07-27T04:30:41.810+0000] {logging_mixin.py:188} INFO - [2026-07-27T04:30:41.810+0000] {dag.py:3089} INFO - Sync 1 DAGs
[2026-07-27T04:30:41.834+0000] {logging_mixin.py:188} INFO - [2026-07-27T04:30:41.834+0000] {dag.py:3947} INFO - Setting next_dagrun for football_etl to 2026-07-30 00:00:00+00:00, run_after=2026-07-31 00:00:00+00:00
[2026-07-27T04:30:41.856+0000] {processor.py:183} INFO - Processing /opt/airflow/dags/football_etl_dag.py took 0.122 seconds
[2026-07-27T04:31:12.080+0000] {processor.py:161} INFO - Started process (PID=278) to work on /opt/airflow/dags/football_etl_dag.py
[2026-07-27T04:31:12.082+0000] {processor.py:830} INFO - Processing file /opt/airflow/dags/football_etl_dag.py for tasks to queue
[2026-07-27T04:31:12.085+0000] {logging_mixin.py:188} INFO - [2026-07-27T04:31:12.085+0000] {dagbag.py:545} INFO - Filling up the DagBag from /opt/airflow/dags/football_etl_dag.py
[2026-07-27T04:31:12.111+0000] {processor.py:840} INFO - DAG(s) 'football_etl' retrieved from /opt/airflow/dags/football_etl_dag.py
[2026-07-27T04:31:12.147+0000] {logging_mixin.py:188} INFO - [2026-07-27T04:31:12.147+0000] {dag.py:3089} INFO - Sync 1 DAGs
[2026-07-27T04:31:12.173+0000] {logging_mixin.py:188} INFO - [2026-07-27T04:31:12.173+0000] {dag.py:3947} INFO - Setting next_dagrun for football_etl to 2026-07-30 00:00:00+00:00, run_after=2026-07-31 00:00:00+00:00
[2026-07-27T04:31:12.195+0000] {processor.py:183} INFO - Processing /opt/airflow/dags/football_etl_dag.py took 0.121 seconds
[2026-07-27T04:31:42.382+0000] {processor.py:161} INFO - Started process (PID=283) to work on /opt/airflow/dags/football_etl_dag.py
[2026-07-27T04:31:42.383+0000] {processor.py:830} INFO - Processing file /opt/airflow/dags/football_etl_dag.py for tasks to queue
[2026-07-27T04:31:42.386+0000] {logging_mixin.py:188} INFO - [2026-07-27T04:31:42.386+0000] {dagbag.py:545} INFO - Filling up the DagBag from /opt/airflow/dags/football_etl_dag.py
[2026-07-27T04:31:42.411+0000] {processor.py:840} INFO - DAG(s) 'football_etl' retrieved from /opt/airflow/dags/football_etl_dag.py
[2026-07-27T04:31:42.448+0000] {logging_mixin.py:188} INFO - [2026-07-27T04:31:42.448+0000] {dag.py:3089} INFO - Sync 1 DAGs
[2026-07-27T04:31:42.475+0000] {logging_mixin.py:188} INFO - [2026-07-27T04:31:42.474+0000] {dag.py:3947} INFO - Setting next_dagrun for football_etl to 2026-07-30 00:00:00+00:00, run_after=2026-07-31 00:00:00+00:00
[2026-07-27T04:31:42.496+0000] {processor.py:183} INFO - Processing /opt/airflow/dags/football_etl_dag.py took 0.124 seconds
[2026-07-27T04:32:12.671+0000] {processor.py:161} INFO - Started process (PID=288) to work on /opt/airflow/dags/football_etl_dag.py
[2026-07-27T04:32:12.673+0000] {processor.py:830} INFO - Processing file /opt/airflow/dags/football_etl_dag.py for tasks to queue
[2026-07-27T04:32:12.676+0000] {logging_mixin.py:188} INFO - [2026-07-27T04:32:12.676+0000] {dagbag.py:545} INFO - Filling up the DagBag from /opt/airflow/dags/football_etl_dag.py
[2026-07-27T04:32:12.706+0000] {processor.py:840} INFO - DAG(s) 'football_etl' retrieved from /opt/airflow/dags/football_etl_dag.py
[2026-07-27T04:32:12.743+0000] {logging_mixin.py:188} INFO - [2026-07-27T04:32:12.743+0000] {dag.py:3089} INFO - Sync 1 DAGs
[2026-07-27T04:32:12.769+0000] {logging_mixin.py:188} INFO - [2026-07-27T04:32:12.768+0000] {dag.py:3947} INFO - Setting next_dagrun for football_etl to 2026-07-30 00:00:00+00:00, run_after=2026-07-31 00:00:00+00:00
[2026-07-27T04:32:12.790+0000] {processor.py:183} INFO - Processing /opt/airflow/dags/football_etl_dag.py took 0.129 seconds
[2026-07-27T04:32:42.921+0000] {processor.py:161} INFO - Started process (PID=293) to work on /opt/airflow/dags/football_etl_dag.py
[2026-07-27T04:32:42.923+0000] {processor.py:830} INFO - Processing file /opt/airflow/dags/football_etl_dag.py for tasks to queue
[2026-07-27T04:32:42.926+0000] {logging_mixin.py:188} INFO - [2026-07-27T04:32:42.925+0000] {dagbag.py:545} INFO - Filling up the DagBag from /opt/airflow/dags/football_etl_dag.py
[2026-07-27T04:32:42.964+0000] {processor.py:840} INFO - DAG(s) 'football_etl' retrieved from /opt/airflow/dags/football_etl_dag.py
[2026-07-27T04:32:43.020+0000] {logging_mixin.py:188} INFO - [2026-07-27T04:32:43.020+0000] {dag.py:3089} INFO - Sync 1 DAGs
[2026-07-27T04:32:43.047+0000] {logging_mixin.py:188} INFO - [2026-07-27T04:32:43.047+0000] {dag.py:3947} INFO - Setting next_dagrun for football_etl to 2026-07-30 00:00:00+00:00, run_after=2026-07-31 00:00:00+00:00
[2026-07-27T04:32:43.071+0000] {processor.py:183} INFO - Processing /opt/airflow/dags/football_etl_dag.py took 0.158 seconds
[2026-07-27T04:33:13.166+0000] {processor.py:161} INFO - Started process (PID=298) to work on /opt/airflow/dags/football_etl_dag.py
[2026-07-27T04:33:13.167+0000] {processor.py:830} INFO - Processing file /opt/airflow/dags/football_etl_dag.py for tasks to queue
[2026-07-27T04:33:13.170+0000] {logging_mixin.py:188} INFO - [2026-07-27T04:33:13.169+0000] {dagbag.py:545} INFO - Filling up the DagBag from /opt/airflow/dags/football_etl_dag.py
[2026-07-27T04:33:13.202+0000] {processor.py:840} INFO - DAG(s) 'football_etl' retrieved from /opt/airflow/dags/football_etl_dag.py
[2026-07-27T04:33:13.254+0000] {logging_mixin.py:188} INFO - [2026-07-27T04:33:13.253+0000] {dag.py:3089} INFO - Sync 1 DAGs
[2026-07-27T04:33:13.282+0000] {logging_mixin.py:188} INFO - [2026-07-27T04:33:13.282+0000] {dag.py:3947} INFO - Setting next_dagrun for football_etl to 2026-07-30 00:00:00+00:00, run_after=2026-07-31 00:00:00+00:00
[2026-07-27T04:33:13.307+0000] {processor.py:183} INFO - Processing /opt/airflow/dags/football_etl_dag.py took 0.149 seconds
[2026-07-27T04:33:43.509+0000] {processor.py:161} INFO - Started process (PID=303) to work on /opt/airflow/dags/football_etl_dag.py
[2026-07-27T04:33:43.510+0000] {processor.py:830} INFO - Processing file /opt/airflow/dags/football_etl_dag.py for tasks to queue
[2026-07-27T04:33:43.513+0000] {logging_mixin.py:188} INFO - [2026-07-27T04:33:43.513+0000] {dagbag.py:545} INFO - Filling up the DagBag from /opt/airflow/dags/football_etl_dag.py
[2026-07-27T04:33:43.537+0000] {processor.py:840} INFO - DAG(s) 'football_etl' retrieved from /opt/airflow/dags/football_etl_dag.py
[2026-07-27T04:33:43.578+0000] {logging_mixin.py:188} INFO - [2026-07-27T04:33:43.578+0000] {dag.py:3089} INFO - Sync 1 DAGs
[2026-07-27T04:33:43.605+0000] {logging_mixin.py:188} INFO - [2026-07-27T04:33:43.605+0000] {dag.py:3947} INFO - Setting next_dagrun for football_etl to 2026-07-30 00:00:00+00:00, run_after=2026-07-31 00:00:00+00:00
[2026-07-27T04:33:43.626+0000] {processor.py:183} INFO - Processing /opt/airflow/dags/football_etl_dag.py took 0.124 seconds
[2026-07-27T04:34:13.852+0000] {processor.py:161} INFO - Started process (PID=308) to work on /opt/airflow/dags/football_etl_dag.py
[2026-07-27T04:34:13.853+0000] {processor.py:830} INFO - Processing file /opt/airflow/dags/football_etl_dag.py for tasks to queue
[2026-07-27T04:34:13.856+0000] {logging_mixin.py:188} INFO - [2026-07-27T04:34:13.856+0000] {dagbag.py:545} INFO - Filling up the DagBag from /opt/airflow/dags/football_etl_dag.py
[2026-07-27T04:34:13.880+0000] {processor.py:840} INFO - DAG(s) 'football_etl' retrieved from /opt/airflow/dags/football_etl_dag.py
[2026-07-27T04:34:13.915+0000] {logging_mixin.py:188} INFO - [2026-07-27T04:34:13.914+0000] {dag.py:3089} INFO - Sync 1 DAGs
[2026-07-27T04:34:13.937+0000] {logging_mixin.py:188} INFO - [2026-07-27T04:34:13.937+0000] {dag.py:3947} INFO - Setting next_dagrun for football_etl to 2026-07-30 00:00:00+00:00, run_after=2026-07-31 00:00:00+00:00
[2026-07-27T04:34:13.959+0000] {processor.py:183} INFO - Processing /opt/airflow/dags/football_etl_dag.py took 0.114 seconds
[2026-07-27T04:34:44.160+0000] {processor.py:161} INFO - Started process (PID=313) to work on /opt/airflow/dags/football_etl_dag.py
[2026-07-27T04:34:44.162+0000] {processor.py:830} INFO - Processing file /opt/airflow/dags/football_etl_dag.py for tasks to queue
[2026-07-27T04:34:44.166+0000] {logging_mixin.py:188} INFO - [2026-07-27T04:34:44.166+0000] {dagbag.py:545} INFO - Filling up the DagBag from /opt/airflow/dags/football_etl_dag.py
[2026-07-27T04:34:44.196+0000] {processor.py:840} INFO - DAG(s) 'football_etl' retrieved from /opt/airflow/dags/football_etl_dag.py
[2026-07-27T04:34:44.235+0000] {logging_mixin.py:188} INFO - [2026-07-27T04:34:44.234+0000] {dag.py:3089} INFO - Sync 1 DAGs
[2026-07-27T04:34:44.260+0000] {logging_mixin.py:188} INFO - [2026-07-27T04:34:44.259+0000] {dag.py:3947} INFO - Setting next_dagrun for football_etl to 2026-07-30 00:00:00+00:00, run_after=2026-07-31 00:00:00+00:00
[2026-07-27T04:34:44.284+0000] {processor.py:183} INFO - Processing /opt/airflow/dags/football_etl_dag.py took 0.133 seconds
[2026-07-27T04:35:14.474+0000] {processor.py:161} INFO - Started process (PID=318) to work on /opt/airflow/dags/football_etl_dag.py
[2026-07-27T04:35:14.475+0000] {processor.py:830} INFO - Processing file /opt/airflow/dags/football_etl_dag.py for tasks to queue
[2026-07-27T04:35:14.477+0000] {logging_mixin.py:188} INFO - [2026-07-27T04:35:14.477+0000] {dagbag.py:545} INFO - Filling up the DagBag from /opt/airflow/dags/football_etl_dag.py
[2026-07-27T04:35:14.503+0000] {processor.py:840} INFO - DAG(s) 'football_etl' retrieved from /opt/airflow/dags/football_etl_dag.py
[2026-07-27T04:35:14.535+0000] {logging_mixin.py:188} INFO - [2026-07-27T04:35:14.535+0000] {dag.py:3089} INFO - Sync 1 DAGs
[2026-07-27T04:35:14.559+0000] {logging_mixin.py:188} INFO - [2026-07-27T04:35:14.559+0000] {dag.py:3947} INFO - Setting next_dagrun for football_etl to 2026-07-30 00:00:00+00:00, run_after=2026-07-31 00:00:00+00:00
[2026-07-27T04:35:14.579+0000] {processor.py:183} INFO - Processing /opt/airflow/dags/football_etl_dag.py took 0.112 seconds
[2026-07-27T04:35:44.773+0000] {processor.py:161} INFO - Started process (PID=323) to work on /opt/airflow/dags/football_etl_dag.py
[2026-07-27T04:35:44.775+0000] {processor.py:830} INFO - Processing file /opt/airflow/dags/football_etl_dag.py for tasks to queue
[2026-07-27T04:35:44.777+0000] {logging_mixin.py:188} INFO - [2026-07-27T04:35:44.777+0000] {dagbag.py:545} INFO - Filling up the DagBag from /opt/airflow/dags/football_etl_dag.py
[2026-07-27T04:35:44.803+0000] {processor.py:840} INFO - DAG(s) 'football_etl' retrieved from /opt/airflow/dags/football_etl_dag.py
[2026-07-27T04:35:44.836+0000] {logging_mixin.py:188} INFO - [2026-07-27T04:35:44.836+0000] {dag.py:3089} INFO - Sync 1 DAGs
[2026-07-27T04:35:44.858+0000] {logging_mixin.py:188} INFO - [2026-07-27T04:35:44.858+0000] {dag.py:3947} INFO - Setting next_dagrun for football_etl to 2026-07-30 00:00:00+00:00, run_after=2026-07-31 00:00:00+00:00
[2026-07-27T04:35:44.880+0000] {processor.py:183} INFO - Processing /opt/airflow/dags/football_etl_dag.py took 0.113 seconds
[2026-07-27T04:36:15.081+0000] {processor.py:161} INFO - Started process (PID=328) to work on /opt/airflow/dags/football_etl_dag.py
[2026-07-27T04:36:15.083+0000] {processor.py:830} INFO - Processing file /opt/airflow/dags/football_etl_dag.py for tasks to queue
[2026-07-27T04:36:15.087+0000] {logging_mixin.py:188} INFO - [2026-07-27T04:36:15.086+0000] {dagbag.py:545} INFO - Filling up the DagBag from /opt/airflow/dags/football_etl_dag.py
[2026-07-27T04:36:15.109+0000] {processor.py:840} INFO - DAG(s) 'football_etl' retrieved from /opt/airflow/dags/football_etl_dag.py
[2026-07-27T04:36:15.147+0000] {logging_mixin.py:188} INFO - [2026-07-27T04:36:15.147+0000] {dag.py:3089} INFO - Sync 1 DAGs
[2026-07-27T04:36:15.171+0000] {logging_mixin.py:188} INFO - [2026-07-27T04:36:15.171+0000] {dag.py:3947} INFO - Setting next_dagrun for football_etl to 2026-07-30 00:00:00+00:00, run_after=2026-07-31 00:00:00+00:00
[2026-07-27T04:36:15.192+0000] {processor.py:183} INFO - Processing /opt/airflow/dags/football_etl_dag.py took 0.120 seconds
[2026-07-27T04:36:45.401+0000] {processor.py:161} INFO - Started process (PID=333) to work on /opt/airflow/dags/football_etl_dag.py
[2026-07-27T04:36:45.403+0000] {processor.py:830} INFO - Processing file /opt/airflow/dags/football_etl_dag.py for tasks to queue
[2026-07-27T04:36:45.405+0000] {logging_mixin.py:188} INFO - [2026-07-27T04:36:45.405+0000] {dagbag.py:545} INFO - Filling up the DagBag from /opt/airflow/dags/football_etl_dag.py
[2026-07-27T04:36:45.427+0000] {processor.py:840} INFO - DAG(s) 'football_etl' retrieved from /opt/airflow/dags/football_etl_dag.py
[2026-07-27T04:36:45.461+0000] {logging_mixin.py:188} INFO - [2026-07-27T04:36:45.461+0000] {dag.py:3089} INFO - Sync 1 DAGs
[2026-07-27T04:36:45.483+0000] {logging_mixin.py:188} INFO - [2026-07-27T04:36:45.483+0000] {dag.py:3947} INFO - Setting next_dagrun for football_etl to 2026-07-30 00:00:00+00:00, run_after=2026-07-31 00:00:00+00:00
[2026-07-27T04:36:45.505+0000] {processor.py:183} INFO - Processing /opt/airflow/dags/football_etl_dag.py took 0.111 seconds
[2026-07-27T04:37:15.741+0000] {processor.py:161} INFO - Started process (PID=338) to work on /opt/airflow/dags/football_etl_dag.py
[2026-07-27T04:37:15.743+0000] {processor.py:830} INFO - Processing file /opt/airflow/dags/football_etl_dag.py for tasks to queue
[2026-07-27T04:37:15.745+0000] {logging_mixin.py:188} INFO - [2026-07-27T04:37:15.745+0000] {dagbag.py:545} INFO - Filling up the DagBag from /opt/airflow/dags/football_etl_dag.py
[2026-07-27T04:37:15.771+0000] {processor.py:840} INFO - DAG(s) 'football_etl' retrieved from /opt/airflow/dags/football_etl_dag.py
[2026-07-27T04:37:15.812+0000] {logging_mixin.py:188} INFO - [2026-07-27T04:37:15.812+0000] {dag.py:3089} INFO - Sync 1 DAGs
[2026-07-27T04:37:15.839+0000] {logging_mixin.py:188} INFO - [2026-07-27T04:37:15.838+0000] {dag.py:3947} INFO - Setting next_dagrun for football_etl to 2026-07-30 00:00:00+00:00, run_after=2026-07-31 00:00:00+00:00
[2026-07-27T04:37:15.862+0000] {processor.py:183} INFO - Processing /opt/airflow/dags/football_etl_dag.py took 0.126 seconds
[2026-07-27T04:37:46.077+0000] {processor.py:161} INFO - Started process (PID=343) to work on /opt/airflow/dags/football_etl_dag.py
[2026-07-27T04:37:46.078+0000] {processor.py:830} INFO - Processing file /opt/airflow/dags/football_etl_dag.py for tasks to queue
[2026-07-27T04:37:46.082+0000] {logging_mixin.py:188} INFO - [2026-07-27T04:37:46.082+0000] {dagbag.py:545} INFO - Filling up the DagBag from /opt/airflow/dags/football_etl_dag.py
[2026-07-27T04:37:46.109+0000] {processor.py:840} INFO - DAG(s) 'football_etl' retrieved from /opt/airflow/dags/football_etl_dag.py
[2026-07-27T04:37:46.148+0000] {logging_mixin.py:188} INFO - [2026-07-27T04:37:46.148+0000] {dag.py:3089} INFO - Sync 1 DAGs
[2026-07-27T04:37:46.173+0000] {logging_mixin.py:188} INFO - [2026-07-27T04:37:46.173+0000] {dag.py:3947} INFO - Setting next_dagrun for football_etl to 2026-07-30 00:00:00+00:00, run_after=2026-07-31 00:00:00+00:00
[2026-07-27T04:37:46.194+0000] {processor.py:183} INFO - Processing /opt/airflow/dags/football_etl_dag.py took 0.123 seconds
[2026-07-27T04:38:16.319+0000] {processor.py:161} INFO - Started process (PID=348) to work on /opt/airflow/dags/football_etl_dag.py
[2026-07-27T04:38:16.320+0000] {processor.py:830} INFO - Processing file /opt/airflow/dags/football_etl_dag.py for tasks to queue
[2026-07-27T04:38:16.323+0000] {logging_mixin.py:188} INFO - [2026-07-27T04:38:16.322+0000] {dagbag.py:545} INFO - Filling up the DagBag from /opt/airflow/dags/football_etl_dag.py
[2026-07-27T04:38:16.355+0000] {processor.py:840} INFO - DAG(s) 'football_etl' retrieved from /opt/airflow/dags/football_etl_dag.py
[2026-07-27T04:38:16.409+0000] {logging_mixin.py:188} INFO - [2026-07-27T04:38:16.409+0000] {dag.py:3089} INFO - Sync 1 DAGs
[2026-07-27T04:38:16.432+0000] {logging_mixin.py:188} INFO - [2026-07-27T04:38:16.432+0000] {dag.py:3947} INFO - Setting next_dagrun for football_etl to 2026-07-30 00:00:00+00:00, run_after=2026-07-31 00:00:00+00:00
[2026-07-27T04:38:16.451+0000] {processor.py:183} INFO - Processing /opt/airflow/dags/football_etl_dag.py took 0.138 seconds
[2026-07-27T04:38:46.675+0000] {processor.py:161} INFO - Started process (PID=353) to work on /opt/airflow/dags/football_etl_dag.py
[2026-07-27T04:38:46.676+0000] {processor.py:830} INFO - Processing file /opt/airflow/dags/football_etl_dag.py for tasks to queue
[2026-07-27T04:38:46.682+0000] {logging_mixin.py:188} INFO - [2026-07-27T04:38:46.681+0000] {dagbag.py:545} INFO - Filling up the DagBag from /opt/airflow/dags/football_etl_dag.py
[2026-07-27T04:38:46.708+0000] {processor.py:840} INFO - DAG(s) 'football_etl' retrieved from /opt/airflow/dags/football_etl_dag.py
[2026-07-27T04:38:46.744+0000] {logging_mixin.py:188} INFO - [2026-07-27T04:38:46.744+0000] {dag.py:3089} INFO - Sync 1 DAGs
[2026-07-27T04:38:46.770+0000] {logging_mixin.py:188} INFO - [2026-07-27T04:38:46.770+0000] {dag.py:3947} INFO - Setting next_dagrun for football_etl to 2026-07-30 00:00:00+00:00, run_after=2026-07-31 00:00:00+00:00
[2026-07-27T04:38:46.791+0000] {processor.py:183} INFO - Processing /opt/airflow/dags/football_etl_dag.py took 0.123 seconds
[2026-07-27T04:39:16.934+0000] {processor.py:161} INFO - Started process (PID=358) to work on /opt/airflow/dags/football_etl_dag.py
[2026-07-27T04:39:16.935+0000] {processor.py:830} INFO - Processing file /opt/airflow/dags/football_etl_dag.py for tasks to queue
[2026-07-27T04:39:16.938+0000] {logging_mixin.py:188} INFO - [2026-07-27T04:39:16.937+0000] {dagbag.py:545} INFO - Filling up the DagBag from /opt/airflow/dags/football_etl_dag.py
[2026-07-27T04:39:16.973+0000] {processor.py:840} INFO - DAG(s) 'football_etl' retrieved from /opt/airflow/dags/football_etl_dag.py
[2026-07-27T04:39:17.026+0000] {logging_mixin.py:188} INFO - [2026-07-27T04:39:17.026+0000] {dag.py:3089} INFO - Sync 1 DAGs
[2026-07-27T04:39:17.054+0000] {logging_mixin.py:188} INFO - [2026-07-27T04:39:17.053+0000] {dag.py:3947} INFO - Setting next_dagrun for football_etl to 2026-07-30 00:00:00+00:00, run_after=2026-07-31 00:00:00+00:00
[2026-07-27T04:39:17.075+0000] {processor.py:183} INFO - Processing /opt/airflow/dags/football_etl_dag.py took 0.149 seconds
[2026-07-27T04:39:47.336+0000] {processor.py:161} INFO - Started process (PID=363) to work on /opt/airflow/dags/football_etl_dag.py
[2026-07-27T04:39:47.338+0000] {processor.py:830} INFO - Processing file /opt/airflow/dags/football_etl_dag.py for tasks to queue
[2026-07-27T04:39:47.342+0000] {logging_mixin.py:188} INFO - [2026-07-27T04:39:47.342+0000] {dagbag.py:545} INFO - Filling up the DagBag from /opt/airflow/dags/football_etl_dag.py
[2026-07-27T04:39:47.367+0000] {processor.py:840} INFO - DAG(s) 'football_etl' retrieved from /opt/airflow/dags/football_etl_dag.py
[2026-07-27T04:39:47.405+0000] {logging_mixin.py:188} INFO - [2026-07-27T04:39:47.405+0000] {dag.py:3089} INFO - Sync 1 DAGs
[2026-07-27T04:39:47.431+0000] {logging_mixin.py:188} INFO - [2026-07-27T04:39:47.430+0000] {dag.py:3947} INFO - Setting next_dagrun for football_etl to 2026-07-30 00:00:00+00:00, run_after=2026-07-31 00:00:00+00:00
[2026-07-27T04:39:47.452+0000] {processor.py:183} INFO - Processing /opt/airflow/dags/football_etl_dag.py took 0.123 seconds
[2026-07-27T04:40:17.582+0000] {processor.py:161} INFO - Started process (PID=368) to work on /opt/airflow/dags/football_etl_dag.py
[2026-07-27T04:40:17.584+0000] {processor.py:830} INFO - Processing file /opt/airflow/dags/football_etl_dag.py for tasks to queue
[2026-07-27T04:40:17.587+0000] {logging_mixin.py:188} INFO - [2026-07-27T04:40:17.586+0000] {dagbag.py:545} INFO - Filling up the DagBag from /opt/airflow/dags/football_etl_dag.py
[2026-07-27T04:40:17.619+0000] {processor.py:840} INFO - DAG(s) 'football_etl' retrieved from /opt/airflow/dags/football_etl_dag.py
[2026-07-27T04:40:17.669+0000] {logging_mixin.py:188} INFO - [2026-07-27T04:40:17.668+0000] {dag.py:3089} INFO - Sync 1 DAGs
[2026-07-27T04:40:17.695+0000] {logging_mixin.py:188} INFO - [2026-07-27T04:40:17.694+0000] {dag.py:3947} INFO - Setting next_dagrun for football_etl to 2026-07-30 00:00:00+00:00, run_after=2026-07-31 00:00:00+00:00
[2026-07-27T04:40:17.719+0000] {processor.py:183} INFO - Processing /opt/airflow/dags/football_etl_dag.py took 0.144 seconds
[2026-07-27T04:40:47.909+0000] {processor.py:161} INFO - Started process (PID=373) to work on /opt/airflow/dags/football_etl_dag.py
[2026-07-27T04:40:47.910+0000] {processor.py:830} INFO - Processing file /opt/airflow/dags/football_etl_dag.py for tasks to queue
[2026-07-27T04:40:47.913+0000] {logging_mixin.py:188} INFO - [2026-07-27T04:40:47.913+0000] {dagbag.py:545} INFO - Filling up the DagBag from /opt/airflow/dags/football_etl_dag.py
[2026-07-27T04:40:47.941+0000] {processor.py:840} INFO - DAG(s) 'football_etl' retrieved from /opt/airflow/dags/football_etl_dag.py
[2026-07-27T04:40:47.979+0000] {logging_mixin.py:188} INFO - [2026-07-27T04:40:47.979+0000] {dag.py:3089} INFO - Sync 1 DAGs
[2026-07-27T04:40:48.006+0000] {logging_mixin.py:188} INFO - [2026-07-27T04:40:48.006+0000] {dag.py:3947} INFO - Setting next_dagrun for football_etl to 2026-07-30 00:00:00+00:00, run_after=2026-07-31 00:00:00+00:00
[2026-07-27T04:40:48.029+0000] {processor.py:183} INFO - Processing /opt/airflow/dags/football_etl_dag.py took 0.128 seconds
[2026-07-27T04:41:18.176+0000] {processor.py:161} INFO - Started process (PID=378) to work on /opt/airflow/dags/football_etl_dag.py
[2026-07-27T04:41:18.178+0000] {processor.py:830} INFO - Processing file /opt/airflow/dags/football_etl_dag.py for tasks to queue
[2026-07-27T04:41:18.181+0000] {logging_mixin.py:188} INFO - [2026-07-27T04:41:18.180+0000] {dagbag.py:545} INFO - Filling up the DagBag from /opt/airflow/dags/football_etl_dag.py
[2026-07-27T04:41:18.206+0000] {processor.py:840} INFO - DAG(s) 'football_etl' retrieved from /opt/airflow/dags/football_etl_dag.py
[2026-07-27T04:41:18.246+0000] {logging_mixin.py:188} INFO - [2026-07-27T04:41:18.246+0000] {dag.py:3089} INFO - Sync 1 DAGs
[2026-07-27T04:41:18.270+0000] {logging_mixin.py:188} INFO - [2026-07-27T04:41:18.270+0000] {dag.py:3947} INFO - Setting next_dagrun for football_etl to 2026-07-30 00:00:00+00:00, run_after=2026-07-31 00:00:00+00:00
[2026-07-27T04:41:18.291+0000] {processor.py:183} INFO - Processing /opt/airflow/dags/football_etl_dag.py took 0.123 seconds
[2026-07-27T04:41:48.504+0000] {processor.py:161} INFO - Started process (PID=383) to work on /opt/airflow/dags/football_etl_dag.py
[2026-07-27T04:41:48.505+0000] {processor.py:830} INFO - Processing file /opt/airflow/dags/football_etl_dag.py for tasks to queue
[2026-07-27T04:41:48.508+0000] {logging_mixin.py:188} INFO - [2026-07-27T04:41:48.507+0000] {dagbag.py:545} INFO - Filling up the DagBag from /opt/airflow/dags/football_etl_dag.py
[2026-07-27T04:41:48.530+0000] {processor.py:840} INFO - DAG(s) 'football_etl' retrieved from /opt/airflow/dags/football_etl_dag.py
[2026-07-27T04:41:48.566+0000] {logging_mixin.py:188} INFO - [2026-07-27T04:41:48.566+0000] {dag.py:3089} INFO - Sync 1 DAGs
[2026-07-27T04:41:48.593+0000] {logging_mixin.py:188} INFO - [2026-07-27T04:41:48.592+0000] {dag.py:3947} INFO - Setting next_dagrun for football_etl to 2026-07-30 00:00:00+00:00, run_after=2026-07-31 00:00:00+00:00
[2026-07-27T04:41:48.617+0000] {processor.py:183} INFO - Processing /opt/airflow/dags/football_etl_dag.py took 0.121 seconds
[2026-07-27T04:42:18.763+0000] {processor.py:161} INFO - Started process (PID=388) to work on /opt/airflow/dags/football_etl_dag.py
[2026-07-27T04:42:18.764+0000] {processor.py:830} INFO - Processing file /opt/airflow/dags/football_etl_dag.py for tasks to queue
[2026-07-27T04:42:18.766+0000] {logging_mixin.py:188} INFO - [2026-07-27T04:42:18.766+0000] {dagbag.py:545} INFO - Filling up the DagBag from /opt/airflow/dags/football_etl_dag.py
[2026-07-27T04:42:18.797+0000] {processor.py:840} INFO - DAG(s) 'football_etl' retrieved from /opt/airflow/dags/football_etl_dag.py
[2026-07-27T04:42:18.830+0000] {logging_mixin.py:188} INFO - [2026-07-27T04:42:18.830+0000] {dag.py:3089} INFO - Sync 1 DAGs
[2026-07-27T04:42:18.853+0000] {logging_mixin.py:188} INFO - [2026-07-27T04:42:18.852+0000] {dag.py:3947} INFO - Setting next_dagrun for football_etl to 2026-07-30 00:00:00+00:00, run_after=2026-07-31 00:00:00+00:00
[2026-07-27T04:42:18.874+0000] {processor.py:183} INFO - Processing /opt/airflow/dags/football_etl_dag.py took 0.117 seconds
[2026-07-27T04:42:49.048+0000] {processor.py:161} INFO - Started process (PID=393) to work on /opt/airflow/dags/football_etl_dag.py
[2026-07-27T04:42:49.050+0000] {processor.py:830} INFO - Processing file /opt/airflow/dags/football_etl_dag.py for tasks to queue
[2026-07-27T04:42:49.053+0000] {logging_mixin.py:188} INFO - [2026-07-27T04:42:49.052+0000] {dagbag.py:545} INFO - Filling up the DagBag from /opt/airflow/dags/football_etl_dag.py
[2026-07-27T04:42:49.089+0000] {processor.py:840} INFO - DAG(s) 'football_etl' retrieved from /opt/airflow/dags/football_etl_dag.py
[2026-07-27T04:42:49.140+0000] {logging_mixin.py:188} INFO - [2026-07-27T04:42:49.140+0000] {dag.py:3089} INFO - Sync 1 DAGs
[2026-07-27T04:42:49.167+0000] {logging_mixin.py:188} INFO - [2026-07-27T04:42:49.166+0000] {dag.py:3947} INFO - Setting next_dagrun for football_etl to 2026-07-30 00:00:00+00:00, run_after=2026-07-31 00:00:00+00:00
[2026-07-27T04:42:49.189+0000] {processor.py:183} INFO - Processing /opt/airflow/dags/football_etl_dag.py took 0.151 seconds
[2026-07-27T04:43:19.347+0000] {processor.py:161} INFO - Started process (PID=398) to work on /opt/airflow/dags/football_etl_dag.py
[2026-07-27T04:43:19.348+0000] {processor.py:830} INFO - Processing file /opt/airflow/dags/football_etl_dag.py for tasks to queue
[2026-07-27T04:43:19.351+0000] {logging_mixin.py:188} INFO - [2026-07-27T04:43:19.350+0000] {dagbag.py:545} INFO - Filling up the DagBag from /opt/airflow/dags/football_etl_dag.py
[2026-07-27T04:43:19.378+0000] {processor.py:840} INFO - DAG(s) 'football_etl' retrieved from /opt/airflow/dags/football_etl_dag.py
[2026-07-27T04:43:19.420+0000] {logging_mixin.py:188} INFO - [2026-07-27T04:43:19.419+0000] {dag.py:3089} INFO - Sync 1 DAGs
[2026-07-27T04:43:19.445+0000] {logging_mixin.py:188} INFO - [2026-07-27T04:43:19.444+0000] {dag.py:3947} INFO - Setting next_dagrun for football_etl to 2026-07-30 00:00:00+00:00, run_after=2026-07-31 00:00:00+00:00
[2026-07-27T04:43:19.475+0000] {processor.py:183} INFO - Processing /opt/airflow/dags/football_etl_dag.py took 0.135 seconds
[2026-07-27T04:43:49.660+0000] {processor.py:161} INFO - Started process (PID=403) to work on /opt/airflow/dags/football_etl_dag.py
[2026-07-27T04:43:49.662+0000] {processor.py:830} INFO - Processing file /opt/airflow/dags/football_etl_dag.py for tasks to queue
[2026-07-27T04:43:49.664+0000] {logging_mixin.py:188} INFO - [2026-07-27T04:43:49.664+0000] {dagbag.py:545} INFO - Filling up the DagBag from /opt/airflow/dags/football_etl_dag.py
[2026-07-27T04:43:49.689+0000] {processor.py:840} INFO - DAG(s) 'football_etl' retrieved from /opt/airflow/dags/football_etl_dag.py
[2026-07-27T04:43:49.723+0000] {logging_mixin.py:188} INFO - [2026-07-27T04:43:49.723+0000] {dag.py:3089} INFO - Sync 1 DAGs
[2026-07-27T04:43:49.747+0000] {logging_mixin.py:188} INFO - [2026-07-27T04:43:49.747+0000] {dag.py:3947} INFO - Setting next_dagrun for football_etl to 2026-07-30 00:00:00+00:00, run_after=2026-07-31 00:00:00+00:00
[2026-07-27T04:43:49.767+0000] {processor.py:183} INFO - Processing /opt/airflow/dags/football_etl_dag.py took 0.114 seconds
[2026-07-27T04:44:19.954+0000] {processor.py:161} INFO - Started process (PID=408) to work on /opt/airflow/dags/football_etl_dag.py
[2026-07-27T04:44:19.955+0000] {processor.py:830} INFO - Processing file /opt/airflow/dags/football_etl_dag.py for tasks to queue
[2026-07-27T04:44:19.958+0000] {logging_mixin.py:188} INFO - [2026-07-27T04:44:19.957+0000] {dagbag.py:545} INFO - Filling up the DagBag from /opt/airflow/dags/football_etl_dag.py
[2026-07-27T04:44:19.987+0000] {processor.py:840} INFO - DAG(s) 'football_etl' retrieved from /opt/airflow/dags/football_etl_dag.py
[2026-07-27T04:44:20.037+0000] {logging_mixin.py:188} INFO - [2026-07-27T04:44:20.037+0000] {dag.py:3089} INFO - Sync 1 DAGs
[2026-07-27T04:44:20.061+0000] {logging_mixin.py:188} INFO - [2026-07-27T04:44:20.061+0000] {dag.py:3947} INFO - Setting next_dagrun for football_etl to 2026-07-30 00:00:00+00:00, run_after=2026-07-31 00:00:00+00:00
[2026-07-27T04:44:20.081+0000] {processor.py:183} INFO - Processing /opt/airflow/dags/football_etl_dag.py took 0.133 seconds
[2026-07-27T04:44:50.373+0000] {processor.py:161} INFO - Started process (PID=413) to work on /opt/airflow/dags/football_etl_dag.py
[2026-07-27T04:44:50.375+0000] {processor.py:830} INFO - Processing file /opt/airflow/dags/football_etl_dag.py for tasks to queue
[2026-07-27T04:44:50.377+0000] {logging_mixin.py:188} INFO - [2026-07-27T04:44:50.377+0000] {dagbag.py:545} INFO - Filling up the DagBag from /opt/airflow/dags/football_etl_dag.py
[2026-07-27T04:44:50.401+0000] {processor.py:840} INFO - DAG(s) 'football_etl' retrieved from /opt/airflow/dags/football_etl_dag.py
[2026-07-27T04:44:50.436+0000] {logging_mixin.py:188} INFO - [2026-07-27T04:44:50.436+0000] {dag.py:3089} INFO - Sync 1 DAGs
[2026-07-27T04:44:50.459+0000] {logging_mixin.py:188} INFO - [2026-07-27T04:44:50.459+0000] {dag.py:3947} INFO - Setting next_dagrun for football_etl to 2026-07-30 00:00:00+00:00, run_after=2026-07-31 00:00:00+00:00
[2026-07-27T04:44:50.480+0000] {processor.py:183} INFO - Processing /opt/airflow/dags/football_etl_dag.py took 0.113 seconds
[2026-07-27T04:45:20.708+0000] {processor.py:161} INFO - Started process (PID=418) to work on /opt/airflow/dags/football_etl_dag.py
[2026-07-27T04:45:20.710+0000] {processor.py:830} INFO - Processing file /opt/airflow/dags/football_etl_dag.py for tasks to queue
[2026-07-27T04:45:20.712+0000] {logging_mixin.py:188} INFO - [2026-07-27T04:45:20.712+0000] {dagbag.py:545} INFO - Filling up the DagBag from /opt/airflow/dags/football_etl_dag.py
[2026-07-27T04:45:20.739+0000] {processor.py:840} INFO - DAG(s) 'football_etl' retrieved from /opt/airflow/dags/football_etl_dag.py
[2026-07-27T04:45:20.774+0000] {logging_mixin.py:188} INFO - [2026-07-27T04:45:20.773+0000] {dag.py:3089} INFO - Sync 1 DAGs
[2026-07-27T04:45:20.796+0000] {logging_mixin.py:188} INFO - [2026-07-27T04:45:20.796+0000] {dag.py:3947} INFO - Setting next_dagrun for football_etl to 2026-07-30 00:00:00+00:00, run_after=2026-07-31 00:00:00+00:00
[2026-07-27T04:45:20.818+0000] {processor.py:183} INFO - Processing /opt/airflow/dags/football_etl_dag.py took 0.117 seconds
[2026-07-27T04:45:51.011+0000] {processor.py:161} INFO - Started process (PID=423) to work on /opt/airflow/dags/football_etl_dag.py
[2026-07-27T04:45:51.012+0000] {processor.py:830} INFO - Processing file /opt/airflow/dags/football_etl_dag.py for tasks to queue
[2026-07-27T04:45:51.014+0000] {logging_mixin.py:188} INFO - [2026-07-27T04:45:51.014+0000] {dagbag.py:545} INFO - Filling up the DagBag from /opt/airflow/dags/football_etl_dag.py
[2026-07-27T04:45:51.038+0000] {processor.py:840} INFO - DAG(s) 'football_etl' retrieved from /opt/airflow/dags/football_etl_dag.py
[2026-07-27T04:45:51.074+0000] {logging_mixin.py:188} INFO - [2026-07-27T04:45:51.074+0000] {dag.py:3089} INFO - Sync 1 DAGs
[2026-07-27T04:45:51.098+0000] {logging_mixin.py:188} INFO - [2026-07-27T04:45:51.098+0000] {dag.py:3947} INFO - Setting next_dagrun for football_etl to 2026-07-30 00:00:00+00:00, run_after=2026-07-31 00:00:00+00:00
[2026-07-27T04:45:51.119+0000] {processor.py:183} INFO - Processing /opt/airflow/dags/football_etl_dag.py took 0.115 seconds
[2026-07-27T04:46:21.393+0000] {processor.py:161} INFO - Started process (PID=428) to work on /opt/airflow/dags/football_etl_dag.py
[2026-07-27T04:46:21.394+0000] {processor.py:830} INFO - Processing file /opt/airflow/dags/football_etl_dag.py for tasks to queue
[2026-07-27T04:46:21.396+0000] {logging_mixin.py:188} INFO - [2026-07-27T04:46:21.396+0000] {dagbag.py:545} INFO - Filling up the DagBag from /opt/airflow/dags/football_etl_dag.py
[2026-07-27T04:46:21.419+0000] {processor.py:840} INFO - DAG(s) 'football_etl' retrieved from /opt/airflow/dags/football_etl_dag.py
[2026-07-27T04:46:21.455+0000] {logging_mixin.py:188} INFO - [2026-07-27T04:46:21.455+0000] {dag.py:3089} INFO - Sync 1 DAGs
[2026-07-27T04:46:21.479+0000] {logging_mixin.py:188} INFO - [2026-07-27T04:46:21.479+0000] {dag.py:3947} INFO - Setting next_dagrun for football_etl to 2026-07-30 00:00:00+00:00, run_after=2026-07-31 00:00:00+00:00
[2026-07-27T04:46:21.499+0000] {processor.py:183} INFO - Processing /opt/airflow/dags/football_etl_dag.py took 0.113 seconds
[2026-07-27T04:46:51.726+0000] {processor.py:161} INFO - Started process (PID=433) to work on /opt/airflow/dags/football_etl_dag.py
[2026-07-27T04:46:51.727+0000] {processor.py:830} INFO - Processing file /opt/airflow/dags/football_etl_dag.py for tasks to queue
[2026-07-27T04:46:51.730+0000] {logging_mixin.py:188} INFO - [2026-07-27T04:46:51.730+0000] {dagbag.py:545} INFO - Filling up the DagBag from /opt/airflow/dags/football_etl_dag.py
[2026-07-27T04:46:51.754+0000] {processor.py:840} INFO - DAG(s) 'football_etl' retrieved from /opt/airflow/dags/football_etl_dag.py
[2026-07-27T04:46:51.789+0000] {logging_mixin.py:188} INFO - [2026-07-27T04:46:51.789+0000] {dag.py:3089} INFO - Sync 1 DAGs
[2026-07-27T04:46:51.813+0000] {logging_mixin.py:188} INFO - [2026-07-27T04:46:51.813+0000] {dag.py:3947} INFO - Setting next_dagrun for football_etl to 2026-07-30 00:00:00+00:00, run_after=2026-07-31 00:00:00+00:00
[2026-07-27T04:46:51.833+0000] {processor.py:183} INFO - Processing /opt/airflow/dags/football_etl_dag.py took 0.114 seconds
[2026-07-27T04:47:22.137+0000] {processor.py:161} INFO - Started process (PID=438) to work on /opt/airflow/dags/football_etl_dag.py
[2026-07-27T04:47:22.139+0000] {processor.py:830} INFO - Processing file /opt/airflow/dags/football_etl_dag.py for tasks to queue
[2026-07-27T04:47:22.142+0000] {logging_mixin.py:188} INFO - [2026-07-27T04:47:22.141+0000] {dagbag.py:545} INFO - Filling up the DagBag from /opt/airflow/dags/football_etl_dag.py
[2026-07-27T04:47:22.170+0000] {processor.py:840} INFO - DAG(s) 'football_etl' retrieved from /opt/airflow/dags/football_etl_dag.py
[2026-07-27T04:47:22.207+0000] {logging_mixin.py:188} INFO - [2026-07-27T04:47:22.207+0000] {dag.py:3089} INFO - Sync 1 DAGs
[2026-07-27T04:47:22.233+0000] {logging_mixin.py:188} INFO - [2026-07-27T04:47:22.233+0000] {dag.py:3947} INFO - Setting next_dagrun for football_etl to 2026-07-30 00:00:00+00:00, run_after=2026-07-31 00:00:00+00:00
[2026-07-27T04:47:22.257+0000] {processor.py:183} INFO - Processing /opt/airflow/dags/football_etl_dag.py took 0.127 seconds
[2026-07-27T04:47:52.407+0000] {processor.py:161} INFO - Started process (PID=443) to work on /opt/airflow/dags/football_etl_dag.py
[2026-07-27T04:47:52.409+0000] {processor.py:830} INFO - Processing file /opt/airflow/dags/football_etl_dag.py for tasks to queue
[2026-07-27T04:47:52.412+0000] {logging_mixin.py:188} INFO - [2026-07-27T04:47:52.412+0000] {dagbag.py:545} INFO - Filling up the DagBag from /opt/airflow/dags/football_etl_dag.py
[2026-07-27T04:47:52.437+0000] {processor.py:840} INFO - DAG(s) 'football_etl' retrieved from /opt/airflow/dags/football_etl_dag.py
[2026-07-27T04:47:52.483+0000] {logging_mixin.py:188} INFO - [2026-07-27T04:47:52.482+0000] {dag.py:3089} INFO - Sync 1 DAGs
[2026-07-27T04:47:52.510+0000] {logging_mixin.py:188} INFO - [2026-07-27T04:47:52.509+0000] {dag.py:3947} INFO - Setting next_dagrun for football_etl to 2026-07-30 00:00:00+00:00, run_after=2026-07-31 00:00:00+00:00
[2026-07-27T04:47:52.535+0000] {processor.py:183} INFO - Processing /opt/airflow/dags/football_etl_dag.py took 0.134 seconds
[2026-07-27T04:48:22.735+0000] {processor.py:161} INFO - Started process (PID=448) to work on /opt/airflow/dags/football_etl_dag.py
[2026-07-27T04:48:22.737+0000] {processor.py:830} INFO - Processing file /opt/airflow/dags/football_etl_dag.py for tasks to queue
[2026-07-27T04:48:22.739+0000] {logging_mixin.py:188} INFO - [2026-07-27T04:48:22.739+0000] {dagbag.py:545} INFO - Filling up the DagBag from /opt/airflow/dags/football_etl_dag.py
[2026-07-27T04:48:22.774+0000] {processor.py:840} INFO - DAG(s) 'football_etl' retrieved from /opt/airflow/dags/football_etl_dag.py
[2026-07-27T04:48:22.830+0000] {logging_mixin.py:188} INFO - [2026-07-27T04:48:22.830+0000] {dag.py:3089} INFO - Sync 1 DAGs
[2026-07-27T04:48:22.859+0000] {logging_mixin.py:188} INFO - [2026-07-27T04:48:22.859+0000] {dag.py:3947} INFO - Setting next_dagrun for football_etl to 2026-07-30 00:00:00+00:00, run_after=2026-07-31 00:00:00+00:00
[2026-07-27T04:48:22.884+0000] {processor.py:183} INFO - Processing /opt/airflow/dags/football_etl_dag.py took 0.158 seconds
[2026-07-27T04:48:53.110+0000] {processor.py:161} INFO - Started process (PID=453) to work on /opt/airflow/dags/football_etl_dag.py
[2026-07-27T04:48:53.111+0000] {processor.py:830} INFO - Processing file /opt/airflow/dags/football_etl_dag.py for tasks to queue
[2026-07-27T04:48:53.116+0000] {logging_mixin.py:188} INFO - [2026-07-27T04:48:53.115+0000] {dagbag.py:545} INFO - Filling up the DagBag from /opt/airflow/dags/football_etl_dag.py
[2026-07-27T04:48:53.156+0000] {processor.py:840} INFO - DAG(s) 'football_etl' retrieved from /opt/airflow/dags/football_etl_dag.py
[2026-07-27T04:48:53.224+0000] {logging_mixin.py:188} INFO - [2026-07-27T04:48:53.224+0000] {dag.py:3089} INFO - Sync 1 DAGs
[2026-07-27T04:48:53.258+0000] {logging_mixin.py:188} INFO - [2026-07-27T04:48:53.258+0000] {dag.py:3947} INFO - Setting next_dagrun for football_etl to 2026-07-30 00:00:00+00:00, run_after=2026-07-31 00:00:00+00:00
[2026-07-27T04:48:53.285+0000] {processor.py:183} INFO - Processing /opt/airflow/dags/football_etl_dag.py took 0.190 seconds
[2026-07-27T04:49:23.502+0000] {processor.py:161} INFO - Started process (PID=458) to work on /opt/airflow/dags/football_etl_dag.py
[2026-07-27T04:49:23.503+0000] {processor.py:830} INFO - Processing file /opt/airflow/dags/football_etl_dag.py for tasks to queue
[2026-07-27T04:49:23.507+0000] {logging_mixin.py:188} INFO - [2026-07-27T04:49:23.506+0000] {dagbag.py:545} INFO - Filling up the DagBag from /opt/airflow/dags/football_etl_dag.py
[2026-07-27T04:49:23.536+0000] {processor.py:840} INFO - DAG(s) 'football_etl' retrieved from /opt/airflow/dags/football_etl_dag.py
[2026-07-27T04:49:23.588+0000] {logging_mixin.py:188} INFO - [2026-07-27T04:49:23.588+0000] {dag.py:3089} INFO - Sync 1 DAGs
[2026-07-27T04:49:23.619+0000] {logging_mixin.py:188} INFO - [2026-07-27T04:49:23.619+0000] {dag.py:3947} INFO - Setting next_dagrun for football_etl to 2026-07-30 00:00:00+00:00, run_after=2026-07-31 00:00:00+00:00
[2026-07-27T04:49:23.649+0000] {processor.py:183} INFO - Processing /opt/airflow/dags/football_etl_dag.py took 0.153 seconds
[2026-07-27T04:49:53.810+0000] {processor.py:161} INFO - Started process (PID=463) to work on /opt/airflow/dags/football_etl_dag.py
[2026-07-27T04:49:53.811+0000] {processor.py:830} INFO - Processing file /opt/airflow/dags/football_etl_dag.py for tasks to queue
[2026-07-27T04:49:53.814+0000] {logging_mixin.py:188} INFO - [2026-07-27T04:49:53.814+0000] {dagbag.py:545} INFO - Filling up the DagBag from /opt/airflow/dags/football_etl_dag.py
[2026-07-27T04:49:53.850+0000] {processor.py:840} INFO - DAG(s) 'football_etl' retrieved from /opt/airflow/dags/football_etl_dag.py
[2026-07-27T04:49:53.885+0000] {logging_mixin.py:188} INFO - [2026-07-27T04:49:53.884+0000] {dag.py:3089} INFO - Sync 1 DAGs
[2026-07-27T04:49:53.908+0000] {logging_mixin.py:188} INFO - [2026-07-27T04:49:53.908+0000] {dag.py:3947} INFO - Setting next_dagrun for football_etl to 2026-07-30 00:00:00+00:00, run_after=2026-07-31 00:00:00+00:00
[2026-07-27T04:49:53.929+0000] {processor.py:183} INFO - Processing /opt/airflow/dags/football_etl_dag.py took 0.128 seconds
[2026-07-27T04:50:24.165+0000] {processor.py:161} INFO - Started process (PID=468) to work on /opt/airflow/dags/football_etl_dag.py
[2026-07-27T04:50:24.166+0000] {processor.py:830} INFO - Processing file /opt/airflow/dags/football_etl_dag.py for tasks to queue
[2026-07-27T04:50:24.168+0000] {logging_mixin.py:188} INFO - [2026-07-27T04:50:24.168+0000] {dagbag.py:545} INFO - Filling up the DagBag from /opt/airflow/dags/football_etl_dag.py
[2026-07-27T04:50:24.193+0000] {processor.py:840} INFO - DAG(s) 'football_etl' retrieved from /opt/airflow/dags/football_etl_dag.py
[2026-07-27T04:50:24.230+0000] {logging_mixin.py:188} INFO - [2026-07-27T04:50:24.230+0000] {dag.py:3089} INFO - Sync 1 DAGs
[2026-07-27T04:50:24.256+0000] {logging_mixin.py:188} INFO - [2026-07-27T04:50:24.256+0000] {dag.py:3947} INFO - Setting next_dagrun for football_etl to 2026-07-30 00:00:00+00:00, run_after=2026-07-31 00:00:00+00:00
[2026-07-27T04:50:24.278+0000] {processor.py:183} INFO - Processing /opt/airflow/dags/football_etl_dag.py took 0.119 seconds
[2026-07-27T04:50:54.457+0000] {processor.py:161} INFO - Started process (PID=473) to work on /opt/airflow/dags/football_etl_dag.py
[2026-07-27T04:50:54.458+0000] {processor.py:830} INFO - Processing file /opt/airflow/dags/football_etl_dag.py for tasks to queue
[2026-07-27T04:50:54.461+0000] {logging_mixin.py:188} INFO - [2026-07-27T04:50:54.460+0000] {dagbag.py:545} INFO - Filling up the DagBag from /opt/airflow/dags/football_etl_dag.py
[2026-07-27T04:50:54.483+0000] {processor.py:840} INFO - DAG(s) 'football_etl' retrieved from /opt/airflow/dags/football_etl_dag.py
[2026-07-27T04:50:54.521+0000] {logging_mixin.py:188} INFO - [2026-07-27T04:50:54.520+0000] {dag.py:3089} INFO - Sync 1 DAGs
[2026-07-27T04:50:54.549+0000] {logging_mixin.py:188} INFO - [2026-07-27T04:50:54.549+0000] {dag.py:3947} INFO - Setting next_dagrun for football_etl to 2026-07-30 00:00:00+00:00, run_after=2026-07-31 00:00:00+00:00
[2026-07-27T04:50:54.570+0000] {processor.py:183} INFO - Processing /opt/airflow/dags/football_etl_dag.py took 0.120 seconds
[2026-07-27T04:51:24.746+0000] {processor.py:161} INFO - Started process (PID=478) to work on /opt/airflow/dags/football_etl_dag.py
[2026-07-27T04:51:24.748+0000] {processor.py:830} INFO - Processing file /opt/airflow/dags/football_etl_dag.py for tasks to queue
[2026-07-27T04:51:24.751+0000] {logging_mixin.py:188} INFO - [2026-07-27T04:51:24.751+0000] {dagbag.py:545} INFO - Filling up the DagBag from /opt/airflow/dags/football_etl_dag.py
[2026-07-27T04:51:24.797+0000] {processor.py:840} INFO - DAG(s) 'football_etl' retrieved from /opt/airflow/dags/football_etl_dag.py
[2026-07-27T04:51:24.857+0000] {logging_mixin.py:188} INFO - [2026-07-27T04:51:24.856+0000] {dag.py:3089} INFO - Sync 1 DAGs
[2026-07-27T04:51:24.881+0000] {logging_mixin.py:188} INFO - [2026-07-27T04:51:24.881+0000] {dag.py:3947} INFO - Setting next_dagrun for football_etl to 2026-07-30 00:00:00+00:00, run_after=2026-07-31 00:00:00+00:00
[2026-07-27T04:51:24.902+0000] {processor.py:183} INFO - Processing /opt/airflow/dags/football_etl_dag.py took 0.165 seconds
[2026-07-27T04:51:55.027+0000] {processor.py:161} INFO - Started process (PID=483) to work on /opt/airflow/dags/football_etl_dag.py
[2026-07-27T04:51:55.028+0000] {processor.py:830} INFO - Processing file /opt/airflow/dags/football_etl_dag.py for tasks to queue
[2026-07-27T04:51:55.032+0000] {logging_mixin.py:188} INFO - [2026-07-27T04:51:55.030+0000] {dagbag.py:545} INFO - Filling up the DagBag from /opt/airflow/dags/football_etl_dag.py
[2026-07-27T04:51:55.059+0000] {processor.py:840} INFO - DAG(s) 'football_etl' retrieved from /opt/airflow/dags/football_etl_dag.py
[2026-07-27T04:51:55.109+0000] {logging_mixin.py:188} INFO - [2026-07-27T04:51:55.109+0000] {dag.py:3089} INFO - Sync 1 DAGs
[2026-07-27T04:51:55.151+0000] {logging_mixin.py:188} INFO - [2026-07-27T04:51:55.150+0000] {dag.py:3947} INFO - Setting next_dagrun for football_etl to 2026-07-30 00:00:00+00:00, run_after=2026-07-31 00:00:00+00:00
[2026-07-27T04:51:55.180+0000] {processor.py:183} INFO - Processing /opt/airflow/dags/football_etl_dag.py took 0.161 seconds
[2026-07-27T04:52:25.404+0000] {processor.py:161} INFO - Started process (PID=488) to work on /opt/airflow/dags/football_etl_dag.py
[2026-07-27T04:52:25.405+0000] {processor.py:830} INFO - Processing file /opt/airflow/dags/football_etl_dag.py for tasks to queue
[2026-07-27T04:52:25.409+0000] {logging_mixin.py:188} INFO - [2026-07-27T04:52:25.408+0000] {dagbag.py:545} INFO - Filling up the DagBag from /opt/airflow/dags/football_etl_dag.py
[2026-07-27T04:52:25.435+0000] {processor.py:840} INFO - DAG(s) 'football_etl' retrieved from /opt/airflow/dags/football_etl_dag.py
[2026-07-27T04:52:25.473+0000] {logging_mixin.py:188} INFO - [2026-07-27T04:52:25.473+0000] {dag.py:3089} INFO - Sync 1 DAGs
[2026-07-27T04:52:25.498+0000] {logging_mixin.py:188} INFO - [2026-07-27T04:52:25.498+0000] {dag.py:3947} INFO - Setting next_dagrun for football_etl to 2026-07-30 00:00:00+00:00, run_after=2026-07-31 00:00:00+00:00
[2026-07-27T04:52:25.518+0000] {processor.py:183} INFO - Processing /opt/airflow/dags/football_etl_dag.py took 0.122 seconds
[2026-07-27T04:52:55.703+0000] {processor.py:161} INFO - Started process (PID=493) to work on /opt/airflow/dags/football_etl_dag.py
[2026-07-27T04:52:55.704+0000] {processor.py:830} INFO - Processing file /opt/airflow/dags/football_etl_dag.py for tasks to queue
[2026-07-27T04:52:55.709+0000] {logging_mixin.py:188} INFO - [2026-07-27T04:52:55.708+0000] {dagbag.py:545} INFO - Filling up the DagBag from /opt/airflow/dags/football_etl_dag.py
[2026-07-27T04:52:55.739+0000] {processor.py:840} INFO - DAG(s) 'football_etl' retrieved from /opt/airflow/dags/football_etl_dag.py
[2026-07-27T04:52:55.779+0000] {logging_mixin.py:188} INFO - [2026-07-27T04:52:55.779+0000] {dag.py:3089} INFO - Sync 1 DAGs
[2026-07-27T04:52:55.806+0000] {logging_mixin.py:188} INFO - [2026-07-27T04:52:55.806+0000] {dag.py:3947} INFO - Setting next_dagrun for football_etl to 2026-07-30 00:00:00+00:00, run_after=2026-07-31 00:00:00+00:00
[2026-07-27T04:52:55.836+0000] {processor.py:183} INFO - Processing /opt/airflow/dags/football_etl_dag.py took 0.140 seconds
[2026-07-27T04:53:26.055+0000] {processor.py:161} INFO - Started process (PID=498) to work on /opt/airflow/dags/football_etl_dag.py
[2026-07-27T04:53:26.056+0000] {processor.py:830} INFO - Processing file /opt/airflow/dags/football_etl_dag.py for tasks to queue
[2026-07-27T04:53:26.059+0000] {logging_mixin.py:188} INFO - [2026-07-27T04:53:26.059+0000] {dagbag.py:545} INFO - Filling up the DagBag from /opt/airflow/dags/football_etl_dag.py
[2026-07-27T04:53:26.090+0000] {processor.py:840} INFO - DAG(s) 'football_etl' retrieved from /opt/airflow/dags/football_etl_dag.py
[2026-07-27T04:53:26.136+0000] {logging_mixin.py:188} INFO - [2026-07-27T04:53:26.136+0000] {dag.py:3089} INFO - Sync 1 DAGs
[2026-07-27T04:53:26.161+0000] {logging_mixin.py:188} INFO - [2026-07-27T04:53:26.161+0000] {dag.py:3947} INFO - Setting next_dagrun for football_etl to 2026-07-30 00:00:00+00:00, run_after=2026-07-31 00:00:00+00:00
[2026-07-27T04:53:26.189+0000] {processor.py:183} INFO - Processing /opt/airflow/dags/football_etl_dag.py took 0.145 seconds
[2026-07-27T04:53:56.393+0000] {processor.py:161} INFO - Started process (PID=503) to work on /opt/airflow/dags/football_etl_dag.py
[2026-07-27T04:53:56.394+0000] {processor.py:830} INFO - Processing file /opt/airflow/dags/football_etl_dag.py for tasks to queue
[2026-07-27T04:53:56.397+0000] {logging_mixin.py:188} INFO - [2026-07-27T04:53:56.397+0000] {dagbag.py:545} INFO - Filling up the DagBag from /opt/airflow/dags/football_etl_dag.py
[2026-07-27T04:53:56.421+0000] {processor.py:840} INFO - DAG(s) 'football_etl' retrieved from /opt/airflow/dags/football_etl_dag.py
[2026-07-27T04:53:56.455+0000] {logging_mixin.py:188} INFO - [2026-07-27T04:53:56.455+0000] {dag.py:3089} INFO - Sync 1 DAGs
[2026-07-27T04:53:56.480+0000] {logging_mixin.py:188} INFO - [2026-07-27T04:53:56.480+0000] {dag.py:3947} INFO - Setting next_dagrun for football_etl to 2026-07-30 00:00:00+00:00, run_after=2026-07-31 00:00:00+00:00
[2026-07-27T04:53:56.499+0000] {processor.py:183} INFO - Processing /opt/airflow/dags/football_etl_dag.py took 0.116 seconds
[2026-07-27T04:54:26.664+0000] {processor.py:161} INFO - Started process (PID=508) to work on /opt/airflow/dags/football_etl_dag.py
[2026-07-27T04:54:26.666+0000] {processor.py:830} INFO - Processing file /opt/airflow/dags/football_etl_dag.py for tasks to queue
[2026-07-27T04:54:26.668+0000] {logging_mixin.py:188} INFO - [2026-07-27T04:54:26.668+0000] {dagbag.py:545} INFO - Filling up the DagBag from /opt/airflow/dags/football_etl_dag.py
[2026-07-27T04:54:26.693+0000] {processor.py:840} INFO - DAG(s) 'football_etl' retrieved from /opt/airflow/dags/football_etl_dag.py
[2026-07-27T04:54:26.730+0000] {logging_mixin.py:188} INFO - [2026-07-27T04:54:26.729+0000] {dag.py:3089} INFO - Sync 1 DAGs
[2026-07-27T04:54:26.753+0000] {logging_mixin.py:188} INFO - [2026-07-27T04:54:26.752+0000] {dag.py:3947} INFO - Setting next_dagrun for football_etl to 2026-07-30 00:00:00+00:00, run_after=2026-07-31 00:00:00+00:00
[2026-07-27T04:54:26.773+0000] {processor.py:183} INFO - Processing /opt/airflow/dags/football_etl_dag.py took 0.116 seconds
[2026-07-27T04:54:57.039+0000] {processor.py:161} INFO - Started process (PID=513) to work on /opt/airflow/dags/football_etl_dag.py
[2026-07-27T04:54:57.041+0000] {processor.py:830} INFO - Processing file /opt/airflow/dags/football_etl_dag.py for tasks to queue
[2026-07-27T04:54:57.043+0000] {logging_mixin.py:188} INFO - [2026-07-27T04:54:57.043+0000] {dagbag.py:545} INFO - Filling up the DagBag from /opt/airflow/dags/football_etl_dag.py
[2026-07-27T04:54:57.068+0000] {processor.py:840} INFO - DAG(s) 'football_etl' retrieved from /opt/airflow/dags/football_etl_dag.py
[2026-07-27T04:54:57.103+0000] {logging_mixin.py:188} INFO - [2026-07-27T04:54:57.103+0000] {dag.py:3089} INFO - Sync 1 DAGs
[2026-07-27T04:54:57.127+0000] {logging_mixin.py:188} INFO - [2026-07-27T04:54:57.127+0000] {dag.py:3947} INFO - Setting next_dagrun for football_etl to 2026-07-30 00:00:00+00:00, run_after=2026-07-31 00:00:00+00:00
[2026-07-27T04:54:57.150+0000] {processor.py:183} INFO - Processing /opt/airflow/dags/football_etl_dag.py took 0.117 seconds
[2026-07-27T04:55:27.346+0000] {processor.py:161} INFO - Started process (PID=518) to work on /opt/airflow/dags/football_etl_dag.py
[2026-07-27T04:55:27.348+0000] {processor.py:830} INFO - Processing file /opt/airflow/dags/football_etl_dag.py for tasks to queue
[2026-07-27T04:55:27.350+0000] {logging_mixin.py:188} INFO - [2026-07-27T04:55:27.350+0000] {dagbag.py:545} INFO - Filling up the DagBag from /opt/airflow/dags/football_etl_dag.py
[2026-07-27T04:55:27.378+0000] {processor.py:840} INFO - DAG(s) 'football_etl' retrieved from /opt/airflow/dags/football_etl_dag.py
[2026-07-27T04:55:27.417+0000] {logging_mixin.py:188} INFO - [2026-07-27T04:55:27.417+0000] {dag.py:3089} INFO - Sync 1 DAGs
[2026-07-27T04:55:27.443+0000] {logging_mixin.py:188} INFO - [2026-07-27T04:55:27.443+0000] {dag.py:3947} INFO - Setting next_dagrun for football_etl to 2026-07-30 00:00:00+00:00, run_after=2026-07-31 00:00:00+00:00
[2026-07-27T04:55:27.464+0000] {processor.py:183} INFO - Processing /opt/airflow/dags/football_etl_dag.py took 0.125 seconds
[2026-07-27T04:55:57.639+0000] {processor.py:161} INFO - Started process (PID=523) to work on /opt/airflow/dags/football_etl_dag.py
[2026-07-27T04:55:57.641+0000] {processor.py:830} INFO - Processing file /opt/airflow/dags/football_etl_dag.py for tasks to queue
[2026-07-27T04:55:57.644+0000] {logging_mixin.py:188} INFO - [2026-07-27T04:55:57.643+0000] {dagbag.py:545} INFO - Filling up the DagBag from /opt/airflow/dags/football_etl_dag.py
[2026-07-27T04:55:57.678+0000] {processor.py:840} INFO - DAG(s) 'football_etl' retrieved from /opt/airflow/dags/football_etl_dag.py
[2026-07-27T04:55:57.730+0000] {logging_mixin.py:188} INFO - [2026-07-27T04:55:57.730+0000] {dag.py:3089} INFO - Sync 1 DAGs
[2026-07-27T04:55:57.757+0000] {logging_mixin.py:188} INFO - [2026-07-27T04:55:57.757+0000] {dag.py:3947} INFO - Setting next_dagrun for football_etl to 2026-07-30 00:00:00+00:00, run_after=2026-07-31 00:00:00+00:00
[2026-07-27T04:55:57.779+0000] {processor.py:183} INFO - Processing /opt/airflow/dags/football_etl_dag.py took 0.148 seconds
[2026-07-27T04:56:27.898+0000] {processor.py:161} INFO - Started process (PID=528) to work on /opt/airflow/dags/football_etl_dag.py
[2026-07-27T04:56:27.899+0000] {processor.py:830} INFO - Processing file /opt/airflow/dags/football_etl_dag.py for tasks to queue
[2026-07-27T04:56:27.902+0000] {logging_mixin.py:188} INFO - [2026-07-27T04:56:27.902+0000] {dagbag.py:545} INFO - Filling up the DagBag from /opt/airflow/dags/football_etl_dag.py
[2026-07-27T04:56:27.927+0000] {processor.py:840} INFO - DAG(s) 'football_etl' retrieved from /opt/airflow/dags/football_etl_dag.py
[2026-07-27T04:56:27.964+0000] {logging_mixin.py:188} INFO - [2026-07-27T04:56:27.964+0000] {dag.py:3089} INFO - Sync 1 DAGs
[2026-07-27T04:56:27.989+0000] {logging_mixin.py:188} INFO - [2026-07-27T04:56:27.989+0000] {dag.py:3947} INFO - Setting next_dagrun for football_etl to 2026-07-30 00:00:00+00:00, run_after=2026-07-31 00:00:00+00:00
[2026-07-27T04:56:28.009+0000] {processor.py:183} INFO - Processing /opt/airflow/dags/football_etl_dag.py took 0.118 seconds
[2026-07-27T04:56:58.261+0000] {processor.py:161} INFO - Started process (PID=533) to work on /opt/airflow/dags/football_etl_dag.py
[2026-07-27T04:56:58.262+0000] {processor.py:830} INFO - Processing file /opt/airflow/dags/football_etl_dag.py for tasks to queue
[2026-07-27T04:56:58.264+0000] {logging_mixin.py:188} INFO - [2026-07-27T04:56:58.264+0000] {dagbag.py:545} INFO - Filling up the DagBag from /opt/airflow/dags/football_etl_dag.py
[2026-07-27T04:56:58.285+0000] {processor.py:840} INFO - DAG(s) 'football_etl' retrieved from /opt/airflow/dags/football_etl_dag.py
[2026-07-27T04:56:58.317+0000] {logging_mixin.py:188} INFO - [2026-07-27T04:56:58.317+0000] {dag.py:3089} INFO - Sync 1 DAGs
[2026-07-27T04:56:58.339+0000] {logging_mixin.py:188} INFO - [2026-07-27T04:56:58.339+0000] {dag.py:3947} INFO - Setting next_dagrun for football_etl to 2026-07-30 00:00:00+00:00, run_after=2026-07-31 00:00:00+00:00
[2026-07-27T04:56:58.358+0000] {processor.py:183} INFO - Processing /opt/airflow/dags/football_etl_dag.py took 0.103 seconds
[2026-07-27T04:57:28.525+0000] {processor.py:161} INFO - Started process (PID=538) to work on /opt/airflow/dags/football_etl_dag.py
[2026-07-27T04:57:28.528+0000] {processor.py:830} INFO - Processing file /opt/airflow/dags/football_etl_dag.py for tasks to queue
[2026-07-27T04:57:28.532+0000] {logging_mixin.py:188} INFO - [2026-07-27T04:57:28.531+0000] {dagbag.py:545} INFO - Filling up the DagBag from /opt/airflow/dags/football_etl_dag.py
[2026-07-27T04:57:28.567+0000] {processor.py:840} INFO - DAG(s) 'football_etl' retrieved from /opt/airflow/dags/football_etl_dag.py
[2026-07-27T04:57:28.633+0000] {logging_mixin.py:188} INFO - [2026-07-27T04:57:28.631+0000] {dag.py:3089} INFO - Sync 1 DAGs
[2026-07-27T04:57:28.671+0000] {logging_mixin.py:188} INFO - [2026-07-27T04:57:28.671+0000] {dag.py:3947} INFO - Setting next_dagrun for football_etl to 2026-07-30 00:00:00+00:00, run_after=2026-07-31 00:00:00+00:00
[2026-07-27T04:57:28.698+0000] {processor.py:183} INFO - Processing /opt/airflow/dags/football_etl_dag.py took 0.184 seconds
[2026-07-27T04:57:58.861+0000] {processor.py:161} INFO - Started process (PID=543) to work on /opt/airflow/dags/football_etl_dag.py
[2026-07-27T04:57:58.863+0000] {processor.py:830} INFO - Processing file /opt/airflow/dags/football_etl_dag.py for tasks to queue
[2026-07-27T04:57:58.865+0000] {logging_mixin.py:188} INFO - [2026-07-27T04:57:58.865+0000] {dagbag.py:545} INFO - Filling up the DagBag from /opt/airflow/dags/football_etl_dag.py
[2026-07-27T04:57:58.889+0000] {processor.py:840} INFO - DAG(s) 'football_etl' retrieved from /opt/airflow/dags/football_etl_dag.py
[2026-07-27T04:57:58.928+0000] {logging_mixin.py:188} INFO - [2026-07-27T04:57:58.927+0000] {dag.py:3089} INFO - Sync 1 DAGs
[2026-07-27T04:57:58.954+0000] {logging_mixin.py:188} INFO - [2026-07-27T04:57:58.954+0000] {dag.py:3947} INFO - Setting next_dagrun for football_etl to 2026-07-30 00:00:00+00:00, run_after=2026-07-31 00:00:00+00:00
[2026-07-27T04:57:58.976+0000] {processor.py:183} INFO - Processing /opt/airflow/dags/football_etl_dag.py took 0.121 seconds
[2026-07-27T04:58:29.257+0000] {processor.py:161} INFO - Started process (PID=548) to work on /opt/airflow/dags/football_etl_dag.py
[2026-07-27T04:58:29.258+0000] {processor.py:830} INFO - Processing file /opt/airflow/dags/football_etl_dag.py for tasks to queue
[2026-07-27T04:58:29.261+0000] {logging_mixin.py:188} INFO - [2026-07-27T04:58:29.260+0000] {dagbag.py:545} INFO - Filling up the DagBag from /opt/airflow/dags/football_etl_dag.py
[2026-07-27T04:58:29.282+0000] {processor.py:840} INFO - DAG(s) 'football_etl' retrieved from /opt/airflow/dags/football_etl_dag.py
[2026-07-27T04:58:29.314+0000] {logging_mixin.py:188} INFO - [2026-07-27T04:58:29.314+0000] {dag.py:3089} INFO - Sync 1 DAGs
[2026-07-27T04:58:29.336+0000] {logging_mixin.py:188} INFO - [2026-07-27T04:58:29.336+0000] {dag.py:3947} INFO - Setting next_dagrun for football_etl to 2026-07-30 00:00:00+00:00, run_after=2026-07-31 00:00:00+00:00
[2026-07-27T04:58:29.356+0000] {processor.py:183} INFO - Processing /opt/airflow/dags/football_etl_dag.py took 0.104 seconds
[2026-07-27T04:58:59.522+0000] {processor.py:161} INFO - Started process (PID=553) to work on /opt/airflow/dags/football_etl_dag.py
[2026-07-27T04:58:59.523+0000] {processor.py:830} INFO - Processing file /opt/airflow/dags/football_etl_dag.py for tasks to queue
[2026-07-27T04:58:59.526+0000] {logging_mixin.py:188} INFO - [2026-07-27T04:58:59.525+0000] {dagbag.py:545} INFO - Filling up the DagBag from /opt/airflow/dags/football_etl_dag.py
[2026-07-27T04:58:59.550+0000] {processor.py:840} INFO - DAG(s) 'football_etl' retrieved from /opt/airflow/dags/football_etl_dag.py
[2026-07-27T04:58:59.589+0000] {logging_mixin.py:188} INFO - [2026-07-27T04:58:59.589+0000] {dag.py:3089} INFO - Sync 1 DAGs
[2026-07-27T04:58:59.614+0000] {logging_mixin.py:188} INFO - [2026-07-27T04:58:59.614+0000] {dag.py:3947} INFO - Setting next_dagrun for football_etl to 2026-07-30 00:00:00+00:00, run_after=2026-07-31 00:00:00+00:00
[2026-07-27T04:58:59.640+0000] {processor.py:183} INFO - Processing /opt/airflow/dags/football_etl_dag.py took 0.127 seconds
[2026-07-27T04:59:29.895+0000] {processor.py:161} INFO - Started process (PID=558) to work on /opt/airflow/dags/football_etl_dag.py
[2026-07-27T04:59:29.896+0000] {processor.py:830} INFO - Processing file /opt/airflow/dags/football_etl_dag.py for tasks to queue
[2026-07-27T04:59:29.898+0000] {logging_mixin.py:188} INFO - [2026-07-27T04:59:29.898+0000] {dagbag.py:545} INFO - Filling up the DagBag from /opt/airflow/dags/football_etl_dag.py
[2026-07-27T04:59:29.919+0000] {processor.py:840} INFO - DAG(s) 'football_etl' retrieved from /opt/airflow/dags/football_etl_dag.py
[2026-07-27T04:59:29.951+0000] {logging_mixin.py:188} INFO - [2026-07-27T04:59:29.951+0000] {dag.py:3089} INFO - Sync 1 DAGs
[2026-07-27T04:59:29.976+0000] {logging_mixin.py:188} INFO - [2026-07-27T04:59:29.975+0000] {dag.py:3947} INFO - Setting next_dagrun for football_etl to 2026-07-30 00:00:00+00:00, run_after=2026-07-31 00:00:00+00:00
[2026-07-27T04:59:29.997+0000] {processor.py:183} INFO - Processing /opt/airflow/dags/football_etl_dag.py took 0.107 seconds
[2026-07-27T05:00:00.164+0000] {processor.py:161} INFO - Started process (PID=563) to work on /opt/airflow/dags/football_etl_dag.py
[2026-07-27T05:00:00.165+0000] {processor.py:830} INFO - Processing file /opt/airflow/dags/football_etl_dag.py for tasks to queue
[2026-07-27T05:00:00.168+0000] {logging_mixin.py:188} INFO - [2026-07-27T05:00:00.168+0000] {dagbag.py:545} INFO - Filling up the DagBag from /opt/airflow/dags/football_etl_dag.py
[2026-07-27T05:00:00.201+0000] {processor.py:840} INFO - DAG(s) 'football_etl' retrieved from /opt/airflow/dags/football_etl_dag.py
[2026-07-27T05:00:00.253+0000] {logging_mixin.py:188} INFO - [2026-07-27T05:00:00.253+0000] {dag.py:3089} INFO - Sync 1 DAGs
[2026-07-27T05:00:00.284+0000] {logging_mixin.py:188} INFO - [2026-07-27T05:00:00.284+0000] {dag.py:3947} INFO - Setting next_dagrun for football_etl to 2026-07-30 00:00:00+00:00, run_after=2026-07-31 00:00:00+00:00
[2026-07-27T05:00:00.306+0000] {processor.py:183} INFO - Processing /opt/airflow/dags/football_etl_dag.py took 0.149 seconds
[2026-07-27T05:00:30.479+0000] {processor.py:161} INFO - Started process (PID=568) to work on /opt/airflow/dags/football_etl_dag.py
[2026-07-27T05:00:30.481+0000] {processor.py:830} INFO - Processing file /opt/airflow/dags/football_etl_dag.py for tasks to queue
[2026-07-27T05:00:30.483+0000] {logging_mixin.py:188} INFO - [2026-07-27T05:00:30.483+0000] {dagbag.py:545} INFO - Filling up the DagBag from /opt/airflow/dags/football_etl_dag.py
[2026-07-27T05:00:30.506+0000] {processor.py:840} INFO - DAG(s) 'football_etl' retrieved from /opt/airflow/dags/football_etl_dag.py
[2026-07-27T05:00:30.543+0000] {logging_mixin.py:188} INFO - [2026-07-27T05:00:30.543+0000] {dag.py:3089} INFO - Sync 1 DAGs
[2026-07-27T05:00:30.567+0000] {logging_mixin.py:188} INFO - [2026-07-27T05:00:30.567+0000] {dag.py:3947} INFO - Setting next_dagrun for football_etl to 2026-07-30 00:00:00+00:00, run_after=2026-07-31 00:00:00+00:00
[2026-07-27T05:00:30.589+0000] {processor.py:183} INFO - Processing /opt/airflow/dags/football_etl_dag.py took 0.116 seconds
[2026-07-27T05:01:00.757+0000] {processor.py:161} INFO - Started process (PID=573) to work on /opt/airflow/dags/football_etl_dag.py
[2026-07-27T05:01:00.758+0000] {processor.py:830} INFO - Processing file /opt/airflow/dags/football_etl_dag.py for tasks to queue
[2026-07-27T05:01:00.762+0000] {logging_mixin.py:188} INFO - [2026-07-27T05:01:00.762+0000] {dagbag.py:545} INFO - Filling up the DagBag from /opt/airflow/dags/football_etl_dag.py
[2026-07-27T05:01:00.794+0000] {processor.py:840} INFO - DAG(s) 'football_etl' retrieved from /opt/airflow/dags/football_etl_dag.py
[2026-07-27T05:01:00.856+0000] {logging_mixin.py:188} INFO - [2026-07-27T05:01:00.855+0000] {dag.py:3089} INFO - Sync 1 DAGs
[2026-07-27T05:01:00.888+0000] {logging_mixin.py:188} INFO - [2026-07-27T05:01:00.888+0000] {dag.py:3947} INFO - Setting next_dagrun for football_etl to 2026-07-30 00:00:00+00:00, run_after=2026-07-31 00:00:00+00:00
[2026-07-27T05:01:00.912+0000] {processor.py:183} INFO - Processing /opt/airflow/dags/football_etl_dag.py took 0.164 seconds
[2026-07-27T05:01:31.082+0000] {processor.py:161} INFO - Started process (PID=578) to work on /opt/airflow/dags/football_etl_dag.py
[2026-07-27T05:01:31.083+0000] {processor.py:830} INFO - Processing file /opt/airflow/dags/football_etl_dag.py for tasks to queue
[2026-07-27T05:01:31.087+0000] {logging_mixin.py:188} INFO - [2026-07-27T05:01:31.086+0000] {dagbag.py:545} INFO - Filling up the DagBag from /opt/airflow/dags/football_etl_dag.py
[2026-07-27T05:01:31.109+0000] {processor.py:840} INFO - DAG(s) 'football_etl' retrieved from /opt/airflow/dags/football_etl_dag.py
[2026-07-27T05:01:31.146+0000] {logging_mixin.py:188} INFO - [2026-07-27T05:01:31.146+0000] {dag.py:3089} INFO - Sync 1 DAGs
[2026-07-27T05:01:31.175+0000] {logging_mixin.py:188} INFO - [2026-07-27T05:01:31.174+0000] {dag.py:3947} INFO - Setting next_dagrun for football_etl to 2026-07-30 00:00:00+00:00, run_after=2026-07-31 00:00:00+00:00
[2026-07-27T05:01:31.199+0000] {processor.py:183} INFO - Processing /opt/airflow/dags/football_etl_dag.py took 0.124 seconds
[2026-07-27T05:02:01.434+0000] {processor.py:161} INFO - Started process (PID=583) to work on /opt/airflow/dags/football_etl_dag.py
[2026-07-27T05:02:01.435+0000] {processor.py:830} INFO - Processing file /opt/airflow/dags/football_etl_dag.py for tasks to queue
[2026-07-27T05:02:01.438+0000] {logging_mixin.py:188} INFO - [2026-07-27T05:02:01.438+0000] {dagbag.py:545} INFO - Filling up the DagBag from /opt/airflow/dags/football_etl_dag.py
[2026-07-27T05:02:01.468+0000] {processor.py:840} INFO - DAG(s) 'football_etl' retrieved from /opt/airflow/dags/football_etl_dag.py
[2026-07-27T05:02:01.518+0000] {logging_mixin.py:188} INFO - [2026-07-27T05:02:01.518+0000] {dag.py:3089} INFO - Sync 1 DAGs
[2026-07-27T05:02:01.542+0000] {logging_mixin.py:188} INFO - [2026-07-27T05:02:01.542+0000] {dag.py:3947} INFO - Setting next_dagrun for football_etl to 2026-07-30 00:00:00+00:00, run_after=2026-07-31 00:00:00+00:00
[2026-07-27T05:02:01.563+0000] {processor.py:183} INFO - Processing /opt/airflow/dags/football_etl_dag.py took 0.136 seconds
[2026-07-27T05:02:31.673+0000] {processor.py:161} INFO - Started process (PID=588) to work on /opt/airflow/dags/football_etl_dag.py
[2026-07-27T05:02:31.674+0000] {processor.py:830} INFO - Processing file /opt/airflow/dags/football_etl_dag.py for tasks to queue
[2026-07-27T05:02:31.678+0000] {logging_mixin.py:188} INFO - [2026-07-27T05:02:31.677+0000] {dagbag.py:545} INFO - Filling up the DagBag from /opt/airflow/dags/football_etl_dag.py
[2026-07-27T05:02:31.702+0000] {processor.py:840} INFO - DAG(s) 'football_etl' retrieved from /opt/airflow/dags/football_etl_dag.py
[2026-07-27T05:02:31.740+0000] {logging_mixin.py:188} INFO - [2026-07-27T05:02:31.740+0000] {dag.py:3089} INFO - Sync 1 DAGs
[2026-07-27T05:02:31.764+0000] {logging_mixin.py:188} INFO - [2026-07-27T05:02:31.764+0000] {dag.py:3947} INFO - Setting next_dagrun for football_etl to 2026-07-30 00:00:00+00:00, run_after=2026-07-31 00:00:00+00:00
[2026-07-27T05:02:31.786+0000] {processor.py:183} INFO - Processing /opt/airflow/dags/football_etl_dag.py took 0.120 seconds
[2026-07-27T05:03:02.055+0000] {processor.py:161} INFO - Started process (PID=593) to work on /opt/airflow/dags/football_etl_dag.py
[2026-07-27T05:03:02.057+0000] {processor.py:830} INFO - Processing file /opt/airflow/dags/football_etl_dag.py for tasks to queue
[2026-07-27T05:03:02.059+0000] {logging_mixin.py:188} INFO - [2026-07-27T05:03:02.059+0000] {dagbag.py:545} INFO - Filling up the DagBag from /opt/airflow/dags/football_etl_dag.py
[2026-07-27T05:03:02.085+0000] {processor.py:840} INFO - DAG(s) 'football_etl' retrieved from /opt/airflow/dags/football_etl_dag.py
[2026-07-27T05:03:02.120+0000] {logging_mixin.py:188} INFO - [2026-07-27T05:03:02.120+0000] {dag.py:3089} INFO - Sync 1 DAGs
[2026-07-27T05:03:02.144+0000] {logging_mixin.py:188} INFO - [2026-07-27T05:03:02.143+0000] {dag.py:3947} INFO - Setting next_dagrun for football_etl to 2026-07-30 00:00:00+00:00, run_after=2026-07-31 00:00:00+00:00
[2026-07-27T05:03:02.164+0000] {processor.py:183} INFO - Processing /opt/airflow/dags/football_etl_dag.py took 0.116 seconds
[2026-07-27T05:03:32.294+0000] {processor.py:161} INFO - Started process (PID=598) to work on /opt/airflow/dags/football_etl_dag.py
[2026-07-27T05:03:32.296+0000] {processor.py:830} INFO - Processing file /opt/airflow/dags/football_etl_dag.py for tasks to queue
[2026-07-27T05:03:32.298+0000] {logging_mixin.py:188} INFO - [2026-07-27T05:03:32.297+0000] {dagbag.py:545} INFO - Filling up the DagBag from /opt/airflow/dags/football_etl_dag.py
[2026-07-27T05:03:32.320+0000] {processor.py:840} INFO - DAG(s) 'football_etl' retrieved from /opt/airflow/dags/football_etl_dag.py
[2026-07-27T05:03:32.359+0000] {logging_mixin.py:188} INFO - [2026-07-27T05:03:32.359+0000] {dag.py:3089} INFO - Sync 1 DAGs
[2026-07-27T05:03:32.382+0000] {logging_mixin.py:188} INFO - [2026-07-27T05:03:32.382+0000] {dag.py:3947} INFO - Setting next_dagrun for football_etl to 2026-07-30 00:00:00+00:00, run_after=2026-07-31 00:00:00+00:00
[2026-07-27T05:03:32.403+0000] {processor.py:183} INFO - Processing /opt/airflow/dags/football_etl_dag.py took 0.115 seconds
[2026-07-27T05:04:02.643+0000] {processor.py:161} INFO - Started process (PID=603) to work on /opt/airflow/dags/football_etl_dag.py
[2026-07-27T05:04:02.645+0000] {processor.py:830} INFO - Processing file /opt/airflow/dags/football_etl_dag.py for tasks to queue
[2026-07-27T05:04:02.648+0000] {logging_mixin.py:188} INFO - [2026-07-27T05:04:02.648+0000] {dagbag.py:545} INFO - Filling up the DagBag from /opt/airflow/dags/football_etl_dag.py
[2026-07-27T05:04:02.699+0000] {processor.py:840} INFO - DAG(s) 'football_etl' retrieved from /opt/airflow/dags/football_etl_dag.py
[2026-07-27T05:04:02.749+0000] {logging_mixin.py:188} INFO - [2026-07-27T05:04:02.749+0000] {dag.py:3089} INFO - Sync 1 DAGs
[2026-07-27T05:04:02.775+0000] {logging_mixin.py:188} INFO - [2026-07-27T05:04:02.775+0000] {dag.py:3947} INFO - Setting next_dagrun for football_etl to 2026-07-30 00:00:00+00:00, run_after=2026-07-31 00:00:00+00:00
[2026-07-27T05:04:02.799+0000] {processor.py:183} INFO - Processing /opt/airflow/dags/football_etl_dag.py took 0.164 seconds
[2026-07-27T05:04:32.857+0000] {processor.py:161} INFO - Started process (PID=608) to work on /opt/airflow/dags/football_etl_dag.py
[2026-07-27T05:04:32.859+0000] {processor.py:830} INFO - Processing file /opt/airflow/dags/football_etl_dag.py for tasks to queue
[2026-07-27T05:04:32.861+0000] {logging_mixin.py:188} INFO - [2026-07-27T05:04:32.861+0000] {dagbag.py:545} INFO - Filling up the DagBag from /opt/airflow/dags/football_etl_dag.py
[2026-07-27T05:04:32.887+0000] {processor.py:840} INFO - DAG(s) 'football_etl' retrieved from /opt/airflow/dags/football_etl_dag.py
[2026-07-27T05:04:32.924+0000] {logging_mixin.py:188} INFO - [2026-07-27T05:04:32.924+0000] {dag.py:3089} INFO - Sync 1 DAGs
[2026-07-27T05:04:32.951+0000] {logging_mixin.py:188} INFO - [2026-07-27T05:04:32.951+0000] {dag.py:3947} INFO - Setting next_dagrun for football_etl to 2026-07-30 00:00:00+00:00, run_after=2026-07-31 00:00:00+00:00
[2026-07-27T05:04:32.972+0000] {processor.py:183} INFO - Processing /opt/airflow/dags/football_etl_dag.py took 0.122 seconds
[2026-07-27T05:05:03.140+0000] {processor.py:161} INFO - Started process (PID=613) to work on /opt/airflow/dags/football_etl_dag.py
[2026-07-27T05:05:03.141+0000] {processor.py:830} INFO - Processing file /opt/airflow/dags/football_etl_dag.py for tasks to queue
[2026-07-27T05:05:03.143+0000] {logging_mixin.py:188} INFO - [2026-07-27T05:05:03.143+0000] {dagbag.py:545} INFO - Filling up the DagBag from /opt/airflow/dags/football_etl_dag.py
[2026-07-27T05:05:03.165+0000] {processor.py:840} INFO - DAG(s) 'football_etl' retrieved from /opt/airflow/dags/football_etl_dag.py
[2026-07-27T05:05:03.206+0000] {logging_mixin.py:188} INFO - [2026-07-27T05:05:03.206+0000] {dag.py:3089} INFO - Sync 1 DAGs
[2026-07-27T05:05:03.227+0000] {logging_mixin.py:188} INFO - [2026-07-27T05:05:03.227+0000] {dag.py:3947} INFO - Setting next_dagrun for football_etl to 2026-07-30 00:00:00+00:00, run_after=2026-07-31 00:00:00+00:00
[2026-07-27T05:05:03.247+0000] {processor.py:183} INFO - Processing /opt/airflow/dags/football_etl_dag.py took 0.113 seconds
[2026-07-27T05:05:33.448+0000] {processor.py:161} INFO - Started process (PID=618) to work on /opt/airflow/dags/football_etl_dag.py
[2026-07-27T05:05:33.449+0000] {processor.py:830} INFO - Processing file /opt/airflow/dags/football_etl_dag.py for tasks to queue
[2026-07-27T05:05:33.452+0000] {logging_mixin.py:188} INFO - [2026-07-27T05:05:33.451+0000] {dagbag.py:545} INFO - Filling up the DagBag from /opt/airflow/dags/football_etl_dag.py
[2026-07-27T05:05:33.491+0000] {processor.py:840} INFO - DAG(s) 'football_etl' retrieved from /opt/airflow/dags/football_etl_dag.py
[2026-07-27T05:05:33.549+0000] {logging_mixin.py:188} INFO - [2026-07-27T05:05:33.549+0000] {dag.py:3089} INFO - Sync 1 DAGs
[2026-07-27T05:05:33.575+0000] {logging_mixin.py:188} INFO - [2026-07-27T05:05:33.575+0000] {dag.py:3947} INFO - Setting next_dagrun for football_etl to 2026-07-30 00:00:00+00:00, run_after=2026-07-31 00:00:00+00:00
[2026-07-27T05:05:33.596+0000] {processor.py:183} INFO - Processing /opt/airflow/dags/football_etl_dag.py took 0.157 seconds
[2026-07-27T05:06:03.679+0000] {processor.py:161} INFO - Started process (PID=623) to work on /opt/airflow/dags/football_etl_dag.py
[2026-07-27T05:06:03.681+0000] {processor.py:830} INFO - Processing file /opt/airflow/dags/football_etl_dag.py for tasks to queue
[2026-07-27T05:06:03.683+0000] {logging_mixin.py:188} INFO - [2026-07-27T05:06:03.683+0000] {dagbag.py:545} INFO - Filling up the DagBag from /opt/airflow/dags/football_etl_dag.py
[2026-07-27T05:06:03.710+0000] {processor.py:840} INFO - DAG(s) 'football_etl' retrieved from /opt/airflow/dags/football_etl_dag.py
[2026-07-27T05:06:03.751+0000] {logging_mixin.py:188} INFO - [2026-07-27T05:06:03.751+0000] {dag.py:3089} INFO - Sync 1 DAGs
[2026-07-27T05:06:03.778+0000] {logging_mixin.py:188} INFO - [2026-07-27T05:06:03.778+0000] {dag.py:3947} INFO - Setting next_dagrun for football_etl to 2026-07-30 00:00:00+00:00, run_after=2026-07-31 00:00:00+00:00
[2026-07-27T05:06:03.800+0000] {processor.py:183} INFO - Processing /opt/airflow/dags/football_etl_dag.py took 0.133 seconds
[2026-07-27T05:06:33.941+0000] {processor.py:161} INFO - Started process (PID=628) to work on /opt/airflow/dags/football_etl_dag.py
[2026-07-27T05:06:33.943+0000] {processor.py:830} INFO - Processing file /opt/airflow/dags/football_etl_dag.py for tasks to queue
[2026-07-27T05:06:33.947+0000] {logging_mixin.py:188} INFO - [2026-07-27T05:06:33.947+0000] {dagbag.py:545} INFO - Filling up the DagBag from /opt/airflow/dags/football_etl_dag.py
[2026-07-27T05:06:33.973+0000] {processor.py:840} INFO - DAG(s) 'football_etl' retrieved from /opt/airflow/dags/football_etl_dag.py
[2026-07-27T05:06:34.011+0000] {logging_mixin.py:188} INFO - [2026-07-27T05:06:34.011+0000] {dag.py:3089} INFO - Sync 1 DAGs
[2026-07-27T05:06:34.036+0000] {logging_mixin.py:188} INFO - [2026-07-27T05:06:34.036+0000] {dag.py:3947} INFO - Setting next_dagrun for football_etl to 2026-07-30 00:00:00+00:00, run_after=2026-07-31 00:00:00+00:00
[2026-07-27T05:06:34.059+0000] {processor.py:183} INFO - Processing /opt/airflow/dags/football_etl_dag.py took 0.124 seconds
[2026-07-27T05:07:04.270+0000] {processor.py:161} INFO - Started process (PID=633) to work on /opt/airflow/dags/football_etl_dag.py
[2026-07-27T05:07:04.271+0000] {processor.py:830} INFO - Processing file /opt/airflow/dags/football_etl_dag.py for tasks to queue
[2026-07-27T05:07:04.273+0000] {logging_mixin.py:188} INFO - [2026-07-27T05:07:04.273+0000] {dagbag.py:545} INFO - Filling up the DagBag from /opt/airflow/dags/football_etl_dag.py
[2026-07-27T05:07:04.298+0000] {processor.py:840} INFO - DAG(s) 'football_etl' retrieved from /opt/airflow/dags/football_etl_dag.py
[2026-07-27T05:07:04.334+0000] {logging_mixin.py:188} INFO - [2026-07-27T05:07:04.333+0000] {dag.py:3089} INFO - Sync 1 DAGs
[2026-07-27T05:07:04.358+0000] {logging_mixin.py:188} INFO - [2026-07-27T05:07:04.358+0000] {dag.py:3947} INFO - Setting next_dagrun for football_etl to 2026-07-30 00:00:00+00:00, run_after=2026-07-31 00:00:00+00:00
[2026-07-27T05:07:04.380+0000] {processor.py:183} INFO - Processing /opt/airflow/dags/football_etl_dag.py took 0.117 seconds
[2026-07-27T05:07:34.535+0000] {processor.py:161} INFO - Started process (PID=638) to work on /opt/airflow/dags/football_etl_dag.py
[2026-07-27T05:07:34.536+0000] {processor.py:830} INFO - Processing file /opt/airflow/dags/football_etl_dag.py for tasks to queue
[2026-07-27T05:07:34.538+0000] {logging_mixin.py:188} INFO - [2026-07-27T05:07:34.538+0000] {dagbag.py:545} INFO - Filling up the DagBag from /opt/airflow/dags/football_etl_dag.py
[2026-07-27T05:07:34.563+0000] {processor.py:840} INFO - DAG(s) 'football_etl' retrieved from /opt/airflow/dags/football_etl_dag.py
[2026-07-27T05:07:34.601+0000] {logging_mixin.py:188} INFO - [2026-07-27T05:07:34.601+0000] {dag.py:3089} INFO - Sync 1 DAGs
[2026-07-27T05:07:34.628+0000] {logging_mixin.py:188} INFO - [2026-07-27T05:07:34.628+0000] {dag.py:3947} INFO - Setting next_dagrun for football_etl to 2026-07-30 00:00:00+00:00, run_after=2026-07-31 00:00:00+00:00
[2026-07-27T05:07:34.651+0000] {processor.py:183} INFO - Processing /opt/airflow/dags/football_etl_dag.py took 0.122 seconds
[2026-07-27T05:08:04.819+0000] {processor.py:161} INFO - Started process (PID=643) to work on /opt/airflow/dags/football_etl_dag.py
[2026-07-27T05:08:04.821+0000] {processor.py:830} INFO - Processing file /opt/airflow/dags/football_etl_dag.py for tasks to queue
[2026-07-27T05:08:04.823+0000] {logging_mixin.py:188} INFO - [2026-07-27T05:08:04.823+0000] {dagbag.py:545} INFO - Filling up the DagBag from /opt/airflow/dags/football_etl_dag.py
[2026-07-27T05:08:04.857+0000] {processor.py:840} INFO - DAG(s) 'football_etl' retrieved from /opt/airflow/dags/football_etl_dag.py
[2026-07-27T05:08:04.906+0000] {logging_mixin.py:188} INFO - [2026-07-27T05:08:04.906+0000] {dag.py:3089} INFO - Sync 1 DAGs
[2026-07-27T05:08:04.930+0000] {logging_mixin.py:188} INFO - [2026-07-27T05:08:04.929+0000] {dag.py:3947} INFO - Setting next_dagrun for football_etl to 2026-07-30 00:00:00+00:00, run_after=2026-07-31 00:00:00+00:00
[2026-07-27T05:08:04.950+0000] {processor.py:183} INFO - Processing /opt/airflow/dags/football_etl_dag.py took 0.141 seconds
[2026-07-27T05:08:35.135+0000] {processor.py:161} INFO - Started process (PID=648) to work on /opt/airflow/dags/football_etl_dag.py
[2026-07-27T05:08:35.136+0000] {processor.py:830} INFO - Processing file /opt/airflow/dags/football_etl_dag.py for tasks to queue
[2026-07-27T05:08:35.138+0000] {logging_mixin.py:188} INFO - [2026-07-27T05:08:35.138+0000] {dagbag.py:545} INFO - Filling up the DagBag from /opt/airflow/dags/football_etl_dag.py
[2026-07-27T05:08:35.161+0000] {processor.py:840} INFO - DAG(s) 'football_etl' retrieved from /opt/airflow/dags/football_etl_dag.py
[2026-07-27T05:08:35.194+0000] {logging_mixin.py:188} INFO - [2026-07-27T05:08:35.194+0000] {dag.py:3089} INFO - Sync 1 DAGs
[2026-07-27T05:08:35.216+0000] {logging_mixin.py:188} INFO - [2026-07-27T05:08:35.216+0000] {dag.py:3947} INFO - Setting next_dagrun for football_etl to 2026-07-30 00:00:00+00:00, run_after=2026-07-31 00:00:00+00:00
[2026-07-27T05:08:35.237+0000] {processor.py:183} INFO - Processing /opt/airflow/dags/football_etl_dag.py took 0.107 seconds
[2026-07-27T05:09:05.490+0000] {processor.py:161} INFO - Started process (PID=653) to work on /opt/airflow/dags/football_etl_dag.py
[2026-07-27T05:09:05.492+0000] {processor.py:830} INFO - Processing file /opt/airflow/dags/football_etl_dag.py for tasks to queue
[2026-07-27T05:09:05.495+0000] {logging_mixin.py:188} INFO - [2026-07-27T05:09:05.495+0000] {dagbag.py:545} INFO - Filling up the DagBag from /opt/airflow/dags/football_etl_dag.py
[2026-07-27T05:09:05.522+0000] {processor.py:840} INFO - DAG(s) 'football_etl' retrieved from /opt/airflow/dags/football_etl_dag.py
[2026-07-27T05:09:05.565+0000] {logging_mixin.py:188} INFO - [2026-07-27T05:09:05.565+0000] {dag.py:3089} INFO - Sync 1 DAGs
[2026-07-27T05:09:05.594+0000] {logging_mixin.py:188} INFO - [2026-07-27T05:09:05.593+0000] {dag.py:3947} INFO - Setting next_dagrun for football_etl to 2026-07-30 00:00:00+00:00, run_after=2026-07-31 00:00:00+00:00
[2026-07-27T05:09:05.617+0000] {processor.py:183} INFO - Processing /opt/airflow/dags/football_etl_dag.py took 0.134 seconds
[2026-07-27T05:09:35.761+0000] {processor.py:161} INFO - Started process (PID=658) to work on /opt/airflow/dags/football_etl_dag.py
[2026-07-27T05:09:35.762+0000] {processor.py:830} INFO - Processing file /opt/airflow/dags/football_etl_dag.py for tasks to queue
[2026-07-27T05:09:35.765+0000] {logging_mixin.py:188} INFO - [2026-07-27T05:09:35.764+0000] {dagbag.py:545} INFO - Filling up the DagBag from /opt/airflow/dags/football_etl_dag.py
[2026-07-27T05:09:35.788+0000] {processor.py:840} INFO - DAG(s) 'football_etl' retrieved from /opt/airflow/dags/football_etl_dag.py
[2026-07-27T05:09:35.825+0000] {logging_mixin.py:188} INFO - [2026-07-27T05:09:35.825+0000] {dag.py:3089} INFO - Sync 1 DAGs
[2026-07-27T05:09:35.851+0000] {logging_mixin.py:188} INFO - [2026-07-27T05:09:35.851+0000] {dag.py:3947} INFO - Setting next_dagrun for football_etl to 2026-07-30 00:00:00+00:00, run_after=2026-07-31 00:00:00+00:00
[2026-07-27T05:09:35.874+0000] {processor.py:183} INFO - Processing /opt/airflow/dags/football_etl_dag.py took 0.120 seconds
[2026-07-27T05:10:06.183+0000] {processor.py:161} INFO - Started process (PID=663) to work on /opt/airflow/dags/football_etl_dag.py
[2026-07-27T05:10:06.185+0000] {processor.py:830} INFO - Processing file /opt/airflow/dags/football_etl_dag.py for tasks to queue
[2026-07-27T05:10:06.187+0000] {logging_mixin.py:188} INFO - [2026-07-27T05:10:06.186+0000] {dagbag.py:545} INFO - Filling up the DagBag from /opt/airflow/dags/football_etl_dag.py
[2026-07-27T05:10:06.208+0000] {processor.py:840} INFO - DAG(s) 'football_etl' retrieved from /opt/airflow/dags/football_etl_dag.py
[2026-07-27T05:10:06.240+0000] {logging_mixin.py:188} INFO - [2026-07-27T05:10:06.240+0000] {dag.py:3089} INFO - Sync 1 DAGs
[2026-07-27T05:10:06.263+0000] {logging_mixin.py:188} INFO - [2026-07-27T05:10:06.263+0000] {dag.py:3947} INFO - Setting next_dagrun for football_etl to 2026-07-30 00:00:00+00:00, run_after=2026-07-31 00:00:00+00:00
[2026-07-27T05:10:06.282+0000] {processor.py:183} INFO - Processing /opt/airflow/dags/football_etl_dag.py took 0.104 seconds
[2026-07-27T05:10:36.428+0000] {processor.py:161} INFO - Started process (PID=668) to work on /opt/airflow/dags/football_etl_dag.py
[2026-07-27T05:10:36.429+0000] {processor.py:830} INFO - Processing file /opt/airflow/dags/football_etl_dag.py for tasks to queue
[2026-07-27T05:10:36.431+0000] {logging_mixin.py:188} INFO - [2026-07-27T05:10:36.431+0000] {dagbag.py:545} INFO - Filling up the DagBag from /opt/airflow/dags/football_etl_dag.py
[2026-07-27T05:10:36.455+0000] {processor.py:840} INFO - DAG(s) 'football_etl' retrieved from /opt/airflow/dags/football_etl_dag.py
[2026-07-27T05:10:36.489+0000] {logging_mixin.py:188} INFO - [2026-07-27T05:10:36.489+0000] {dag.py:3089} INFO - Sync 1 DAGs
[2026-07-27T05:10:36.513+0000] {logging_mixin.py:188} INFO - [2026-07-27T05:10:36.513+0000] {dag.py:3947} INFO - Setting next_dagrun for football_etl to 2026-07-30 00:00:00+00:00, run_after=2026-07-31 00:00:00+00:00
[2026-07-27T05:10:36.535+0000] {processor.py:183} INFO - Processing /opt/airflow/dags/football_etl_dag.py took 0.114 seconds
[2026-07-27T05:11:06.727+0000] {processor.py:161} INFO - Started process (PID=673) to work on /opt/airflow/dags/football_etl_dag.py
[2026-07-27T05:11:06.729+0000] {processor.py:830} INFO - Processing file /opt/airflow/dags/football_etl_dag.py for tasks to queue
[2026-07-27T05:11:06.732+0000] {logging_mixin.py:188} INFO - [2026-07-27T05:11:06.732+0000] {dagbag.py:545} INFO - Filling up the DagBag from /opt/airflow/dags/football_etl_dag.py
[2026-07-27T05:11:06.765+0000] {processor.py:840} INFO - DAG(s) 'football_etl' retrieved from /opt/airflow/dags/football_etl_dag.py
[2026-07-27T05:11:06.817+0000] {logging_mixin.py:188} INFO - [2026-07-27T05:11:06.816+0000] {dag.py:3089} INFO - Sync 1 DAGs
[2026-07-27T05:11:06.841+0000] {logging_mixin.py:188} INFO - [2026-07-27T05:11:06.841+0000] {dag.py:3947} INFO - Setting next_dagrun for football_etl to 2026-07-30 00:00:00+00:00, run_after=2026-07-31 00:00:00+00:00
[2026-07-27T05:11:06.862+0000] {processor.py:183} INFO - Processing /opt/airflow/dags/football_etl_dag.py took 0.143 seconds
[2026-07-27T05:11:37.065+0000] {processor.py:161} INFO - Started process (PID=678) to work on /opt/airflow/dags/football_etl_dag.py
[2026-07-27T05:11:37.066+0000] {processor.py:830} INFO - Processing file /opt/airflow/dags/football_etl_dag.py for tasks to queue
[2026-07-27T05:11:37.068+0000] {logging_mixin.py:188} INFO - [2026-07-27T05:11:37.068+0000] {dagbag.py:545} INFO - Filling up the DagBag from /opt/airflow/dags/football_etl_dag.py
[2026-07-27T05:11:37.093+0000] {processor.py:840} INFO - DAG(s) 'football_etl' retrieved from /opt/airflow/dags/football_etl_dag.py
[2026-07-27T05:11:37.127+0000] {logging_mixin.py:188} INFO - [2026-07-27T05:11:37.127+0000] {dag.py:3089} INFO - Sync 1 DAGs
[2026-07-27T05:11:37.151+0000] {logging_mixin.py:188} INFO - [2026-07-27T05:11:37.150+0000] {dag.py:3947} INFO - Setting next_dagrun for football_etl to 2026-07-30 00:00:00+00:00, run_after=2026-07-31 00:00:00+00:00
[2026-07-27T05:11:37.171+0000] {processor.py:183} INFO - Processing /opt/airflow/dags/football_etl_dag.py took 0.112 seconds
[2026-07-27T05:12:07.281+0000] {processor.py:161} INFO - Started process (PID=683) to work on /opt/airflow/dags/football_etl_dag.py
[2026-07-27T05:12:07.283+0000] {processor.py:830} INFO - Processing file /opt/airflow/dags/football_etl_dag.py for tasks to queue
[2026-07-27T05:12:07.285+0000] {logging_mixin.py:188} INFO - [2026-07-27T05:12:07.284+0000] {dagbag.py:545} INFO - Filling up the DagBag from /opt/airflow/dags/football_etl_dag.py
[2026-07-27T05:12:07.307+0000] {processor.py:840} INFO - DAG(s) 'football_etl' retrieved from /opt/airflow/dags/football_etl_dag.py
[2026-07-27T05:12:07.339+0000] {logging_mixin.py:188} INFO - [2026-07-27T05:12:07.339+0000] {dag.py:3089} INFO - Sync 1 DAGs
[2026-07-27T05:12:07.361+0000] {logging_mixin.py:188} INFO - [2026-07-27T05:12:07.361+0000] {dag.py:3947} INFO - Setting next_dagrun for football_etl to 2026-07-30 00:00:00+00:00, run_after=2026-07-31 00:00:00+00:00
[2026-07-27T05:12:07.380+0000] {processor.py:183} INFO - Processing /opt/airflow/dags/football_etl_dag.py took 0.105 seconds
[2026-07-27T05:12:37.565+0000] {processor.py:161} INFO - Started process (PID=688) to work on /opt/airflow/dags/football_etl_dag.py
[2026-07-27T05:12:37.567+0000] {processor.py:830} INFO - Processing file /opt/airflow/dags/football_etl_dag.py for tasks to queue
[2026-07-27T05:12:37.573+0000] {logging_mixin.py:188} INFO - [2026-07-27T05:12:37.572+0000] {dagbag.py:545} INFO - Filling up the DagBag from /opt/airflow/dags/football_etl_dag.py
[2026-07-27T05:12:37.600+0000] {processor.py:840} INFO - DAG(s) 'football_etl' retrieved from /opt/airflow/dags/football_etl_dag.py
[2026-07-27T05:12:37.639+0000] {logging_mixin.py:188} INFO - [2026-07-27T05:12:37.638+0000] {dag.py:3089} INFO - Sync 1 DAGs
[2026-07-27T05:12:37.665+0000] {logging_mixin.py:188} INFO - [2026-07-27T05:12:37.664+0000] {dag.py:3947} INFO - Setting next_dagrun for football_etl to 2026-07-30 00:00:00+00:00, run_after=2026-07-31 00:00:00+00:00
[2026-07-27T05:12:37.688+0000] {processor.py:183} INFO - Processing /opt/airflow/dags/football_etl_dag.py took 0.128 seconds
[2026-07-27T05:13:07.828+0000] {processor.py:161} INFO - Started process (PID=693) to work on /opt/airflow/dags/football_etl_dag.py
[2026-07-27T05:13:07.829+0000] {processor.py:830} INFO - Processing file /opt/airflow/dags/football_etl_dag.py for tasks to queue
[2026-07-27T05:13:07.832+0000] {logging_mixin.py:188} INFO - [2026-07-27T05:13:07.831+0000] {dagbag.py:545} INFO - Filling up the DagBag from /opt/airflow/dags/football_etl_dag.py
[2026-07-27T05:13:07.860+0000] {processor.py:840} INFO - DAG(s) 'football_etl' retrieved from /opt/airflow/dags/football_etl_dag.py
[2026-07-27T05:13:07.901+0000] {logging_mixin.py:188} INFO - [2026-07-27T05:13:07.900+0000] {dag.py:3089} INFO - Sync 1 DAGs
[2026-07-27T05:13:07.928+0000] {logging_mixin.py:188} INFO - [2026-07-27T05:13:07.928+0000] {dag.py:3947} INFO - Setting next_dagrun for football_etl to 2026-07-30 00:00:00+00:00, run_after=2026-07-31 00:00:00+00:00
[2026-07-27T05:13:07.952+0000] {processor.py:183} INFO - Processing /opt/airflow/dags/football_etl_dag.py took 0.130 seconds
[2026-07-27T05:13:38.103+0000] {processor.py:161} INFO - Started process (PID=698) to work on /opt/airflow/dags/football_etl_dag.py
[2026-07-27T05:13:38.105+0000] {processor.py:830} INFO - Processing file /opt/airflow/dags/football_etl_dag.py for tasks to queue
[2026-07-27T05:13:38.108+0000] {logging_mixin.py:188} INFO - [2026-07-27T05:13:38.107+0000] {dagbag.py:545} INFO - Filling up the DagBag from /opt/airflow/dags/football_etl_dag.py
[2026-07-27T05:13:38.136+0000] {processor.py:840} INFO - DAG(s) 'football_etl' retrieved from /opt/airflow/dags/football_etl_dag.py
[2026-07-27T05:13:38.178+0000] {logging_mixin.py:188} INFO - [2026-07-27T05:13:38.178+0000] {dag.py:3089} INFO - Sync 1 DAGs
[2026-07-27T05:13:38.209+0000] {logging_mixin.py:188} INFO - [2026-07-27T05:13:38.208+0000] {dag.py:3947} INFO - Setting next_dagrun for football_etl to 2026-07-30 00:00:00+00:00, run_after=2026-07-31 00:00:00+00:00
[2026-07-27T05:13:38.234+0000] {processor.py:183} INFO - Processing /opt/airflow/dags/football_etl_dag.py took 0.139 seconds
[2026-07-27T05:14:08.440+0000] {processor.py:161} INFO - Started process (PID=703) to work on /opt/airflow/dags/football_etl_dag.py
[2026-07-27T05:14:08.442+0000] {processor.py:830} INFO - Processing file /opt/airflow/dags/football_etl_dag.py for tasks to queue
[2026-07-27T05:14:08.445+0000] {logging_mixin.py:188} INFO - [2026-07-27T05:14:08.445+0000] {dagbag.py:545} INFO - Filling up the DagBag from /opt/airflow/dags/football_etl_dag.py
[2026-07-27T05:14:08.473+0000] {processor.py:840} INFO - DAG(s) 'football_etl' retrieved from /opt/airflow/dags/football_etl_dag.py
[2026-07-27T05:14:08.509+0000] {logging_mixin.py:188} INFO - [2026-07-27T05:14:08.509+0000] {dag.py:3089} INFO - Sync 1 DAGs
[2026-07-27T05:14:08.532+0000] {logging_mixin.py:188} INFO - [2026-07-27T05:14:08.532+0000] {dag.py:3947} INFO - Setting next_dagrun for football_etl to 2026-07-30 00:00:00+00:00, run_after=2026-07-31 00:00:00+00:00
[2026-07-27T05:14:08.553+0000] {processor.py:183} INFO - Processing /opt/airflow/dags/football_etl_dag.py took 0.128 seconds
[2026-07-27T05:14:38.790+0000] {processor.py:161} INFO - Started process (PID=708) to work on /opt/airflow/dags/football_etl_dag.py
[2026-07-27T05:14:38.791+0000] {processor.py:830} INFO - Processing file /opt/airflow/dags/football_etl_dag.py for tasks to queue
[2026-07-27T05:14:38.794+0000] {logging_mixin.py:188} INFO - [2026-07-27T05:14:38.793+0000] {dagbag.py:545} INFO - Filling up the DagBag from /opt/airflow/dags/football_etl_dag.py
[2026-07-27T05:14:38.817+0000] {processor.py:840} INFO - DAG(s) 'football_etl' retrieved from /opt/airflow/dags/football_etl_dag.py
[2026-07-27T05:14:38.852+0000] {logging_mixin.py:188} INFO - [2026-07-27T05:14:38.851+0000] {dag.py:3089} INFO - Sync 1 DAGs
[2026-07-27T05:14:38.877+0000] {logging_mixin.py:188} INFO - [2026-07-27T05:14:38.877+0000] {dag.py:3947} INFO - Setting next_dagrun for football_etl to 2026-07-30 00:00:00+00:00, run_after=2026-07-31 00:00:00+00:00
[2026-07-27T05:14:38.898+0000] {processor.py:183} INFO - Processing /opt/airflow/dags/football_etl_dag.py took 0.116 seconds
[2026-07-27T05:15:09.063+0000] {processor.py:161} INFO - Started process (PID=713) to work on /opt/airflow/dags/football_etl_dag.py
[2026-07-27T05:15:09.064+0000] {processor.py:830} INFO - Processing file /opt/airflow/dags/football_etl_dag.py for tasks to queue
[2026-07-27T05:15:09.067+0000] {logging_mixin.py:188} INFO - [2026-07-27T05:15:09.066+0000] {dagbag.py:545} INFO - Filling up the DagBag from /opt/airflow/dags/football_etl_dag.py
[2026-07-27T05:15:09.092+0000] {processor.py:840} INFO - DAG(s) 'football_etl' retrieved from /opt/airflow/dags/football_etl_dag.py
[2026-07-27T05:15:09.127+0000] {logging_mixin.py:188} INFO - [2026-07-27T05:15:09.127+0000] {dag.py:3089} INFO - Sync 1 DAGs
[2026-07-27T05:15:09.151+0000] {logging_mixin.py:188} INFO - [2026-07-27T05:15:09.150+0000] {dag.py:3947} INFO - Setting next_dagrun for football_etl to 2026-07-30 00:00:00+00:00, run_after=2026-07-31 00:00:00+00:00
[2026-07-27T05:15:09.171+0000] {processor.py:183} INFO - Processing /opt/airflow/dags/football_etl_dag.py took 0.116 seconds
[2026-07-27T05:15:39.341+0000] {processor.py:161} INFO - Started process (PID=718) to work on /opt/airflow/dags/football_etl_dag.py
[2026-07-27T05:15:39.342+0000] {processor.py:830} INFO - Processing file /opt/airflow/dags/football_etl_dag.py for tasks to queue
[2026-07-27T05:15:39.344+0000] {logging_mixin.py:188} INFO - [2026-07-27T05:15:39.344+0000] {dagbag.py:545} INFO - Filling up the DagBag from /opt/airflow/dags/football_etl_dag.py
[2026-07-27T05:15:39.378+0000] {processor.py:840} INFO - DAG(s) 'football_etl' retrieved from /opt/airflow/dags/football_etl_dag.py
[2026-07-27T05:15:39.429+0000] {logging_mixin.py:188} INFO - [2026-07-27T05:15:39.428+0000] {dag.py:3089} INFO - Sync 1 DAGs
[2026-07-27T05:15:39.452+0000] {logging_mixin.py:188} INFO - [2026-07-27T05:15:39.452+0000] {dag.py:3947} INFO - Setting next_dagrun for football_etl to 2026-07-30 00:00:00+00:00, run_after=2026-07-31 00:00:00+00:00
[2026-07-27T05:15:39.476+0000] {processor.py:183} INFO - Processing /opt/airflow/dags/football_etl_dag.py took 0.142 seconds
[2026-07-27T05:16:09.616+0000] {processor.py:161} INFO - Started process (PID=723) to work on /opt/airflow/dags/football_etl_dag.py
[2026-07-27T05:16:09.617+0000] {processor.py:830} INFO - Processing file /opt/airflow/dags/football_etl_dag.py for tasks to queue
[2026-07-27T05:16:09.619+0000] {logging_mixin.py:188} INFO - [2026-07-27T05:16:09.619+0000] {dagbag.py:545} INFO - Filling up the DagBag from /opt/airflow/dags/football_etl_dag.py
[2026-07-27T05:16:09.640+0000] {processor.py:840} INFO - DAG(s) 'football_etl' retrieved from /opt/airflow/dags/football_etl_dag.py
[2026-07-27T05:16:09.675+0000] {logging_mixin.py:188} INFO - [2026-07-27T05:16:09.675+0000] {dag.py:3089} INFO - Sync 1 DAGs
[2026-07-27T05:16:09.701+0000] {logging_mixin.py:188} INFO - [2026-07-27T05:16:09.700+0000] {dag.py:3947} INFO - Setting next_dagrun for football_etl to 2026-07-30 00:00:00+00:00, run_after=2026-07-31 00:00:00+00:00
[2026-07-27T05:16:09.721+0000] {processor.py:183} INFO - Processing /opt/airflow/dags/football_etl_dag.py took 0.111 seconds
[2026-07-27T05:16:39.945+0000] {processor.py:161} INFO - Started process (PID=728) to work on /opt/airflow/dags/football_etl_dag.py
[2026-07-27T05:16:39.946+0000] {processor.py:830} INFO - Processing file /opt/airflow/dags/football_etl_dag.py for tasks to queue
[2026-07-27T05:16:39.948+0000] {logging_mixin.py:188} INFO - [2026-07-27T05:16:39.948+0000] {dagbag.py:545} INFO - Filling up the DagBag from /opt/airflow/dags/football_etl_dag.py
[2026-07-27T05:16:39.973+0000] {processor.py:840} INFO - DAG(s) 'football_etl' retrieved from /opt/airflow/dags/football_etl_dag.py
[2026-07-27T05:16:40.011+0000] {logging_mixin.py:188} INFO - [2026-07-27T05:16:40.011+0000] {dag.py:3089} INFO - Sync 1 DAGs
[2026-07-27T05:16:40.034+0000] {logging_mixin.py:188} INFO - [2026-07-27T05:16:40.034+0000] {dag.py:3947} INFO - Setting next_dagrun for football_etl to 2026-07-30 00:00:00+00:00, run_after=2026-07-31 00:00:00+00:00
[2026-07-27T05:16:40.055+0000] {processor.py:183} INFO - Processing /opt/airflow/dags/football_etl_dag.py took 0.117 seconds
[2026-07-27T05:17:10.247+0000] {processor.py:161} INFO - Started process (PID=733) to work on /opt/airflow/dags/football_etl_dag.py
[2026-07-27T05:17:10.249+0000] {processor.py:830} INFO - Processing file /opt/airflow/dags/football_etl_dag.py for tasks to queue
[2026-07-27T05:17:10.251+0000] {logging_mixin.py:188} INFO - [2026-07-27T05:17:10.251+0000] {dagbag.py:545} INFO - Filling up the DagBag from /opt/airflow/dags/football_etl_dag.py
[2026-07-27T05:17:10.276+0000] {processor.py:840} INFO - DAG(s) 'football_etl' retrieved from /opt/airflow/dags/football_etl_dag.py
[2026-07-27T05:17:10.312+0000] {logging_mixin.py:188} INFO - [2026-07-27T05:17:10.312+0000] {dag.py:3089} INFO - Sync 1 DAGs
[2026-07-27T05:17:10.336+0000] {logging_mixin.py:188} INFO - [2026-07-27T05:17:10.336+0000] {dag.py:3947} INFO - Setting next_dagrun for football_etl to 2026-07-30 00:00:00+00:00, run_after=2026-07-31 00:00:00+00:00
[2026-07-27T05:17:10.357+0000] {processor.py:183} INFO - Processing /opt/airflow/dags/football_etl_dag.py took 0.118 seconds
[2026-07-27T05:17:40.513+0000] {processor.py:161} INFO - Started process (PID=738) to work on /opt/airflow/dags/football_etl_dag.py
[2026-07-27T05:17:40.515+0000] {processor.py:830} INFO - Processing file /opt/airflow/dags/football_etl_dag.py for tasks to queue
[2026-07-27T05:17:40.518+0000] {logging_mixin.py:188} INFO - [2026-07-27T05:17:40.517+0000] {dagbag.py:545} INFO - Filling up the DagBag from /opt/airflow/dags/football_etl_dag.py
[2026-07-27T05:17:40.556+0000] {processor.py:840} INFO - DAG(s) 'football_etl' retrieved from /opt/airflow/dags/football_etl_dag.py
[2026-07-27T05:17:40.614+0000] {logging_mixin.py:188} INFO - [2026-07-27T05:17:40.614+0000] {dag.py:3089} INFO - Sync 1 DAGs
[2026-07-27T05:17:40.643+0000] {logging_mixin.py:188} INFO - [2026-07-27T05:17:40.643+0000] {dag.py:3947} INFO - Setting next_dagrun for football_etl to 2026-07-30 00:00:00+00:00, run_after=2026-07-31 00:00:00+00:00
[2026-07-27T05:17:40.668+0000] {processor.py:183} INFO - Processing /opt/airflow/dags/football_etl_dag.py took 0.162 seconds
[2026-07-27T05:18:10.801+0000] {processor.py:161} INFO - Started process (PID=743) to work on /opt/airflow/dags/football_etl_dag.py
[2026-07-27T05:18:10.802+0000] {processor.py:830} INFO - Processing file /opt/airflow/dags/football_etl_dag.py for tasks to queue
[2026-07-27T05:18:10.806+0000] {logging_mixin.py:188} INFO - [2026-07-27T05:18:10.805+0000] {dagbag.py:545} INFO - Filling up the DagBag from /opt/airflow/dags/football_etl_dag.py
[2026-07-27T05:18:10.833+0000] {processor.py:840} INFO - DAG(s) 'football_etl' retrieved from /opt/airflow/dags/football_etl_dag.py
[2026-07-27T05:18:10.884+0000] {logging_mixin.py:188} INFO - [2026-07-27T05:18:10.884+0000] {dag.py:3089} INFO - Sync 1 DAGs
[2026-07-27T05:18:10.916+0000] {logging_mixin.py:188} INFO - [2026-07-27T05:18:10.915+0000] {dag.py:3947} INFO - Setting next_dagrun for football_etl to 2026-07-30 00:00:00+00:00, run_after=2026-07-31 00:00:00+00:00
[2026-07-27T05:18:10.943+0000] {processor.py:183} INFO - Processing /opt/airflow/dags/football_etl_dag.py took 0.150 seconds
[2026-07-27T05:18:41.068+0000] {processor.py:161} INFO - Started process (PID=748) to work on /opt/airflow/dags/football_etl_dag.py
[2026-07-27T05:18:41.069+0000] {processor.py:830} INFO - Processing file /opt/airflow/dags/football_etl_dag.py for tasks to queue
[2026-07-27T05:18:41.071+0000] {logging_mixin.py:188} INFO - [2026-07-27T05:18:41.071+0000] {dagbag.py:545} INFO - Filling up the DagBag from /opt/airflow/dags/football_etl_dag.py
[2026-07-27T05:18:41.101+0000] {processor.py:840} INFO - DAG(s) 'football_etl' retrieved from /opt/airflow/dags/football_etl_dag.py
[2026-07-27T05:18:41.145+0000] {logging_mixin.py:188} INFO - [2026-07-27T05:18:41.145+0000] {dag.py:3089} INFO - Sync 1 DAGs
[2026-07-27T05:18:41.173+0000] {logging_mixin.py:188} INFO - [2026-07-27T05:18:41.173+0000] {dag.py:3947} INFO - Setting next_dagrun for football_etl to 2026-07-30 00:00:00+00:00, run_after=2026-07-31 00:00:00+00:00
[2026-07-27T05:18:41.205+0000] {processor.py:183} INFO - Processing /opt/airflow/dags/football_etl_dag.py took 0.146 seconds
[2026-07-27T05:19:11.357+0000] {processor.py:161} INFO - Started process (PID=753) to work on /opt/airflow/dags/football_etl_dag.py
[2026-07-27T05:19:11.359+0000] {processor.py:830} INFO - Processing file /opt/airflow/dags/football_etl_dag.py for tasks to queue
[2026-07-27T05:19:11.361+0000] {logging_mixin.py:188} INFO - [2026-07-27T05:19:11.361+0000] {dagbag.py:545} INFO - Filling up the DagBag from /opt/airflow/dags/football_etl_dag.py
[2026-07-27T05:19:11.391+0000] {processor.py:840} INFO - DAG(s) 'football_etl' retrieved from /opt/airflow/dags/football_etl_dag.py
[2026-07-27T05:19:11.441+0000] {logging_mixin.py:188} INFO - [2026-07-27T05:19:11.441+0000] {dag.py:3089} INFO - Sync 1 DAGs
[2026-07-27T05:19:11.464+0000] {logging_mixin.py:188} INFO - [2026-07-27T05:19:11.464+0000] {dag.py:3947} INFO - Setting next_dagrun for football_etl to 2026-07-30 00:00:00+00:00, run_after=2026-07-31 00:00:00+00:00
[2026-07-27T05:19:11.491+0000] {processor.py:183} INFO - Processing /opt/airflow/dags/football_etl_dag.py took 0.141 seconds
[2026-07-27T05:19:41.684+0000] {processor.py:161} INFO - Started process (PID=758) to work on /opt/airflow/dags/football_etl_dag.py
[2026-07-27T05:19:41.685+0000] {processor.py:830} INFO - Processing file /opt/airflow/dags/football_etl_dag.py for tasks to queue
[2026-07-27T05:19:41.688+0000] {logging_mixin.py:188} INFO - [2026-07-27T05:19:41.688+0000] {dagbag.py:545} INFO - Filling up the DagBag from /opt/airflow/dags/football_etl_dag.py
[2026-07-27T05:19:41.713+0000] {processor.py:840} INFO - DAG(s) 'football_etl' retrieved from /opt/airflow/dags/football_etl_dag.py
[2026-07-27T05:19:41.750+0000] {logging_mixin.py:188} INFO - [2026-07-27T05:19:41.750+0000] {dag.py:3089} INFO - Sync 1 DAGs
[2026-07-27T05:19:41.778+0000] {logging_mixin.py:188} INFO - [2026-07-27T05:19:41.778+0000] {dag.py:3947} INFO - Setting next_dagrun for football_etl to 2026-07-30 00:00:00+00:00, run_after=2026-07-31 00:00:00+00:00
[2026-07-27T05:19:41.800+0000] {processor.py:183} INFO - Processing /opt/airflow/dags/football_etl_dag.py took 0.125 seconds
[2026-07-27T05:20:12.007+0000] {processor.py:161} INFO - Started process (PID=763) to work on /opt/airflow/dags/football_etl_dag.py
[2026-07-27T05:20:12.009+0000] {processor.py:830} INFO - Processing file /opt/airflow/dags/football_etl_dag.py for tasks to queue
[2026-07-27T05:20:12.011+0000] {logging_mixin.py:188} INFO - [2026-07-27T05:20:12.011+0000] {dagbag.py:545} INFO - Filling up the DagBag from /opt/airflow/dags/football_etl_dag.py
[2026-07-27T05:20:12.038+0000] {processor.py:840} INFO - DAG(s) 'football_etl' retrieved from /opt/airflow/dags/football_etl_dag.py
[2026-07-27T05:20:12.086+0000] {logging_mixin.py:188} INFO - [2026-07-27T05:20:12.086+0000] {dag.py:3089} INFO - Sync 1 DAGs
[2026-07-27T05:20:12.110+0000] {logging_mixin.py:188} INFO - [2026-07-27T05:20:12.110+0000] {dag.py:3947} INFO - Setting next_dagrun for football_etl to 2026-07-30 00:00:00+00:00, run_after=2026-07-31 00:00:00+00:00
[2026-07-27T05:20:12.132+0000] {processor.py:183} INFO - Processing /opt/airflow/dags/football_etl_dag.py took 0.132 seconds
[2026-07-27T05:20:42.259+0000] {processor.py:161} INFO - Started process (PID=768) to work on /opt/airflow/dags/football_etl_dag.py
[2026-07-27T05:20:42.261+0000] {processor.py:830} INFO - Processing file /opt/airflow/dags/football_etl_dag.py for tasks to queue
[2026-07-27T05:20:42.263+0000] {logging_mixin.py:188} INFO - [2026-07-27T05:20:42.263+0000] {dagbag.py:545} INFO - Filling up the DagBag from /opt/airflow/dags/football_etl_dag.py
[2026-07-27T05:20:42.286+0000] {processor.py:840} INFO - DAG(s) 'football_etl' retrieved from /opt/airflow/dags/football_etl_dag.py
[2026-07-27T05:20:42.322+0000] {logging_mixin.py:188} INFO - [2026-07-27T05:20:42.322+0000] {dag.py:3089} INFO - Sync 1 DAGs
[2026-07-27T05:20:42.346+0000] {logging_mixin.py:188} INFO - [2026-07-27T05:20:42.346+0000] {dag.py:3947} INFO - Setting next_dagrun for football_etl to 2026-07-30 00:00:00+00:00, run_after=2026-07-31 00:00:00+00:00
[2026-07-27T05:20:42.366+0000] {processor.py:183} INFO - Processing /opt/airflow/dags/football_etl_dag.py took 0.114 seconds
[2026-07-27T05:21:12.608+0000] {processor.py:161} INFO - Started process (PID=773) to work on /opt/airflow/dags/football_etl_dag.py
[2026-07-27T05:21:12.609+0000] {processor.py:830} INFO - Processing file /opt/airflow/dags/football_etl_dag.py for tasks to queue
[2026-07-27T05:21:12.612+0000] {logging_mixin.py:188} INFO - [2026-07-27T05:21:12.612+0000] {dagbag.py:545} INFO - Filling up the DagBag from /opt/airflow/dags/football_etl_dag.py
[2026-07-27T05:21:12.642+0000] {processor.py:840} INFO - DAG(s) 'football_etl' retrieved from /opt/airflow/dags/football_etl_dag.py
[2026-07-27T05:21:12.695+0000] {logging_mixin.py:188} INFO - [2026-07-27T05:21:12.694+0000] {dag.py:3089} INFO - Sync 1 DAGs
[2026-07-27T05:21:12.718+0000] {logging_mixin.py:188} INFO - [2026-07-27T05:21:12.717+0000] {dag.py:3947} INFO - Setting next_dagrun for football_etl to 2026-07-30 00:00:00+00:00, run_after=2026-07-31 00:00:00+00:00
[2026-07-27T05:21:12.750+0000] {processor.py:183} INFO - Processing /opt/airflow/dags/football_etl_dag.py took 0.150 seconds
[2026-07-27T05:21:42.931+0000] {processor.py:161} INFO - Started process (PID=778) to work on /opt/airflow/dags/football_etl_dag.py
[2026-07-27T05:21:42.932+0000] {processor.py:830} INFO - Processing file /opt/airflow/dags/football_etl_dag.py for tasks to queue
[2026-07-27T05:21:42.934+0000] {logging_mixin.py:188} INFO - [2026-07-27T05:21:42.934+0000] {dagbag.py:545} INFO - Filling up the DagBag from /opt/airflow/dags/football_etl_dag.py
[2026-07-27T05:21:42.957+0000] {processor.py:840} INFO - DAG(s) 'football_etl' retrieved from /opt/airflow/dags/football_etl_dag.py
[2026-07-27T05:21:42.991+0000] {logging_mixin.py:188} INFO - [2026-07-27T05:21:42.991+0000] {dag.py:3089} INFO - Sync 1 DAGs
[2026-07-27T05:21:43.014+0000] {logging_mixin.py:188} INFO - [2026-07-27T05:21:43.014+0000] {dag.py:3947} INFO - Setting next_dagrun for football_etl to 2026-07-30 00:00:00+00:00, run_after=2026-07-31 00:00:00+00:00
[2026-07-27T05:21:43.035+0000] {processor.py:183} INFO - Processing /opt/airflow/dags/football_etl_dag.py took 0.112 seconds
[2026-07-27T05:22:13.338+0000] {processor.py:161} INFO - Started process (PID=783) to work on /opt/airflow/dags/football_etl_dag.py
[2026-07-27T05:22:13.339+0000] {processor.py:830} INFO - Processing file /opt/airflow/dags/football_etl_dag.py for tasks to queue
[2026-07-27T05:22:13.342+0000] {logging_mixin.py:188} INFO - [2026-07-27T05:22:13.341+0000] {dagbag.py:545} INFO - Filling up the DagBag from /opt/airflow/dags/football_etl_dag.py
[2026-07-27T05:22:13.367+0000] {processor.py:840} INFO - DAG(s) 'football_etl' retrieved from /opt/airflow/dags/football_etl_dag.py
[2026-07-27T05:22:13.404+0000] {logging_mixin.py:188} INFO - [2026-07-27T05:22:13.404+0000] {dag.py:3089} INFO - Sync 1 DAGs
[2026-07-27T05:22:13.429+0000] {logging_mixin.py:188} INFO - [2026-07-27T05:22:13.429+0000] {dag.py:3947} INFO - Setting next_dagrun for football_etl to 2026-07-30 00:00:00+00:00, run_after=2026-07-31 00:00:00+00:00
[2026-07-27T05:22:13.452+0000] {processor.py:183} INFO - Processing /opt/airflow/dags/football_etl_dag.py took 0.122 seconds
[2026-07-27T05:22:43.608+0000] {processor.py:161} INFO - Started process (PID=788) to work on /opt/airflow/dags/football_etl_dag.py
[2026-07-27T05:22:43.610+0000] {processor.py:830} INFO - Processing file /opt/airflow/dags/football_etl_dag.py for tasks to queue
[2026-07-27T05:22:43.613+0000] {logging_mixin.py:188} INFO - [2026-07-27T05:22:43.613+0000] {dagbag.py:545} INFO - Filling up the DagBag from /opt/airflow/dags/football_etl_dag.py
[2026-07-27T05:22:43.648+0000] {processor.py:840} INFO - DAG(s) 'football_etl' retrieved from /opt/airflow/dags/football_etl_dag.py
[2026-07-27T05:22:43.691+0000] {logging_mixin.py:188} INFO - [2026-07-27T05:22:43.691+0000] {dag.py:3089} INFO - Sync 1 DAGs
[2026-07-27T05:22:43.717+0000] {logging_mixin.py:188} INFO - [2026-07-27T05:22:43.716+0000] {dag.py:3947} INFO - Setting next_dagrun for football_etl to 2026-07-30 00:00:00+00:00, run_after=2026-07-31 00:00:00+00:00
[2026-07-27T05:22:43.738+0000] {processor.py:183} INFO - Processing /opt/airflow/dags/football_etl_dag.py took 0.138 seconds
[2026-07-27T18:14:44.899+0000] {processor.py:161} INFO - Started process (PID=165) to work on /opt/airflow/dags/football_etl_dag.py
[2026-07-27T18:14:44.903+0000] {processor.py:830} INFO - Processing file /opt/airflow/dags/football_etl_dag.py for tasks to queue
[2026-07-27T18:14:44.912+0000] {logging_mixin.py:188} INFO - [2026-07-27T18:14:44.911+0000] {dagbag.py:545} INFO - Filling up the DagBag from /opt/airflow/dags/football_etl_dag.py
[2026-07-27T18:14:44.984+0000] {processor.py:840} INFO - DAG(s) 'football_etl' retrieved from /opt/airflow/dags/football_etl_dag.py
[2026-07-27T18:14:45.061+0000] {logging_mixin.py:188} INFO - [2026-07-27T18:14:45.061+0000] {dag.py:3089} INFO - Sync 1 DAGs
[2026-07-27T18:14:45.116+0000] {logging_mixin.py:188} INFO - [2026-07-27T18:14:45.116+0000] {dag.py:3947} INFO - Setting next_dagrun for football_etl to 2026-07-30 00:00:00+00:00, run_after=2026-07-31 00:00:00+00:00
[2026-07-27T18:14:45.141+0000] {processor.py:183} INFO - Processing /opt/airflow/dags/football_etl_dag.py took 0.262 seconds
[2026-07-27T18:15:15.394+0000] {processor.py:161} INFO - Started process (PID=170) to work on /opt/airflow/dags/football_etl_dag.py
[2026-07-27T18:15:15.396+0000] {processor.py:830} INFO - Processing file /opt/airflow/dags/football_etl_dag.py for tasks to queue
[2026-07-27T18:15:15.400+0000] {logging_mixin.py:188} INFO - [2026-07-27T18:15:15.399+0000] {dagbag.py:545} INFO - Filling up the DagBag from /opt/airflow/dags/football_etl_dag.py
[2026-07-27T18:15:15.431+0000] {processor.py:840} INFO - DAG(s) 'football_etl' retrieved from /opt/airflow/dags/football_etl_dag.py
[2026-07-27T18:15:15.645+0000] {logging_mixin.py:188} INFO - [2026-07-27T18:15:15.644+0000] {dag.py:3089} INFO - Sync 1 DAGs
[2026-07-27T18:15:15.668+0000] {logging_mixin.py:188} INFO - [2026-07-27T18:15:15.668+0000] {dag.py:3947} INFO - Setting next_dagrun for football_etl to 2026-07-30 00:00:00+00:00, run_after=2026-07-31 00:00:00+00:00
[2026-07-27T18:15:15.695+0000] {processor.py:183} INFO - Processing /opt/airflow/dags/football_etl_dag.py took 0.311 seconds
[2026-07-27T18:15:45.964+0000] {processor.py:161} INFO - Started process (PID=175) to work on /opt/airflow/dags/football_etl_dag.py
[2026-07-27T18:15:45.965+0000] {processor.py:830} INFO - Processing file /opt/airflow/dags/football_etl_dag.py for tasks to queue
[2026-07-27T18:15:45.968+0000] {logging_mixin.py:188} INFO - [2026-07-27T18:15:45.968+0000] {dagbag.py:545} INFO - Filling up the DagBag from /opt/airflow/dags/football_etl_dag.py
[2026-07-27T18:15:45.998+0000] {processor.py:840} INFO - DAG(s) 'football_etl' retrieved from /opt/airflow/dags/football_etl_dag.py
[2026-07-27T18:15:46.040+0000] {logging_mixin.py:188} INFO - [2026-07-27T18:15:46.040+0000] {dag.py:3089} INFO - Sync 1 DAGs
[2026-07-27T18:15:46.072+0000] {logging_mixin.py:188} INFO - [2026-07-27T18:15:46.072+0000] {dag.py:3947} INFO - Setting next_dagrun for football_etl to 2026-07-30 00:00:00+00:00, run_after=2026-07-31 00:00:00+00:00
[2026-07-27T18:15:46.093+0000] {processor.py:183} INFO - Processing /opt/airflow/dags/football_etl_dag.py took 0.137 seconds
[2026-07-27T18:16:16.189+0000] {processor.py:161} INFO - Started process (PID=180) to work on /opt/airflow/dags/football_etl_dag.py
[2026-07-27T18:16:16.190+0000] {processor.py:830} INFO - Processing file /opt/airflow/dags/football_etl_dag.py for tasks to queue
[2026-07-27T18:16:16.194+0000] {logging_mixin.py:188} INFO - [2026-07-27T18:16:16.193+0000] {dagbag.py:545} INFO - Filling up the DagBag from /opt/airflow/dags/football_etl_dag.py
[2026-07-27T18:16:16.229+0000] {processor.py:840} INFO - DAG(s) 'football_etl' retrieved from /opt/airflow/dags/football_etl_dag.py
[2026-07-27T18:16:16.274+0000] {logging_mixin.py:188} INFO - [2026-07-27T18:16:16.273+0000] {dag.py:3089} INFO - Sync 1 DAGs
[2026-07-27T18:16:16.306+0000] {logging_mixin.py:188} INFO - [2026-07-27T18:16:16.305+0000] {dag.py:3947} INFO - Setting next_dagrun for football_etl to 2026-07-30 00:00:00+00:00, run_after=2026-07-31 00:00:00+00:00
[2026-07-27T18:16:16.343+0000] {processor.py:183} INFO - Processing /opt/airflow/dags/football_etl_dag.py took 0.164 seconds
[2026-07-27T18:16:46.548+0000] {processor.py:161} INFO - Started process (PID=185) to work on /opt/airflow/dags/football_etl_dag.py
[2026-07-27T18:16:46.550+0000] {processor.py:830} INFO - Processing file /opt/airflow/dags/football_etl_dag.py for tasks to queue
[2026-07-27T18:16:46.554+0000] {logging_mixin.py:188} INFO - [2026-07-27T18:16:46.553+0000] {dagbag.py:545} INFO - Filling up the DagBag from /opt/airflow/dags/football_etl_dag.py
[2026-07-27T18:16:46.582+0000] {processor.py:840} INFO - DAG(s) 'football_etl' retrieved from /opt/airflow/dags/football_etl_dag.py
[2026-07-27T18:16:46.627+0000] {logging_mixin.py:188} INFO - [2026-07-27T18:16:46.627+0000] {dag.py:3089} INFO - Sync 1 DAGs
[2026-07-27T18:16:46.657+0000] {logging_mixin.py:188} INFO - [2026-07-27T18:16:46.657+0000] {dag.py:3947} INFO - Setting next_dagrun for football_etl to 2026-07-30 00:00:00+00:00, run_after=2026-07-31 00:00:00+00:00
[2026-07-27T18:16:46.685+0000] {processor.py:183} INFO - Processing /opt/airflow/dags/football_etl_dag.py took 0.143 seconds
[2026-07-27T18:17:16.884+0000] {processor.py:161} INFO - Started process (PID=190) to work on /opt/airflow/dags/football_etl_dag.py
[2026-07-27T18:17:16.886+0000] {processor.py:830} INFO - Processing file /opt/airflow/dags/football_etl_dag.py for tasks to queue
[2026-07-27T18:17:16.889+0000] {logging_mixin.py:188} INFO - [2026-07-27T18:17:16.889+0000] {dagbag.py:545} INFO - Filling up the DagBag from /opt/airflow/dags/football_etl_dag.py
[2026-07-27T18:17:16.926+0000] {processor.py:840} INFO - DAG(s) 'football_etl' retrieved from /opt/airflow/dags/football_etl_dag.py
[2026-07-27T18:17:16.970+0000] {logging_mixin.py:188} INFO - [2026-07-27T18:17:16.969+0000] {dag.py:3089} INFO - Sync 1 DAGs
[2026-07-27T18:17:16.997+0000] {logging_mixin.py:188} INFO - [2026-07-27T18:17:16.997+0000] {dag.py:3947} INFO - Setting next_dagrun for football_etl to 2026-07-30 00:00:00+00:00, run_after=2026-07-31 00:00:00+00:00
[2026-07-27T18:17:17.033+0000] {processor.py:183} INFO - Processing /opt/airflow/dags/football_etl_dag.py took 0.157 seconds
[2026-07-27T18:17:47.125+0000] {processor.py:161} INFO - Started process (PID=195) to work on /opt/airflow/dags/football_etl_dag.py
[2026-07-27T18:17:47.128+0000] {processor.py:830} INFO - Processing file /opt/airflow/dags/football_etl_dag.py for tasks to queue
[2026-07-27T18:17:47.132+0000] {logging_mixin.py:188} INFO - [2026-07-27T18:17:47.131+0000] {dagbag.py:545} INFO - Filling up the DagBag from /opt/airflow/dags/football_etl_dag.py
[2026-07-27T18:17:47.159+0000] {processor.py:840} INFO - DAG(s) 'football_etl' retrieved from /opt/airflow/dags/football_etl_dag.py
[2026-07-27T18:17:47.197+0000] {logging_mixin.py:188} INFO - [2026-07-27T18:17:47.197+0000] {dag.py:3089} INFO - Sync 1 DAGs
[2026-07-27T18:17:47.225+0000] {logging_mixin.py:188} INFO - [2026-07-27T18:17:47.224+0000] {dag.py:3947} INFO - Setting next_dagrun for football_etl to 2026-07-30 00:00:00+00:00, run_after=2026-07-31 00:00:00+00:00
[2026-07-27T18:17:47.259+0000] {processor.py:183} INFO - Processing /opt/airflow/dags/football_etl_dag.py took 0.148 seconds
[2026-07-27T18:18:17.528+0000] {processor.py:161} INFO - Started process (PID=200) to work on /opt/airflow/dags/football_etl_dag.py
[2026-07-27T18:18:17.529+0000] {processor.py:830} INFO - Processing file /opt/airflow/dags/football_etl_dag.py for tasks to queue
[2026-07-27T18:18:17.532+0000] {logging_mixin.py:188} INFO - [2026-07-27T18:18:17.532+0000] {dagbag.py:545} INFO - Filling up the DagBag from /opt/airflow/dags/football_etl_dag.py
[2026-07-27T18:18:17.556+0000] {processor.py:840} INFO - DAG(s) 'football_etl' retrieved from /opt/airflow/dags/football_etl_dag.py
[2026-07-27T18:18:17.591+0000] {logging_mixin.py:188} INFO - [2026-07-27T18:18:17.591+0000] {dag.py:3089} INFO - Sync 1 DAGs
[2026-07-27T18:18:17.615+0000] {logging_mixin.py:188} INFO - [2026-07-27T18:18:17.615+0000] {dag.py:3947} INFO - Setting next_dagrun for football_etl to 2026-07-30 00:00:00+00:00, run_after=2026-07-31 00:00:00+00:00
[2026-07-27T18:18:17.638+0000] {processor.py:183} INFO - Processing /opt/airflow/dags/football_etl_dag.py took 0.117 seconds
[2026-07-27T18:18:47.748+0000] {processor.py:161} INFO - Started process (PID=205) to work on /opt/airflow/dags/football_etl_dag.py
[2026-07-27T18:18:47.750+0000] {processor.py:830} INFO - Processing file /opt/airflow/dags/football_etl_dag.py for tasks to queue
[2026-07-27T18:18:47.752+0000] {logging_mixin.py:188} INFO - [2026-07-27T18:18:47.752+0000] {dagbag.py:545} INFO - Filling up the DagBag from /opt/airflow/dags/football_etl_dag.py
[2026-07-27T18:18:47.785+0000] {processor.py:840} INFO - DAG(s) 'football_etl' retrieved from /opt/airflow/dags/football_etl_dag.py
[2026-07-27T18:18:47.834+0000] {logging_mixin.py:188} INFO - [2026-07-27T18:18:47.834+0000] {dag.py:3089} INFO - Sync 1 DAGs
[2026-07-27T18:18:47.862+0000] {logging_mixin.py:188} INFO - [2026-07-27T18:18:47.861+0000] {dag.py:3947} INFO - Setting next_dagrun for football_etl to 2026-07-30 00:00:00+00:00, run_after=2026-07-31 00:00:00+00:00
[2026-07-27T18:18:47.887+0000] {processor.py:183} INFO - Processing /opt/airflow/dags/football_etl_dag.py took 0.146 seconds
[2026-07-27T18:19:18.051+0000] {processor.py:161} INFO - Started process (PID=210) to work on /opt/airflow/dags/football_etl_dag.py
[2026-07-27T18:19:18.052+0000] {processor.py:830} INFO - Processing file /opt/airflow/dags/football_etl_dag.py for tasks to queue
[2026-07-27T18:19:18.056+0000] {logging_mixin.py:188} INFO - [2026-07-27T18:19:18.055+0000] {dagbag.py:545} INFO - Filling up the DagBag from /opt/airflow/dags/football_etl_dag.py
[2026-07-27T18:19:18.082+0000] {processor.py:840} INFO - DAG(s) 'football_etl' retrieved from /opt/airflow/dags/football_etl_dag.py
[2026-07-27T18:19:18.119+0000] {logging_mixin.py:188} INFO - [2026-07-27T18:19:18.119+0000] {dag.py:3089} INFO - Sync 1 DAGs
[2026-07-27T18:19:18.144+0000] {logging_mixin.py:188} INFO - [2026-07-27T18:19:18.144+0000] {dag.py:3947} INFO - Setting next_dagrun for football_etl to 2026-07-30 00:00:00+00:00, run_after=2026-07-31 00:00:00+00:00
[2026-07-27T18:19:18.164+0000] {processor.py:183} INFO - Processing /opt/airflow/dags/football_etl_dag.py took 0.121 seconds
[2026-07-27T18:19:48.357+0000] {processor.py:161} INFO - Started process (PID=215) to work on /opt/airflow/dags/football_etl_dag.py
[2026-07-27T18:19:48.358+0000] {processor.py:830} INFO - Processing file /opt/airflow/dags/football_etl_dag.py for tasks to queue
[2026-07-27T18:19:48.361+0000] {logging_mixin.py:188} INFO - [2026-07-27T18:19:48.360+0000] {dagbag.py:545} INFO - Filling up the DagBag from /opt/airflow/dags/football_etl_dag.py
[2026-07-27T18:19:48.390+0000] {processor.py:840} INFO - DAG(s) 'football_etl' retrieved from /opt/airflow/dags/football_etl_dag.py
[2026-07-27T18:19:48.429+0000] {logging_mixin.py:188} INFO - [2026-07-27T18:19:48.429+0000] {dag.py:3089} INFO - Sync 1 DAGs
[2026-07-27T18:19:48.455+0000] {logging_mixin.py:188} INFO - [2026-07-27T18:19:48.455+0000] {dag.py:3947} INFO - Setting next_dagrun for football_etl to 2026-07-30 00:00:00+00:00, run_after=2026-07-31 00:00:00+00:00
[2026-07-27T18:19:48.478+0000] {processor.py:183} INFO - Processing /opt/airflow/dags/football_etl_dag.py took 0.127 seconds
[2026-07-27T18:20:18.689+0000] {processor.py:161} INFO - Started process (PID=220) to work on /opt/airflow/dags/football_etl_dag.py
[2026-07-27T18:20:18.690+0000] {processor.py:830} INFO - Processing file /opt/airflow/dags/football_etl_dag.py for tasks to queue
[2026-07-27T18:20:18.693+0000] {logging_mixin.py:188} INFO - [2026-07-27T18:20:18.692+0000] {dagbag.py:545} INFO - Filling up the DagBag from /opt/airflow/dags/football_etl_dag.py
[2026-07-27T18:20:18.718+0000] {processor.py:840} INFO - DAG(s) 'football_etl' retrieved from /opt/airflow/dags/football_etl_dag.py
[2026-07-27T18:20:18.755+0000] {logging_mixin.py:188} INFO - [2026-07-27T18:20:18.755+0000] {dag.py:3089} INFO - Sync 1 DAGs
[2026-07-27T18:20:18.781+0000] {logging_mixin.py:188} INFO - [2026-07-27T18:20:18.781+0000] {dag.py:3947} INFO - Setting next_dagrun for football_etl to 2026-07-30 00:00:00+00:00, run_after=2026-07-31 00:00:00+00:00
[2026-07-27T18:20:18.805+0000] {processor.py:183} INFO - Processing /opt/airflow/dags/football_etl_dag.py took 0.123 seconds
[2026-07-27T18:20:48.931+0000] {processor.py:161} INFO - Started process (PID=225) to work on /opt/airflow/dags/football_etl_dag.py
[2026-07-27T18:20:48.932+0000] {processor.py:830} INFO - Processing file /opt/airflow/dags/football_etl_dag.py for tasks to queue
[2026-07-27T18:20:48.935+0000] {logging_mixin.py:188} INFO - [2026-07-27T18:20:48.934+0000] {dagbag.py:545} INFO - Filling up the DagBag from /opt/airflow/dags/football_etl_dag.py
[2026-07-27T18:20:48.962+0000] {processor.py:840} INFO - DAG(s) 'football_etl' retrieved from /opt/airflow/dags/football_etl_dag.py
[2026-07-27T18:20:49.003+0000] {logging_mixin.py:188} INFO - [2026-07-27T18:20:49.003+0000] {dag.py:3089} INFO - Sync 1 DAGs
[2026-07-27T18:20:49.032+0000] {logging_mixin.py:188} INFO - [2026-07-27T18:20:49.032+0000] {dag.py:3947} INFO - Setting next_dagrun for football_etl to 2026-07-30 00:00:00+00:00, run_after=2026-07-31 00:00:00+00:00
[2026-07-27T18:20:49.054+0000] {processor.py:183} INFO - Processing /opt/airflow/dags/football_etl_dag.py took 0.130 seconds
[2026-07-27T18:21:19.260+0000] {processor.py:161} INFO - Started process (PID=230) to work on /opt/airflow/dags/football_etl_dag.py
[2026-07-27T18:21:19.261+0000] {processor.py:830} INFO - Processing file /opt/airflow/dags/football_etl_dag.py for tasks to queue
[2026-07-27T18:21:19.265+0000] {logging_mixin.py:188} INFO - [2026-07-27T18:21:19.264+0000] {dagbag.py:545} INFO - Filling up the DagBag from /opt/airflow/dags/football_etl_dag.py
[2026-07-27T18:21:19.293+0000] {processor.py:840} INFO - DAG(s) 'football_etl' retrieved from /opt/airflow/dags/football_etl_dag.py
[2026-07-27T18:21:19.337+0000] {logging_mixin.py:188} INFO - [2026-07-27T18:21:19.337+0000] {dag.py:3089} INFO - Sync 1 DAGs
[2026-07-27T18:21:19.364+0000] {logging_mixin.py:188} INFO - [2026-07-27T18:21:19.364+0000] {dag.py:3947} INFO - Setting next_dagrun for football_etl to 2026-07-30 00:00:00+00:00, run_after=2026-07-31 00:00:00+00:00
[2026-07-27T18:21:19.388+0000] {processor.py:183} INFO - Processing /opt/airflow/dags/football_etl_dag.py took 0.137 seconds
[2026-07-27T18:21:49.514+0000] {processor.py:161} INFO - Started process (PID=242) to work on /opt/airflow/dags/football_etl_dag.py
[2026-07-27T18:21:49.515+0000] {processor.py:830} INFO - Processing file /opt/airflow/dags/football_etl_dag.py for tasks to queue
[2026-07-27T18:21:49.518+0000] {logging_mixin.py:188} INFO - [2026-07-27T18:21:49.517+0000] {dagbag.py:545} INFO - Filling up the DagBag from /opt/airflow/dags/football_etl_dag.py
[2026-07-27T18:21:49.545+0000] {processor.py:840} INFO - DAG(s) 'football_etl' retrieved from /opt/airflow/dags/football_etl_dag.py
[2026-07-27T18:21:49.585+0000] {logging_mixin.py:188} INFO - [2026-07-27T18:21:49.584+0000] {dag.py:3089} INFO - Sync 1 DAGs
[2026-07-27T18:21:49.611+0000] {logging_mixin.py:188} INFO - [2026-07-27T18:21:49.611+0000] {dag.py:3947} INFO - Setting next_dagrun for football_etl to 2026-07-30 00:00:00+00:00, run_after=2026-07-31 00:00:00+00:00
[2026-07-27T18:21:49.633+0000] {processor.py:183} INFO - Processing /opt/airflow/dags/football_etl_dag.py took 0.128 seconds
[2026-07-27T18:22:19.858+0000] {processor.py:161} INFO - Started process (PID=247) to work on /opt/airflow/dags/football_etl_dag.py
[2026-07-27T18:22:19.860+0000] {processor.py:830} INFO - Processing file /opt/airflow/dags/football_etl_dag.py for tasks to queue
[2026-07-27T18:22:19.863+0000] {logging_mixin.py:188} INFO - [2026-07-27T18:22:19.863+0000] {dagbag.py:545} INFO - Filling up the DagBag from /opt/airflow/dags/football_etl_dag.py
[2026-07-27T18:22:19.893+0000] {processor.py:840} INFO - DAG(s) 'football_etl' retrieved from /opt/airflow/dags/football_etl_dag.py
[2026-07-27T18:22:19.934+0000] {logging_mixin.py:188} INFO - [2026-07-27T18:22:19.934+0000] {dag.py:3089} INFO - Sync 1 DAGs
[2026-07-27T18:22:19.962+0000] {logging_mixin.py:188} INFO - [2026-07-27T18:22:19.962+0000] {dag.py:3947} INFO - Setting next_dagrun for football_etl to 2026-07-30 00:00:00+00:00, run_after=2026-07-31 00:00:00+00:00
[2026-07-27T18:22:19.985+0000] {processor.py:183} INFO - Processing /opt/airflow/dags/football_etl_dag.py took 0.136 seconds
[2026-07-27T18:22:50.077+0000] {processor.py:161} INFO - Started process (PID=252) to work on /opt/airflow/dags/football_etl_dag.py
[2026-07-27T18:22:50.079+0000] {processor.py:830} INFO - Processing file /opt/airflow/dags/football_etl_dag.py for tasks to queue
[2026-07-27T18:22:50.081+0000] {logging_mixin.py:188} INFO - [2026-07-27T18:22:50.081+0000] {dagbag.py:545} INFO - Filling up the DagBag from /opt/airflow/dags/football_etl_dag.py
[2026-07-27T18:22:50.110+0000] {processor.py:840} INFO - DAG(s) 'football_etl' retrieved from /opt/airflow/dags/football_etl_dag.py
[2026-07-27T18:22:50.149+0000] {logging_mixin.py:188} INFO - [2026-07-27T18:22:50.149+0000] {dag.py:3089} INFO - Sync 1 DAGs
[2026-07-27T18:22:50.175+0000] {logging_mixin.py:188} INFO - [2026-07-27T18:22:50.175+0000] {dag.py:3947} INFO - Setting next_dagrun for football_etl to 2026-07-30 00:00:00+00:00, run_after=2026-07-31 00:00:00+00:00
[2026-07-27T18:22:50.200+0000] {processor.py:183} INFO - Processing /opt/airflow/dags/football_etl_dag.py took 0.129 seconds
[2026-07-27T18:23:20.457+0000] {processor.py:161} INFO - Started process (PID=257) to work on /opt/airflow/dags/football_etl_dag.py
[2026-07-27T18:23:20.467+0000] {processor.py:830} INFO - Processing file /opt/airflow/dags/football_etl_dag.py for tasks to queue
[2026-07-27T18:23:20.473+0000] {logging_mixin.py:188} INFO - [2026-07-27T18:23:20.472+0000] {dagbag.py:545} INFO - Filling up the DagBag from /opt/airflow/dags/football_etl_dag.py
[2026-07-27T18:23:20.576+0000] {processor.py:840} INFO - DAG(s) 'football_etl' retrieved from /opt/airflow/dags/football_etl_dag.py
[2026-07-27T18:23:20.670+0000] {logging_mixin.py:188} INFO - [2026-07-27T18:23:20.669+0000] {dag.py:3089} INFO - Sync 1 DAGs
[2026-07-27T18:23:20.727+0000] {logging_mixin.py:188} INFO - [2026-07-27T18:23:20.726+0000] {dag.py:3947} INFO - Setting next_dagrun for football_etl to 2026-07-30 00:00:00+00:00, run_after=2026-07-31 00:00:00+00:00
[2026-07-27T18:23:20.768+0000] {processor.py:183} INFO - Processing /opt/airflow/dags/football_etl_dag.py took 0.323 seconds
[2026-07-27T18:23:51.034+0000] {processor.py:161} INFO - Started process (PID=262) to work on /opt/airflow/dags/football_etl_dag.py
[2026-07-27T18:23:51.035+0000] {processor.py:830} INFO - Processing file /opt/airflow/dags/football_etl_dag.py for tasks to queue
[2026-07-27T18:23:51.038+0000] {logging_mixin.py:188} INFO - [2026-07-27T18:23:51.038+0000] {dagbag.py:545} INFO - Filling up the DagBag from /opt/airflow/dags/football_etl_dag.py
[2026-07-27T18:23:51.068+0000] {processor.py:840} INFO - DAG(s) 'football_etl' retrieved from /opt/airflow/dags/football_etl_dag.py
[2026-07-27T18:23:51.108+0000] {logging_mixin.py:188} INFO - [2026-07-27T18:23:51.108+0000] {dag.py:3089} INFO - Sync 1 DAGs
[2026-07-27T18:23:51.136+0000] {logging_mixin.py:188} INFO - [2026-07-27T18:23:51.136+0000] {dag.py:3947} INFO - Setting next_dagrun for football_etl to 2026-07-30 00:00:00+00:00, run_after=2026-07-31 00:00:00+00:00
[2026-07-27T18:23:51.158+0000] {processor.py:183} INFO - Processing /opt/airflow/dags/football_etl_dag.py took 0.133 seconds
[2026-07-27T18:24:21.213+0000] {processor.py:161} INFO - Started process (PID=267) to work on /opt/airflow/dags/football_etl_dag.py
[2026-07-27T18:24:21.215+0000] {processor.py:830} INFO - Processing file /opt/airflow/dags/football_etl_dag.py for tasks to queue
[2026-07-27T18:24:21.219+0000] {logging_mixin.py:188} INFO - [2026-07-27T18:24:21.218+0000] {dagbag.py:545} INFO - Filling up the DagBag from /opt/airflow/dags/football_etl_dag.py
[2026-07-27T18:24:21.250+0000] {processor.py:840} INFO - DAG(s) 'football_etl' retrieved from /opt/airflow/dags/football_etl_dag.py
[2026-07-27T18:24:21.293+0000] {logging_mixin.py:188} INFO - [2026-07-27T18:24:21.293+0000] {dag.py:3089} INFO - Sync 1 DAGs
[2026-07-27T18:24:21.323+0000] {logging_mixin.py:188} INFO - [2026-07-27T18:24:21.323+0000] {dag.py:3947} INFO - Setting next_dagrun for football_etl to 2026-07-30 00:00:00+00:00, run_after=2026-07-31 00:00:00+00:00
[2026-07-27T18:24:21.352+0000] {processor.py:183} INFO - Processing /opt/airflow/dags/football_etl_dag.py took 0.147 seconds
[2026-07-27T18:24:26.455+0000] {processor.py:161} INFO - Started process (PID=272) to work on /opt/airflow/dags/football_etl_dag.py
[2026-07-27T18:24:26.458+0000] {processor.py:830} INFO - Processing file /opt/airflow/dags/football_etl_dag.py for tasks to queue
[2026-07-27T18:24:26.463+0000] {logging_mixin.py:188} INFO - [2026-07-27T18:24:26.462+0000] {dagbag.py:545} INFO - Filling up the DagBag from /opt/airflow/dags/football_etl_dag.py
[2026-07-27T18:24:26.496+0000] {logging_mixin.py:188} INFO - [2026-07-27T18:24:26.493+0000] {dagbag.py:355} ERROR - Failed to import: /opt/airflow/dags/football_etl_dag.py
Traceback (most recent call last):
  File "/home/airflow/.local/lib/python3.12/site-packages/airflow/models/dagbag.py", line 351, in parse
    loader.exec_module(new_module)
  File "<frozen importlib._bootstrap_external>", line 991, in exec_module
  File "<frozen importlib._bootstrap_external>", line 1129, in get_code
  File "<frozen importlib._bootstrap_external>", line 1059, in source_to_code
  File "<frozen importlib._bootstrap>", line 488, in _call_with_frames_removed
  File "/opt/airflow/dags/football_etl_dag.py", line 1
    @"
     ^
SyntaxError: unterminated string literal (detected at line 1)
[2026-07-27T18:24:26.497+0000] {processor.py:842} WARNING - No viable dags retrieved from /opt/airflow/dags/football_etl_dag.py
[2026-07-27T18:24:26.526+0000] {processor.py:183} INFO - Processing /opt/airflow/dags/football_etl_dag.py took 0.085 seconds
[2026-07-27T18:24:30.489+0000] {processor.py:161} INFO - Started process (PID=277) to work on /opt/airflow/dags/football_etl_dag.py
[2026-07-27T18:24:30.490+0000] {processor.py:830} INFO - Processing file /opt/airflow/dags/football_etl_dag.py for tasks to queue
[2026-07-27T18:24:30.493+0000] {logging_mixin.py:188} INFO - [2026-07-27T18:24:30.493+0000] {dagbag.py:545} INFO - Filling up the DagBag from /opt/airflow/dags/football_etl_dag.py
[2026-07-27T18:24:30.511+0000] {logging_mixin.py:188} INFO - [2026-07-27T18:24:30.509+0000] {dagbag.py:355} ERROR - Failed to import: /opt/airflow/dags/football_etl_dag.py
Traceback (most recent call last):
  File "/home/airflow/.local/lib/python3.12/site-packages/airflow/models/dagbag.py", line 351, in parse
    loader.exec_module(new_module)
  File "<frozen importlib._bootstrap_external>", line 991, in exec_module
  File "<frozen importlib._bootstrap_external>", line 1129, in get_code
  File "<frozen importlib._bootstrap_external>", line 1059, in source_to_code
  File "<frozen importlib._bootstrap>", line 488, in _call_with_frames_removed
  File "/opt/airflow/dags/football_etl_dag.py", line 1
    @"
     ^
SyntaxError: unterminated string literal (detected at line 1)
[2026-07-27T18:24:30.512+0000] {processor.py:842} WARNING - No viable dags retrieved from /opt/airflow/dags/football_etl_dag.py
[2026-07-27T18:24:30.542+0000] {processor.py:183} INFO - Processing /opt/airflow/dags/football_etl_dag.py took 0.061 seconds
[2026-07-27T18:24:32.523+0000] {processor.py:161} INFO - Started process (PID=282) to work on /opt/airflow/dags/football_etl_dag.py
[2026-07-27T18:24:32.525+0000] {processor.py:830} INFO - Processing file /opt/airflow/dags/football_etl_dag.py for tasks to queue
[2026-07-27T18:24:32.527+0000] {logging_mixin.py:188} INFO - [2026-07-27T18:24:32.527+0000] {dagbag.py:545} INFO - Filling up the DagBag from /opt/airflow/dags/football_etl_dag.py
[2026-07-27T18:24:32.570+0000] {processor.py:840} INFO - DAG(s) 'football_etl' retrieved from /opt/airflow/dags/football_etl_dag.py
[2026-07-27T18:24:32.713+0000] {logging_mixin.py:188} INFO - [2026-07-27T18:24:32.712+0000] {dag.py:3089} INFO - Sync 1 DAGs
[2026-07-27T18:24:32.742+0000] {logging_mixin.py:188} INFO - [2026-07-27T18:24:32.742+0000] {dag.py:3947} INFO - Setting next_dagrun for football_etl to 2026-07-30 00:00:00+00:00, run_after=2026-07-30 00:02:00+00:00
[2026-07-27T18:24:32.789+0000] {processor.py:183} INFO - Processing /opt/airflow/dags/football_etl_dag.py took 0.275 seconds
[2026-07-27T18:24:55.819+0000] {processor.py:161} INFO - Started process (PID=287) to work on /opt/airflow/dags/football_etl_dag.py
[2026-07-27T18:24:55.821+0000] {processor.py:830} INFO - Processing file /opt/airflow/dags/football_etl_dag.py for tasks to queue
[2026-07-27T18:24:55.823+0000] {logging_mixin.py:188} INFO - [2026-07-27T18:24:55.823+0000] {dagbag.py:545} INFO - Filling up the DagBag from /opt/airflow/dags/football_etl_dag.py
[2026-07-27T18:24:55.875+0000] {processor.py:840} INFO - DAG(s) 'football_etl' retrieved from /opt/airflow/dags/football_etl_dag.py
[2026-07-27T18:24:55.904+0000] {logging_mixin.py:188} INFO - [2026-07-27T18:24:55.903+0000] {dag.py:3089} INFO - Sync 1 DAGs
[2026-07-27T18:24:55.952+0000] {logging_mixin.py:188} INFO - [2026-07-27T18:24:55.951+0000] {dag.py:3947} INFO - Setting next_dagrun for football_etl to 2026-07-30 00:00:00+00:00, run_after=2026-07-30 00:02:00+00:00
[2026-07-27T18:24:55.978+0000] {processor.py:183} INFO - Processing /opt/airflow/dags/football_etl_dag.py took 0.166 seconds
[2026-07-27T18:25:14.157+0000] {processor.py:161} INFO - Started process (PID=164) to work on /opt/airflow/dags/football_etl_dag.py
[2026-07-27T18:25:14.159+0000] {processor.py:830} INFO - Processing file /opt/airflow/dags/football_etl_dag.py for tasks to queue
[2026-07-27T18:25:14.162+0000] {logging_mixin.py:188} INFO - [2026-07-27T18:25:14.161+0000] {dagbag.py:545} INFO - Filling up the DagBag from /opt/airflow/dags/football_etl_dag.py
[2026-07-27T18:25:14.190+0000] {processor.py:840} INFO - DAG(s) 'football_etl' retrieved from /opt/airflow/dags/football_etl_dag.py
[2026-07-27T18:25:14.250+0000] {logging_mixin.py:188} INFO - [2026-07-27T18:25:14.250+0000] {dag.py:3089} INFO - Sync 1 DAGs
[2026-07-27T18:25:14.278+0000] {logging_mixin.py:188} INFO - [2026-07-27T18:25:14.278+0000] {dag.py:3947} INFO - Setting next_dagrun for football_etl to 2026-07-30 00:00:00+00:00, run_after=2026-07-30 00:02:00+00:00
[2026-07-27T18:25:14.302+0000] {processor.py:183} INFO - Processing /opt/airflow/dags/football_etl_dag.py took 0.153 seconds
[2026-07-27T18:25:44.476+0000] {processor.py:161} INFO - Started process (PID=169) to work on /opt/airflow/dags/football_etl_dag.py
[2026-07-27T18:25:44.478+0000] {processor.py:830} INFO - Processing file /opt/airflow/dags/football_etl_dag.py for tasks to queue
[2026-07-27T18:25:44.480+0000] {logging_mixin.py:188} INFO - [2026-07-27T18:25:44.480+0000] {dagbag.py:545} INFO - Filling up the DagBag from /opt/airflow/dags/football_etl_dag.py
[2026-07-27T18:25:44.509+0000] {processor.py:840} INFO - DAG(s) 'football_etl' retrieved from /opt/airflow/dags/football_etl_dag.py
[2026-07-27T18:25:44.546+0000] {logging_mixin.py:188} INFO - [2026-07-27T18:25:44.546+0000] {dag.py:3089} INFO - Sync 1 DAGs
[2026-07-27T18:25:44.576+0000] {logging_mixin.py:188} INFO - [2026-07-27T18:25:44.576+0000] {dag.py:3947} INFO - Setting next_dagrun for football_etl to 2026-07-30 00:00:00+00:00, run_after=2026-07-30 00:02:00+00:00
[2026-07-27T18:25:44.599+0000] {processor.py:183} INFO - Processing /opt/airflow/dags/football_etl_dag.py took 0.130 seconds
[2026-07-27T18:26:14.756+0000] {processor.py:161} INFO - Started process (PID=174) to work on /opt/airflow/dags/football_etl_dag.py
[2026-07-27T18:26:14.757+0000] {processor.py:830} INFO - Processing file /opt/airflow/dags/football_etl_dag.py for tasks to queue
[2026-07-27T18:26:14.760+0000] {logging_mixin.py:188} INFO - [2026-07-27T18:26:14.759+0000] {dagbag.py:545} INFO - Filling up the DagBag from /opt/airflow/dags/football_etl_dag.py
[2026-07-27T18:26:14.785+0000] {processor.py:840} INFO - DAG(s) 'football_etl' retrieved from /opt/airflow/dags/football_etl_dag.py
[2026-07-27T18:26:14.828+0000] {logging_mixin.py:188} INFO - [2026-07-27T18:26:14.828+0000] {dag.py:3089} INFO - Sync 1 DAGs
[2026-07-27T18:26:14.856+0000] {logging_mixin.py:188} INFO - [2026-07-27T18:26:14.856+0000] {dag.py:3947} INFO - Setting next_dagrun for football_etl to 2026-07-30 00:00:00+00:00, run_after=2026-07-30 00:02:00+00:00
[2026-07-27T18:26:14.881+0000] {processor.py:183} INFO - Processing /opt/airflow/dags/football_etl_dag.py took 0.132 seconds
[2026-07-27T18:26:45.053+0000] {processor.py:161} INFO - Started process (PID=179) to work on /opt/airflow/dags/football_etl_dag.py
[2026-07-27T18:26:45.055+0000] {processor.py:830} INFO - Processing file /opt/airflow/dags/football_etl_dag.py for tasks to queue
[2026-07-27T18:26:45.058+0000] {logging_mixin.py:188} INFO - [2026-07-27T18:26:45.058+0000] {dagbag.py:545} INFO - Filling up the DagBag from /opt/airflow/dags/football_etl_dag.py
[2026-07-27T18:26:45.089+0000] {processor.py:840} INFO - DAG(s) 'football_etl' retrieved from /opt/airflow/dags/football_etl_dag.py
[2026-07-27T18:26:45.126+0000] {logging_mixin.py:188} INFO - [2026-07-27T18:26:45.126+0000] {dag.py:3089} INFO - Sync 1 DAGs
[2026-07-27T18:26:45.152+0000] {logging_mixin.py:188} INFO - [2026-07-27T18:26:45.152+0000] {dag.py:3947} INFO - Setting next_dagrun for football_etl to 2026-07-30 00:00:00+00:00, run_after=2026-07-30 00:02:00+00:00
[2026-07-27T18:26:45.176+0000] {processor.py:183} INFO - Processing /opt/airflow/dags/football_etl_dag.py took 0.130 seconds
[2026-07-27T18:27:08.224+0000] {processor.py:161} INFO - Started process (PID=184) to work on /opt/airflow/dags/football_etl_dag.py
[2026-07-27T18:27:08.226+0000] {processor.py:830} INFO - Processing file /opt/airflow/dags/football_etl_dag.py for tasks to queue
[2026-07-27T18:27:08.229+0000] {logging_mixin.py:188} INFO - [2026-07-27T18:27:08.228+0000] {dagbag.py:545} INFO - Filling up the DagBag from /opt/airflow/dags/football_etl_dag.py
[2026-07-27T18:27:08.236+0000] {logging_mixin.py:188} INFO - [2026-07-27T18:27:08.236+0000] {dagbag.py:334} INFO - File /opt/airflow/dags/football_etl_dag.py assumed to contain no DAGs. Skipping.
[2026-07-27T18:27:08.237+0000] {processor.py:842} WARNING - No viable dags retrieved from /opt/airflow/dags/football_etl_dag.py
[2026-07-27T18:27:08.258+0000] {processor.py:183} INFO - Processing /opt/airflow/dags/football_etl_dag.py took 0.040 seconds
[2026-07-27T18:27:10.263+0000] {processor.py:161} INFO - Started process (PID=189) to work on /opt/airflow/dags/football_etl_dag.py
[2026-07-27T18:27:10.264+0000] {processor.py:830} INFO - Processing file /opt/airflow/dags/football_etl_dag.py for tasks to queue
[2026-07-27T18:27:10.267+0000] {logging_mixin.py:188} INFO - [2026-07-27T18:27:10.267+0000] {dagbag.py:545} INFO - Filling up the DagBag from /opt/airflow/dags/football_etl_dag.py
[2026-07-27T18:27:10.286+0000] {logging_mixin.py:188} INFO - [2026-07-27T18:27:10.285+0000] {dagbag.py:355} ERROR - Failed to import: /opt/airflow/dags/football_etl_dag.py
Traceback (most recent call last):
  File "/home/airflow/.local/lib/python3.12/site-packages/airflow/models/dagbag.py", line 351, in parse
    loader.exec_module(new_module)
  File "<frozen importlib._bootstrap_external>", line 991, in exec_module
  File "<frozen importlib._bootstrap_external>", line 1129, in get_code
  File "<frozen importlib._bootstrap_external>", line 1059, in source_to_code
  File "<frozen importlib._bootstrap>", line 488, in _call_with_frames_removed
  File "/opt/airflow/dags/football_etl_dag.py", line 1
    @"
     ^
SyntaxError: unterminated string literal (detected at line 1)
[2026-07-27T18:27:10.287+0000] {processor.py:842} WARNING - No viable dags retrieved from /opt/airflow/dags/football_etl_dag.py
[2026-07-27T18:27:10.314+0000] {processor.py:183} INFO - Processing /opt/airflow/dags/football_etl_dag.py took 0.060 seconds
[2026-07-27T18:27:14.378+0000] {processor.py:161} INFO - Started process (PID=194) to work on /opt/airflow/dags/football_etl_dag.py
[2026-07-27T18:27:14.380+0000] {processor.py:830} INFO - Processing file /opt/airflow/dags/football_etl_dag.py for tasks to queue
[2026-07-27T18:27:14.384+0000] {logging_mixin.py:188} INFO - [2026-07-27T18:27:14.383+0000] {dagbag.py:545} INFO - Filling up the DagBag from /opt/airflow/dags/football_etl_dag.py
[2026-07-27T18:27:14.405+0000] {logging_mixin.py:188} INFO - [2026-07-27T18:27:14.403+0000] {dagbag.py:355} ERROR - Failed to import: /opt/airflow/dags/football_etl_dag.py
Traceback (most recent call last):
  File "/home/airflow/.local/lib/python3.12/site-packages/airflow/models/dagbag.py", line 351, in parse
    loader.exec_module(new_module)
  File "<frozen importlib._bootstrap_external>", line 991, in exec_module
  File "<frozen importlib._bootstrap_external>", line 1129, in get_code
  File "<frozen importlib._bootstrap_external>", line 1059, in source_to_code
  File "<frozen importlib._bootstrap>", line 488, in _call_with_frames_removed
  File "/opt/airflow/dags/football_etl_dag.py", line 1
    @"
     ^
SyntaxError: unterminated string literal (detected at line 1)
[2026-07-27T18:27:14.406+0000] {processor.py:842} WARNING - No viable dags retrieved from /opt/airflow/dags/football_etl_dag.py
[2026-07-27T18:27:14.434+0000] {processor.py:183} INFO - Processing /opt/airflow/dags/football_etl_dag.py took 0.063 seconds
[2026-07-27T18:27:16.419+0000] {processor.py:161} INFO - Started process (PID=199) to work on /opt/airflow/dags/football_etl_dag.py
[2026-07-27T18:27:16.421+0000] {processor.py:830} INFO - Processing file /opt/airflow/dags/football_etl_dag.py for tasks to queue
[2026-07-27T18:27:16.425+0000] {logging_mixin.py:188} INFO - [2026-07-27T18:27:16.424+0000] {dagbag.py:545} INFO - Filling up the DagBag from /opt/airflow/dags/football_etl_dag.py
[2026-07-27T18:27:16.469+0000] {processor.py:840} INFO - DAG(s) 'football_etl' retrieved from /opt/airflow/dags/football_etl_dag.py
[2026-07-27T18:27:16.656+0000] {logging_mixin.py:188} INFO - [2026-07-27T18:27:16.656+0000] {dag.py:3089} INFO - Sync 1 DAGs
[2026-07-27T18:27:16.684+0000] {logging_mixin.py:188} INFO - [2026-07-27T18:27:16.684+0000] {dag.py:3947} INFO - Setting next_dagrun for football_etl to 2026-07-27 18:24:00+00:00, run_after=2026-07-27 18:26:00+00:00
[2026-07-27T18:27:16.714+0000] {processor.py:183} INFO - Processing /opt/airflow/dags/football_etl_dag.py took 0.306 seconds
[2026-07-27T18:27:29.885+0000] {processor.py:161} INFO - Started process (PID=210) to work on /opt/airflow/dags/football_etl_dag.py
[2026-07-27T18:27:29.887+0000] {processor.py:830} INFO - Processing file /opt/airflow/dags/football_etl_dag.py for tasks to queue
[2026-07-27T18:27:29.890+0000] {logging_mixin.py:188} INFO - [2026-07-27T18:27:29.890+0000] {dagbag.py:545} INFO - Filling up the DagBag from /opt/airflow/dags/football_etl_dag.py
[2026-07-27T18:27:29.929+0000] {processor.py:840} INFO - DAG(s) 'football_etl' retrieved from /opt/airflow/dags/football_etl_dag.py
[2026-07-27T18:27:29.952+0000] {logging_mixin.py:188} INFO - [2026-07-27T18:27:29.952+0000] {dag.py:3089} INFO - Sync 1 DAGs
[2026-07-27T18:27:29.982+0000] {logging_mixin.py:188} INFO - [2026-07-27T18:27:29.982+0000] {dag.py:3947} INFO - Setting next_dagrun for football_etl to 2026-07-27 18:26:00+00:00, run_after=2026-07-27 18:28:00+00:00
[2026-07-27T18:27:30.009+0000] {processor.py:183} INFO - Processing /opt/airflow/dags/football_etl_dag.py took 0.136 seconds
[2026-07-27T18:27:43.474+0000] {processor.py:161} INFO - Started process (PID=164) to work on /opt/airflow/dags/football_etl_dag.py
[2026-07-27T18:27:43.475+0000] {processor.py:830} INFO - Processing file /opt/airflow/dags/football_etl_dag.py for tasks to queue
[2026-07-27T18:27:43.478+0000] {logging_mixin.py:188} INFO - [2026-07-27T18:27:43.478+0000] {dagbag.py:545} INFO - Filling up the DagBag from /opt/airflow/dags/football_etl_dag.py
[2026-07-27T18:27:43.504+0000] {processor.py:840} INFO - DAG(s) 'football_etl' retrieved from /opt/airflow/dags/football_etl_dag.py
[2026-07-27T18:27:43.541+0000] {logging_mixin.py:188} INFO - [2026-07-27T18:27:43.541+0000] {dag.py:3089} INFO - Sync 1 DAGs
[2026-07-27T18:27:43.572+0000] {logging_mixin.py:188} INFO - [2026-07-27T18:27:43.572+0000] {dag.py:3947} INFO - Setting next_dagrun for football_etl to 2026-07-27 18:26:00+00:00, run_after=2026-07-27 18:28:00+00:00
[2026-07-27T18:27:43.595+0000] {processor.py:183} INFO - Processing /opt/airflow/dags/football_etl_dag.py took 0.128 seconds
[2026-07-27T18:28:13.702+0000] {processor.py:161} INFO - Started process (PID=175) to work on /opt/airflow/dags/football_etl_dag.py
[2026-07-27T18:28:13.703+0000] {processor.py:830} INFO - Processing file /opt/airflow/dags/football_etl_dag.py for tasks to queue
[2026-07-27T18:28:13.706+0000] {logging_mixin.py:188} INFO - [2026-07-27T18:28:13.706+0000] {dagbag.py:545} INFO - Filling up the DagBag from /opt/airflow/dags/football_etl_dag.py
[2026-07-27T18:28:13.733+0000] {processor.py:840} INFO - DAG(s) 'football_etl' retrieved from /opt/airflow/dags/football_etl_dag.py
[2026-07-27T18:28:13.780+0000] {logging_mixin.py:188} INFO - [2026-07-27T18:28:13.780+0000] {dag.py:3089} INFO - Sync 1 DAGs
[2026-07-27T18:28:13.815+0000] {logging_mixin.py:188} INFO - [2026-07-27T18:28:13.814+0000] {dag.py:3947} INFO - Setting next_dagrun for football_etl to 2026-07-27 18:28:00+00:00, run_after=2026-07-27 18:30:00+00:00
[2026-07-27T18:28:13.837+0000] {processor.py:183} INFO - Processing /opt/airflow/dags/football_etl_dag.py took 0.143 seconds
[2026-07-27T18:28:44.019+0000] {processor.py:161} INFO - Started process (PID=180) to work on /opt/airflow/dags/football_etl_dag.py
[2026-07-27T18:28:44.021+0000] {processor.py:830} INFO - Processing file /opt/airflow/dags/football_etl_dag.py for tasks to queue
[2026-07-27T18:28:44.024+0000] {logging_mixin.py:188} INFO - [2026-07-27T18:28:44.023+0000] {dagbag.py:545} INFO - Filling up the DagBag from /opt/airflow/dags/football_etl_dag.py
[2026-07-27T18:28:44.053+0000] {processor.py:840} INFO - DAG(s) 'football_etl' retrieved from /opt/airflow/dags/football_etl_dag.py
[2026-07-27T18:28:44.101+0000] {logging_mixin.py:188} INFO - [2026-07-27T18:28:44.101+0000] {dag.py:3089} INFO - Sync 1 DAGs
[2026-07-27T18:28:44.130+0000] {logging_mixin.py:188} INFO - [2026-07-27T18:28:44.130+0000] {dag.py:3947} INFO - Setting next_dagrun for football_etl to 2026-07-27 18:28:00+00:00, run_after=2026-07-27 18:30:00+00:00
[2026-07-27T18:28:44.152+0000] {processor.py:183} INFO - Processing /opt/airflow/dags/football_etl_dag.py took 0.141 seconds
[2026-07-27T18:29:14.327+0000] {processor.py:161} INFO - Started process (PID=185) to work on /opt/airflow/dags/football_etl_dag.py
[2026-07-27T18:29:14.329+0000] {processor.py:830} INFO - Processing file /opt/airflow/dags/football_etl_dag.py for tasks to queue
[2026-07-27T18:29:14.336+0000] {logging_mixin.py:188} INFO - [2026-07-27T18:29:14.335+0000] {dagbag.py:545} INFO - Filling up the DagBag from /opt/airflow/dags/football_etl_dag.py
[2026-07-27T18:29:14.387+0000] {processor.py:840} INFO - DAG(s) 'football_etl' retrieved from /opt/airflow/dags/football_etl_dag.py
[2026-07-27T18:29:14.426+0000] {logging_mixin.py:188} INFO - [2026-07-27T18:29:14.426+0000] {dag.py:3089} INFO - Sync 1 DAGs
[2026-07-27T18:29:14.455+0000] {logging_mixin.py:188} INFO - [2026-07-27T18:29:14.455+0000] {dag.py:3947} INFO - Setting next_dagrun for football_etl to 2026-07-27 18:28:00+00:00, run_after=2026-07-27 18:30:00+00:00
[2026-07-27T18:29:14.479+0000] {processor.py:183} INFO - Processing /opt/airflow/dags/football_etl_dag.py took 0.171 seconds
[2026-07-27T18:29:59.106+0000] {processor.py:161} INFO - Started process (PID=163) to work on /opt/airflow/dags/football_etl_dag.py
[2026-07-27T18:29:59.107+0000] {processor.py:830} INFO - Processing file /opt/airflow/dags/football_etl_dag.py for tasks to queue
[2026-07-27T18:29:59.111+0000] {logging_mixin.py:188} INFO - [2026-07-27T18:29:59.111+0000] {dagbag.py:545} INFO - Filling up the DagBag from /opt/airflow/dags/football_etl_dag.py
[2026-07-27T18:29:59.142+0000] {processor.py:840} INFO - DAG(s) 'football_etl' retrieved from /opt/airflow/dags/football_etl_dag.py
[2026-07-27T18:29:59.184+0000] {logging_mixin.py:188} INFO - [2026-07-27T18:29:59.184+0000] {dag.py:3089} INFO - Sync 1 DAGs
[2026-07-27T18:29:59.213+0000] {logging_mixin.py:188} INFO - [2026-07-27T18:29:59.213+0000] {dag.py:3947} INFO - Setting next_dagrun for football_etl to 2026-07-27 18:28:00+00:00, run_after=2026-07-27 18:30:00+00:00
[2026-07-27T18:29:59.241+0000] {processor.py:183} INFO - Processing /opt/airflow/dags/football_etl_dag.py took 0.146 seconds
[2026-07-27T18:30:29.384+0000] {processor.py:161} INFO - Started process (PID=175) to work on /opt/airflow/dags/football_etl_dag.py
[2026-07-27T18:30:29.385+0000] {processor.py:830} INFO - Processing file /opt/airflow/dags/football_etl_dag.py for tasks to queue
[2026-07-27T18:30:29.389+0000] {logging_mixin.py:188} INFO - [2026-07-27T18:30:29.389+0000] {dagbag.py:545} INFO - Filling up the DagBag from /opt/airflow/dags/football_etl_dag.py
[2026-07-27T18:30:29.421+0000] {processor.py:840} INFO - DAG(s) 'football_etl' retrieved from /opt/airflow/dags/football_etl_dag.py
[2026-07-27T18:30:29.575+0000] {logging_mixin.py:188} INFO - [2026-07-27T18:30:29.575+0000] {dag.py:3089} INFO - Sync 1 DAGs
[2026-07-27T18:30:29.603+0000] {logging_mixin.py:188} INFO - [2026-07-27T18:30:29.603+0000] {dag.py:3947} INFO - Setting next_dagrun for football_etl to 2026-07-27 18:30:00+00:00, run_after=2026-07-27 18:32:00+00:00
[2026-07-27T18:30:29.629+0000] {processor.py:183} INFO - Processing /opt/airflow/dags/football_etl_dag.py took 0.255 seconds
[2026-07-27T18:30:59.843+0000] {processor.py:161} INFO - Started process (PID=180) to work on /opt/airflow/dags/football_etl_dag.py
[2026-07-27T18:30:59.845+0000] {processor.py:830} INFO - Processing file /opt/airflow/dags/football_etl_dag.py for tasks to queue
[2026-07-27T18:30:59.848+0000] {logging_mixin.py:188} INFO - [2026-07-27T18:30:59.847+0000] {dagbag.py:545} INFO - Filling up the DagBag from /opt/airflow/dags/football_etl_dag.py
[2026-07-27T18:30:59.873+0000] {processor.py:840} INFO - DAG(s) 'football_etl' retrieved from /opt/airflow/dags/football_etl_dag.py
[2026-07-27T18:30:59.909+0000] {logging_mixin.py:188} INFO - [2026-07-27T18:30:59.909+0000] {dag.py:3089} INFO - Sync 1 DAGs
[2026-07-27T18:30:59.934+0000] {logging_mixin.py:188} INFO - [2026-07-27T18:30:59.934+0000] {dag.py:3947} INFO - Setting next_dagrun for football_etl to 2026-07-27 18:30:00+00:00, run_after=2026-07-27 18:32:00+00:00
[2026-07-27T18:30:59.961+0000] {processor.py:183} INFO - Processing /opt/airflow/dags/football_etl_dag.py took 0.123 seconds
[2026-07-27T18:31:30.034+0000] {processor.py:161} INFO - Started process (PID=185) to work on /opt/airflow/dags/football_etl_dag.py
[2026-07-27T18:31:30.035+0000] {processor.py:830} INFO - Processing file /opt/airflow/dags/football_etl_dag.py for tasks to queue
[2026-07-27T18:31:30.040+0000] {logging_mixin.py:188} INFO - [2026-07-27T18:31:30.039+0000] {dagbag.py:545} INFO - Filling up the DagBag from /opt/airflow/dags/football_etl_dag.py
[2026-07-27T18:31:30.068+0000] {processor.py:840} INFO - DAG(s) 'football_etl' retrieved from /opt/airflow/dags/football_etl_dag.py
[2026-07-27T18:31:30.110+0000] {logging_mixin.py:188} INFO - [2026-07-27T18:31:30.110+0000] {dag.py:3089} INFO - Sync 1 DAGs
[2026-07-27T18:31:30.139+0000] {logging_mixin.py:188} INFO - [2026-07-27T18:31:30.139+0000] {dag.py:3947} INFO - Setting next_dagrun for football_etl to 2026-07-27 18:30:00+00:00, run_after=2026-07-27 18:32:00+00:00
[2026-07-27T18:31:30.162+0000] {processor.py:183} INFO - Processing /opt/airflow/dags/football_etl_dag.py took 0.135 seconds
[2026-07-27T18:32:00.364+0000] {processor.py:161} INFO - Started process (PID=190) to work on /opt/airflow/dags/football_etl_dag.py
[2026-07-27T18:32:00.365+0000] {processor.py:830} INFO - Processing file /opt/airflow/dags/football_etl_dag.py for tasks to queue
[2026-07-27T18:32:00.367+0000] {logging_mixin.py:188} INFO - [2026-07-27T18:32:00.367+0000] {dagbag.py:545} INFO - Filling up the DagBag from /opt/airflow/dags/football_etl_dag.py
[2026-07-27T18:32:00.394+0000] {processor.py:840} INFO - DAG(s) 'football_etl' retrieved from /opt/airflow/dags/football_etl_dag.py
[2026-07-27T18:32:00.430+0000] {logging_mixin.py:188} INFO - [2026-07-27T18:32:00.430+0000] {dag.py:3089} INFO - Sync 1 DAGs
[2026-07-27T18:32:00.457+0000] {logging_mixin.py:188} INFO - [2026-07-27T18:32:00.457+0000] {dag.py:3947} INFO - Setting next_dagrun for football_etl to 2026-07-27 18:30:00+00:00, run_after=2026-07-27 18:32:00+00:00
[2026-07-27T18:32:00.480+0000] {processor.py:183} INFO - Processing /opt/airflow/dags/football_etl_dag.py took 0.123 seconds
[2026-07-27T18:32:30.604+0000] {processor.py:161} INFO - Started process (PID=204) to work on /opt/airflow/dags/football_etl_dag.py
[2026-07-27T18:32:30.605+0000] {processor.py:830} INFO - Processing file /opt/airflow/dags/football_etl_dag.py for tasks to queue
[2026-07-27T18:32:30.608+0000] {logging_mixin.py:188} INFO - [2026-07-27T18:32:30.608+0000] {dagbag.py:545} INFO - Filling up the DagBag from /opt/airflow/dags/football_etl_dag.py
[2026-07-27T18:32:30.633+0000] {processor.py:840} INFO - DAG(s) 'football_etl' retrieved from /opt/airflow/dags/football_etl_dag.py
[2026-07-27T18:32:30.669+0000] {logging_mixin.py:188} INFO - [2026-07-27T18:32:30.669+0000] {dag.py:3089} INFO - Sync 1 DAGs
[2026-07-27T18:32:30.695+0000] {logging_mixin.py:188} INFO - [2026-07-27T18:32:30.695+0000] {dag.py:3947} INFO - Setting next_dagrun for football_etl to 2026-07-27 18:32:00+00:00, run_after=2026-07-27 18:34:00+00:00
[2026-07-27T18:32:30.717+0000] {processor.py:183} INFO - Processing /opt/airflow/dags/football_etl_dag.py took 0.120 seconds
[2026-07-27T18:33:01.002+0000] {processor.py:161} INFO - Started process (PID=209) to work on /opt/airflow/dags/football_etl_dag.py
[2026-07-27T18:33:01.003+0000] {processor.py:830} INFO - Processing file /opt/airflow/dags/football_etl_dag.py for tasks to queue
[2026-07-27T18:33:01.007+0000] {logging_mixin.py:188} INFO - [2026-07-27T18:33:01.006+0000] {dagbag.py:545} INFO - Filling up the DagBag from /opt/airflow/dags/football_etl_dag.py
[2026-07-27T18:33:01.034+0000] {processor.py:840} INFO - DAG(s) 'football_etl' retrieved from /opt/airflow/dags/football_etl_dag.py
[2026-07-27T18:33:01.094+0000] {logging_mixin.py:188} INFO - [2026-07-27T18:33:01.094+0000] {dag.py:3089} INFO - Sync 1 DAGs
[2026-07-27T18:33:01.136+0000] {logging_mixin.py:188} INFO - [2026-07-27T18:33:01.136+0000] {dag.py:3947} INFO - Setting next_dagrun for football_etl to 2026-07-27 18:32:00+00:00, run_after=2026-07-27 18:34:00+00:00
[2026-07-27T18:33:01.168+0000] {processor.py:183} INFO - Processing /opt/airflow/dags/football_etl_dag.py took 0.173 seconds
[2026-07-27T18:33:31.417+0000] {processor.py:161} INFO - Started process (PID=217) to work on /opt/airflow/dags/football_etl_dag.py
[2026-07-27T18:33:31.418+0000] {processor.py:830} INFO - Processing file /opt/airflow/dags/football_etl_dag.py for tasks to queue
[2026-07-27T18:33:31.421+0000] {logging_mixin.py:188} INFO - [2026-07-27T18:33:31.420+0000] {dagbag.py:545} INFO - Filling up the DagBag from /opt/airflow/dags/football_etl_dag.py
[2026-07-27T18:33:31.446+0000] {processor.py:840} INFO - DAG(s) 'football_etl' retrieved from /opt/airflow/dags/football_etl_dag.py
[2026-07-27T18:33:31.486+0000] {logging_mixin.py:188} INFO - [2026-07-27T18:33:31.486+0000] {dag.py:3089} INFO - Sync 1 DAGs
[2026-07-27T18:33:31.516+0000] {logging_mixin.py:188} INFO - [2026-07-27T18:33:31.516+0000] {dag.py:3947} INFO - Setting next_dagrun for football_etl to 2026-07-27 18:32:00+00:00, run_after=2026-07-27 18:34:00+00:00
[2026-07-27T18:33:31.537+0000] {processor.py:183} INFO - Processing /opt/airflow/dags/football_etl_dag.py took 0.129 seconds
[2026-07-27T18:34:01.653+0000] {processor.py:161} INFO - Started process (PID=225) to work on /opt/airflow/dags/football_etl_dag.py
[2026-07-27T18:34:01.655+0000] {processor.py:830} INFO - Processing file /opt/airflow/dags/football_etl_dag.py for tasks to queue
[2026-07-27T18:34:01.658+0000] {logging_mixin.py:188} INFO - [2026-07-27T18:34:01.658+0000] {dagbag.py:545} INFO - Filling up the DagBag from /opt/airflow/dags/football_etl_dag.py
[2026-07-27T18:34:01.687+0000] {processor.py:840} INFO - DAG(s) 'football_etl' retrieved from /opt/airflow/dags/football_etl_dag.py
[2026-07-27T18:34:01.729+0000] {logging_mixin.py:188} INFO - [2026-07-27T18:34:01.729+0000] {dag.py:3089} INFO - Sync 1 DAGs
[2026-07-27T18:34:01.761+0000] {logging_mixin.py:188} INFO - [2026-07-27T18:34:01.761+0000] {dag.py:3947} INFO - Setting next_dagrun for football_etl to 2026-07-27 18:34:00+00:00, run_after=2026-07-27 18:36:00+00:00
[2026-07-27T18:34:01.782+0000] {processor.py:183} INFO - Processing /opt/airflow/dags/football_etl_dag.py took 0.149 seconds
[2026-07-27T18:34:31.988+0000] {processor.py:161} INFO - Started process (PID=233) to work on /opt/airflow/dags/football_etl_dag.py
[2026-07-27T18:34:31.990+0000] {processor.py:830} INFO - Processing file /opt/airflow/dags/football_etl_dag.py for tasks to queue
[2026-07-27T18:34:31.998+0000] {logging_mixin.py:188} INFO - [2026-07-27T18:34:31.997+0000] {dagbag.py:545} INFO - Filling up the DagBag from /opt/airflow/dags/football_etl_dag.py
[2026-07-27T18:34:32.025+0000] {processor.py:840} INFO - DAG(s) 'football_etl' retrieved from /opt/airflow/dags/football_etl_dag.py
[2026-07-27T18:34:32.061+0000] {logging_mixin.py:188} INFO - [2026-07-27T18:34:32.060+0000] {dag.py:3089} INFO - Sync 1 DAGs
[2026-07-27T18:34:32.087+0000] {logging_mixin.py:188} INFO - [2026-07-27T18:34:32.087+0000] {dag.py:3947} INFO - Setting next_dagrun for football_etl to 2026-07-27 18:34:00+00:00, run_after=2026-07-27 18:36:00+00:00
[2026-07-27T18:34:32.109+0000] {processor.py:183} INFO - Processing /opt/airflow/dags/football_etl_dag.py took 0.139 seconds
[2026-07-27T18:35:02.238+0000] {processor.py:161} INFO - Started process (PID=238) to work on /opt/airflow/dags/football_etl_dag.py
[2026-07-27T18:35:02.240+0000] {processor.py:830} INFO - Processing file /opt/airflow/dags/football_etl_dag.py for tasks to queue
[2026-07-27T18:35:02.243+0000] {logging_mixin.py:188} INFO - [2026-07-27T18:35:02.243+0000] {dagbag.py:545} INFO - Filling up the DagBag from /opt/airflow/dags/football_etl_dag.py
[2026-07-27T18:35:02.273+0000] {processor.py:840} INFO - DAG(s) 'football_etl' retrieved from /opt/airflow/dags/football_etl_dag.py
[2026-07-27T18:35:02.312+0000] {logging_mixin.py:188} INFO - [2026-07-27T18:35:02.311+0000] {dag.py:3089} INFO - Sync 1 DAGs
[2026-07-27T18:35:02.340+0000] {logging_mixin.py:188} INFO - [2026-07-27T18:35:02.339+0000] {dag.py:3947} INFO - Setting next_dagrun for football_etl to 2026-07-27 18:34:00+00:00, run_after=2026-07-27 18:36:00+00:00
[2026-07-27T18:35:02.361+0000] {processor.py:183} INFO - Processing /opt/airflow/dags/football_etl_dag.py took 0.131 seconds
[2026-07-27T18:35:32.568+0000] {processor.py:161} INFO - Started process (PID=246) to work on /opt/airflow/dags/football_etl_dag.py
[2026-07-27T18:35:32.570+0000] {processor.py:830} INFO - Processing file /opt/airflow/dags/football_etl_dag.py for tasks to queue
[2026-07-27T18:35:32.574+0000] {logging_mixin.py:188} INFO - [2026-07-27T18:35:32.573+0000] {dagbag.py:545} INFO - Filling up the DagBag from /opt/airflow/dags/football_etl_dag.py
[2026-07-27T18:35:32.604+0000] {processor.py:840} INFO - DAG(s) 'football_etl' retrieved from /opt/airflow/dags/football_etl_dag.py
[2026-07-27T18:35:32.647+0000] {logging_mixin.py:188} INFO - [2026-07-27T18:35:32.647+0000] {dag.py:3089} INFO - Sync 1 DAGs
[2026-07-27T18:35:32.675+0000] {logging_mixin.py:188} INFO - [2026-07-27T18:35:32.675+0000] {dag.py:3947} INFO - Setting next_dagrun for football_etl to 2026-07-27 18:34:00+00:00, run_after=2026-07-27 18:36:00+00:00
[2026-07-27T18:35:32.699+0000] {processor.py:183} INFO - Processing /opt/airflow/dags/football_etl_dag.py took 0.143 seconds
[2026-07-27T18:36:02.801+0000] {processor.py:161} INFO - Started process (PID=257) to work on /opt/airflow/dags/football_etl_dag.py
[2026-07-27T18:36:02.803+0000] {processor.py:830} INFO - Processing file /opt/airflow/dags/football_etl_dag.py for tasks to queue
[2026-07-27T18:36:02.805+0000] {logging_mixin.py:188} INFO - [2026-07-27T18:36:02.805+0000] {dagbag.py:545} INFO - Filling up the DagBag from /opt/airflow/dags/football_etl_dag.py
[2026-07-27T18:36:02.830+0000] {processor.py:840} INFO - DAG(s) 'football_etl' retrieved from /opt/airflow/dags/football_etl_dag.py
[2026-07-27T18:36:02.867+0000] {logging_mixin.py:188} INFO - [2026-07-27T18:36:02.867+0000] {dag.py:3089} INFO - Sync 1 DAGs
[2026-07-27T18:36:02.896+0000] {logging_mixin.py:188} INFO - [2026-07-27T18:36:02.895+0000] {dag.py:3947} INFO - Setting next_dagrun for football_etl to 2026-07-27 18:36:00+00:00, run_after=2026-07-27 18:38:00+00:00
[2026-07-27T18:36:02.917+0000] {processor.py:183} INFO - Processing /opt/airflow/dags/football_etl_dag.py took 0.122 seconds
[2026-07-27T18:36:33.106+0000] {processor.py:161} INFO - Started process (PID=262) to work on /opt/airflow/dags/football_etl_dag.py
[2026-07-27T18:36:33.108+0000] {processor.py:830} INFO - Processing file /opt/airflow/dags/football_etl_dag.py for tasks to queue
[2026-07-27T18:36:33.110+0000] {logging_mixin.py:188} INFO - [2026-07-27T18:36:33.110+0000] {dagbag.py:545} INFO - Filling up the DagBag from /opt/airflow/dags/football_etl_dag.py
[2026-07-27T18:36:33.135+0000] {processor.py:840} INFO - DAG(s) 'football_etl' retrieved from /opt/airflow/dags/football_etl_dag.py
[2026-07-27T18:36:33.171+0000] {logging_mixin.py:188} INFO - [2026-07-27T18:36:33.170+0000] {dag.py:3089} INFO - Sync 1 DAGs
[2026-07-27T18:36:33.199+0000] {logging_mixin.py:188} INFO - [2026-07-27T18:36:33.199+0000] {dag.py:3947} INFO - Setting next_dagrun for football_etl to 2026-07-27 18:36:00+00:00, run_after=2026-07-27 18:38:00+00:00
[2026-07-27T18:36:33.222+0000] {processor.py:183} INFO - Processing /opt/airflow/dags/football_etl_dag.py took 0.122 seconds
[2026-07-27T18:37:03.315+0000] {processor.py:161} INFO - Started process (PID=267) to work on /opt/airflow/dags/football_etl_dag.py
[2026-07-27T18:37:03.316+0000] {processor.py:830} INFO - Processing file /opt/airflow/dags/football_etl_dag.py for tasks to queue
[2026-07-27T18:37:03.319+0000] {logging_mixin.py:188} INFO - [2026-07-27T18:37:03.319+0000] {dagbag.py:545} INFO - Filling up the DagBag from /opt/airflow/dags/football_etl_dag.py
[2026-07-27T18:37:03.345+0000] {processor.py:840} INFO - DAG(s) 'football_etl' retrieved from /opt/airflow/dags/football_etl_dag.py
[2026-07-27T18:37:03.386+0000] {logging_mixin.py:188} INFO - [2026-07-27T18:37:03.386+0000] {dag.py:3089} INFO - Sync 1 DAGs
[2026-07-27T18:37:03.424+0000] {logging_mixin.py:188} INFO - [2026-07-27T18:37:03.423+0000] {dag.py:3947} INFO - Setting next_dagrun for football_etl to 2026-07-27 18:36:00+00:00, run_after=2026-07-27 18:38:00+00:00
[2026-07-27T18:37:03.453+0000] {processor.py:183} INFO - Processing /opt/airflow/dags/football_etl_dag.py took 0.144 seconds
[2026-07-27T18:37:33.621+0000] {processor.py:161} INFO - Started process (PID=278) to work on /opt/airflow/dags/football_etl_dag.py
[2026-07-27T18:37:33.623+0000] {processor.py:830} INFO - Processing file /opt/airflow/dags/football_etl_dag.py for tasks to queue
[2026-07-27T18:37:33.625+0000] {logging_mixin.py:188} INFO - [2026-07-27T18:37:33.625+0000] {dagbag.py:545} INFO - Filling up the DagBag from /opt/airflow/dags/football_etl_dag.py
[2026-07-27T18:37:33.652+0000] {processor.py:840} INFO - DAG(s) 'football_etl' retrieved from /opt/airflow/dags/football_etl_dag.py
[2026-07-27T18:37:33.689+0000] {logging_mixin.py:188} INFO - [2026-07-27T18:37:33.689+0000] {dag.py:3089} INFO - Sync 1 DAGs
[2026-07-27T18:37:33.716+0000] {logging_mixin.py:188} INFO - [2026-07-27T18:37:33.715+0000] {dag.py:3947} INFO - Setting next_dagrun for football_etl to 2026-07-27 18:36:00+00:00, run_after=2026-07-27 18:38:00+00:00
[2026-07-27T18:37:33.738+0000] {processor.py:183} INFO - Processing /opt/airflow/dags/football_etl_dag.py took 0.124 seconds
[2026-07-27T18:38:03.865+0000] {processor.py:161} INFO - Started process (PID=289) to work on /opt/airflow/dags/football_etl_dag.py
[2026-07-27T18:38:03.866+0000] {processor.py:830} INFO - Processing file /opt/airflow/dags/football_etl_dag.py for tasks to queue
[2026-07-27T18:38:03.869+0000] {logging_mixin.py:188} INFO - [2026-07-27T18:38:03.869+0000] {dagbag.py:545} INFO - Filling up the DagBag from /opt/airflow/dags/football_etl_dag.py
[2026-07-27T18:38:03.893+0000] {processor.py:840} INFO - DAG(s) 'football_etl' retrieved from /opt/airflow/dags/football_etl_dag.py
[2026-07-27T18:38:03.932+0000] {logging_mixin.py:188} INFO - [2026-07-27T18:38:03.932+0000] {dag.py:3089} INFO - Sync 1 DAGs
[2026-07-27T18:38:03.960+0000] {logging_mixin.py:188} INFO - [2026-07-27T18:38:03.960+0000] {dag.py:3947} INFO - Setting next_dagrun for football_etl to 2026-07-27 18:38:00+00:00, run_after=2026-07-27 18:40:00+00:00
[2026-07-27T18:38:03.982+0000] {processor.py:183} INFO - Processing /opt/airflow/dags/football_etl_dag.py took 0.123 seconds
[2026-07-27T18:38:34.153+0000] {processor.py:161} INFO - Started process (PID=297) to work on /opt/airflow/dags/football_etl_dag.py
[2026-07-27T18:38:34.154+0000] {processor.py:830} INFO - Processing file /opt/airflow/dags/football_etl_dag.py for tasks to queue
[2026-07-27T18:38:34.157+0000] {logging_mixin.py:188} INFO - [2026-07-27T18:38:34.156+0000] {dagbag.py:545} INFO - Filling up the DagBag from /opt/airflow/dags/football_etl_dag.py
[2026-07-27T18:38:34.185+0000] {processor.py:840} INFO - DAG(s) 'football_etl' retrieved from /opt/airflow/dags/football_etl_dag.py
[2026-07-27T18:38:34.222+0000] {logging_mixin.py:188} INFO - [2026-07-27T18:38:34.222+0000] {dag.py:3089} INFO - Sync 1 DAGs
[2026-07-27T18:38:34.252+0000] {logging_mixin.py:188} INFO - [2026-07-27T18:38:34.252+0000] {dag.py:3947} INFO - Setting next_dagrun for football_etl to 2026-07-27 18:38:00+00:00, run_after=2026-07-27 18:40:00+00:00
[2026-07-27T18:38:34.276+0000] {processor.py:183} INFO - Processing /opt/airflow/dags/football_etl_dag.py took 0.128 seconds
[2026-07-27T18:39:04.380+0000] {processor.py:161} INFO - Started process (PID=311) to work on /opt/airflow/dags/football_etl_dag.py
[2026-07-27T18:39:04.382+0000] {processor.py:830} INFO - Processing file /opt/airflow/dags/football_etl_dag.py for tasks to queue
[2026-07-27T18:39:04.385+0000] {logging_mixin.py:188} INFO - [2026-07-27T18:39:04.384+0000] {dagbag.py:545} INFO - Filling up the DagBag from /opt/airflow/dags/football_etl_dag.py
[2026-07-27T18:39:04.419+0000] {processor.py:840} INFO - DAG(s) 'football_etl' retrieved from /opt/airflow/dags/football_etl_dag.py
[2026-07-27T18:39:04.471+0000] {logging_mixin.py:188} INFO - [2026-07-27T18:39:04.471+0000] {dag.py:3089} INFO - Sync 1 DAGs
[2026-07-27T18:39:04.501+0000] {logging_mixin.py:188} INFO - [2026-07-27T18:39:04.501+0000] {dag.py:3947} INFO - Setting next_dagrun for football_etl to 2026-07-27 18:38:00+00:00, run_after=2026-07-27 18:40:00+00:00
[2026-07-27T18:39:04.523+0000] {processor.py:183} INFO - Processing /opt/airflow/dags/football_etl_dag.py took 0.150 seconds
[2026-07-27T18:39:34.684+0000] {processor.py:161} INFO - Started process (PID=316) to work on /opt/airflow/dags/football_etl_dag.py
[2026-07-27T18:39:34.685+0000] {processor.py:830} INFO - Processing file /opt/airflow/dags/football_etl_dag.py for tasks to queue
[2026-07-27T18:39:34.688+0000] {logging_mixin.py:188} INFO - [2026-07-27T18:39:34.688+0000] {dagbag.py:545} INFO - Filling up the DagBag from /opt/airflow/dags/football_etl_dag.py
[2026-07-27T18:39:34.717+0000] {processor.py:840} INFO - DAG(s) 'football_etl' retrieved from /opt/airflow/dags/football_etl_dag.py
[2026-07-27T18:39:34.754+0000] {logging_mixin.py:188} INFO - [2026-07-27T18:39:34.754+0000] {dag.py:3089} INFO - Sync 1 DAGs
[2026-07-27T18:39:34.781+0000] {logging_mixin.py:188} INFO - [2026-07-27T18:39:34.781+0000] {dag.py:3947} INFO - Setting next_dagrun for football_etl to 2026-07-27 18:38:00+00:00, run_after=2026-07-27 18:40:00+00:00
[2026-07-27T18:39:34.805+0000] {processor.py:183} INFO - Processing /opt/airflow/dags/football_etl_dag.py took 0.128 seconds
[2026-07-27T18:40:04.960+0000] {processor.py:161} INFO - Started process (PID=327) to work on /opt/airflow/dags/football_etl_dag.py
[2026-07-27T18:40:04.962+0000] {processor.py:830} INFO - Processing file /opt/airflow/dags/football_etl_dag.py for tasks to queue
[2026-07-27T18:40:04.966+0000] {logging_mixin.py:188} INFO - [2026-07-27T18:40:04.966+0000] {dagbag.py:545} INFO - Filling up the DagBag from /opt/airflow/dags/football_etl_dag.py
[2026-07-27T18:40:04.996+0000] {processor.py:840} INFO - DAG(s) 'football_etl' retrieved from /opt/airflow/dags/football_etl_dag.py
[2026-07-27T18:40:05.038+0000] {logging_mixin.py:188} INFO - [2026-07-27T18:40:05.037+0000] {dag.py:3089} INFO - Sync 1 DAGs
[2026-07-27T18:40:05.102+0000] {logging_mixin.py:188} INFO - [2026-07-27T18:40:05.102+0000] {dag.py:3947} INFO - Setting next_dagrun for football_etl to 2026-07-27 18:40:00+00:00, run_after=2026-07-27 18:42:00+00:00
[2026-07-27T18:40:05.125+0000] {processor.py:183} INFO - Processing /opt/airflow/dags/football_etl_dag.py took 0.172 seconds
[2026-07-27T18:40:35.241+0000] {processor.py:161} INFO - Started process (PID=335) to work on /opt/airflow/dags/football_etl_dag.py
[2026-07-27T18:40:35.242+0000] {processor.py:830} INFO - Processing file /opt/airflow/dags/football_etl_dag.py for tasks to queue
[2026-07-27T18:40:35.246+0000] {logging_mixin.py:188} INFO - [2026-07-27T18:40:35.246+0000] {dagbag.py:545} INFO - Filling up the DagBag from /opt/airflow/dags/football_etl_dag.py
[2026-07-27T18:40:35.273+0000] {processor.py:840} INFO - DAG(s) 'football_etl' retrieved from /opt/airflow/dags/football_etl_dag.py
[2026-07-27T18:40:35.316+0000] {logging_mixin.py:188} INFO - [2026-07-27T18:40:35.316+0000] {dag.py:3089} INFO - Sync 1 DAGs
[2026-07-27T18:40:35.349+0000] {logging_mixin.py:188} INFO - [2026-07-27T18:40:35.349+0000] {dag.py:3947} INFO - Setting next_dagrun for football_etl to 2026-07-27 18:40:00+00:00, run_after=2026-07-27 18:42:00+00:00
[2026-07-27T18:40:35.375+0000] {processor.py:183} INFO - Processing /opt/airflow/dags/football_etl_dag.py took 0.145 seconds
[2026-07-27T18:41:05.601+0000] {processor.py:161} INFO - Started process (PID=343) to work on /opt/airflow/dags/football_etl_dag.py
[2026-07-27T18:41:05.602+0000] {processor.py:830} INFO - Processing file /opt/airflow/dags/football_etl_dag.py for tasks to queue
[2026-07-27T18:41:05.604+0000] {logging_mixin.py:188} INFO - [2026-07-27T18:41:05.604+0000] {dagbag.py:545} INFO - Filling up the DagBag from /opt/airflow/dags/football_etl_dag.py
[2026-07-27T18:41:05.637+0000] {processor.py:840} INFO - DAG(s) 'football_etl' retrieved from /opt/airflow/dags/football_etl_dag.py
[2026-07-27T18:41:05.669+0000] {logging_mixin.py:188} INFO - [2026-07-27T18:41:05.669+0000] {dag.py:3089} INFO - Sync 1 DAGs
[2026-07-27T18:41:05.694+0000] {logging_mixin.py:188} INFO - [2026-07-27T18:41:05.694+0000] {dag.py:3947} INFO - Setting next_dagrun for football_etl to 2026-07-27 18:40:00+00:00, run_after=2026-07-27 18:42:00+00:00
[2026-07-27T18:41:05.716+0000] {processor.py:183} INFO - Processing /opt/airflow/dags/football_etl_dag.py took 0.120 seconds
[2026-07-27T18:41:35.842+0000] {processor.py:161} INFO - Started process (PID=348) to work on /opt/airflow/dags/football_etl_dag.py
[2026-07-27T18:41:35.844+0000] {processor.py:830} INFO - Processing file /opt/airflow/dags/football_etl_dag.py for tasks to queue
[2026-07-27T18:41:35.847+0000] {logging_mixin.py:188} INFO - [2026-07-27T18:41:35.846+0000] {dagbag.py:545} INFO - Filling up the DagBag from /opt/airflow/dags/football_etl_dag.py
[2026-07-27T18:41:35.874+0000] {processor.py:840} INFO - DAG(s) 'football_etl' retrieved from /opt/airflow/dags/football_etl_dag.py
[2026-07-27T18:41:35.911+0000] {logging_mixin.py:188} INFO - [2026-07-27T18:41:35.910+0000] {dag.py:3089} INFO - Sync 1 DAGs
[2026-07-27T18:41:35.938+0000] {logging_mixin.py:188} INFO - [2026-07-27T18:41:35.938+0000] {dag.py:3947} INFO - Setting next_dagrun for football_etl to 2026-07-27 18:40:00+00:00, run_after=2026-07-27 18:42:00+00:00
[2026-07-27T18:41:35.960+0000] {processor.py:183} INFO - Processing /opt/airflow/dags/football_etl_dag.py took 0.123 seconds
[2026-07-27T18:42:06.141+0000] {processor.py:161} INFO - Started process (PID=359) to work on /opt/airflow/dags/football_etl_dag.py
[2026-07-27T18:42:06.142+0000] {processor.py:830} INFO - Processing file /opt/airflow/dags/football_etl_dag.py for tasks to queue
[2026-07-27T18:42:06.145+0000] {logging_mixin.py:188} INFO - [2026-07-27T18:42:06.145+0000] {dagbag.py:545} INFO - Filling up the DagBag from /opt/airflow/dags/football_etl_dag.py
[2026-07-27T18:42:06.170+0000] {processor.py:840} INFO - DAG(s) 'football_etl' retrieved from /opt/airflow/dags/football_etl_dag.py
[2026-07-27T18:42:06.206+0000] {logging_mixin.py:188} INFO - [2026-07-27T18:42:06.206+0000] {dag.py:3089} INFO - Sync 1 DAGs
[2026-07-27T18:42:06.233+0000] {logging_mixin.py:188} INFO - [2026-07-27T18:42:06.233+0000] {dag.py:3947} INFO - Setting next_dagrun for football_etl to 2026-07-27 18:42:00+00:00, run_after=2026-07-27 18:44:00+00:00
[2026-07-27T18:42:06.254+0000] {processor.py:183} INFO - Processing /opt/airflow/dags/football_etl_dag.py took 0.120 seconds
[2026-07-27T18:42:36.424+0000] {processor.py:161} INFO - Started process (PID=370) to work on /opt/airflow/dags/football_etl_dag.py
[2026-07-27T18:42:36.425+0000] {processor.py:830} INFO - Processing file /opt/airflow/dags/football_etl_dag.py for tasks to queue
[2026-07-27T18:42:36.428+0000] {logging_mixin.py:188} INFO - [2026-07-27T18:42:36.428+0000] {dagbag.py:545} INFO - Filling up the DagBag from /opt/airflow/dags/football_etl_dag.py
[2026-07-27T18:42:36.451+0000] {processor.py:840} INFO - DAG(s) 'football_etl' retrieved from /opt/airflow/dags/football_etl_dag.py
[2026-07-27T18:42:36.490+0000] {logging_mixin.py:188} INFO - [2026-07-27T18:42:36.489+0000] {dag.py:3089} INFO - Sync 1 DAGs
[2026-07-27T18:42:36.516+0000] {logging_mixin.py:188} INFO - [2026-07-27T18:42:36.516+0000] {dag.py:3947} INFO - Setting next_dagrun for football_etl to 2026-07-27 18:42:00+00:00, run_after=2026-07-27 18:44:00+00:00
[2026-07-27T18:42:36.537+0000] {processor.py:183} INFO - Processing /opt/airflow/dags/football_etl_dag.py took 0.119 seconds
[2026-07-27T18:43:06.760+0000] {processor.py:161} INFO - Started process (PID=378) to work on /opt/airflow/dags/football_etl_dag.py
[2026-07-27T18:43:06.761+0000] {processor.py:830} INFO - Processing file /opt/airflow/dags/football_etl_dag.py for tasks to queue
[2026-07-27T18:43:06.764+0000] {logging_mixin.py:188} INFO - [2026-07-27T18:43:06.763+0000] {dagbag.py:545} INFO - Filling up the DagBag from /opt/airflow/dags/football_etl_dag.py
[2026-07-27T18:43:06.789+0000] {processor.py:840} INFO - DAG(s) 'football_etl' retrieved from /opt/airflow/dags/football_etl_dag.py
[2026-07-27T18:43:06.826+0000] {logging_mixin.py:188} INFO - [2026-07-27T18:43:06.826+0000] {dag.py:3089} INFO - Sync 1 DAGs
[2026-07-27T18:43:06.853+0000] {logging_mixin.py:188} INFO - [2026-07-27T18:43:06.853+0000] {dag.py:3947} INFO - Setting next_dagrun for football_etl to 2026-07-27 18:42:00+00:00, run_after=2026-07-27 18:44:00+00:00
[2026-07-27T18:43:06.876+0000] {processor.py:183} INFO - Processing /opt/airflow/dags/football_etl_dag.py took 0.123 seconds
[2026-07-27T18:43:37.023+0000] {processor.py:161} INFO - Started process (PID=386) to work on /opt/airflow/dags/football_etl_dag.py
[2026-07-27T18:43:37.025+0000] {processor.py:830} INFO - Processing file /opt/airflow/dags/football_etl_dag.py for tasks to queue
[2026-07-27T18:43:37.028+0000] {logging_mixin.py:188} INFO - [2026-07-27T18:43:37.028+0000] {dagbag.py:545} INFO - Filling up the DagBag from /opt/airflow/dags/football_etl_dag.py
[2026-07-27T18:43:37.054+0000] {processor.py:840} INFO - DAG(s) 'football_etl' retrieved from /opt/airflow/dags/football_etl_dag.py
[2026-07-27T18:43:37.089+0000] {logging_mixin.py:188} INFO - [2026-07-27T18:43:37.088+0000] {dag.py:3089} INFO - Sync 1 DAGs
[2026-07-27T18:43:37.113+0000] {logging_mixin.py:188} INFO - [2026-07-27T18:43:37.113+0000] {dag.py:3947} INFO - Setting next_dagrun for football_etl to 2026-07-27 18:42:00+00:00, run_after=2026-07-27 18:44:00+00:00
[2026-07-27T18:43:37.134+0000] {processor.py:183} INFO - Processing /opt/airflow/dags/football_etl_dag.py took 0.123 seconds
[2026-07-27T18:44:07.324+0000] {processor.py:161} INFO - Started process (PID=403) to work on /opt/airflow/dags/football_etl_dag.py
[2026-07-27T18:44:07.325+0000] {processor.py:830} INFO - Processing file /opt/airflow/dags/football_etl_dag.py for tasks to queue
[2026-07-27T18:44:07.327+0000] {logging_mixin.py:188} INFO - [2026-07-27T18:44:07.327+0000] {dagbag.py:545} INFO - Filling up the DagBag from /opt/airflow/dags/football_etl_dag.py
[2026-07-27T18:44:07.353+0000] {processor.py:840} INFO - DAG(s) 'football_etl' retrieved from /opt/airflow/dags/football_etl_dag.py
[2026-07-27T18:44:07.396+0000] {logging_mixin.py:188} INFO - [2026-07-27T18:44:07.395+0000] {dag.py:3089} INFO - Sync 1 DAGs
[2026-07-27T18:44:07.446+0000] {logging_mixin.py:188} INFO - [2026-07-27T18:44:07.446+0000] {dag.py:3947} INFO - Setting next_dagrun for football_etl to 2026-07-27 18:44:00+00:00, run_after=2026-07-27 18:46:00+00:00
[2026-07-27T18:44:07.492+0000] {processor.py:183} INFO - Processing /opt/airflow/dags/football_etl_dag.py took 0.177 seconds
[2026-07-27T18:44:37.668+0000] {processor.py:161} INFO - Started process (PID=414) to work on /opt/airflow/dags/football_etl_dag.py
[2026-07-27T18:44:37.670+0000] {processor.py:830} INFO - Processing file /opt/airflow/dags/football_etl_dag.py for tasks to queue
[2026-07-27T18:44:37.673+0000] {logging_mixin.py:188} INFO - [2026-07-27T18:44:37.673+0000] {dagbag.py:545} INFO - Filling up the DagBag from /opt/airflow/dags/football_etl_dag.py
[2026-07-27T18:44:37.702+0000] {processor.py:840} INFO - DAG(s) 'football_etl' retrieved from /opt/airflow/dags/football_etl_dag.py
[2026-07-27T18:44:37.743+0000] {logging_mixin.py:188} INFO - [2026-07-27T18:44:37.743+0000] {dag.py:3089} INFO - Sync 1 DAGs
[2026-07-27T18:44:37.772+0000] {logging_mixin.py:188} INFO - [2026-07-27T18:44:37.771+0000] {dag.py:3947} INFO - Setting next_dagrun for football_etl to 2026-07-27 18:44:00+00:00, run_after=2026-07-27 18:46:00+00:00
[2026-07-27T18:44:37.803+0000] {processor.py:183} INFO - Processing /opt/airflow/dags/football_etl_dag.py took 0.143 seconds
[2026-07-27T18:45:07.973+0000] {processor.py:161} INFO - Started process (PID=422) to work on /opt/airflow/dags/football_etl_dag.py
[2026-07-27T18:45:07.976+0000] {processor.py:830} INFO - Processing file /opt/airflow/dags/football_etl_dag.py for tasks to queue
[2026-07-27T18:45:07.983+0000] {logging_mixin.py:188} INFO - [2026-07-27T18:45:07.982+0000] {dagbag.py:545} INFO - Filling up the DagBag from /opt/airflow/dags/football_etl_dag.py
[2026-07-27T18:45:08.035+0000] {processor.py:840} INFO - DAG(s) 'football_etl' retrieved from /opt/airflow/dags/football_etl_dag.py
[2026-07-27T18:45:08.086+0000] {logging_mixin.py:188} INFO - [2026-07-27T18:45:08.086+0000] {dag.py:3089} INFO - Sync 1 DAGs
[2026-07-27T18:45:08.120+0000] {logging_mixin.py:188} INFO - [2026-07-27T18:45:08.119+0000] {dag.py:3947} INFO - Setting next_dagrun for football_etl to 2026-07-27 18:44:00+00:00, run_after=2026-07-27 18:46:00+00:00
[2026-07-27T18:45:08.149+0000] {processor.py:183} INFO - Processing /opt/airflow/dags/football_etl_dag.py took 0.202 seconds
[2026-07-27T18:45:38.362+0000] {processor.py:161} INFO - Started process (PID=430) to work on /opt/airflow/dags/football_etl_dag.py
[2026-07-27T18:45:38.364+0000] {processor.py:830} INFO - Processing file /opt/airflow/dags/football_etl_dag.py for tasks to queue
[2026-07-27T18:45:38.369+0000] {logging_mixin.py:188} INFO - [2026-07-27T18:45:38.369+0000] {dagbag.py:545} INFO - Filling up the DagBag from /opt/airflow/dags/football_etl_dag.py
[2026-07-27T18:45:38.399+0000] {processor.py:840} INFO - DAG(s) 'football_etl' retrieved from /opt/airflow/dags/football_etl_dag.py
[2026-07-27T18:45:38.438+0000] {logging_mixin.py:188} INFO - [2026-07-27T18:45:38.438+0000] {dag.py:3089} INFO - Sync 1 DAGs
[2026-07-27T18:45:38.467+0000] {logging_mixin.py:188} INFO - [2026-07-27T18:45:38.467+0000] {dag.py:3947} INFO - Setting next_dagrun for football_etl to 2026-07-27 18:44:00+00:00, run_after=2026-07-27 18:46:00+00:00
[2026-07-27T18:45:38.490+0000] {processor.py:183} INFO - Processing /opt/airflow/dags/football_etl_dag.py took 0.139 seconds
[2026-07-27T18:46:08.668+0000] {processor.py:161} INFO - Started process (PID=444) to work on /opt/airflow/dags/football_etl_dag.py
[2026-07-27T18:46:08.670+0000] {processor.py:830} INFO - Processing file /opt/airflow/dags/football_etl_dag.py for tasks to queue
[2026-07-27T18:46:08.674+0000] {logging_mixin.py:188} INFO - [2026-07-27T18:46:08.673+0000] {dagbag.py:545} INFO - Filling up the DagBag from /opt/airflow/dags/football_etl_dag.py
[2026-07-27T18:46:08.701+0000] {processor.py:840} INFO - DAG(s) 'football_etl' retrieved from /opt/airflow/dags/football_etl_dag.py
[2026-07-27T18:46:08.740+0000] {logging_mixin.py:188} INFO - [2026-07-27T18:46:08.740+0000] {dag.py:3089} INFO - Sync 1 DAGs
[2026-07-27T18:46:08.769+0000] {logging_mixin.py:188} INFO - [2026-07-27T18:46:08.769+0000] {dag.py:3947} INFO - Setting next_dagrun for football_etl to 2026-07-27 18:46:00+00:00, run_after=2026-07-27 18:48:00+00:00
[2026-07-27T18:46:08.793+0000] {processor.py:183} INFO - Processing /opt/airflow/dags/football_etl_dag.py took 0.136 seconds
[2026-07-27T18:46:38.919+0000] {processor.py:161} INFO - Started process (PID=449) to work on /opt/airflow/dags/football_etl_dag.py
[2026-07-27T18:46:38.921+0000] {processor.py:830} INFO - Processing file /opt/airflow/dags/football_etl_dag.py for tasks to queue
[2026-07-27T18:46:38.923+0000] {logging_mixin.py:188} INFO - [2026-07-27T18:46:38.923+0000] {dagbag.py:545} INFO - Filling up the DagBag from /opt/airflow/dags/football_etl_dag.py
[2026-07-27T18:46:38.951+0000] {processor.py:840} INFO - DAG(s) 'football_etl' retrieved from /opt/airflow/dags/football_etl_dag.py
[2026-07-27T18:46:38.990+0000] {logging_mixin.py:188} INFO - [2026-07-27T18:46:38.989+0000] {dag.py:3089} INFO - Sync 1 DAGs
[2026-07-27T18:46:39.017+0000] {logging_mixin.py:188} INFO - [2026-07-27T18:46:39.017+0000] {dag.py:3947} INFO - Setting next_dagrun for football_etl to 2026-07-27 18:46:00+00:00, run_after=2026-07-27 18:48:00+00:00
[2026-07-27T18:46:39.039+0000] {processor.py:183} INFO - Processing /opt/airflow/dags/football_etl_dag.py took 0.127 seconds
[2026-07-27T18:47:09.203+0000] {processor.py:161} INFO - Started process (PID=460) to work on /opt/airflow/dags/football_etl_dag.py
[2026-07-27T18:47:09.205+0000] {processor.py:830} INFO - Processing file /opt/airflow/dags/football_etl_dag.py for tasks to queue
[2026-07-27T18:47:09.208+0000] {logging_mixin.py:188} INFO - [2026-07-27T18:47:09.208+0000] {dagbag.py:545} INFO - Filling up the DagBag from /opt/airflow/dags/football_etl_dag.py
[2026-07-27T18:47:09.235+0000] {processor.py:840} INFO - DAG(s) 'football_etl' retrieved from /opt/airflow/dags/football_etl_dag.py
[2026-07-27T18:47:09.272+0000] {logging_mixin.py:188} INFO - [2026-07-27T18:47:09.272+0000] {dag.py:3089} INFO - Sync 1 DAGs
[2026-07-27T18:47:09.304+0000] {logging_mixin.py:188} INFO - [2026-07-27T18:47:09.304+0000] {dag.py:3947} INFO - Setting next_dagrun for football_etl to 2026-07-27 18:46:00+00:00, run_after=2026-07-27 18:48:00+00:00
[2026-07-27T18:47:09.327+0000] {processor.py:183} INFO - Processing /opt/airflow/dags/football_etl_dag.py took 0.132 seconds
[2026-07-27T18:47:39.491+0000] {processor.py:161} INFO - Started process (PID=465) to work on /opt/airflow/dags/football_etl_dag.py
[2026-07-27T18:47:39.492+0000] {processor.py:830} INFO - Processing file /opt/airflow/dags/football_etl_dag.py for tasks to queue
[2026-07-27T18:47:39.496+0000] {logging_mixin.py:188} INFO - [2026-07-27T18:47:39.495+0000] {dagbag.py:545} INFO - Filling up the DagBag from /opt/airflow/dags/football_etl_dag.py
[2026-07-27T18:47:39.527+0000] {processor.py:840} INFO - DAG(s) 'football_etl' retrieved from /opt/airflow/dags/football_etl_dag.py
[2026-07-27T18:47:39.570+0000] {logging_mixin.py:188} INFO - [2026-07-27T18:47:39.570+0000] {dag.py:3089} INFO - Sync 1 DAGs
[2026-07-27T18:47:39.603+0000] {logging_mixin.py:188} INFO - [2026-07-27T18:47:39.603+0000] {dag.py:3947} INFO - Setting next_dagrun for football_etl to 2026-07-27 18:46:00+00:00, run_after=2026-07-27 18:48:00+00:00
[2026-07-27T18:47:39.626+0000] {processor.py:183} INFO - Processing /opt/airflow/dags/football_etl_dag.py took 0.144 seconds
[2026-07-27T18:48:09.767+0000] {processor.py:161} INFO - Started process (PID=479) to work on /opt/airflow/dags/football_etl_dag.py
[2026-07-27T18:48:09.768+0000] {processor.py:830} INFO - Processing file /opt/airflow/dags/football_etl_dag.py for tasks to queue
[2026-07-27T18:48:09.770+0000] {logging_mixin.py:188} INFO - [2026-07-27T18:48:09.770+0000] {dagbag.py:545} INFO - Filling up the DagBag from /opt/airflow/dags/football_etl_dag.py
[2026-07-27T18:48:09.798+0000] {processor.py:840} INFO - DAG(s) 'football_etl' retrieved from /opt/airflow/dags/football_etl_dag.py
[2026-07-27T18:48:09.853+0000] {logging_mixin.py:188} INFO - [2026-07-27T18:48:09.853+0000] {dag.py:3089} INFO - Sync 1 DAGs
[2026-07-27T18:48:09.894+0000] {logging_mixin.py:188} INFO - [2026-07-27T18:48:09.893+0000] {dag.py:3947} INFO - Setting next_dagrun for football_etl to 2026-07-27 18:48:00+00:00, run_after=2026-07-27 18:50:00+00:00
[2026-07-27T18:48:09.919+0000] {processor.py:183} INFO - Processing /opt/airflow/dags/football_etl_dag.py took 0.159 seconds
[2026-07-27T18:48:40.039+0000] {processor.py:161} INFO - Started process (PID=484) to work on /opt/airflow/dags/football_etl_dag.py
[2026-07-27T18:48:40.041+0000] {processor.py:830} INFO - Processing file /opt/airflow/dags/football_etl_dag.py for tasks to queue
[2026-07-27T18:48:40.044+0000] {logging_mixin.py:188} INFO - [2026-07-27T18:48:40.043+0000] {dagbag.py:545} INFO - Filling up the DagBag from /opt/airflow/dags/football_etl_dag.py
[2026-07-27T18:48:40.067+0000] {processor.py:840} INFO - DAG(s) 'football_etl' retrieved from /opt/airflow/dags/football_etl_dag.py
[2026-07-27T18:48:40.106+0000] {logging_mixin.py:188} INFO - [2026-07-27T18:48:40.105+0000] {dag.py:3089} INFO - Sync 1 DAGs
[2026-07-27T18:48:40.131+0000] {logging_mixin.py:188} INFO - [2026-07-27T18:48:40.131+0000] {dag.py:3947} INFO - Setting next_dagrun for football_etl to 2026-07-27 18:48:00+00:00, run_after=2026-07-27 18:50:00+00:00
[2026-07-27T18:48:40.153+0000] {processor.py:183} INFO - Processing /opt/airflow/dags/football_etl_dag.py took 0.121 seconds
[2026-07-27T18:49:10.378+0000] {processor.py:161} INFO - Started process (PID=498) to work on /opt/airflow/dags/football_etl_dag.py
[2026-07-27T18:49:10.380+0000] {processor.py:830} INFO - Processing file /opt/airflow/dags/football_etl_dag.py for tasks to queue
[2026-07-27T18:49:10.384+0000] {logging_mixin.py:188} INFO - [2026-07-27T18:49:10.383+0000] {dagbag.py:545} INFO - Filling up the DagBag from /opt/airflow/dags/football_etl_dag.py
[2026-07-27T18:49:10.409+0000] {processor.py:840} INFO - DAG(s) 'football_etl' retrieved from /opt/airflow/dags/football_etl_dag.py
[2026-07-27T18:49:10.481+0000] {logging_mixin.py:188} INFO - [2026-07-27T18:49:10.480+0000] {dag.py:3089} INFO - Sync 1 DAGs
[2026-07-27T18:49:10.526+0000] {logging_mixin.py:188} INFO - [2026-07-27T18:49:10.526+0000] {dag.py:3947} INFO - Setting next_dagrun for football_etl to 2026-07-27 18:48:00+00:00, run_after=2026-07-27 18:50:00+00:00
[2026-07-27T18:49:10.550+0000] {processor.py:183} INFO - Processing /opt/airflow/dags/football_etl_dag.py took 0.180 seconds
[2026-07-27T18:49:40.644+0000] {processor.py:161} INFO - Started process (PID=503) to work on /opt/airflow/dags/football_etl_dag.py
[2026-07-27T18:49:40.646+0000] {processor.py:830} INFO - Processing file /opt/airflow/dags/football_etl_dag.py for tasks to queue
[2026-07-27T18:49:40.649+0000] {logging_mixin.py:188} INFO - [2026-07-27T18:49:40.648+0000] {dagbag.py:545} INFO - Filling up the DagBag from /opt/airflow/dags/football_etl_dag.py
[2026-07-27T18:49:40.674+0000] {processor.py:840} INFO - DAG(s) 'football_etl' retrieved from /opt/airflow/dags/football_etl_dag.py
[2026-07-27T18:49:40.715+0000] {logging_mixin.py:188} INFO - [2026-07-27T18:49:40.714+0000] {dag.py:3089} INFO - Sync 1 DAGs
[2026-07-27T18:49:40.742+0000] {logging_mixin.py:188} INFO - [2026-07-27T18:49:40.742+0000] {dag.py:3947} INFO - Setting next_dagrun for football_etl to 2026-07-27 18:48:00+00:00, run_after=2026-07-27 18:50:00+00:00
[2026-07-27T18:49:40.765+0000] {processor.py:183} INFO - Processing /opt/airflow/dags/football_etl_dag.py took 0.129 seconds
[2026-07-27T18:50:11.051+0000] {processor.py:161} INFO - Started process (PID=517) to work on /opt/airflow/dags/football_etl_dag.py
[2026-07-27T18:50:11.052+0000] {processor.py:830} INFO - Processing file /opt/airflow/dags/football_etl_dag.py for tasks to queue
[2026-07-27T18:50:11.056+0000] {logging_mixin.py:188} INFO - [2026-07-27T18:50:11.055+0000] {dagbag.py:545} INFO - Filling up the DagBag from /opt/airflow/dags/football_etl_dag.py
[2026-07-27T18:50:11.090+0000] {processor.py:840} INFO - DAG(s) 'football_etl' retrieved from /opt/airflow/dags/football_etl_dag.py
[2026-07-27T18:50:11.136+0000] {logging_mixin.py:188} INFO - [2026-07-27T18:50:11.136+0000] {dag.py:3089} INFO - Sync 1 DAGs
[2026-07-27T18:50:11.162+0000] {logging_mixin.py:188} INFO - [2026-07-27T18:50:11.162+0000] {dag.py:3947} INFO - Setting next_dagrun for football_etl to 2026-07-27 18:50:00+00:00, run_after=2026-07-27 18:52:00+00:00
[2026-07-27T18:50:11.183+0000] {processor.py:183} INFO - Processing /opt/airflow/dags/football_etl_dag.py took 0.142 seconds
[2026-07-27T18:50:41.273+0000] {processor.py:161} INFO - Started process (PID=522) to work on /opt/airflow/dags/football_etl_dag.py
[2026-07-27T18:50:41.275+0000] {processor.py:830} INFO - Processing file /opt/airflow/dags/football_etl_dag.py for tasks to queue
[2026-07-27T18:50:41.277+0000] {logging_mixin.py:188} INFO - [2026-07-27T18:50:41.277+0000] {dagbag.py:545} INFO - Filling up the DagBag from /opt/airflow/dags/football_etl_dag.py
[2026-07-27T18:50:41.303+0000] {processor.py:840} INFO - DAG(s) 'football_etl' retrieved from /opt/airflow/dags/football_etl_dag.py
[2026-07-27T18:50:41.339+0000] {logging_mixin.py:188} INFO - [2026-07-27T18:50:41.339+0000] {dag.py:3089} INFO - Sync 1 DAGs
[2026-07-27T18:50:41.365+0000] {logging_mixin.py:188} INFO - [2026-07-27T18:50:41.365+0000] {dag.py:3947} INFO - Setting next_dagrun for football_etl to 2026-07-27 18:50:00+00:00, run_after=2026-07-27 18:52:00+00:00
[2026-07-27T18:50:41.387+0000] {processor.py:183} INFO - Processing /opt/airflow/dags/football_etl_dag.py took 0.121 seconds
[2026-07-27T18:51:11.642+0000] {processor.py:161} INFO - Started process (PID=533) to work on /opt/airflow/dags/football_etl_dag.py
[2026-07-27T18:51:11.644+0000] {processor.py:830} INFO - Processing file /opt/airflow/dags/football_etl_dag.py for tasks to queue
[2026-07-27T18:51:11.647+0000] {logging_mixin.py:188} INFO - [2026-07-27T18:51:11.646+0000] {dagbag.py:545} INFO - Filling up the DagBag from /opt/airflow/dags/football_etl_dag.py
[2026-07-27T18:51:11.673+0000] {processor.py:840} INFO - DAG(s) 'football_etl' retrieved from /opt/airflow/dags/football_etl_dag.py
[2026-07-27T18:51:11.710+0000] {logging_mixin.py:188} INFO - [2026-07-27T18:51:11.709+0000] {dag.py:3089} INFO - Sync 1 DAGs
[2026-07-27T18:51:11.738+0000] {logging_mixin.py:188} INFO - [2026-07-27T18:51:11.738+0000] {dag.py:3947} INFO - Setting next_dagrun for football_etl to 2026-07-27 18:50:00+00:00, run_after=2026-07-27 18:52:00+00:00
[2026-07-27T18:51:11.759+0000] {processor.py:183} INFO - Processing /opt/airflow/dags/football_etl_dag.py took 0.123 seconds
[2026-07-27T18:51:41.887+0000] {processor.py:161} INFO - Started process (PID=538) to work on /opt/airflow/dags/football_etl_dag.py
[2026-07-27T18:51:41.888+0000] {processor.py:830} INFO - Processing file /opt/airflow/dags/football_etl_dag.py for tasks to queue
[2026-07-27T18:51:41.893+0000] {logging_mixin.py:188} INFO - [2026-07-27T18:51:41.892+0000] {dagbag.py:545} INFO - Filling up the DagBag from /opt/airflow/dags/football_etl_dag.py
[2026-07-27T18:51:41.920+0000] {processor.py:840} INFO - DAG(s) 'football_etl' retrieved from /opt/airflow/dags/football_etl_dag.py
[2026-07-27T18:51:41.959+0000] {logging_mixin.py:188} INFO - [2026-07-27T18:51:41.959+0000] {dag.py:3089} INFO - Sync 1 DAGs
[2026-07-27T18:51:41.988+0000] {logging_mixin.py:188} INFO - [2026-07-27T18:51:41.988+0000] {dag.py:3947} INFO - Setting next_dagrun for football_etl to 2026-07-27 18:50:00+00:00, run_after=2026-07-27 18:52:00+00:00
[2026-07-27T18:51:42.015+0000] {processor.py:183} INFO - Processing /opt/airflow/dags/football_etl_dag.py took 0.135 seconds
[2026-07-27T18:53:22.902+0000] {processor.py:161} INFO - Started process (PID=163) to work on /opt/airflow/dags/football_etl_dag.py
[2026-07-27T18:53:22.904+0000] {processor.py:830} INFO - Processing file /opt/airflow/dags/football_etl_dag.py for tasks to queue
[2026-07-27T18:53:22.908+0000] {logging_mixin.py:188} INFO - [2026-07-27T18:53:22.908+0000] {dagbag.py:545} INFO - Filling up the DagBag from /opt/airflow/dags/football_etl_dag.py
[2026-07-27T18:53:22.945+0000] {processor.py:840} INFO - DAG(s) 'football_etl' retrieved from /opt/airflow/dags/football_etl_dag.py
[2026-07-27T18:53:23.007+0000] {logging_mixin.py:188} INFO - [2026-07-27T18:53:23.007+0000] {dag.py:3089} INFO - Sync 1 DAGs
[2026-07-27T18:53:23.050+0000] {logging_mixin.py:188} INFO - [2026-07-27T18:53:23.049+0000] {dag.py:3947} INFO - Setting next_dagrun for football_etl to 2026-07-27 18:52:00+00:00, run_after=2026-07-27 18:54:00+00:00
[2026-07-27T18:53:23.112+0000] {processor.py:183} INFO - Processing /opt/airflow/dags/football_etl_dag.py took 0.221 seconds
[2026-07-27T18:53:53.229+0000] {processor.py:161} INFO - Started process (PID=190) to work on /opt/airflow/dags/football_etl_dag.py
[2026-07-27T18:53:53.230+0000] {processor.py:830} INFO - Processing file /opt/airflow/dags/football_etl_dag.py for tasks to queue
[2026-07-27T18:53:53.233+0000] {logging_mixin.py:188} INFO - [2026-07-27T18:53:53.233+0000] {dagbag.py:545} INFO - Filling up the DagBag from /opt/airflow/dags/football_etl_dag.py
[2026-07-27T18:53:53.258+0000] {processor.py:840} INFO - DAG(s) 'football_etl' retrieved from /opt/airflow/dags/football_etl_dag.py
[2026-07-27T18:53:53.526+0000] {logging_mixin.py:188} INFO - [2026-07-27T18:53:53.526+0000] {dag.py:3089} INFO - Sync 1 DAGs
[2026-07-27T18:53:53.558+0000] {logging_mixin.py:188} INFO - [2026-07-27T18:53:53.557+0000] {dag.py:3947} INFO - Setting next_dagrun for football_etl to 2026-07-27 18:52:00+00:00, run_after=2026-07-27 18:54:00+00:00
[2026-07-27T18:53:53.584+0000] {processor.py:183} INFO - Processing /opt/airflow/dags/football_etl_dag.py took 0.363 seconds
[2026-07-27T18:54:23.820+0000] {processor.py:161} INFO - Started process (PID=207) to work on /opt/airflow/dags/football_etl_dag.py
[2026-07-27T18:54:23.821+0000] {processor.py:830} INFO - Processing file /opt/airflow/dags/football_etl_dag.py for tasks to queue
[2026-07-27T18:54:23.825+0000] {logging_mixin.py:188} INFO - [2026-07-27T18:54:23.824+0000] {dagbag.py:545} INFO - Filling up the DagBag from /opt/airflow/dags/football_etl_dag.py
[2026-07-27T18:54:23.853+0000] {processor.py:840} INFO - DAG(s) 'football_etl' retrieved from /opt/airflow/dags/football_etl_dag.py
[2026-07-27T18:54:23.896+0000] {logging_mixin.py:188} INFO - [2026-07-27T18:54:23.896+0000] {dag.py:3089} INFO - Sync 1 DAGs
[2026-07-27T18:54:23.927+0000] {logging_mixin.py:188} INFO - [2026-07-27T18:54:23.927+0000] {dag.py:3947} INFO - Setting next_dagrun for football_etl to 2026-07-27 18:54:00+00:00, run_after=2026-07-27 18:56:00+00:00
[2026-07-27T18:54:23.955+0000] {processor.py:183} INFO - Processing /opt/airflow/dags/football_etl_dag.py took 0.143 seconds
[2026-07-27T18:54:54.032+0000] {processor.py:161} INFO - Started process (PID=218) to work on /opt/airflow/dags/football_etl_dag.py
[2026-07-27T18:54:54.033+0000] {processor.py:830} INFO - Processing file /opt/airflow/dags/football_etl_dag.py for tasks to queue
[2026-07-27T18:54:54.036+0000] {logging_mixin.py:188} INFO - [2026-07-27T18:54:54.036+0000] {dagbag.py:545} INFO - Filling up the DagBag from /opt/airflow/dags/football_etl_dag.py
[2026-07-27T18:54:54.061+0000] {processor.py:840} INFO - DAG(s) 'football_etl' retrieved from /opt/airflow/dags/football_etl_dag.py
[2026-07-27T18:54:54.099+0000] {logging_mixin.py:188} INFO - [2026-07-27T18:54:54.099+0000] {dag.py:3089} INFO - Sync 1 DAGs
[2026-07-27T18:54:54.127+0000] {logging_mixin.py:188} INFO - [2026-07-27T18:54:54.126+0000] {dag.py:3947} INFO - Setting next_dagrun for football_etl to 2026-07-27 18:54:00+00:00, run_after=2026-07-27 18:56:00+00:00
[2026-07-27T18:54:54.149+0000] {processor.py:183} INFO - Processing /opt/airflow/dags/football_etl_dag.py took 0.123 seconds
[2026-07-27T18:55:24.404+0000] {processor.py:161} INFO - Started process (PID=235) to work on /opt/airflow/dags/football_etl_dag.py
[2026-07-27T18:55:24.406+0000] {processor.py:830} INFO - Processing file /opt/airflow/dags/football_etl_dag.py for tasks to queue
[2026-07-27T18:55:24.408+0000] {logging_mixin.py:188} INFO - [2026-07-27T18:55:24.408+0000] {dagbag.py:545} INFO - Filling up the DagBag from /opt/airflow/dags/football_etl_dag.py
[2026-07-27T18:55:24.435+0000] {processor.py:840} INFO - DAG(s) 'football_etl' retrieved from /opt/airflow/dags/football_etl_dag.py
[2026-07-27T18:55:24.472+0000] {logging_mixin.py:188} INFO - [2026-07-27T18:55:24.472+0000] {dag.py:3089} INFO - Sync 1 DAGs
[2026-07-27T18:55:24.501+0000] {logging_mixin.py:188} INFO - [2026-07-27T18:55:24.501+0000] {dag.py:3947} INFO - Setting next_dagrun for football_etl to 2026-07-27 18:54:00+00:00, run_after=2026-07-27 18:56:00+00:00
[2026-07-27T18:55:24.522+0000] {processor.py:183} INFO - Processing /opt/airflow/dags/football_etl_dag.py took 0.124 seconds
[2026-07-27T18:55:54.632+0000] {processor.py:161} INFO - Started process (PID=240) to work on /opt/airflow/dags/football_etl_dag.py
[2026-07-27T18:55:54.633+0000] {processor.py:830} INFO - Processing file /opt/airflow/dags/football_etl_dag.py for tasks to queue
[2026-07-27T18:55:54.637+0000] {logging_mixin.py:188} INFO - [2026-07-27T18:55:54.636+0000] {dagbag.py:545} INFO - Filling up the DagBag from /opt/airflow/dags/football_etl_dag.py
[2026-07-27T18:55:54.666+0000] {processor.py:840} INFO - DAG(s) 'football_etl' retrieved from /opt/airflow/dags/football_etl_dag.py
[2026-07-27T18:55:54.708+0000] {logging_mixin.py:188} INFO - [2026-07-27T18:55:54.708+0000] {dag.py:3089} INFO - Sync 1 DAGs
[2026-07-27T18:55:54.738+0000] {logging_mixin.py:188} INFO - [2026-07-27T18:55:54.738+0000] {dag.py:3947} INFO - Setting next_dagrun for football_etl to 2026-07-27 18:54:00+00:00, run_after=2026-07-27 18:56:00+00:00
[2026-07-27T18:55:54.762+0000] {processor.py:183} INFO - Processing /opt/airflow/dags/football_etl_dag.py took 0.138 seconds
[2026-07-27T18:56:24.984+0000] {processor.py:161} INFO - Started process (PID=254) to work on /opt/airflow/dags/football_etl_dag.py
[2026-07-27T18:56:24.985+0000] {processor.py:830} INFO - Processing file /opt/airflow/dags/football_etl_dag.py for tasks to queue
[2026-07-27T18:56:24.988+0000] {logging_mixin.py:188} INFO - [2026-07-27T18:56:24.987+0000] {dagbag.py:545} INFO - Filling up the DagBag from /opt/airflow/dags/football_etl_dag.py
[2026-07-27T18:56:25.016+0000] {processor.py:840} INFO - DAG(s) 'football_etl' retrieved from /opt/airflow/dags/football_etl_dag.py
[2026-07-27T18:56:25.058+0000] {logging_mixin.py:188} INFO - [2026-07-27T18:56:25.058+0000] {dag.py:3089} INFO - Sync 1 DAGs
[2026-07-27T18:56:25.087+0000] {logging_mixin.py:188} INFO - [2026-07-27T18:56:25.087+0000] {dag.py:3947} INFO - Setting next_dagrun for football_etl to 2026-07-27 18:56:00+00:00, run_after=2026-07-27 18:58:00+00:00
[2026-07-27T18:56:25.109+0000] {processor.py:183} INFO - Processing /opt/airflow/dags/football_etl_dag.py took 0.134 seconds
[2026-07-27T18:56:55.220+0000] {processor.py:161} INFO - Started process (PID=259) to work on /opt/airflow/dags/football_etl_dag.py
[2026-07-27T18:56:55.222+0000] {processor.py:830} INFO - Processing file /opt/airflow/dags/football_etl_dag.py for tasks to queue
[2026-07-27T18:56:55.225+0000] {logging_mixin.py:188} INFO - [2026-07-27T18:56:55.225+0000] {dagbag.py:545} INFO - Filling up the DagBag from /opt/airflow/dags/football_etl_dag.py
[2026-07-27T18:56:55.251+0000] {processor.py:840} INFO - DAG(s) 'football_etl' retrieved from /opt/airflow/dags/football_etl_dag.py
[2026-07-27T18:56:55.296+0000] {logging_mixin.py:188} INFO - [2026-07-27T18:56:55.296+0000] {dag.py:3089} INFO - Sync 1 DAGs
[2026-07-27T18:56:55.325+0000] {logging_mixin.py:188} INFO - [2026-07-27T18:56:55.325+0000] {dag.py:3947} INFO - Setting next_dagrun for football_etl to 2026-07-27 18:56:00+00:00, run_after=2026-07-27 18:58:00+00:00
[2026-07-27T18:56:55.360+0000] {processor.py:183} INFO - Processing /opt/airflow/dags/football_etl_dag.py took 0.148 seconds
[2026-07-27T18:57:25.629+0000] {processor.py:161} INFO - Started process (PID=270) to work on /opt/airflow/dags/football_etl_dag.py
[2026-07-27T18:57:25.631+0000] {processor.py:830} INFO - Processing file /opt/airflow/dags/football_etl_dag.py for tasks to queue
[2026-07-27T18:57:25.633+0000] {logging_mixin.py:188} INFO - [2026-07-27T18:57:25.633+0000] {dagbag.py:545} INFO - Filling up the DagBag from /opt/airflow/dags/football_etl_dag.py
[2026-07-27T18:57:25.658+0000] {processor.py:840} INFO - DAG(s) 'football_etl' retrieved from /opt/airflow/dags/football_etl_dag.py
[2026-07-27T18:57:25.693+0000] {logging_mixin.py:188} INFO - [2026-07-27T18:57:25.693+0000] {dag.py:3089} INFO - Sync 1 DAGs
[2026-07-27T18:57:25.718+0000] {logging_mixin.py:188} INFO - [2026-07-27T18:57:25.718+0000] {dag.py:3947} INFO - Setting next_dagrun for football_etl to 2026-07-27 18:56:00+00:00, run_after=2026-07-27 18:58:00+00:00
[2026-07-27T18:57:25.741+0000] {processor.py:183} INFO - Processing /opt/airflow/dags/football_etl_dag.py took 0.117 seconds
[2026-07-27T18:57:55.870+0000] {processor.py:161} INFO - Started process (PID=275) to work on /opt/airflow/dags/football_etl_dag.py
[2026-07-27T18:57:55.871+0000] {processor.py:830} INFO - Processing file /opt/airflow/dags/football_etl_dag.py for tasks to queue
[2026-07-27T18:57:55.874+0000] {logging_mixin.py:188} INFO - [2026-07-27T18:57:55.874+0000] {dagbag.py:545} INFO - Filling up the DagBag from /opt/airflow/dags/football_etl_dag.py
[2026-07-27T18:57:55.900+0000] {processor.py:840} INFO - DAG(s) 'football_etl' retrieved from /opt/airflow/dags/football_etl_dag.py
[2026-07-27T18:57:55.940+0000] {logging_mixin.py:188} INFO - [2026-07-27T18:57:55.940+0000] {dag.py:3089} INFO - Sync 1 DAGs
[2026-07-27T18:57:55.971+0000] {logging_mixin.py:188} INFO - [2026-07-27T18:57:55.971+0000] {dag.py:3947} INFO - Setting next_dagrun for football_etl to 2026-07-27 18:56:00+00:00, run_after=2026-07-27 18:58:00+00:00
[2026-07-27T18:57:55.994+0000] {processor.py:183} INFO - Processing /opt/airflow/dags/football_etl_dag.py took 0.134 seconds
[2026-07-27T18:58:26.197+0000] {processor.py:161} INFO - Started process (PID=286) to work on /opt/airflow/dags/football_etl_dag.py
[2026-07-27T18:58:26.198+0000] {processor.py:830} INFO - Processing file /opt/airflow/dags/football_etl_dag.py for tasks to queue
[2026-07-27T18:58:26.201+0000] {logging_mixin.py:188} INFO - [2026-07-27T18:58:26.200+0000] {dagbag.py:545} INFO - Filling up the DagBag from /opt/airflow/dags/football_etl_dag.py
[2026-07-27T18:58:26.229+0000] {processor.py:840} INFO - DAG(s) 'football_etl' retrieved from /opt/airflow/dags/football_etl_dag.py
[2026-07-27T18:58:26.269+0000] {logging_mixin.py:188} INFO - [2026-07-27T18:58:26.269+0000] {dag.py:3089} INFO - Sync 1 DAGs
[2026-07-27T18:58:26.296+0000] {logging_mixin.py:188} INFO - [2026-07-27T18:58:26.296+0000] {dag.py:3947} INFO - Setting next_dagrun for football_etl to 2026-07-27 18:58:00+00:00, run_after=2026-07-27 19:00:00+00:00
[2026-07-27T18:58:26.332+0000] {processor.py:183} INFO - Processing /opt/airflow/dags/football_etl_dag.py took 0.142 seconds
[2026-07-27T18:58:56.439+0000] {processor.py:161} INFO - Started process (PID=300) to work on /opt/airflow/dags/football_etl_dag.py
[2026-07-27T18:58:56.441+0000] {processor.py:830} INFO - Processing file /opt/airflow/dags/football_etl_dag.py for tasks to queue
[2026-07-27T18:58:56.445+0000] {logging_mixin.py:188} INFO - [2026-07-27T18:58:56.444+0000] {dagbag.py:545} INFO - Filling up the DagBag from /opt/airflow/dags/football_etl_dag.py
[2026-07-27T18:58:56.470+0000] {processor.py:840} INFO - DAG(s) 'football_etl' retrieved from /opt/airflow/dags/football_etl_dag.py
[2026-07-27T18:58:56.521+0000] {logging_mixin.py:188} INFO - [2026-07-27T18:58:56.520+0000] {dag.py:3089} INFO - Sync 1 DAGs
[2026-07-27T18:58:56.559+0000] {logging_mixin.py:188} INFO - [2026-07-27T18:58:56.559+0000] {dag.py:3947} INFO - Setting next_dagrun for football_etl to 2026-07-27 18:58:00+00:00, run_after=2026-07-27 19:00:00+00:00
[2026-07-27T18:58:56.583+0000] {processor.py:183} INFO - Processing /opt/airflow/dags/football_etl_dag.py took 0.154 seconds
[2026-07-27T18:59:26.744+0000] {processor.py:161} INFO - Started process (PID=311) to work on /opt/airflow/dags/football_etl_dag.py
[2026-07-27T18:59:26.746+0000] {processor.py:830} INFO - Processing file /opt/airflow/dags/football_etl_dag.py for tasks to queue
[2026-07-27T18:59:26.750+0000] {logging_mixin.py:188} INFO - [2026-07-27T18:59:26.749+0000] {dagbag.py:545} INFO - Filling up the DagBag from /opt/airflow/dags/football_etl_dag.py
[2026-07-27T18:59:26.774+0000] {processor.py:840} INFO - DAG(s) 'football_etl' retrieved from /opt/airflow/dags/football_etl_dag.py
[2026-07-27T18:59:26.811+0000] {logging_mixin.py:188} INFO - [2026-07-27T18:59:26.810+0000] {dag.py:3089} INFO - Sync 1 DAGs
[2026-07-27T18:59:26.838+0000] {logging_mixin.py:188} INFO - [2026-07-27T18:59:26.838+0000] {dag.py:3947} INFO - Setting next_dagrun for football_etl to 2026-07-27 18:58:00+00:00, run_after=2026-07-27 19:00:00+00:00
[2026-07-27T18:59:26.860+0000] {processor.py:183} INFO - Processing /opt/airflow/dags/football_etl_dag.py took 0.122 seconds
[2026-07-27T18:59:56.997+0000] {processor.py:161} INFO - Started process (PID=316) to work on /opt/airflow/dags/football_etl_dag.py
[2026-07-27T18:59:56.999+0000] {processor.py:830} INFO - Processing file /opt/airflow/dags/football_etl_dag.py for tasks to queue
[2026-07-27T18:59:57.002+0000] {logging_mixin.py:188} INFO - [2026-07-27T18:59:57.001+0000] {dagbag.py:545} INFO - Filling up the DagBag from /opt/airflow/dags/football_etl_dag.py
[2026-07-27T18:59:57.031+0000] {processor.py:840} INFO - DAG(s) 'football_etl' retrieved from /opt/airflow/dags/football_etl_dag.py
[2026-07-27T18:59:57.076+0000] {logging_mixin.py:188} INFO - [2026-07-27T18:59:57.076+0000] {dag.py:3089} INFO - Sync 1 DAGs
[2026-07-27T18:59:57.105+0000] {logging_mixin.py:188} INFO - [2026-07-27T18:59:57.105+0000] {dag.py:3947} INFO - Setting next_dagrun for football_etl to 2026-07-27 18:58:00+00:00, run_after=2026-07-27 19:00:00+00:00
[2026-07-27T18:59:57.129+0000] {processor.py:183} INFO - Processing /opt/airflow/dags/football_etl_dag.py took 0.139 seconds
[2026-07-27T19:00:27.248+0000] {processor.py:161} INFO - Started process (PID=330) to work on /opt/airflow/dags/football_etl_dag.py
[2026-07-27T19:00:27.249+0000] {processor.py:830} INFO - Processing file /opt/airflow/dags/football_etl_dag.py for tasks to queue
[2026-07-27T19:00:27.251+0000] {logging_mixin.py:188} INFO - [2026-07-27T19:00:27.251+0000] {dagbag.py:545} INFO - Filling up the DagBag from /opt/airflow/dags/football_etl_dag.py
[2026-07-27T19:00:27.273+0000] {processor.py:840} INFO - DAG(s) 'football_etl' retrieved from /opt/airflow/dags/football_etl_dag.py
[2026-07-27T19:00:27.306+0000] {logging_mixin.py:188} INFO - [2026-07-27T19:00:27.306+0000] {dag.py:3089} INFO - Sync 1 DAGs
[2026-07-27T19:00:27.332+0000] {logging_mixin.py:188} INFO - [2026-07-27T19:00:27.332+0000] {dag.py:3947} INFO - Setting next_dagrun for football_etl to 2026-07-27 19:00:00+00:00, run_after=2026-07-27 19:02:00+00:00
[2026-07-27T19:00:27.353+0000] {processor.py:183} INFO - Processing /opt/airflow/dags/football_etl_dag.py took 0.111 seconds
[2026-07-27T19:00:57.571+0000] {processor.py:161} INFO - Started process (PID=335) to work on /opt/airflow/dags/football_etl_dag.py
[2026-07-27T19:00:57.572+0000] {processor.py:830} INFO - Processing file /opt/airflow/dags/football_etl_dag.py for tasks to queue
[2026-07-27T19:00:57.575+0000] {logging_mixin.py:188} INFO - [2026-07-27T19:00:57.575+0000] {dagbag.py:545} INFO - Filling up the DagBag from /opt/airflow/dags/football_etl_dag.py
[2026-07-27T19:00:57.602+0000] {processor.py:840} INFO - DAG(s) 'football_etl' retrieved from /opt/airflow/dags/football_etl_dag.py
[2026-07-27T19:00:57.641+0000] {logging_mixin.py:188} INFO - [2026-07-27T19:00:57.641+0000] {dag.py:3089} INFO - Sync 1 DAGs
[2026-07-27T19:00:57.669+0000] {logging_mixin.py:188} INFO - [2026-07-27T19:00:57.668+0000] {dag.py:3947} INFO - Setting next_dagrun for football_etl to 2026-07-27 19:00:00+00:00, run_after=2026-07-27 19:02:00+00:00
[2026-07-27T19:00:57.692+0000] {processor.py:183} INFO - Processing /opt/airflow/dags/football_etl_dag.py took 0.127 seconds
[2026-07-27T19:01:27.819+0000] {processor.py:161} INFO - Started process (PID=346) to work on /opt/airflow/dags/football_etl_dag.py
[2026-07-27T19:01:27.820+0000] {processor.py:830} INFO - Processing file /opt/airflow/dags/football_etl_dag.py for tasks to queue
[2026-07-27T19:01:27.823+0000] {logging_mixin.py:188} INFO - [2026-07-27T19:01:27.823+0000] {dagbag.py:545} INFO - Filling up the DagBag from /opt/airflow/dags/football_etl_dag.py
[2026-07-27T19:01:27.851+0000] {processor.py:840} INFO - DAG(s) 'football_etl' retrieved from /opt/airflow/dags/football_etl_dag.py
[2026-07-27T19:01:27.895+0000] {logging_mixin.py:188} INFO - [2026-07-27T19:01:27.895+0000] {dag.py:3089} INFO - Sync 1 DAGs
[2026-07-27T19:01:27.926+0000] {logging_mixin.py:188} INFO - [2026-07-27T19:01:27.926+0000] {dag.py:3947} INFO - Setting next_dagrun for football_etl to 2026-07-27 19:00:00+00:00, run_after=2026-07-27 19:02:00+00:00
[2026-07-27T19:01:27.951+0000] {processor.py:183} INFO - Processing /opt/airflow/dags/football_etl_dag.py took 0.141 seconds
[2026-07-27T19:01:58.098+0000] {processor.py:161} INFO - Started process (PID=351) to work on /opt/airflow/dags/football_etl_dag.py
[2026-07-27T19:01:58.099+0000] {processor.py:830} INFO - Processing file /opt/airflow/dags/football_etl_dag.py for tasks to queue
[2026-07-27T19:01:58.102+0000] {logging_mixin.py:188} INFO - [2026-07-27T19:01:58.102+0000] {dagbag.py:545} INFO - Filling up the DagBag from /opt/airflow/dags/football_etl_dag.py
[2026-07-27T19:01:58.129+0000] {processor.py:840} INFO - DAG(s) 'football_etl' retrieved from /opt/airflow/dags/football_etl_dag.py
[2026-07-27T19:01:58.166+0000] {logging_mixin.py:188} INFO - [2026-07-27T19:01:58.166+0000] {dag.py:3089} INFO - Sync 1 DAGs
[2026-07-27T19:01:58.191+0000] {logging_mixin.py:188} INFO - [2026-07-27T19:01:58.191+0000] {dag.py:3947} INFO - Setting next_dagrun for football_etl to 2026-07-27 19:00:00+00:00, run_after=2026-07-27 19:02:00+00:00
[2026-07-27T19:01:58.214+0000] {processor.py:183} INFO - Processing /opt/airflow/dags/football_etl_dag.py took 0.123 seconds
[2026-07-27T19:02:28.342+0000] {processor.py:161} INFO - Started process (PID=365) to work on /opt/airflow/dags/football_etl_dag.py
[2026-07-27T19:02:28.344+0000] {processor.py:830} INFO - Processing file /opt/airflow/dags/football_etl_dag.py for tasks to queue
[2026-07-27T19:02:28.346+0000] {logging_mixin.py:188} INFO - [2026-07-27T19:02:28.346+0000] {dagbag.py:545} INFO - Filling up the DagBag from /opt/airflow/dags/football_etl_dag.py
[2026-07-27T19:02:28.371+0000] {processor.py:840} INFO - DAG(s) 'football_etl' retrieved from /opt/airflow/dags/football_etl_dag.py
[2026-07-27T19:02:28.407+0000] {logging_mixin.py:188} INFO - [2026-07-27T19:02:28.407+0000] {dag.py:3089} INFO - Sync 1 DAGs
[2026-07-27T19:02:28.434+0000] {logging_mixin.py:188} INFO - [2026-07-27T19:02:28.434+0000] {dag.py:3947} INFO - Setting next_dagrun for football_etl to 2026-07-27 19:02:00+00:00, run_after=2026-07-27 19:04:00+00:00
[2026-07-27T19:02:28.461+0000] {processor.py:183} INFO - Processing /opt/airflow/dags/football_etl_dag.py took 0.126 seconds
[2026-07-27T19:02:58.659+0000] {processor.py:161} INFO - Started process (PID=370) to work on /opt/airflow/dags/football_etl_dag.py
[2026-07-27T19:02:58.661+0000] {processor.py:830} INFO - Processing file /opt/airflow/dags/football_etl_dag.py for tasks to queue
[2026-07-27T19:02:58.667+0000] {logging_mixin.py:188} INFO - [2026-07-27T19:02:58.666+0000] {dagbag.py:545} INFO - Filling up the DagBag from /opt/airflow/dags/football_etl_dag.py
[2026-07-27T19:02:58.701+0000] {processor.py:840} INFO - DAG(s) 'football_etl' retrieved from /opt/airflow/dags/football_etl_dag.py
[2026-07-27T19:02:58.741+0000] {logging_mixin.py:188} INFO - [2026-07-27T19:02:58.741+0000] {dag.py:3089} INFO - Sync 1 DAGs
[2026-07-27T19:02:58.769+0000] {logging_mixin.py:188} INFO - [2026-07-27T19:02:58.769+0000] {dag.py:3947} INFO - Setting next_dagrun for football_etl to 2026-07-27 19:02:00+00:00, run_after=2026-07-27 19:04:00+00:00
[2026-07-27T19:02:58.790+0000] {processor.py:183} INFO - Processing /opt/airflow/dags/football_etl_dag.py took 0.144 seconds
[2026-07-27T19:03:28.945+0000] {processor.py:161} INFO - Started process (PID=378) to work on /opt/airflow/dags/football_etl_dag.py
[2026-07-27T19:03:28.946+0000] {processor.py:830} INFO - Processing file /opt/airflow/dags/football_etl_dag.py for tasks to queue
[2026-07-27T19:03:28.949+0000] {logging_mixin.py:188} INFO - [2026-07-27T19:03:28.948+0000] {dagbag.py:545} INFO - Filling up the DagBag from /opt/airflow/dags/football_etl_dag.py
[2026-07-27T19:03:28.978+0000] {processor.py:840} INFO - DAG(s) 'football_etl' retrieved from /opt/airflow/dags/football_etl_dag.py
[2026-07-27T19:03:29.015+0000] {logging_mixin.py:188} INFO - [2026-07-27T19:03:29.015+0000] {dag.py:3089} INFO - Sync 1 DAGs
[2026-07-27T19:03:29.044+0000] {logging_mixin.py:188} INFO - [2026-07-27T19:03:29.044+0000] {dag.py:3947} INFO - Setting next_dagrun for football_etl to 2026-07-27 19:02:00+00:00, run_after=2026-07-27 19:04:00+00:00
[2026-07-27T19:03:29.066+0000] {processor.py:183} INFO - Processing /opt/airflow/dags/football_etl_dag.py took 0.129 seconds
[2026-07-27T19:03:59.204+0000] {processor.py:161} INFO - Started process (PID=389) to work on /opt/airflow/dags/football_etl_dag.py
[2026-07-27T19:03:59.205+0000] {processor.py:830} INFO - Processing file /opt/airflow/dags/football_etl_dag.py for tasks to queue
[2026-07-27T19:03:59.208+0000] {logging_mixin.py:188} INFO - [2026-07-27T19:03:59.207+0000] {dagbag.py:545} INFO - Filling up the DagBag from /opt/airflow/dags/football_etl_dag.py
[2026-07-27T19:03:59.234+0000] {processor.py:840} INFO - DAG(s) 'football_etl' retrieved from /opt/airflow/dags/football_etl_dag.py
[2026-07-27T19:03:59.279+0000] {logging_mixin.py:188} INFO - [2026-07-27T19:03:59.278+0000] {dag.py:3089} INFO - Sync 1 DAGs
[2026-07-27T19:03:59.314+0000] {logging_mixin.py:188} INFO - [2026-07-27T19:03:59.314+0000] {dag.py:3947} INFO - Setting next_dagrun for football_etl to 2026-07-27 19:02:00+00:00, run_after=2026-07-27 19:04:00+00:00
[2026-07-27T19:03:59.341+0000] {processor.py:183} INFO - Processing /opt/airflow/dags/football_etl_dag.py took 0.143 seconds
[2026-07-27T19:04:29.459+0000] {processor.py:161} INFO - Started process (PID=403) to work on /opt/airflow/dags/football_etl_dag.py
[2026-07-27T19:04:29.460+0000] {processor.py:830} INFO - Processing file /opt/airflow/dags/football_etl_dag.py for tasks to queue
[2026-07-27T19:04:29.463+0000] {logging_mixin.py:188} INFO - [2026-07-27T19:04:29.463+0000] {dagbag.py:545} INFO - Filling up the DagBag from /opt/airflow/dags/football_etl_dag.py
[2026-07-27T19:04:29.487+0000] {processor.py:840} INFO - DAG(s) 'football_etl' retrieved from /opt/airflow/dags/football_etl_dag.py
[2026-07-27T19:04:29.523+0000] {logging_mixin.py:188} INFO - [2026-07-27T19:04:29.523+0000] {dag.py:3089} INFO - Sync 1 DAGs
[2026-07-27T19:04:29.548+0000] {logging_mixin.py:188} INFO - [2026-07-27T19:04:29.548+0000] {dag.py:3947} INFO - Setting next_dagrun for football_etl to 2026-07-27 19:04:00+00:00, run_after=2026-07-27 19:06:00+00:00
[2026-07-27T19:04:29.570+0000] {processor.py:183} INFO - Processing /opt/airflow/dags/football_etl_dag.py took 0.118 seconds
[2026-07-27T19:04:59.759+0000] {processor.py:161} INFO - Started process (PID=408) to work on /opt/airflow/dags/football_etl_dag.py
[2026-07-27T19:04:59.760+0000] {processor.py:830} INFO - Processing file /opt/airflow/dags/football_etl_dag.py for tasks to queue
[2026-07-27T19:04:59.763+0000] {logging_mixin.py:188} INFO - [2026-07-27T19:04:59.762+0000] {dagbag.py:545} INFO - Filling up the DagBag from /opt/airflow/dags/football_etl_dag.py
[2026-07-27T19:04:59.788+0000] {processor.py:840} INFO - DAG(s) 'football_etl' retrieved from /opt/airflow/dags/football_etl_dag.py
[2026-07-27T19:04:59.825+0000] {logging_mixin.py:188} INFO - [2026-07-27T19:04:59.825+0000] {dag.py:3089} INFO - Sync 1 DAGs
[2026-07-27T19:04:59.851+0000] {logging_mixin.py:188} INFO - [2026-07-27T19:04:59.851+0000] {dag.py:3947} INFO - Setting next_dagrun for football_etl to 2026-07-27 19:04:00+00:00, run_after=2026-07-27 19:06:00+00:00
[2026-07-27T19:04:59.872+0000] {processor.py:183} INFO - Processing /opt/airflow/dags/football_etl_dag.py took 0.120 seconds
[2026-07-27T19:05:29.966+0000] {processor.py:161} INFO - Started process (PID=419) to work on /opt/airflow/dags/football_etl_dag.py
[2026-07-27T19:05:29.967+0000] {processor.py:830} INFO - Processing file /opt/airflow/dags/football_etl_dag.py for tasks to queue
[2026-07-27T19:05:29.970+0000] {logging_mixin.py:188} INFO - [2026-07-27T19:05:29.969+0000] {dagbag.py:545} INFO - Filling up the DagBag from /opt/airflow/dags/football_etl_dag.py
[2026-07-27T19:05:29.999+0000] {processor.py:840} INFO - DAG(s) 'football_etl' retrieved from /opt/airflow/dags/football_etl_dag.py
[2026-07-27T19:05:30.042+0000] {logging_mixin.py:188} INFO - [2026-07-27T19:05:30.041+0000] {dag.py:3089} INFO - Sync 1 DAGs
[2026-07-27T19:05:30.070+0000] {logging_mixin.py:188} INFO - [2026-07-27T19:05:30.070+0000] {dag.py:3947} INFO - Setting next_dagrun for football_etl to 2026-07-27 19:04:00+00:00, run_after=2026-07-27 19:06:00+00:00
[2026-07-27T19:05:30.094+0000] {processor.py:183} INFO - Processing /opt/airflow/dags/football_etl_dag.py took 0.137 seconds
[2026-07-27T19:06:00.282+0000] {processor.py:161} INFO - Started process (PID=424) to work on /opt/airflow/dags/football_etl_dag.py
[2026-07-27T19:06:00.283+0000] {processor.py:830} INFO - Processing file /opt/airflow/dags/football_etl_dag.py for tasks to queue
[2026-07-27T19:06:00.287+0000] {logging_mixin.py:188} INFO - [2026-07-27T19:06:00.286+0000] {dagbag.py:545} INFO - Filling up the DagBag from /opt/airflow/dags/football_etl_dag.py
[2026-07-27T19:06:00.317+0000] {processor.py:840} INFO - DAG(s) 'football_etl' retrieved from /opt/airflow/dags/football_etl_dag.py
[2026-07-27T19:06:00.399+0000] {logging_mixin.py:188} INFO - [2026-07-27T19:06:00.398+0000] {dag.py:3089} INFO - Sync 1 DAGs
[2026-07-27T19:06:00.437+0000] {logging_mixin.py:188} INFO - [2026-07-27T19:06:00.436+0000] {dag.py:3947} INFO - Setting next_dagrun for football_etl to 2026-07-27 19:06:00+00:00, run_after=2026-07-27 19:08:00+00:00
[2026-07-27T19:06:00.469+0000] {processor.py:183} INFO - Processing /opt/airflow/dags/football_etl_dag.py took 0.197 seconds
[2026-07-27T19:06:30.541+0000] {processor.py:161} INFO - Started process (PID=438) to work on /opt/airflow/dags/football_etl_dag.py
[2026-07-27T19:06:30.542+0000] {processor.py:830} INFO - Processing file /opt/airflow/dags/football_etl_dag.py for tasks to queue
[2026-07-27T19:06:30.545+0000] {logging_mixin.py:188} INFO - [2026-07-27T19:06:30.545+0000] {dagbag.py:545} INFO - Filling up the DagBag from /opt/airflow/dags/football_etl_dag.py
[2026-07-27T19:06:30.573+0000] {processor.py:840} INFO - DAG(s) 'football_etl' retrieved from /opt/airflow/dags/football_etl_dag.py
[2026-07-27T19:06:30.612+0000] {logging_mixin.py:188} INFO - [2026-07-27T19:06:30.612+0000] {dag.py:3089} INFO - Sync 1 DAGs
[2026-07-27T19:06:30.666+0000] {logging_mixin.py:188} INFO - [2026-07-27T19:06:30.666+0000] {dag.py:3947} INFO - Setting next_dagrun for football_etl to 2026-07-27 19:06:00+00:00, run_after=2026-07-27 19:08:00+00:00
[2026-07-27T19:06:30.698+0000] {processor.py:183} INFO - Processing /opt/airflow/dags/football_etl_dag.py took 0.165 seconds
[2026-07-27T19:07:00.964+0000] {processor.py:161} INFO - Started process (PID=443) to work on /opt/airflow/dags/football_etl_dag.py
[2026-07-27T19:07:00.965+0000] {processor.py:830} INFO - Processing file /opt/airflow/dags/football_etl_dag.py for tasks to queue
[2026-07-27T19:07:00.968+0000] {logging_mixin.py:188} INFO - [2026-07-27T19:07:00.967+0000] {dagbag.py:545} INFO - Filling up the DagBag from /opt/airflow/dags/football_etl_dag.py
[2026-07-27T19:07:00.996+0000] {processor.py:840} INFO - DAG(s) 'football_etl' retrieved from /opt/airflow/dags/football_etl_dag.py
[2026-07-27T19:07:01.037+0000] {logging_mixin.py:188} INFO - [2026-07-27T19:07:01.036+0000] {dag.py:3089} INFO - Sync 1 DAGs
[2026-07-27T19:07:01.065+0000] {logging_mixin.py:188} INFO - [2026-07-27T19:07:01.065+0000] {dag.py:3947} INFO - Setting next_dagrun for football_etl to 2026-07-27 19:06:00+00:00, run_after=2026-07-27 19:08:00+00:00
[2026-07-27T19:07:01.086+0000] {processor.py:183} INFO - Processing /opt/airflow/dags/football_etl_dag.py took 0.130 seconds
[2026-07-27T19:07:31.179+0000] {processor.py:161} INFO - Started process (PID=454) to work on /opt/airflow/dags/football_etl_dag.py
[2026-07-27T19:07:31.181+0000] {processor.py:830} INFO - Processing file /opt/airflow/dags/football_etl_dag.py for tasks to queue
[2026-07-27T19:07:31.184+0000] {logging_mixin.py:188} INFO - [2026-07-27T19:07:31.184+0000] {dagbag.py:545} INFO - Filling up the DagBag from /opt/airflow/dags/football_etl_dag.py
[2026-07-27T19:07:31.216+0000] {processor.py:840} INFO - DAG(s) 'football_etl' retrieved from /opt/airflow/dags/football_etl_dag.py
[2026-07-27T19:07:31.271+0000] {logging_mixin.py:188} INFO - [2026-07-27T19:07:31.270+0000] {dag.py:3089} INFO - Sync 1 DAGs
[2026-07-27T19:07:31.307+0000] {logging_mixin.py:188} INFO - [2026-07-27T19:07:31.307+0000] {dag.py:3947} INFO - Setting next_dagrun for football_etl to 2026-07-27 19:06:00+00:00, run_after=2026-07-27 19:08:00+00:00
[2026-07-27T19:07:31.337+0000] {processor.py:183} INFO - Processing /opt/airflow/dags/football_etl_dag.py took 0.167 seconds
[2026-07-27T19:08:01.525+0000] {processor.py:161} INFO - Started process (PID=472) to work on /opt/airflow/dags/football_etl_dag.py
[2026-07-27T19:08:01.527+0000] {processor.py:830} INFO - Processing file /opt/airflow/dags/football_etl_dag.py for tasks to queue
[2026-07-27T19:08:01.531+0000] {logging_mixin.py:188} INFO - [2026-07-27T19:08:01.531+0000] {dagbag.py:545} INFO - Filling up the DagBag from /opt/airflow/dags/football_etl_dag.py
[2026-07-27T19:08:01.572+0000] {processor.py:840} INFO - DAG(s) 'football_etl' retrieved from /opt/airflow/dags/football_etl_dag.py
[2026-07-27T19:08:01.629+0000] {logging_mixin.py:188} INFO - [2026-07-27T19:08:01.629+0000] {dag.py:3089} INFO - Sync 1 DAGs
[2026-07-27T19:08:01.668+0000] {logging_mixin.py:188} INFO - [2026-07-27T19:08:01.668+0000] {dag.py:3947} INFO - Setting next_dagrun for football_etl to 2026-07-27 19:08:00+00:00, run_after=2026-07-27 19:10:00+00:00
[2026-07-27T19:08:01.697+0000] {processor.py:183} INFO - Processing /opt/airflow/dags/football_etl_dag.py took 0.180 seconds
[2026-07-27T19:08:31.816+0000] {processor.py:161} INFO - Started process (PID=484) to work on /opt/airflow/dags/football_etl_dag.py
[2026-07-27T19:08:31.818+0000] {processor.py:830} INFO - Processing file /opt/airflow/dags/football_etl_dag.py for tasks to queue
[2026-07-27T19:08:31.820+0000] {logging_mixin.py:188} INFO - [2026-07-27T19:08:31.820+0000] {dagbag.py:545} INFO - Filling up the DagBag from /opt/airflow/dags/football_etl_dag.py
[2026-07-27T19:08:31.848+0000] {processor.py:840} INFO - DAG(s) 'football_etl' retrieved from /opt/airflow/dags/football_etl_dag.py
[2026-07-27T19:08:31.889+0000] {logging_mixin.py:188} INFO - [2026-07-27T19:08:31.889+0000] {dag.py:3089} INFO - Sync 1 DAGs
[2026-07-27T19:08:31.918+0000] {logging_mixin.py:188} INFO - [2026-07-27T19:08:31.918+0000] {dag.py:3947} INFO - Setting next_dagrun for football_etl to 2026-07-27 19:08:00+00:00, run_after=2026-07-27 19:10:00+00:00
[2026-07-27T19:08:31.967+0000] {processor.py:183} INFO - Processing /opt/airflow/dags/football_etl_dag.py took 0.160 seconds
[2026-07-27T19:09:02.244+0000] {processor.py:161} INFO - Started process (PID=492) to work on /opt/airflow/dags/football_etl_dag.py
[2026-07-27T19:09:02.246+0000] {processor.py:830} INFO - Processing file /opt/airflow/dags/football_etl_dag.py for tasks to queue
[2026-07-27T19:09:02.249+0000] {logging_mixin.py:188} INFO - [2026-07-27T19:09:02.248+0000] {dagbag.py:545} INFO - Filling up the DagBag from /opt/airflow/dags/football_etl_dag.py
[2026-07-27T19:09:02.282+0000] {processor.py:840} INFO - DAG(s) 'football_etl' retrieved from /opt/airflow/dags/football_etl_dag.py
[2026-07-27T19:09:02.327+0000] {logging_mixin.py:188} INFO - [2026-07-27T19:09:02.327+0000] {dag.py:3089} INFO - Sync 1 DAGs
[2026-07-27T19:09:02.367+0000] {logging_mixin.py:188} INFO - [2026-07-27T19:09:02.367+0000] {dag.py:3947} INFO - Setting next_dagrun for football_etl to 2026-07-27 19:08:00+00:00, run_after=2026-07-27 19:10:00+00:00
[2026-07-27T19:09:02.394+0000] {processor.py:183} INFO - Processing /opt/airflow/dags/football_etl_dag.py took 0.158 seconds
[2026-07-27T19:09:32.581+0000] {processor.py:161} INFO - Started process (PID=503) to work on /opt/airflow/dags/football_etl_dag.py
[2026-07-27T19:09:32.583+0000] {processor.py:830} INFO - Processing file /opt/airflow/dags/football_etl_dag.py for tasks to queue
[2026-07-27T19:09:32.586+0000] {logging_mixin.py:188} INFO - [2026-07-27T19:09:32.585+0000] {dagbag.py:545} INFO - Filling up the DagBag from /opt/airflow/dags/football_etl_dag.py
[2026-07-27T19:09:32.615+0000] {processor.py:840} INFO - DAG(s) 'football_etl' retrieved from /opt/airflow/dags/football_etl_dag.py
[2026-07-27T19:09:32.656+0000] {logging_mixin.py:188} INFO - [2026-07-27T19:09:32.656+0000] {dag.py:3089} INFO - Sync 1 DAGs
[2026-07-27T19:09:32.709+0000] {logging_mixin.py:188} INFO - [2026-07-27T19:09:32.708+0000] {dag.py:3947} INFO - Setting next_dagrun for football_etl to 2026-07-27 19:08:00+00:00, run_after=2026-07-27 19:10:00+00:00
[2026-07-27T19:09:32.743+0000] {processor.py:183} INFO - Processing /opt/airflow/dags/football_etl_dag.py took 0.172 seconds
[2026-07-27T19:10:02.813+0000] {processor.py:161} INFO - Started process (PID=513) to work on /opt/airflow/dags/football_etl_dag.py
[2026-07-27T19:10:02.815+0000] {processor.py:830} INFO - Processing file /opt/airflow/dags/football_etl_dag.py for tasks to queue
[2026-07-27T19:10:02.818+0000] {logging_mixin.py:188} INFO - [2026-07-27T19:10:02.818+0000] {dagbag.py:545} INFO - Filling up the DagBag from /opt/airflow/dags/football_etl_dag.py
[2026-07-27T19:10:02.847+0000] {processor.py:840} INFO - DAG(s) 'football_etl' retrieved from /opt/airflow/dags/football_etl_dag.py
[2026-07-27T19:10:02.891+0000] {logging_mixin.py:188} INFO - [2026-07-27T19:10:02.891+0000] {dag.py:3089} INFO - Sync 1 DAGs
[2026-07-27T19:10:02.924+0000] {logging_mixin.py:188} INFO - [2026-07-27T19:10:02.923+0000] {dag.py:3947} INFO - Setting next_dagrun for football_etl to 2026-07-27 19:10:00+00:00, run_after=2026-07-27 19:12:00+00:00
[2026-07-27T19:10:02.944+0000] {processor.py:183} INFO - Processing /opt/airflow/dags/football_etl_dag.py took 0.139 seconds
[2026-07-27T19:10:33.011+0000] {processor.py:161} INFO - Started process (PID=522) to work on /opt/airflow/dags/football_etl_dag.py
[2026-07-27T19:10:33.013+0000] {processor.py:830} INFO - Processing file /opt/airflow/dags/football_etl_dag.py for tasks to queue
[2026-07-27T19:10:33.016+0000] {logging_mixin.py:188} INFO - [2026-07-27T19:10:33.015+0000] {dagbag.py:545} INFO - Filling up the DagBag from /opt/airflow/dags/football_etl_dag.py
[2026-07-27T19:10:33.042+0000] {processor.py:840} INFO - DAG(s) 'football_etl' retrieved from /opt/airflow/dags/football_etl_dag.py
[2026-07-27T19:10:33.085+0000] {logging_mixin.py:188} INFO - [2026-07-27T19:10:33.085+0000] {dag.py:3089} INFO - Sync 1 DAGs
[2026-07-27T19:10:33.116+0000] {logging_mixin.py:188} INFO - [2026-07-27T19:10:33.115+0000] {dag.py:3947} INFO - Setting next_dagrun for football_etl to 2026-07-27 19:10:00+00:00, run_after=2026-07-27 19:12:00+00:00
[2026-07-27T19:10:33.176+0000] {processor.py:183} INFO - Processing /opt/airflow/dags/football_etl_dag.py took 0.173 seconds
[2026-07-27T19:11:03.342+0000] {processor.py:161} INFO - Started process (PID=527) to work on /opt/airflow/dags/football_etl_dag.py
[2026-07-27T19:11:03.344+0000] {processor.py:830} INFO - Processing file /opt/airflow/dags/football_etl_dag.py for tasks to queue
[2026-07-27T19:11:03.348+0000] {logging_mixin.py:188} INFO - [2026-07-27T19:11:03.348+0000] {dagbag.py:545} INFO - Filling up the DagBag from /opt/airflow/dags/football_etl_dag.py
[2026-07-27T19:11:03.384+0000] {processor.py:840} INFO - DAG(s) 'football_etl' retrieved from /opt/airflow/dags/football_etl_dag.py
[2026-07-27T19:11:03.438+0000] {logging_mixin.py:188} INFO - [2026-07-27T19:11:03.437+0000] {dag.py:3089} INFO - Sync 1 DAGs
[2026-07-27T19:11:03.479+0000] {logging_mixin.py:188} INFO - [2026-07-27T19:11:03.479+0000] {dag.py:3947} INFO - Setting next_dagrun for football_etl to 2026-07-27 19:10:00+00:00, run_after=2026-07-27 19:12:00+00:00
[2026-07-27T19:11:03.508+0000] {processor.py:183} INFO - Processing /opt/airflow/dags/football_etl_dag.py took 0.175 seconds
[2026-07-27T19:11:33.604+0000] {processor.py:161} INFO - Started process (PID=538) to work on /opt/airflow/dags/football_etl_dag.py
[2026-07-27T19:11:33.606+0000] {processor.py:830} INFO - Processing file /opt/airflow/dags/football_etl_dag.py for tasks to queue
[2026-07-27T19:11:33.611+0000] {logging_mixin.py:188} INFO - [2026-07-27T19:11:33.610+0000] {dagbag.py:545} INFO - Filling up the DagBag from /opt/airflow/dags/football_etl_dag.py
[2026-07-27T19:11:33.650+0000] {processor.py:840} INFO - DAG(s) 'football_etl' retrieved from /opt/airflow/dags/football_etl_dag.py
[2026-07-27T19:11:33.707+0000] {logging_mixin.py:188} INFO - [2026-07-27T19:11:33.706+0000] {dag.py:3089} INFO - Sync 1 DAGs
[2026-07-27T19:11:33.743+0000] {logging_mixin.py:188} INFO - [2026-07-27T19:11:33.743+0000] {dag.py:3947} INFO - Setting next_dagrun for football_etl to 2026-07-27 19:10:00+00:00, run_after=2026-07-27 19:12:00+00:00
[2026-07-27T19:11:33.772+0000] {processor.py:183} INFO - Processing /opt/airflow/dags/football_etl_dag.py took 0.180 seconds
[2026-07-27T19:12:03.892+0000] {processor.py:161} INFO - Started process (PID=549) to work on /opt/airflow/dags/football_etl_dag.py
[2026-07-27T19:12:03.894+0000] {processor.py:830} INFO - Processing file /opt/airflow/dags/football_etl_dag.py for tasks to queue
[2026-07-27T19:12:03.897+0000] {logging_mixin.py:188} INFO - [2026-07-27T19:12:03.896+0000] {dagbag.py:545} INFO - Filling up the DagBag from /opt/airflow/dags/football_etl_dag.py
[2026-07-27T19:12:03.922+0000] {processor.py:840} INFO - DAG(s) 'football_etl' retrieved from /opt/airflow/dags/football_etl_dag.py
[2026-07-27T19:12:03.959+0000] {logging_mixin.py:188} INFO - [2026-07-27T19:12:03.959+0000] {dag.py:3089} INFO - Sync 1 DAGs
[2026-07-27T19:12:03.985+0000] {logging_mixin.py:188} INFO - [2026-07-27T19:12:03.985+0000] {dag.py:3947} INFO - Setting next_dagrun for football_etl to 2026-07-27 19:12:00+00:00, run_after=2026-07-27 19:14:00+00:00
[2026-07-27T19:12:04.006+0000] {processor.py:183} INFO - Processing /opt/airflow/dags/football_etl_dag.py took 0.122 seconds
[2026-07-27T19:12:34.157+0000] {processor.py:161} INFO - Started process (PID=557) to work on /opt/airflow/dags/football_etl_dag.py
[2026-07-27T19:12:34.159+0000] {processor.py:830} INFO - Processing file /opt/airflow/dags/football_etl_dag.py for tasks to queue
[2026-07-27T19:12:34.161+0000] {logging_mixin.py:188} INFO - [2026-07-27T19:12:34.161+0000] {dagbag.py:545} INFO - Filling up the DagBag from /opt/airflow/dags/football_etl_dag.py
[2026-07-27T19:12:34.189+0000] {processor.py:840} INFO - DAG(s) 'football_etl' retrieved from /opt/airflow/dags/football_etl_dag.py
[2026-07-27T19:12:34.227+0000] {logging_mixin.py:188} INFO - [2026-07-27T19:12:34.227+0000] {dag.py:3089} INFO - Sync 1 DAGs
[2026-07-27T19:12:34.255+0000] {logging_mixin.py:188} INFO - [2026-07-27T19:12:34.255+0000] {dag.py:3947} INFO - Setting next_dagrun for football_etl to 2026-07-27 19:12:00+00:00, run_after=2026-07-27 19:14:00+00:00
[2026-07-27T19:12:34.295+0000] {processor.py:183} INFO - Processing /opt/airflow/dags/football_etl_dag.py took 0.145 seconds
[2026-07-27T19:13:04.429+0000] {processor.py:161} INFO - Started process (PID=565) to work on /opt/airflow/dags/football_etl_dag.py
[2026-07-27T19:13:04.431+0000] {processor.py:830} INFO - Processing file /opt/airflow/dags/football_etl_dag.py for tasks to queue
[2026-07-27T19:13:04.434+0000] {logging_mixin.py:188} INFO - [2026-07-27T19:13:04.433+0000] {dagbag.py:545} INFO - Filling up the DagBag from /opt/airflow/dags/football_etl_dag.py
[2026-07-27T19:13:04.467+0000] {processor.py:840} INFO - DAG(s) 'football_etl' retrieved from /opt/airflow/dags/football_etl_dag.py
[2026-07-27T19:13:04.512+0000] {logging_mixin.py:188} INFO - [2026-07-27T19:13:04.512+0000] {dag.py:3089} INFO - Sync 1 DAGs
[2026-07-27T19:13:04.555+0000] {logging_mixin.py:188} INFO - [2026-07-27T19:13:04.554+0000] {dag.py:3947} INFO - Setting next_dagrun for football_etl to 2026-07-27 19:12:00+00:00, run_after=2026-07-27 19:14:00+00:00
[2026-07-27T19:13:04.586+0000] {processor.py:183} INFO - Processing /opt/airflow/dags/football_etl_dag.py took 0.167 seconds
[2026-07-27T19:13:34.732+0000] {processor.py:161} INFO - Started process (PID=576) to work on /opt/airflow/dags/football_etl_dag.py
[2026-07-27T19:13:34.733+0000] {processor.py:830} INFO - Processing file /opt/airflow/dags/football_etl_dag.py for tasks to queue
[2026-07-27T19:13:34.736+0000] {logging_mixin.py:188} INFO - [2026-07-27T19:13:34.735+0000] {dagbag.py:545} INFO - Filling up the DagBag from /opt/airflow/dags/football_etl_dag.py
[2026-07-27T19:13:34.761+0000] {processor.py:840} INFO - DAG(s) 'football_etl' retrieved from /opt/airflow/dags/football_etl_dag.py
[2026-07-27T19:13:34.795+0000] {logging_mixin.py:188} INFO - [2026-07-27T19:13:34.795+0000] {dag.py:3089} INFO - Sync 1 DAGs
[2026-07-27T19:13:34.823+0000] {logging_mixin.py:188} INFO - [2026-07-27T19:13:34.823+0000] {dag.py:3947} INFO - Setting next_dagrun for football_etl to 2026-07-27 19:12:00+00:00, run_after=2026-07-27 19:14:00+00:00
[2026-07-27T19:13:34.847+0000] {processor.py:183} INFO - Processing /opt/airflow/dags/football_etl_dag.py took 0.122 seconds
[2026-07-27T19:14:05.010+0000] {processor.py:161} INFO - Started process (PID=587) to work on /opt/airflow/dags/football_etl_dag.py
[2026-07-27T19:14:05.011+0000] {processor.py:830} INFO - Processing file /opt/airflow/dags/football_etl_dag.py for tasks to queue
[2026-07-27T19:14:05.014+0000] {logging_mixin.py:188} INFO - [2026-07-27T19:14:05.014+0000] {dagbag.py:545} INFO - Filling up the DagBag from /opt/airflow/dags/football_etl_dag.py
[2026-07-27T19:14:05.044+0000] {processor.py:840} INFO - DAG(s) 'football_etl' retrieved from /opt/airflow/dags/football_etl_dag.py
[2026-07-27T19:14:05.094+0000] {logging_mixin.py:188} INFO - [2026-07-27T19:14:05.094+0000] {dag.py:3089} INFO - Sync 1 DAGs
[2026-07-27T19:14:05.123+0000] {logging_mixin.py:188} INFO - [2026-07-27T19:14:05.123+0000] {dag.py:3947} INFO - Setting next_dagrun for football_etl to 2026-07-27 19:14:00+00:00, run_after=2026-07-27 19:16:00+00:00
[2026-07-27T19:14:05.152+0000] {processor.py:183} INFO - Processing /opt/airflow/dags/football_etl_dag.py took 0.152 seconds
[2026-07-27T19:14:35.241+0000] {processor.py:161} INFO - Started process (PID=595) to work on /opt/airflow/dags/football_etl_dag.py
[2026-07-27T19:14:35.243+0000] {processor.py:830} INFO - Processing file /opt/airflow/dags/football_etl_dag.py for tasks to queue
[2026-07-27T19:14:35.247+0000] {logging_mixin.py:188} INFO - [2026-07-27T19:14:35.246+0000] {dagbag.py:545} INFO - Filling up the DagBag from /opt/airflow/dags/football_etl_dag.py
[2026-07-27T19:14:35.278+0000] {processor.py:840} INFO - DAG(s) 'football_etl' retrieved from /opt/airflow/dags/football_etl_dag.py
[2026-07-27T19:14:35.321+0000] {logging_mixin.py:188} INFO - [2026-07-27T19:14:35.321+0000] {dag.py:3089} INFO - Sync 1 DAGs
[2026-07-27T19:14:35.350+0000] {logging_mixin.py:188} INFO - [2026-07-27T19:14:35.350+0000] {dag.py:3947} INFO - Setting next_dagrun for football_etl to 2026-07-27 19:14:00+00:00, run_after=2026-07-27 19:16:00+00:00
[2026-07-27T19:14:35.373+0000] {processor.py:183} INFO - Processing /opt/airflow/dags/football_etl_dag.py took 0.141 seconds
[2026-07-27T19:15:05.603+0000] {processor.py:161} INFO - Started process (PID=600) to work on /opt/airflow/dags/football_etl_dag.py
[2026-07-27T19:15:05.604+0000] {processor.py:830} INFO - Processing file /opt/airflow/dags/football_etl_dag.py for tasks to queue
[2026-07-27T19:15:05.607+0000] {logging_mixin.py:188} INFO - [2026-07-27T19:15:05.607+0000] {dagbag.py:545} INFO - Filling up the DagBag from /opt/airflow/dags/football_etl_dag.py
[2026-07-27T19:15:05.632+0000] {processor.py:840} INFO - DAG(s) 'football_etl' retrieved from /opt/airflow/dags/football_etl_dag.py
[2026-07-27T19:15:05.669+0000] {logging_mixin.py:188} INFO - [2026-07-27T19:15:05.669+0000] {dag.py:3089} INFO - Sync 1 DAGs
[2026-07-27T19:15:05.696+0000] {logging_mixin.py:188} INFO - [2026-07-27T19:15:05.696+0000] {dag.py:3947} INFO - Setting next_dagrun for football_etl to 2026-07-27 19:14:00+00:00, run_after=2026-07-27 19:16:00+00:00
[2026-07-27T19:15:05.718+0000] {processor.py:183} INFO - Processing /opt/airflow/dags/football_etl_dag.py took 0.122 seconds
[2026-07-27T19:15:35.817+0000] {processor.py:161} INFO - Started process (PID=611) to work on /opt/airflow/dags/football_etl_dag.py
[2026-07-27T19:15:35.819+0000] {processor.py:830} INFO - Processing file /opt/airflow/dags/football_etl_dag.py for tasks to queue
[2026-07-27T19:15:35.822+0000] {logging_mixin.py:188} INFO - [2026-07-27T19:15:35.821+0000] {dagbag.py:545} INFO - Filling up the DagBag from /opt/airflow/dags/football_etl_dag.py
[2026-07-27T19:15:35.852+0000] {processor.py:840} INFO - DAG(s) 'football_etl' retrieved from /opt/airflow/dags/football_etl_dag.py
[2026-07-27T19:15:35.890+0000] {logging_mixin.py:188} INFO - [2026-07-27T19:15:35.890+0000] {dag.py:3089} INFO - Sync 1 DAGs
[2026-07-27T19:15:35.920+0000] {logging_mixin.py:188} INFO - [2026-07-27T19:15:35.920+0000] {dag.py:3947} INFO - Setting next_dagrun for football_etl to 2026-07-27 19:14:00+00:00, run_after=2026-07-27 19:16:00+00:00
[2026-07-27T19:15:35.942+0000] {processor.py:183} INFO - Processing /opt/airflow/dags/football_etl_dag.py took 0.133 seconds
[2026-07-27T19:16:06.140+0000] {processor.py:161} INFO - Started process (PID=622) to work on /opt/airflow/dags/football_etl_dag.py
[2026-07-27T19:16:06.143+0000] {processor.py:830} INFO - Processing file /opt/airflow/dags/football_etl_dag.py for tasks to queue
[2026-07-27T19:16:06.146+0000] {logging_mixin.py:188} INFO - [2026-07-27T19:16:06.146+0000] {dagbag.py:545} INFO - Filling up the DagBag from /opt/airflow/dags/football_etl_dag.py
[2026-07-27T19:16:06.171+0000] {processor.py:840} INFO - DAG(s) 'football_etl' retrieved from /opt/airflow/dags/football_etl_dag.py
[2026-07-27T19:16:06.210+0000] {logging_mixin.py:188} INFO - [2026-07-27T19:16:06.209+0000] {dag.py:3089} INFO - Sync 1 DAGs
[2026-07-27T19:16:06.239+0000] {logging_mixin.py:188} INFO - [2026-07-27T19:16:06.239+0000] {dag.py:3947} INFO - Setting next_dagrun for football_etl to 2026-07-27 19:16:00+00:00, run_after=2026-07-27 19:18:00+00:00
[2026-07-27T19:16:06.262+0000] {processor.py:183} INFO - Processing /opt/airflow/dags/football_etl_dag.py took 0.134 seconds
[2026-07-27T19:16:36.360+0000] {processor.py:161} INFO - Started process (PID=630) to work on /opt/airflow/dags/football_etl_dag.py
[2026-07-27T19:16:36.361+0000] {processor.py:830} INFO - Processing file /opt/airflow/dags/football_etl_dag.py for tasks to queue
[2026-07-27T19:16:36.366+0000] {logging_mixin.py:188} INFO - [2026-07-27T19:16:36.366+0000] {dagbag.py:545} INFO - Filling up the DagBag from /opt/airflow/dags/football_etl_dag.py
[2026-07-27T19:16:36.402+0000] {processor.py:840} INFO - DAG(s) 'football_etl' retrieved from /opt/airflow/dags/football_etl_dag.py
[2026-07-27T19:16:36.457+0000] {logging_mixin.py:188} INFO - [2026-07-27T19:16:36.457+0000] {dag.py:3089} INFO - Sync 1 DAGs
[2026-07-27T19:16:36.490+0000] {logging_mixin.py:188} INFO - [2026-07-27T19:16:36.490+0000] {dag.py:3947} INFO - Setting next_dagrun for football_etl to 2026-07-27 19:16:00+00:00, run_after=2026-07-27 19:18:00+00:00
[2026-07-27T19:16:36.515+0000] {processor.py:183} INFO - Processing /opt/airflow/dags/football_etl_dag.py took 0.163 seconds
[2026-07-27T19:17:06.701+0000] {processor.py:161} INFO - Started process (PID=635) to work on /opt/airflow/dags/football_etl_dag.py
[2026-07-27T19:17:06.702+0000] {processor.py:830} INFO - Processing file /opt/airflow/dags/football_etl_dag.py for tasks to queue
[2026-07-27T19:17:06.706+0000] {logging_mixin.py:188} INFO - [2026-07-27T19:17:06.706+0000] {dagbag.py:545} INFO - Filling up the DagBag from /opt/airflow/dags/football_etl_dag.py
[2026-07-27T19:17:06.733+0000] {processor.py:840} INFO - DAG(s) 'football_etl' retrieved from /opt/airflow/dags/football_etl_dag.py
[2026-07-27T19:17:06.772+0000] {logging_mixin.py:188} INFO - [2026-07-27T19:17:06.771+0000] {dag.py:3089} INFO - Sync 1 DAGs
[2026-07-27T19:17:06.798+0000] {logging_mixin.py:188} INFO - [2026-07-27T19:17:06.798+0000] {dag.py:3947} INFO - Setting next_dagrun for football_etl to 2026-07-27 19:16:00+00:00, run_after=2026-07-27 19:18:00+00:00
[2026-07-27T19:17:06.822+0000] {processor.py:183} INFO - Processing /opt/airflow/dags/football_etl_dag.py took 0.128 seconds
[2026-07-27T19:17:36.903+0000] {processor.py:161} INFO - Started process (PID=646) to work on /opt/airflow/dags/football_etl_dag.py
[2026-07-27T19:17:36.905+0000] {processor.py:830} INFO - Processing file /opt/airflow/dags/football_etl_dag.py for tasks to queue
[2026-07-27T19:17:36.907+0000] {logging_mixin.py:188} INFO - [2026-07-27T19:17:36.907+0000] {dagbag.py:545} INFO - Filling up the DagBag from /opt/airflow/dags/football_etl_dag.py
[2026-07-27T19:17:36.937+0000] {processor.py:840} INFO - DAG(s) 'football_etl' retrieved from /opt/airflow/dags/football_etl_dag.py
[2026-07-27T19:17:36.980+0000] {logging_mixin.py:188} INFO - [2026-07-27T19:17:36.980+0000] {dag.py:3089} INFO - Sync 1 DAGs
[2026-07-27T19:17:37.011+0000] {logging_mixin.py:188} INFO - [2026-07-27T19:17:37.011+0000] {dag.py:3947} INFO - Setting next_dagrun for football_etl to 2026-07-27 19:16:00+00:00, run_after=2026-07-27 19:18:00+00:00
[2026-07-27T19:17:37.034+0000] {processor.py:183} INFO - Processing /opt/airflow/dags/football_etl_dag.py took 0.138 seconds
[2026-07-27T19:18:07.242+0000] {processor.py:161} INFO - Started process (PID=657) to work on /opt/airflow/dags/football_etl_dag.py
[2026-07-27T19:18:07.272+0000] {processor.py:830} INFO - Processing file /opt/airflow/dags/football_etl_dag.py for tasks to queue
[2026-07-27T19:18:07.280+0000] {logging_mixin.py:188} INFO - [2026-07-27T19:18:07.279+0000] {dagbag.py:545} INFO - Filling up the DagBag from /opt/airflow/dags/football_etl_dag.py
[2026-07-27T19:18:07.311+0000] {processor.py:840} INFO - DAG(s) 'football_etl' retrieved from /opt/airflow/dags/football_etl_dag.py
[2026-07-27T19:18:07.347+0000] {logging_mixin.py:188} INFO - [2026-07-27T19:18:07.346+0000] {dag.py:3089} INFO - Sync 1 DAGs
[2026-07-27T19:18:07.375+0000] {logging_mixin.py:188} INFO - [2026-07-27T19:18:07.375+0000] {dag.py:3947} INFO - Setting next_dagrun for football_etl to 2026-07-27 19:18:00+00:00, run_after=2026-07-27 19:20:00+00:00
[2026-07-27T19:18:07.396+0000] {processor.py:183} INFO - Processing /opt/airflow/dags/football_etl_dag.py took 0.163 seconds
[2026-07-27T19:18:37.448+0000] {processor.py:161} INFO - Started process (PID=665) to work on /opt/airflow/dags/football_etl_dag.py
[2026-07-27T19:18:37.449+0000] {processor.py:830} INFO - Processing file /opt/airflow/dags/football_etl_dag.py for tasks to queue
[2026-07-27T19:18:37.452+0000] {logging_mixin.py:188} INFO - [2026-07-27T19:18:37.452+0000] {dagbag.py:545} INFO - Filling up the DagBag from /opt/airflow/dags/football_etl_dag.py
[2026-07-27T19:18:37.477+0000] {processor.py:840} INFO - DAG(s) 'football_etl' retrieved from /opt/airflow/dags/football_etl_dag.py
[2026-07-27T19:18:37.515+0000] {logging_mixin.py:188} INFO - [2026-07-27T19:18:37.515+0000] {dag.py:3089} INFO - Sync 1 DAGs
[2026-07-27T19:18:37.546+0000] {logging_mixin.py:188} INFO - [2026-07-27T19:18:37.545+0000] {dag.py:3947} INFO - Setting next_dagrun for football_etl to 2026-07-27 19:18:00+00:00, run_after=2026-07-27 19:20:00+00:00
[2026-07-27T19:18:37.565+0000] {processor.py:183} INFO - Processing /opt/airflow/dags/football_etl_dag.py took 0.125 seconds
[2026-07-27T19:19:07.767+0000] {processor.py:161} INFO - Started process (PID=670) to work on /opt/airflow/dags/football_etl_dag.py
[2026-07-27T19:19:07.768+0000] {processor.py:830} INFO - Processing file /opt/airflow/dags/football_etl_dag.py for tasks to queue
[2026-07-27T19:19:07.770+0000] {logging_mixin.py:188} INFO - [2026-07-27T19:19:07.770+0000] {dagbag.py:545} INFO - Filling up the DagBag from /opt/airflow/dags/football_etl_dag.py
[2026-07-27T19:19:07.796+0000] {processor.py:840} INFO - DAG(s) 'football_etl' retrieved from /opt/airflow/dags/football_etl_dag.py
[2026-07-27T19:19:07.833+0000] {logging_mixin.py:188} INFO - [2026-07-27T19:19:07.833+0000] {dag.py:3089} INFO - Sync 1 DAGs
[2026-07-27T19:19:07.860+0000] {logging_mixin.py:188} INFO - [2026-07-27T19:19:07.860+0000] {dag.py:3947} INFO - Setting next_dagrun for football_etl to 2026-07-27 19:18:00+00:00, run_after=2026-07-27 19:20:00+00:00
[2026-07-27T19:19:07.882+0000] {processor.py:183} INFO - Processing /opt/airflow/dags/football_etl_dag.py took 0.123 seconds
[2026-07-27T19:19:38.011+0000] {processor.py:161} INFO - Started process (PID=681) to work on /opt/airflow/dags/football_etl_dag.py
[2026-07-27T19:19:38.012+0000] {processor.py:830} INFO - Processing file /opt/airflow/dags/football_etl_dag.py for tasks to queue
[2026-07-27T19:19:38.015+0000] {logging_mixin.py:188} INFO - [2026-07-27T19:19:38.014+0000] {dagbag.py:545} INFO - Filling up the DagBag from /opt/airflow/dags/football_etl_dag.py
[2026-07-27T19:19:38.038+0000] {processor.py:840} INFO - DAG(s) 'football_etl' retrieved from /opt/airflow/dags/football_etl_dag.py
[2026-07-27T19:19:38.079+0000] {logging_mixin.py:188} INFO - [2026-07-27T19:19:38.078+0000] {dag.py:3089} INFO - Sync 1 DAGs
[2026-07-27T19:19:38.107+0000] {logging_mixin.py:188} INFO - [2026-07-27T19:19:38.106+0000] {dag.py:3947} INFO - Setting next_dagrun for football_etl to 2026-07-27 19:18:00+00:00, run_after=2026-07-27 19:20:00+00:00
[2026-07-27T19:19:38.127+0000] {processor.py:183} INFO - Processing /opt/airflow/dags/football_etl_dag.py took 0.125 seconds
[2026-07-27T19:20:08.270+0000] {processor.py:161} INFO - Started process (PID=692) to work on /opt/airflow/dags/football_etl_dag.py
[2026-07-27T19:20:08.272+0000] {processor.py:830} INFO - Processing file /opt/airflow/dags/football_etl_dag.py for tasks to queue
[2026-07-27T19:20:08.275+0000] {logging_mixin.py:188} INFO - [2026-07-27T19:20:08.275+0000] {dagbag.py:545} INFO - Filling up the DagBag from /opt/airflow/dags/football_etl_dag.py
[2026-07-27T19:20:08.302+0000] {processor.py:840} INFO - DAG(s) 'football_etl' retrieved from /opt/airflow/dags/football_etl_dag.py
[2026-07-27T19:20:08.347+0000] {logging_mixin.py:188} INFO - [2026-07-27T19:20:08.347+0000] {dag.py:3089} INFO - Sync 1 DAGs
[2026-07-27T19:20:08.380+0000] {logging_mixin.py:188} INFO - [2026-07-27T19:20:08.379+0000] {dag.py:3947} INFO - Setting next_dagrun for football_etl to 2026-07-27 19:20:00+00:00, run_after=2026-07-27 19:22:00+00:00
[2026-07-27T19:20:08.403+0000] {processor.py:183} INFO - Processing /opt/airflow/dags/football_etl_dag.py took 0.140 seconds
[2026-07-27T19:20:38.580+0000] {processor.py:161} INFO - Started process (PID=700) to work on /opt/airflow/dags/football_etl_dag.py
[2026-07-27T19:20:38.581+0000] {processor.py:830} INFO - Processing file /opt/airflow/dags/football_etl_dag.py for tasks to queue
[2026-07-27T19:20:38.584+0000] {logging_mixin.py:188} INFO - [2026-07-27T19:20:38.583+0000] {dagbag.py:545} INFO - Filling up the DagBag from /opt/airflow/dags/football_etl_dag.py
[2026-07-27T19:20:38.606+0000] {processor.py:840} INFO - DAG(s) 'football_etl' retrieved from /opt/airflow/dags/football_etl_dag.py
[2026-07-27T19:20:38.640+0000] {logging_mixin.py:188} INFO - [2026-07-27T19:20:38.640+0000] {dag.py:3089} INFO - Sync 1 DAGs
[2026-07-27T19:20:38.665+0000] {logging_mixin.py:188} INFO - [2026-07-27T19:20:38.665+0000] {dag.py:3947} INFO - Setting next_dagrun for football_etl to 2026-07-27 19:20:00+00:00, run_after=2026-07-27 19:22:00+00:00
[2026-07-27T19:20:38.686+0000] {processor.py:183} INFO - Processing /opt/airflow/dags/football_etl_dag.py took 0.113 seconds
[2026-07-27T19:21:08.843+0000] {processor.py:161} INFO - Started process (PID=705) to work on /opt/airflow/dags/football_etl_dag.py
[2026-07-27T19:21:08.844+0000] {processor.py:830} INFO - Processing file /opt/airflow/dags/football_etl_dag.py for tasks to queue
[2026-07-27T19:21:08.846+0000] {logging_mixin.py:188} INFO - [2026-07-27T19:21:08.846+0000] {dagbag.py:545} INFO - Filling up the DagBag from /opt/airflow/dags/football_etl_dag.py
[2026-07-27T19:21:08.870+0000] {processor.py:840} INFO - DAG(s) 'football_etl' retrieved from /opt/airflow/dags/football_etl_dag.py
[2026-07-27T19:21:08.909+0000] {logging_mixin.py:188} INFO - [2026-07-27T19:21:08.909+0000] {dag.py:3089} INFO - Sync 1 DAGs
[2026-07-27T19:21:08.939+0000] {logging_mixin.py:188} INFO - [2026-07-27T19:21:08.938+0000] {dag.py:3947} INFO - Setting next_dagrun for football_etl to 2026-07-27 19:20:00+00:00, run_after=2026-07-27 19:22:00+00:00
[2026-07-27T19:21:08.963+0000] {processor.py:183} INFO - Processing /opt/airflow/dags/football_etl_dag.py took 0.128 seconds
[2026-07-27T19:21:39.106+0000] {processor.py:161} INFO - Started process (PID=716) to work on /opt/airflow/dags/football_etl_dag.py
[2026-07-27T19:21:39.107+0000] {processor.py:830} INFO - Processing file /opt/airflow/dags/football_etl_dag.py for tasks to queue
[2026-07-27T19:21:39.111+0000] {logging_mixin.py:188} INFO - [2026-07-27T19:21:39.110+0000] {dagbag.py:545} INFO - Filling up the DagBag from /opt/airflow/dags/football_etl_dag.py
[2026-07-27T19:21:39.135+0000] {processor.py:840} INFO - DAG(s) 'football_etl' retrieved from /opt/airflow/dags/football_etl_dag.py
[2026-07-27T19:21:39.174+0000] {logging_mixin.py:188} INFO - [2026-07-27T19:21:39.174+0000] {dag.py:3089} INFO - Sync 1 DAGs
[2026-07-27T19:21:39.203+0000] {logging_mixin.py:188} INFO - [2026-07-27T19:21:39.203+0000] {dag.py:3947} INFO - Setting next_dagrun for football_etl to 2026-07-27 19:20:00+00:00, run_after=2026-07-27 19:22:00+00:00
[2026-07-27T19:21:39.225+0000] {processor.py:183} INFO - Processing /opt/airflow/dags/football_etl_dag.py took 0.126 seconds
[2026-07-27T19:22:09.405+0000] {processor.py:161} INFO - Started process (PID=727) to work on /opt/airflow/dags/football_etl_dag.py
[2026-07-27T19:22:09.406+0000] {processor.py:830} INFO - Processing file /opt/airflow/dags/football_etl_dag.py for tasks to queue
[2026-07-27T19:22:09.409+0000] {logging_mixin.py:188} INFO - [2026-07-27T19:22:09.409+0000] {dagbag.py:545} INFO - Filling up the DagBag from /opt/airflow/dags/football_etl_dag.py
[2026-07-27T19:22:09.433+0000] {processor.py:840} INFO - DAG(s) 'football_etl' retrieved from /opt/airflow/dags/football_etl_dag.py
[2026-07-27T19:22:09.469+0000] {logging_mixin.py:188} INFO - [2026-07-27T19:22:09.468+0000] {dag.py:3089} INFO - Sync 1 DAGs
[2026-07-27T19:22:09.494+0000] {logging_mixin.py:188} INFO - [2026-07-27T19:22:09.494+0000] {dag.py:3947} INFO - Setting next_dagrun for football_etl to 2026-07-27 19:22:00+00:00, run_after=2026-07-27 19:24:00+00:00
[2026-07-27T19:22:09.514+0000] {processor.py:183} INFO - Processing /opt/airflow/dags/football_etl_dag.py took 0.116 seconds
[2026-07-27T19:22:39.630+0000] {processor.py:161} INFO - Started process (PID=735) to work on /opt/airflow/dags/football_etl_dag.py
[2026-07-27T19:22:39.631+0000] {processor.py:830} INFO - Processing file /opt/airflow/dags/football_etl_dag.py for tasks to queue
[2026-07-27T19:22:39.634+0000] {logging_mixin.py:188} INFO - [2026-07-27T19:22:39.634+0000] {dagbag.py:545} INFO - Filling up the DagBag from /opt/airflow/dags/football_etl_dag.py
[2026-07-27T19:22:39.722+0000] {processor.py:840} INFO - DAG(s) 'football_etl' retrieved from /opt/airflow/dags/football_etl_dag.py
[2026-07-27T19:22:39.765+0000] {logging_mixin.py:188} INFO - [2026-07-27T19:22:39.764+0000] {dag.py:3089} INFO - Sync 1 DAGs
[2026-07-27T19:22:39.796+0000] {logging_mixin.py:188} INFO - [2026-07-27T19:22:39.795+0000] {dag.py:3947} INFO - Setting next_dagrun for football_etl to 2026-07-27 19:22:00+00:00, run_after=2026-07-27 19:24:00+00:00
[2026-07-27T19:22:39.821+0000] {processor.py:183} INFO - Processing /opt/airflow/dags/football_etl_dag.py took 0.201 seconds
[2026-07-27T19:23:09.952+0000] {processor.py:161} INFO - Started process (PID=743) to work on /opt/airflow/dags/football_etl_dag.py
[2026-07-27T19:23:09.954+0000] {processor.py:830} INFO - Processing file /opt/airflow/dags/football_etl_dag.py for tasks to queue
[2026-07-27T19:23:09.956+0000] {logging_mixin.py:188} INFO - [2026-07-27T19:23:09.956+0000] {dagbag.py:545} INFO - Filling up the DagBag from /opt/airflow/dags/football_etl_dag.py
[2026-07-27T19:23:09.989+0000] {processor.py:840} INFO - DAG(s) 'football_etl' retrieved from /opt/airflow/dags/football_etl_dag.py
[2026-07-27T19:23:10.042+0000] {logging_mixin.py:188} INFO - [2026-07-27T19:23:10.042+0000] {dag.py:3089} INFO - Sync 1 DAGs
[2026-07-27T19:23:10.090+0000] {logging_mixin.py:188} INFO - [2026-07-27T19:23:10.090+0000] {dag.py:3947} INFO - Setting next_dagrun for football_etl to 2026-07-27 19:22:00+00:00, run_after=2026-07-27 19:24:00+00:00
[2026-07-27T19:23:10.130+0000] {processor.py:183} INFO - Processing /opt/airflow/dags/football_etl_dag.py took 0.185 seconds
[2026-07-27T19:23:40.277+0000] {processor.py:161} INFO - Started process (PID=751) to work on /opt/airflow/dags/football_etl_dag.py
[2026-07-27T19:23:40.278+0000] {processor.py:830} INFO - Processing file /opt/airflow/dags/football_etl_dag.py for tasks to queue
[2026-07-27T19:23:40.280+0000] {logging_mixin.py:188} INFO - [2026-07-27T19:23:40.280+0000] {dagbag.py:545} INFO - Filling up the DagBag from /opt/airflow/dags/football_etl_dag.py
[2026-07-27T19:23:40.303+0000] {processor.py:840} INFO - DAG(s) 'football_etl' retrieved from /opt/airflow/dags/football_etl_dag.py
[2026-07-27T19:23:40.336+0000] {logging_mixin.py:188} INFO - [2026-07-27T19:23:40.336+0000] {dag.py:3089} INFO - Sync 1 DAGs
[2026-07-27T19:23:40.361+0000] {logging_mixin.py:188} INFO - [2026-07-27T19:23:40.361+0000] {dag.py:3947} INFO - Setting next_dagrun for football_etl to 2026-07-27 19:22:00+00:00, run_after=2026-07-27 19:24:00+00:00
[2026-07-27T19:23:40.381+0000] {processor.py:183} INFO - Processing /opt/airflow/dags/football_etl_dag.py took 0.110 seconds
[2026-07-27T19:24:10.705+0000] {processor.py:161} INFO - Started process (PID=762) to work on /opt/airflow/dags/football_etl_dag.py
[2026-07-27T19:24:10.706+0000] {processor.py:830} INFO - Processing file /opt/airflow/dags/football_etl_dag.py for tasks to queue
[2026-07-27T19:24:10.712+0000] {logging_mixin.py:188} INFO - [2026-07-27T19:24:10.711+0000] {dagbag.py:545} INFO - Filling up the DagBag from /opt/airflow/dags/football_etl_dag.py
[2026-07-27T19:24:10.738+0000] {processor.py:840} INFO - DAG(s) 'football_etl' retrieved from /opt/airflow/dags/football_etl_dag.py
[2026-07-27T19:24:10.776+0000] {logging_mixin.py:188} INFO - [2026-07-27T19:24:10.775+0000] {dag.py:3089} INFO - Sync 1 DAGs
[2026-07-27T19:24:10.804+0000] {logging_mixin.py:188} INFO - [2026-07-27T19:24:10.803+0000] {dag.py:3947} INFO - Setting next_dagrun for football_etl to 2026-07-27 19:24:00+00:00, run_after=2026-07-27 19:26:00+00:00
[2026-07-27T19:24:10.827+0000] {processor.py:183} INFO - Processing /opt/airflow/dags/football_etl_dag.py took 0.138 seconds
[2026-07-27T19:24:40.911+0000] {processor.py:161} INFO - Started process (PID=770) to work on /opt/airflow/dags/football_etl_dag.py
[2026-07-27T19:24:40.912+0000] {processor.py:830} INFO - Processing file /opt/airflow/dags/football_etl_dag.py for tasks to queue
[2026-07-27T19:24:40.916+0000] {logging_mixin.py:188} INFO - [2026-07-27T19:24:40.915+0000] {dagbag.py:545} INFO - Filling up the DagBag from /opt/airflow/dags/football_etl_dag.py
[2026-07-27T19:24:40.947+0000] {processor.py:840} INFO - DAG(s) 'football_etl' retrieved from /opt/airflow/dags/football_etl_dag.py
[2026-07-27T19:24:40.994+0000] {logging_mixin.py:188} INFO - [2026-07-27T19:24:40.994+0000] {dag.py:3089} INFO - Sync 1 DAGs
[2026-07-27T19:24:41.028+0000] {logging_mixin.py:188} INFO - [2026-07-27T19:24:41.028+0000] {dag.py:3947} INFO - Setting next_dagrun for football_etl to 2026-07-27 19:24:00+00:00, run_after=2026-07-27 19:26:00+00:00
[2026-07-27T19:24:41.052+0000] {processor.py:183} INFO - Processing /opt/airflow/dags/football_etl_dag.py took 0.149 seconds
[2026-07-27T19:25:11.234+0000] {processor.py:161} INFO - Started process (PID=778) to work on /opt/airflow/dags/football_etl_dag.py
[2026-07-27T19:25:11.235+0000] {processor.py:830} INFO - Processing file /opt/airflow/dags/football_etl_dag.py for tasks to queue
[2026-07-27T19:25:11.238+0000] {logging_mixin.py:188} INFO - [2026-07-27T19:25:11.238+0000] {dagbag.py:545} INFO - Filling up the DagBag from /opt/airflow/dags/football_etl_dag.py
[2026-07-27T19:25:11.263+0000] {processor.py:840} INFO - DAG(s) 'football_etl' retrieved from /opt/airflow/dags/football_etl_dag.py
[2026-07-27T19:25:11.301+0000] {logging_mixin.py:188} INFO - [2026-07-27T19:25:11.300+0000] {dag.py:3089} INFO - Sync 1 DAGs
[2026-07-27T19:25:11.330+0000] {logging_mixin.py:188} INFO - [2026-07-27T19:25:11.329+0000] {dag.py:3947} INFO - Setting next_dagrun for football_etl to 2026-07-27 19:24:00+00:00, run_after=2026-07-27 19:26:00+00:00
[2026-07-27T19:25:11.351+0000] {processor.py:183} INFO - Processing /opt/airflow/dags/football_etl_dag.py took 0.125 seconds
[2026-07-27T19:25:41.481+0000] {processor.py:161} INFO - Started process (PID=786) to work on /opt/airflow/dags/football_etl_dag.py
[2026-07-27T19:25:41.483+0000] {processor.py:830} INFO - Processing file /opt/airflow/dags/football_etl_dag.py for tasks to queue
[2026-07-27T19:25:41.485+0000] {logging_mixin.py:188} INFO - [2026-07-27T19:25:41.485+0000] {dagbag.py:545} INFO - Filling up the DagBag from /opt/airflow/dags/football_etl_dag.py
[2026-07-27T19:25:41.509+0000] {processor.py:840} INFO - DAG(s) 'football_etl' retrieved from /opt/airflow/dags/football_etl_dag.py
[2026-07-27T19:25:41.547+0000] {logging_mixin.py:188} INFO - [2026-07-27T19:25:41.547+0000] {dag.py:3089} INFO - Sync 1 DAGs
[2026-07-27T19:25:41.573+0000] {logging_mixin.py:188} INFO - [2026-07-27T19:25:41.573+0000] {dag.py:3947} INFO - Setting next_dagrun for football_etl to 2026-07-27 19:24:00+00:00, run_after=2026-07-27 19:26:00+00:00
[2026-07-27T19:25:41.595+0000] {processor.py:183} INFO - Processing /opt/airflow/dags/football_etl_dag.py took 0.121 seconds
[2026-07-27T19:26:11.787+0000] {processor.py:161} INFO - Started process (PID=797) to work on /opt/airflow/dags/football_etl_dag.py
[2026-07-27T19:26:11.789+0000] {processor.py:830} INFO - Processing file /opt/airflow/dags/football_etl_dag.py for tasks to queue
[2026-07-27T19:26:11.791+0000] {logging_mixin.py:188} INFO - [2026-07-27T19:26:11.791+0000] {dagbag.py:545} INFO - Filling up the DagBag from /opt/airflow/dags/football_etl_dag.py
[2026-07-27T19:26:11.817+0000] {processor.py:840} INFO - DAG(s) 'football_etl' retrieved from /opt/airflow/dags/football_etl_dag.py
[2026-07-27T19:26:11.856+0000] {logging_mixin.py:188} INFO - [2026-07-27T19:26:11.856+0000] {dag.py:3089} INFO - Sync 1 DAGs
[2026-07-27T19:26:11.883+0000] {logging_mixin.py:188} INFO - [2026-07-27T19:26:11.883+0000] {dag.py:3947} INFO - Setting next_dagrun for football_etl to 2026-07-27 19:26:00+00:00, run_after=2026-07-27 19:28:00+00:00
[2026-07-27T19:26:11.908+0000] {processor.py:183} INFO - Processing /opt/airflow/dags/football_etl_dag.py took 0.128 seconds
[2026-07-27T19:26:41.988+0000] {processor.py:161} INFO - Started process (PID=805) to work on /opt/airflow/dags/football_etl_dag.py
[2026-07-27T19:26:41.989+0000] {processor.py:830} INFO - Processing file /opt/airflow/dags/football_etl_dag.py for tasks to queue
[2026-07-27T19:26:41.993+0000] {logging_mixin.py:188} INFO - [2026-07-27T19:26:41.993+0000] {dagbag.py:545} INFO - Filling up the DagBag from /opt/airflow/dags/football_etl_dag.py
[2026-07-27T19:26:42.020+0000] {processor.py:840} INFO - DAG(s) 'football_etl' retrieved from /opt/airflow/dags/football_etl_dag.py
[2026-07-27T19:26:42.061+0000] {logging_mixin.py:188} INFO - [2026-07-27T19:26:42.061+0000] {dag.py:3089} INFO - Sync 1 DAGs
[2026-07-27T19:26:42.089+0000] {logging_mixin.py:188} INFO - [2026-07-27T19:26:42.089+0000] {dag.py:3947} INFO - Setting next_dagrun for football_etl to 2026-07-27 19:26:00+00:00, run_after=2026-07-27 19:28:00+00:00
[2026-07-27T19:26:42.114+0000] {processor.py:183} INFO - Processing /opt/airflow/dags/football_etl_dag.py took 0.134 seconds
[2026-07-27T19:27:12.300+0000] {processor.py:161} INFO - Started process (PID=813) to work on /opt/airflow/dags/football_etl_dag.py
[2026-07-27T19:27:12.302+0000] {processor.py:830} INFO - Processing file /opt/airflow/dags/football_etl_dag.py for tasks to queue
[2026-07-27T19:27:12.306+0000] {logging_mixin.py:188} INFO - [2026-07-27T19:27:12.306+0000] {dagbag.py:545} INFO - Filling up the DagBag from /opt/airflow/dags/football_etl_dag.py
[2026-07-27T19:27:12.332+0000] {processor.py:840} INFO - DAG(s) 'football_etl' retrieved from /opt/airflow/dags/football_etl_dag.py
[2026-07-27T19:27:12.395+0000] {logging_mixin.py:188} INFO - [2026-07-27T19:27:12.394+0000] {dag.py:3089} INFO - Sync 1 DAGs
[2026-07-27T19:27:12.437+0000] {logging_mixin.py:188} INFO - [2026-07-27T19:27:12.437+0000] {dag.py:3947} INFO - Setting next_dagrun for football_etl to 2026-07-27 19:26:00+00:00, run_after=2026-07-27 19:28:00+00:00
[2026-07-27T19:27:12.462+0000] {processor.py:183} INFO - Processing /opt/airflow/dags/football_etl_dag.py took 0.171 seconds
[2026-07-27T19:27:42.532+0000] {processor.py:161} INFO - Started process (PID=821) to work on /opt/airflow/dags/football_etl_dag.py
[2026-07-27T19:27:42.533+0000] {processor.py:830} INFO - Processing file /opt/airflow/dags/football_etl_dag.py for tasks to queue
[2026-07-27T19:27:42.535+0000] {logging_mixin.py:188} INFO - [2026-07-27T19:27:42.535+0000] {dagbag.py:545} INFO - Filling up the DagBag from /opt/airflow/dags/football_etl_dag.py
[2026-07-27T19:27:42.559+0000] {processor.py:840} INFO - DAG(s) 'football_etl' retrieved from /opt/airflow/dags/football_etl_dag.py
[2026-07-27T19:27:42.598+0000] {logging_mixin.py:188} INFO - [2026-07-27T19:27:42.598+0000] {dag.py:3089} INFO - Sync 1 DAGs
[2026-07-27T19:27:42.630+0000] {logging_mixin.py:188} INFO - [2026-07-27T19:27:42.630+0000] {dag.py:3947} INFO - Setting next_dagrun for football_etl to 2026-07-27 19:26:00+00:00, run_after=2026-07-27 19:28:00+00:00
[2026-07-27T19:27:42.652+0000] {processor.py:183} INFO - Processing /opt/airflow/dags/football_etl_dag.py took 0.126 seconds
[2026-07-27T19:28:12.864+0000] {processor.py:161} INFO - Started process (PID=832) to work on /opt/airflow/dags/football_etl_dag.py
[2026-07-27T19:28:12.866+0000] {processor.py:830} INFO - Processing file /opt/airflow/dags/football_etl_dag.py for tasks to queue
[2026-07-27T19:28:12.868+0000] {logging_mixin.py:188} INFO - [2026-07-27T19:28:12.868+0000] {dagbag.py:545} INFO - Filling up the DagBag from /opt/airflow/dags/football_etl_dag.py
[2026-07-27T19:28:12.895+0000] {processor.py:840} INFO - DAG(s) 'football_etl' retrieved from /opt/airflow/dags/football_etl_dag.py
[2026-07-27T19:28:12.946+0000] {logging_mixin.py:188} INFO - [2026-07-27T19:28:12.945+0000] {dag.py:3089} INFO - Sync 1 DAGs
[2026-07-27T19:28:13.019+0000] {logging_mixin.py:188} INFO - [2026-07-27T19:28:13.018+0000] {dag.py:3947} INFO - Setting next_dagrun for football_etl to 2026-07-27 19:28:00+00:00, run_after=2026-07-27 19:30:00+00:00
[2026-07-27T19:28:13.088+0000] {processor.py:183} INFO - Processing /opt/airflow/dags/football_etl_dag.py took 0.232 seconds
[2026-07-27T19:28:43.397+0000] {processor.py:161} INFO - Started process (PID=840) to work on /opt/airflow/dags/football_etl_dag.py
[2026-07-27T19:28:43.399+0000] {processor.py:830} INFO - Processing file /opt/airflow/dags/football_etl_dag.py for tasks to queue
[2026-07-27T19:28:43.401+0000] {logging_mixin.py:188} INFO - [2026-07-27T19:28:43.401+0000] {dagbag.py:545} INFO - Filling up the DagBag from /opt/airflow/dags/football_etl_dag.py
[2026-07-27T19:28:43.427+0000] {processor.py:840} INFO - DAG(s) 'football_etl' retrieved from /opt/airflow/dags/football_etl_dag.py
[2026-07-27T19:28:43.473+0000] {logging_mixin.py:188} INFO - [2026-07-27T19:28:43.473+0000] {dag.py:3089} INFO - Sync 1 DAGs
[2026-07-27T19:28:43.499+0000] {logging_mixin.py:188} INFO - [2026-07-27T19:28:43.499+0000] {dag.py:3947} INFO - Setting next_dagrun for football_etl to 2026-07-27 19:28:00+00:00, run_after=2026-07-27 19:30:00+00:00
[2026-07-27T19:28:43.520+0000] {processor.py:183} INFO - Processing /opt/airflow/dags/football_etl_dag.py took 0.129 seconds
[2026-07-27T19:29:13.685+0000] {processor.py:161} INFO - Started process (PID=848) to work on /opt/airflow/dags/football_etl_dag.py
[2026-07-27T19:29:13.687+0000] {processor.py:830} INFO - Processing file /opt/airflow/dags/football_etl_dag.py for tasks to queue
[2026-07-27T19:29:13.692+0000] {logging_mixin.py:188} INFO - [2026-07-27T19:29:13.691+0000] {dagbag.py:545} INFO - Filling up the DagBag from /opt/airflow/dags/football_etl_dag.py
[2026-07-27T19:29:13.719+0000] {processor.py:840} INFO - DAG(s) 'football_etl' retrieved from /opt/airflow/dags/football_etl_dag.py
[2026-07-27T19:29:13.765+0000] {logging_mixin.py:188} INFO - [2026-07-27T19:29:13.764+0000] {dag.py:3089} INFO - Sync 1 DAGs
[2026-07-27T19:29:13.803+0000] {logging_mixin.py:188} INFO - [2026-07-27T19:29:13.803+0000] {dag.py:3947} INFO - Setting next_dagrun for football_etl to 2026-07-27 19:28:00+00:00, run_after=2026-07-27 19:30:00+00:00
[2026-07-27T19:29:14.625+0000] {processor.py:183} INFO - Processing /opt/airflow/dags/football_etl_dag.py took 0.950 seconds
[2026-07-27T19:29:44.865+0000] {processor.py:161} INFO - Started process (PID=856) to work on /opt/airflow/dags/football_etl_dag.py
[2026-07-27T19:29:44.867+0000] {processor.py:830} INFO - Processing file /opt/airflow/dags/football_etl_dag.py for tasks to queue
[2026-07-27T19:29:44.870+0000] {logging_mixin.py:188} INFO - [2026-07-27T19:29:44.869+0000] {dagbag.py:545} INFO - Filling up the DagBag from /opt/airflow/dags/football_etl_dag.py
[2026-07-27T19:29:44.897+0000] {processor.py:840} INFO - DAG(s) 'football_etl' retrieved from /opt/airflow/dags/football_etl_dag.py
[2026-07-27T19:29:44.938+0000] {logging_mixin.py:188} INFO - [2026-07-27T19:29:44.938+0000] {dag.py:3089} INFO - Sync 1 DAGs
[2026-07-27T19:29:44.966+0000] {logging_mixin.py:188} INFO - [2026-07-27T19:29:44.966+0000] {dag.py:3947} INFO - Setting next_dagrun for football_etl to 2026-07-27 19:28:00+00:00, run_after=2026-07-27 19:30:00+00:00
[2026-07-27T19:29:45.003+0000] {processor.py:183} INFO - Processing /opt/airflow/dags/football_etl_dag.py took 0.146 seconds
[2026-07-27T19:30:15.157+0000] {processor.py:161} INFO - Started process (PID=867) to work on /opt/airflow/dags/football_etl_dag.py
[2026-07-27T19:30:15.158+0000] {processor.py:830} INFO - Processing file /opt/airflow/dags/football_etl_dag.py for tasks to queue
[2026-07-27T19:30:15.161+0000] {logging_mixin.py:188} INFO - [2026-07-27T19:30:15.160+0000] {dagbag.py:545} INFO - Filling up the DagBag from /opt/airflow/dags/football_etl_dag.py
[2026-07-27T19:30:15.196+0000] {processor.py:840} INFO - DAG(s) 'football_etl' retrieved from /opt/airflow/dags/football_etl_dag.py
[2026-07-27T19:30:15.236+0000] {logging_mixin.py:188} INFO - [2026-07-27T19:30:15.236+0000] {dag.py:3089} INFO - Sync 1 DAGs
[2026-07-27T19:30:15.266+0000] {logging_mixin.py:188} INFO - [2026-07-27T19:30:15.266+0000] {dag.py:3947} INFO - Setting next_dagrun for football_etl to 2026-07-27 19:30:00+00:00, run_after=2026-07-27 19:32:00+00:00
[2026-07-27T19:30:15.287+0000] {processor.py:183} INFO - Processing /opt/airflow/dags/football_etl_dag.py took 0.139 seconds
[2026-07-27T19:30:45.390+0000] {processor.py:161} INFO - Started process (PID=875) to work on /opt/airflow/dags/football_etl_dag.py
[2026-07-27T19:30:45.392+0000] {processor.py:830} INFO - Processing file /opt/airflow/dags/football_etl_dag.py for tasks to queue
[2026-07-27T19:30:45.395+0000] {logging_mixin.py:188} INFO - [2026-07-27T19:30:45.394+0000] {dagbag.py:545} INFO - Filling up the DagBag from /opt/airflow/dags/football_etl_dag.py
[2026-07-27T19:30:45.419+0000] {processor.py:840} INFO - DAG(s) 'football_etl' retrieved from /opt/airflow/dags/football_etl_dag.py
[2026-07-27T19:30:45.457+0000] {logging_mixin.py:188} INFO - [2026-07-27T19:30:45.456+0000] {dag.py:3089} INFO - Sync 1 DAGs
[2026-07-27T19:30:45.485+0000] {logging_mixin.py:188} INFO - [2026-07-27T19:30:45.485+0000] {dag.py:3947} INFO - Setting next_dagrun for football_etl to 2026-07-27 19:30:00+00:00, run_after=2026-07-27 19:32:00+00:00
[2026-07-27T19:30:45.506+0000] {processor.py:183} INFO - Processing /opt/airflow/dags/football_etl_dag.py took 0.122 seconds
[2026-07-27T19:31:15.737+0000] {processor.py:161} INFO - Started process (PID=883) to work on /opt/airflow/dags/football_etl_dag.py
[2026-07-27T19:31:15.739+0000] {processor.py:830} INFO - Processing file /opt/airflow/dags/football_etl_dag.py for tasks to queue
[2026-07-27T19:31:15.742+0000] {logging_mixin.py:188} INFO - [2026-07-27T19:31:15.741+0000] {dagbag.py:545} INFO - Filling up the DagBag from /opt/airflow/dags/football_etl_dag.py
[2026-07-27T19:31:15.766+0000] {processor.py:840} INFO - DAG(s) 'football_etl' retrieved from /opt/airflow/dags/football_etl_dag.py
[2026-07-27T19:31:15.802+0000] {logging_mixin.py:188} INFO - [2026-07-27T19:31:15.802+0000] {dag.py:3089} INFO - Sync 1 DAGs
[2026-07-27T19:31:15.828+0000] {logging_mixin.py:188} INFO - [2026-07-27T19:31:15.828+0000] {dag.py:3947} INFO - Setting next_dagrun for football_etl to 2026-07-27 19:30:00+00:00, run_after=2026-07-27 19:32:00+00:00
[2026-07-27T19:31:15.850+0000] {processor.py:183} INFO - Processing /opt/airflow/dags/football_etl_dag.py took 0.121 seconds
[2026-07-27T19:31:45.958+0000] {processor.py:161} INFO - Started process (PID=891) to work on /opt/airflow/dags/football_etl_dag.py
[2026-07-27T19:31:45.960+0000] {processor.py:830} INFO - Processing file /opt/airflow/dags/football_etl_dag.py for tasks to queue
[2026-07-27T19:31:45.963+0000] {logging_mixin.py:188} INFO - [2026-07-27T19:31:45.963+0000] {dagbag.py:545} INFO - Filling up the DagBag from /opt/airflow/dags/football_etl_dag.py
[2026-07-27T19:31:45.987+0000] {processor.py:840} INFO - DAG(s) 'football_etl' retrieved from /opt/airflow/dags/football_etl_dag.py
[2026-07-27T19:31:46.026+0000] {logging_mixin.py:188} INFO - [2026-07-27T19:31:46.025+0000] {dag.py:3089} INFO - Sync 1 DAGs
[2026-07-27T19:31:46.056+0000] {logging_mixin.py:188} INFO - [2026-07-27T19:31:46.055+0000] {dag.py:3947} INFO - Setting next_dagrun for football_etl to 2026-07-27 19:30:00+00:00, run_after=2026-07-27 19:32:00+00:00
[2026-07-27T19:31:46.081+0000] {processor.py:183} INFO - Processing /opt/airflow/dags/football_etl_dag.py took 0.132 seconds
[2026-07-27T19:32:16.278+0000] {processor.py:161} INFO - Started process (PID=902) to work on /opt/airflow/dags/football_etl_dag.py
[2026-07-27T19:32:16.281+0000] {processor.py:830} INFO - Processing file /opt/airflow/dags/football_etl_dag.py for tasks to queue
[2026-07-27T19:32:16.285+0000] {logging_mixin.py:188} INFO - [2026-07-27T19:32:16.284+0000] {dagbag.py:545} INFO - Filling up the DagBag from /opt/airflow/dags/football_etl_dag.py
[2026-07-27T19:32:16.312+0000] {processor.py:840} INFO - DAG(s) 'football_etl' retrieved from /opt/airflow/dags/football_etl_dag.py
[2026-07-27T19:32:16.350+0000] {logging_mixin.py:188} INFO - [2026-07-27T19:32:16.350+0000] {dag.py:3089} INFO - Sync 1 DAGs
[2026-07-27T19:32:16.377+0000] {logging_mixin.py:188} INFO - [2026-07-27T19:32:16.377+0000] {dag.py:3947} INFO - Setting next_dagrun for football_etl to 2026-07-27 19:32:00+00:00, run_after=2026-07-27 19:34:00+00:00
[2026-07-27T19:32:16.400+0000] {processor.py:183} INFO - Processing /opt/airflow/dags/football_etl_dag.py took 0.130 seconds
[2026-07-27T19:32:46.541+0000] {processor.py:161} INFO - Started process (PID=910) to work on /opt/airflow/dags/football_etl_dag.py
[2026-07-27T19:32:46.543+0000] {processor.py:830} INFO - Processing file /opt/airflow/dags/football_etl_dag.py for tasks to queue
[2026-07-27T19:32:46.546+0000] {logging_mixin.py:188} INFO - [2026-07-27T19:32:46.546+0000] {dagbag.py:545} INFO - Filling up the DagBag from /opt/airflow/dags/football_etl_dag.py
[2026-07-27T19:32:46.573+0000] {processor.py:840} INFO - DAG(s) 'football_etl' retrieved from /opt/airflow/dags/football_etl_dag.py
[2026-07-27T19:32:46.615+0000] {logging_mixin.py:188} INFO - [2026-07-27T19:32:46.615+0000] {dag.py:3089} INFO - Sync 1 DAGs
[2026-07-27T19:32:46.648+0000] {logging_mixin.py:188} INFO - [2026-07-27T19:32:46.648+0000] {dag.py:3947} INFO - Setting next_dagrun for football_etl to 2026-07-27 19:32:00+00:00, run_after=2026-07-27 19:34:00+00:00
[2026-07-27T19:32:46.745+0000] {processor.py:183} INFO - Processing /opt/airflow/dags/football_etl_dag.py took 0.210 seconds
[2026-07-27T19:33:16.948+0000] {processor.py:161} INFO - Started process (PID=918) to work on /opt/airflow/dags/football_etl_dag.py
[2026-07-27T19:33:16.950+0000] {processor.py:830} INFO - Processing file /opt/airflow/dags/football_etl_dag.py for tasks to queue
[2026-07-27T19:33:16.954+0000] {logging_mixin.py:188} INFO - [2026-07-27T19:33:16.953+0000] {dagbag.py:545} INFO - Filling up the DagBag from /opt/airflow/dags/football_etl_dag.py
[2026-07-27T19:33:16.978+0000] {processor.py:840} INFO - DAG(s) 'football_etl' retrieved from /opt/airflow/dags/football_etl_dag.py
[2026-07-27T19:33:17.015+0000] {logging_mixin.py:188} INFO - [2026-07-27T19:33:17.015+0000] {dag.py:3089} INFO - Sync 1 DAGs
[2026-07-27T19:33:17.043+0000] {logging_mixin.py:188} INFO - [2026-07-27T19:33:17.043+0000] {dag.py:3947} INFO - Setting next_dagrun for football_etl to 2026-07-27 19:32:00+00:00, run_after=2026-07-27 19:34:00+00:00
[2026-07-27T19:33:17.065+0000] {processor.py:183} INFO - Processing /opt/airflow/dags/football_etl_dag.py took 0.125 seconds
[2026-07-27T19:33:47.325+0000] {processor.py:161} INFO - Started process (PID=926) to work on /opt/airflow/dags/football_etl_dag.py
[2026-07-27T19:33:47.326+0000] {processor.py:830} INFO - Processing file /opt/airflow/dags/football_etl_dag.py for tasks to queue
[2026-07-27T19:33:47.329+0000] {logging_mixin.py:188} INFO - [2026-07-27T19:33:47.328+0000] {dagbag.py:545} INFO - Filling up the DagBag from /opt/airflow/dags/football_etl_dag.py
[2026-07-27T19:33:47.351+0000] {processor.py:840} INFO - DAG(s) 'football_etl' retrieved from /opt/airflow/dags/football_etl_dag.py
[2026-07-27T19:33:47.388+0000] {logging_mixin.py:188} INFO - [2026-07-27T19:33:47.387+0000] {dag.py:3089} INFO - Sync 1 DAGs
[2026-07-27T19:33:47.418+0000] {logging_mixin.py:188} INFO - [2026-07-27T19:33:47.417+0000] {dag.py:3947} INFO - Setting next_dagrun for football_etl to 2026-07-27 19:32:00+00:00, run_after=2026-07-27 19:34:00+00:00
[2026-07-27T19:33:47.438+0000] {processor.py:183} INFO - Processing /opt/airflow/dags/football_etl_dag.py took 0.119 seconds
[2026-07-27T19:34:17.566+0000] {processor.py:161} INFO - Started process (PID=937) to work on /opt/airflow/dags/football_etl_dag.py
[2026-07-27T19:34:17.567+0000] {processor.py:830} INFO - Processing file /opt/airflow/dags/football_etl_dag.py for tasks to queue
[2026-07-27T19:34:17.569+0000] {logging_mixin.py:188} INFO - [2026-07-27T19:34:17.569+0000] {dagbag.py:545} INFO - Filling up the DagBag from /opt/airflow/dags/football_etl_dag.py
[2026-07-27T19:34:17.590+0000] {processor.py:840} INFO - DAG(s) 'football_etl' retrieved from /opt/airflow/dags/football_etl_dag.py
[2026-07-27T19:34:17.624+0000] {logging_mixin.py:188} INFO - [2026-07-27T19:34:17.624+0000] {dag.py:3089} INFO - Sync 1 DAGs
[2026-07-27T19:34:17.650+0000] {logging_mixin.py:188} INFO - [2026-07-27T19:34:17.649+0000] {dag.py:3947} INFO - Setting next_dagrun for football_etl to 2026-07-27 19:34:00+00:00, run_after=2026-07-27 19:36:00+00:00
[2026-07-27T19:34:17.670+0000] {processor.py:183} INFO - Processing /opt/airflow/dags/football_etl_dag.py took 0.110 seconds
[2026-07-27T19:34:47.915+0000] {processor.py:161} INFO - Started process (PID=945) to work on /opt/airflow/dags/football_etl_dag.py
[2026-07-27T19:34:47.917+0000] {processor.py:830} INFO - Processing file /opt/airflow/dags/football_etl_dag.py for tasks to queue
[2026-07-27T19:34:47.920+0000] {logging_mixin.py:188} INFO - [2026-07-27T19:34:47.920+0000] {dagbag.py:545} INFO - Filling up the DagBag from /opt/airflow/dags/football_etl_dag.py
[2026-07-27T19:34:47.951+0000] {processor.py:840} INFO - DAG(s) 'football_etl' retrieved from /opt/airflow/dags/football_etl_dag.py
[2026-07-27T19:34:48.014+0000] {logging_mixin.py:188} INFO - [2026-07-27T19:34:48.013+0000] {dag.py:3089} INFO - Sync 1 DAGs
[2026-07-27T19:34:48.071+0000] {logging_mixin.py:188} INFO - [2026-07-27T19:34:48.071+0000] {dag.py:3947} INFO - Setting next_dagrun for football_etl to 2026-07-27 19:34:00+00:00, run_after=2026-07-27 19:36:00+00:00
[2026-07-27T19:34:48.115+0000] {processor.py:183} INFO - Processing /opt/airflow/dags/football_etl_dag.py took 0.209 seconds
[2026-07-27T19:35:18.309+0000] {processor.py:161} INFO - Started process (PID=953) to work on /opt/airflow/dags/football_etl_dag.py
[2026-07-27T19:35:18.311+0000] {processor.py:830} INFO - Processing file /opt/airflow/dags/football_etl_dag.py for tasks to queue
[2026-07-27T19:35:18.317+0000] {logging_mixin.py:188} INFO - [2026-07-27T19:35:18.316+0000] {dagbag.py:545} INFO - Filling up the DagBag from /opt/airflow/dags/football_etl_dag.py
[2026-07-27T19:35:18.357+0000] {processor.py:840} INFO - DAG(s) 'football_etl' retrieved from /opt/airflow/dags/football_etl_dag.py
[2026-07-27T19:35:18.408+0000] {logging_mixin.py:188} INFO - [2026-07-27T19:35:18.407+0000] {dag.py:3089} INFO - Sync 1 DAGs
[2026-07-27T19:35:18.455+0000] {logging_mixin.py:188} INFO - [2026-07-27T19:35:18.454+0000] {dag.py:3947} INFO - Setting next_dagrun for football_etl to 2026-07-27 19:34:00+00:00, run_after=2026-07-27 19:36:00+00:00
[2026-07-27T19:35:18.492+0000] {processor.py:183} INFO - Processing /opt/airflow/dags/football_etl_dag.py took 0.199 seconds
[2026-07-27T19:35:48.605+0000] {processor.py:161} INFO - Started process (PID=961) to work on /opt/airflow/dags/football_etl_dag.py
[2026-07-27T19:35:48.607+0000] {processor.py:830} INFO - Processing file /opt/airflow/dags/football_etl_dag.py for tasks to queue
[2026-07-27T19:35:48.610+0000] {logging_mixin.py:188} INFO - [2026-07-27T19:35:48.609+0000] {dagbag.py:545} INFO - Filling up the DagBag from /opt/airflow/dags/football_etl_dag.py
[2026-07-27T19:35:48.634+0000] {processor.py:840} INFO - DAG(s) 'football_etl' retrieved from /opt/airflow/dags/football_etl_dag.py
[2026-07-27T19:35:48.673+0000] {logging_mixin.py:188} INFO - [2026-07-27T19:35:48.673+0000] {dag.py:3089} INFO - Sync 1 DAGs
[2026-07-27T19:35:48.701+0000] {logging_mixin.py:188} INFO - [2026-07-27T19:35:48.701+0000] {dag.py:3947} INFO - Setting next_dagrun for football_etl to 2026-07-27 19:34:00+00:00, run_after=2026-07-27 19:36:00+00:00
[2026-07-27T19:35:48.726+0000] {processor.py:183} INFO - Processing /opt/airflow/dags/football_etl_dag.py took 0.129 seconds
[2026-07-27T19:36:18.952+0000] {processor.py:161} INFO - Started process (PID=975) to work on /opt/airflow/dags/football_etl_dag.py
[2026-07-27T19:36:18.954+0000] {processor.py:830} INFO - Processing file /opt/airflow/dags/football_etl_dag.py for tasks to queue
[2026-07-27T19:36:18.957+0000] {logging_mixin.py:188} INFO - [2026-07-27T19:36:18.956+0000] {dagbag.py:545} INFO - Filling up the DagBag from /opt/airflow/dags/football_etl_dag.py
[2026-07-27T19:36:18.984+0000] {processor.py:840} INFO - DAG(s) 'football_etl' retrieved from /opt/airflow/dags/football_etl_dag.py
[2026-07-27T19:36:19.044+0000] {logging_mixin.py:188} INFO - [2026-07-27T19:36:19.044+0000] {dag.py:3089} INFO - Sync 1 DAGs
[2026-07-27T19:36:19.091+0000] {logging_mixin.py:188} INFO - [2026-07-27T19:36:19.090+0000] {dag.py:3947} INFO - Setting next_dagrun for football_etl to 2026-07-27 19:36:00+00:00, run_after=2026-07-27 19:38:00+00:00
[2026-07-27T19:36:19.126+0000] {processor.py:183} INFO - Processing /opt/airflow/dags/football_etl_dag.py took 0.184 seconds
[2026-07-27T19:36:49.330+0000] {processor.py:161} INFO - Started process (PID=980) to work on /opt/airflow/dags/football_etl_dag.py
[2026-07-27T19:36:49.332+0000] {processor.py:830} INFO - Processing file /opt/airflow/dags/football_etl_dag.py for tasks to queue
[2026-07-27T19:36:49.335+0000] {logging_mixin.py:188} INFO - [2026-07-27T19:36:49.334+0000] {dagbag.py:545} INFO - Filling up the DagBag from /opt/airflow/dags/football_etl_dag.py
[2026-07-27T19:36:49.358+0000] {processor.py:840} INFO - DAG(s) 'football_etl' retrieved from /opt/airflow/dags/football_etl_dag.py
[2026-07-27T19:36:49.396+0000] {logging_mixin.py:188} INFO - [2026-07-27T19:36:49.395+0000] {dag.py:3089} INFO - Sync 1 DAGs
[2026-07-27T19:36:49.424+0000] {logging_mixin.py:188} INFO - [2026-07-27T19:36:49.424+0000] {dag.py:3947} INFO - Setting next_dagrun for football_etl to 2026-07-27 19:36:00+00:00, run_after=2026-07-27 19:38:00+00:00
[2026-07-27T19:36:49.446+0000] {processor.py:183} INFO - Processing /opt/airflow/dags/football_etl_dag.py took 0.123 seconds
[2026-07-27T19:37:19.584+0000] {processor.py:161} INFO - Started process (PID=988) to work on /opt/airflow/dags/football_etl_dag.py
[2026-07-27T19:37:19.586+0000] {processor.py:830} INFO - Processing file /opt/airflow/dags/football_etl_dag.py for tasks to queue
[2026-07-27T19:37:19.590+0000] {logging_mixin.py:188} INFO - [2026-07-27T19:37:19.589+0000] {dagbag.py:545} INFO - Filling up the DagBag from /opt/airflow/dags/football_etl_dag.py
[2026-07-27T19:37:19.615+0000] {processor.py:840} INFO - DAG(s) 'football_etl' retrieved from /opt/airflow/dags/football_etl_dag.py
[2026-07-27T19:37:19.654+0000] {logging_mixin.py:188} INFO - [2026-07-27T19:37:19.654+0000] {dag.py:3089} INFO - Sync 1 DAGs
[2026-07-27T19:37:19.685+0000] {logging_mixin.py:188} INFO - [2026-07-27T19:37:19.685+0000] {dag.py:3947} INFO - Setting next_dagrun for football_etl to 2026-07-27 19:36:00+00:00, run_after=2026-07-27 19:38:00+00:00
[2026-07-27T19:37:19.708+0000] {processor.py:183} INFO - Processing /opt/airflow/dags/football_etl_dag.py took 0.134 seconds
[2026-07-27T19:37:49.892+0000] {processor.py:161} INFO - Started process (PID=996) to work on /opt/airflow/dags/football_etl_dag.py
[2026-07-27T19:37:49.894+0000] {processor.py:830} INFO - Processing file /opt/airflow/dags/football_etl_dag.py for tasks to queue
[2026-07-27T19:37:49.902+0000] {logging_mixin.py:188} INFO - [2026-07-27T19:37:49.901+0000] {dagbag.py:545} INFO - Filling up the DagBag from /opt/airflow/dags/football_etl_dag.py
[2026-07-27T19:37:49.948+0000] {processor.py:840} INFO - DAG(s) 'football_etl' retrieved from /opt/airflow/dags/football_etl_dag.py
[2026-07-27T19:37:50.009+0000] {logging_mixin.py:188} INFO - [2026-07-27T19:37:50.008+0000] {dag.py:3089} INFO - Sync 1 DAGs
[2026-07-27T19:37:50.050+0000] {logging_mixin.py:188} INFO - [2026-07-27T19:37:50.050+0000] {dag.py:3947} INFO - Setting next_dagrun for football_etl to 2026-07-27 19:36:00+00:00, run_after=2026-07-27 19:38:00+00:00
[2026-07-27T19:37:50.076+0000] {processor.py:183} INFO - Processing /opt/airflow/dags/football_etl_dag.py took 0.193 seconds
[2026-07-27T19:38:20.276+0000] {processor.py:161} INFO - Started process (PID=1010) to work on /opt/airflow/dags/football_etl_dag.py
[2026-07-27T19:38:20.277+0000] {processor.py:830} INFO - Processing file /opt/airflow/dags/football_etl_dag.py for tasks to queue
[2026-07-27T19:38:20.280+0000] {logging_mixin.py:188} INFO - [2026-07-27T19:38:20.279+0000] {dagbag.py:545} INFO - Filling up the DagBag from /opt/airflow/dags/football_etl_dag.py
[2026-07-27T19:38:20.305+0000] {processor.py:840} INFO - DAG(s) 'football_etl' retrieved from /opt/airflow/dags/football_etl_dag.py
[2026-07-27T19:38:20.347+0000] {logging_mixin.py:188} INFO - [2026-07-27T19:38:20.347+0000] {dag.py:3089} INFO - Sync 1 DAGs
[2026-07-27T19:38:20.380+0000] {logging_mixin.py:188} INFO - [2026-07-27T19:38:20.380+0000] {dag.py:3947} INFO - Setting next_dagrun for football_etl to 2026-07-27 19:38:00+00:00, run_after=2026-07-27 19:40:00+00:00
[2026-07-27T19:38:20.406+0000] {processor.py:183} INFO - Processing /opt/airflow/dags/football_etl_dag.py took 0.138 seconds
[2026-07-27T19:38:50.530+0000] {processor.py:161} INFO - Started process (PID=1015) to work on /opt/airflow/dags/football_etl_dag.py
[2026-07-27T19:38:50.532+0000] {processor.py:830} INFO - Processing file /opt/airflow/dags/football_etl_dag.py for tasks to queue
[2026-07-27T19:38:50.535+0000] {logging_mixin.py:188} INFO - [2026-07-27T19:38:50.535+0000] {dagbag.py:545} INFO - Filling up the DagBag from /opt/airflow/dags/football_etl_dag.py
[2026-07-27T19:38:50.561+0000] {processor.py:840} INFO - DAG(s) 'football_etl' retrieved from /opt/airflow/dags/football_etl_dag.py
[2026-07-27T19:38:50.603+0000] {logging_mixin.py:188} INFO - [2026-07-27T19:38:50.603+0000] {dag.py:3089} INFO - Sync 1 DAGs
[2026-07-27T19:38:50.630+0000] {logging_mixin.py:188} INFO - [2026-07-27T19:38:50.630+0000] {dag.py:3947} INFO - Setting next_dagrun for football_etl to 2026-07-27 19:38:00+00:00, run_after=2026-07-27 19:40:00+00:00
[2026-07-27T19:38:50.653+0000] {processor.py:183} INFO - Processing /opt/airflow/dags/football_etl_dag.py took 0.131 seconds
[2026-07-27T19:39:20.864+0000] {processor.py:161} INFO - Started process (PID=1023) to work on /opt/airflow/dags/football_etl_dag.py
[2026-07-27T19:39:20.865+0000] {processor.py:830} INFO - Processing file /opt/airflow/dags/football_etl_dag.py for tasks to queue
[2026-07-27T19:39:20.869+0000] {logging_mixin.py:188} INFO - [2026-07-27T19:39:20.869+0000] {dagbag.py:545} INFO - Filling up the DagBag from /opt/airflow/dags/football_etl_dag.py
[2026-07-27T19:39:20.895+0000] {processor.py:840} INFO - DAG(s) 'football_etl' retrieved from /opt/airflow/dags/football_etl_dag.py
[2026-07-27T19:39:20.936+0000] {logging_mixin.py:188} INFO - [2026-07-27T19:39:20.936+0000] {dag.py:3089} INFO - Sync 1 DAGs
[2026-07-27T19:39:20.964+0000] {logging_mixin.py:188} INFO - [2026-07-27T19:39:20.964+0000] {dag.py:3947} INFO - Setting next_dagrun for football_etl to 2026-07-27 19:38:00+00:00, run_after=2026-07-27 19:40:00+00:00
[2026-07-27T19:39:20.986+0000] {processor.py:183} INFO - Processing /opt/airflow/dags/football_etl_dag.py took 0.130 seconds
[2026-07-27T19:39:51.092+0000] {processor.py:161} INFO - Started process (PID=1031) to work on /opt/airflow/dags/football_etl_dag.py
[2026-07-27T19:39:51.094+0000] {processor.py:830} INFO - Processing file /opt/airflow/dags/football_etl_dag.py for tasks to queue
[2026-07-27T19:39:51.097+0000] {logging_mixin.py:188} INFO - [2026-07-27T19:39:51.097+0000] {dagbag.py:545} INFO - Filling up the DagBag from /opt/airflow/dags/football_etl_dag.py
[2026-07-27T19:39:51.125+0000] {processor.py:840} INFO - DAG(s) 'football_etl' retrieved from /opt/airflow/dags/football_etl_dag.py
[2026-07-27T19:39:51.166+0000] {logging_mixin.py:188} INFO - [2026-07-27T19:39:51.165+0000] {dag.py:3089} INFO - Sync 1 DAGs
[2026-07-27T19:39:51.197+0000] {logging_mixin.py:188} INFO - [2026-07-27T19:39:51.196+0000] {dag.py:3947} INFO - Setting next_dagrun for football_etl to 2026-07-27 19:38:00+00:00, run_after=2026-07-27 19:40:00+00:00
[2026-07-27T19:39:51.223+0000] {processor.py:183} INFO - Processing /opt/airflow/dags/football_etl_dag.py took 0.140 seconds
[2026-07-27T19:40:21.422+0000] {processor.py:161} INFO - Started process (PID=1043) to work on /opt/airflow/dags/football_etl_dag.py
[2026-07-27T19:40:21.423+0000] {processor.py:830} INFO - Processing file /opt/airflow/dags/football_etl_dag.py for tasks to queue
[2026-07-27T19:40:21.427+0000] {logging_mixin.py:188} INFO - [2026-07-27T19:40:21.426+0000] {dagbag.py:545} INFO - Filling up the DagBag from /opt/airflow/dags/football_etl_dag.py
[2026-07-27T19:40:21.460+0000] {processor.py:840} INFO - DAG(s) 'football_etl' retrieved from /opt/airflow/dags/football_etl_dag.py
[2026-07-27T19:40:21.510+0000] {logging_mixin.py:188} INFO - [2026-07-27T19:40:21.510+0000] {dag.py:3089} INFO - Sync 1 DAGs
[2026-07-27T19:40:21.543+0000] {logging_mixin.py:188} INFO - [2026-07-27T19:40:21.543+0000] {dag.py:3947} INFO - Setting next_dagrun for football_etl to 2026-07-27 19:40:00+00:00, run_after=2026-07-27 19:42:00+00:00
[2026-07-27T19:40:21.570+0000] {processor.py:183} INFO - Processing /opt/airflow/dags/football_etl_dag.py took 0.157 seconds
[2026-07-27T19:40:51.648+0000] {processor.py:161} INFO - Started process (PID=1050) to work on /opt/airflow/dags/football_etl_dag.py
[2026-07-27T19:40:51.650+0000] {processor.py:830} INFO - Processing file /opt/airflow/dags/football_etl_dag.py for tasks to queue
[2026-07-27T19:40:51.654+0000] {logging_mixin.py:188} INFO - [2026-07-27T19:40:51.653+0000] {dagbag.py:545} INFO - Filling up the DagBag from /opt/airflow/dags/football_etl_dag.py
[2026-07-27T19:40:51.680+0000] {processor.py:840} INFO - DAG(s) 'football_etl' retrieved from /opt/airflow/dags/football_etl_dag.py
[2026-07-27T19:40:51.720+0000] {logging_mixin.py:188} INFO - [2026-07-27T19:40:51.720+0000] {dag.py:3089} INFO - Sync 1 DAGs
[2026-07-27T19:40:51.748+0000] {logging_mixin.py:188} INFO - [2026-07-27T19:40:51.748+0000] {dag.py:3947} INFO - Setting next_dagrun for football_etl to 2026-07-27 19:40:00+00:00, run_after=2026-07-27 19:42:00+00:00
[2026-07-27T19:40:51.772+0000] {processor.py:183} INFO - Processing /opt/airflow/dags/football_etl_dag.py took 0.131 seconds
[2026-07-27T19:41:38.832+0000] {processor.py:161} INFO - Started process (PID=164) to work on /opt/airflow/dags/football_etl_dag.py
[2026-07-27T19:41:38.834+0000] {processor.py:830} INFO - Processing file /opt/airflow/dags/football_etl_dag.py for tasks to queue
[2026-07-27T19:41:38.838+0000] {logging_mixin.py:188} INFO - [2026-07-27T19:41:38.837+0000] {dagbag.py:545} INFO - Filling up the DagBag from /opt/airflow/dags/football_etl_dag.py
[2026-07-27T19:41:39.076+0000] {processor.py:840} INFO - DAG(s) 'football_etl' retrieved from /opt/airflow/dags/football_etl_dag.py
[2026-07-27T19:41:39.133+0000] {logging_mixin.py:188} INFO - [2026-07-27T19:41:39.133+0000] {dag.py:3089} INFO - Sync 1 DAGs
[2026-07-27T19:41:39.164+0000] {logging_mixin.py:188} INFO - [2026-07-27T19:41:39.163+0000] {dag.py:3947} INFO - Setting next_dagrun for football_etl to 2026-07-27 19:40:00+00:00, run_after=2026-07-27 19:42:00+00:00
[2026-07-27T19:41:39.266+0000] {processor.py:183} INFO - Processing /opt/airflow/dags/football_etl_dag.py took 0.442 seconds
[2026-07-27T19:42:09.491+0000] {processor.py:161} INFO - Started process (PID=182) to work on /opt/airflow/dags/football_etl_dag.py
[2026-07-27T19:42:09.494+0000] {processor.py:830} INFO - Processing file /opt/airflow/dags/football_etl_dag.py for tasks to queue
[2026-07-27T19:42:09.498+0000] {logging_mixin.py:188} INFO - [2026-07-27T19:42:09.497+0000] {dagbag.py:545} INFO - Filling up the DagBag from /opt/airflow/dags/football_etl_dag.py
[2026-07-27T19:42:09.535+0000] {processor.py:840} INFO - DAG(s) 'football_etl' retrieved from /opt/airflow/dags/football_etl_dag.py
[2026-07-27T19:42:09.828+0000] {logging_mixin.py:188} INFO - [2026-07-27T19:42:09.828+0000] {dag.py:3089} INFO - Sync 1 DAGs
[2026-07-27T19:42:09.855+0000] {logging_mixin.py:188} INFO - [2026-07-27T19:42:09.854+0000] {dag.py:3947} INFO - Setting next_dagrun for football_etl to 2026-07-27 19:42:00+00:00, run_after=2026-07-27 19:44:00+00:00
[2026-07-27T19:42:09.884+0000] {processor.py:183} INFO - Processing /opt/airflow/dags/football_etl_dag.py took 0.404 seconds
[2026-07-27T19:42:40.138+0000] {processor.py:161} INFO - Started process (PID=190) to work on /opt/airflow/dags/football_etl_dag.py
[2026-07-27T19:42:40.139+0000] {processor.py:830} INFO - Processing file /opt/airflow/dags/football_etl_dag.py for tasks to queue
[2026-07-27T19:42:40.142+0000] {logging_mixin.py:188} INFO - [2026-07-27T19:42:40.142+0000] {dagbag.py:545} INFO - Filling up the DagBag from /opt/airflow/dags/football_etl_dag.py
[2026-07-27T19:42:40.165+0000] {processor.py:840} INFO - DAG(s) 'football_etl' retrieved from /opt/airflow/dags/football_etl_dag.py
[2026-07-27T19:42:40.202+0000] {logging_mixin.py:188} INFO - [2026-07-27T19:42:40.202+0000] {dag.py:3089} INFO - Sync 1 DAGs
[2026-07-27T19:42:40.230+0000] {logging_mixin.py:188} INFO - [2026-07-27T19:42:40.230+0000] {dag.py:3947} INFO - Setting next_dagrun for football_etl to 2026-07-27 19:42:00+00:00, run_after=2026-07-27 19:44:00+00:00
[2026-07-27T19:42:40.252+0000] {processor.py:183} INFO - Processing /opt/airflow/dags/football_etl_dag.py took 0.121 seconds
[2026-07-27T19:43:10.340+0000] {processor.py:161} INFO - Started process (PID=198) to work on /opt/airflow/dags/football_etl_dag.py
[2026-07-27T19:43:10.341+0000] {processor.py:830} INFO - Processing file /opt/airflow/dags/football_etl_dag.py for tasks to queue
[2026-07-27T19:43:10.343+0000] {logging_mixin.py:188} INFO - [2026-07-27T19:43:10.343+0000] {dagbag.py:545} INFO - Filling up the DagBag from /opt/airflow/dags/football_etl_dag.py
[2026-07-27T19:43:10.368+0000] {processor.py:840} INFO - DAG(s) 'football_etl' retrieved from /opt/airflow/dags/football_etl_dag.py
[2026-07-27T19:43:10.416+0000] {logging_mixin.py:188} INFO - [2026-07-27T19:43:10.416+0000] {dag.py:3089} INFO - Sync 1 DAGs
[2026-07-27T19:43:10.445+0000] {logging_mixin.py:188} INFO - [2026-07-27T19:43:10.445+0000] {dag.py:3947} INFO - Setting next_dagrun for football_etl to 2026-07-27 19:42:00+00:00, run_after=2026-07-27 19:44:00+00:00
[2026-07-27T19:43:10.469+0000] {processor.py:183} INFO - Processing /opt/airflow/dags/football_etl_dag.py took 0.135 seconds
[2026-07-27T19:43:40.709+0000] {processor.py:161} INFO - Started process (PID=206) to work on /opt/airflow/dags/football_etl_dag.py
[2026-07-27T19:43:40.711+0000] {processor.py:830} INFO - Processing file /opt/airflow/dags/football_etl_dag.py for tasks to queue
[2026-07-27T19:43:40.715+0000] {logging_mixin.py:188} INFO - [2026-07-27T19:43:40.714+0000] {dagbag.py:545} INFO - Filling up the DagBag from /opt/airflow/dags/football_etl_dag.py
[2026-07-27T19:43:40.738+0000] {processor.py:840} INFO - DAG(s) 'football_etl' retrieved from /opt/airflow/dags/football_etl_dag.py
[2026-07-27T19:43:40.777+0000] {logging_mixin.py:188} INFO - [2026-07-27T19:43:40.776+0000] {dag.py:3089} INFO - Sync 1 DAGs
[2026-07-27T19:43:40.805+0000] {logging_mixin.py:188} INFO - [2026-07-27T19:43:40.805+0000] {dag.py:3947} INFO - Setting next_dagrun for football_etl to 2026-07-27 19:42:00+00:00, run_after=2026-07-27 19:44:00+00:00
[2026-07-27T19:43:40.828+0000] {processor.py:183} INFO - Processing /opt/airflow/dags/football_etl_dag.py took 0.126 seconds
[2026-07-27T19:44:10.994+0000] {processor.py:161} INFO - Started process (PID=217) to work on /opt/airflow/dags/football_etl_dag.py
[2026-07-27T19:44:10.996+0000] {processor.py:830} INFO - Processing file /opt/airflow/dags/football_etl_dag.py for tasks to queue
[2026-07-27T19:44:10.999+0000] {logging_mixin.py:188} INFO - [2026-07-27T19:44:10.998+0000] {dagbag.py:545} INFO - Filling up the DagBag from /opt/airflow/dags/football_etl_dag.py
[2026-07-27T19:44:11.022+0000] {processor.py:840} INFO - DAG(s) 'football_etl' retrieved from /opt/airflow/dags/football_etl_dag.py
[2026-07-27T19:44:11.063+0000] {logging_mixin.py:188} INFO - [2026-07-27T19:44:11.063+0000] {dag.py:3089} INFO - Sync 1 DAGs
[2026-07-27T19:44:11.093+0000] {logging_mixin.py:188} INFO - [2026-07-27T19:44:11.093+0000] {dag.py:3947} INFO - Setting next_dagrun for football_etl to 2026-07-27 19:44:00+00:00, run_after=2026-07-27 19:46:00+00:00
[2026-07-27T19:44:11.116+0000] {processor.py:183} INFO - Processing /opt/airflow/dags/football_etl_dag.py took 0.129 seconds
[2026-07-27T19:45:18.946+0000] {processor.py:161} INFO - Started process (PID=163) to work on /opt/airflow/dags/football_etl_dag.py
[2026-07-27T19:45:18.949+0000] {processor.py:830} INFO - Processing file /opt/airflow/dags/football_etl_dag.py for tasks to queue
[2026-07-27T19:45:18.954+0000] {logging_mixin.py:188} INFO - [2026-07-27T19:45:18.953+0000] {dagbag.py:545} INFO - Filling up the DagBag from /opt/airflow/dags/football_etl_dag.py
[2026-07-27T19:45:18.987+0000] {processor.py:840} INFO - DAG(s) 'football_etl' retrieved from /opt/airflow/dags/football_etl_dag.py
[2026-07-27T19:45:19.083+0000] {logging_mixin.py:188} INFO - [2026-07-27T19:45:19.082+0000] {dag.py:3089} INFO - Sync 1 DAGs
[2026-07-27T19:45:19.279+0000] {logging_mixin.py:188} INFO - [2026-07-27T19:45:19.278+0000] {dag.py:3947} INFO - Setting next_dagrun for football_etl to 2026-07-27 19:44:00+00:00, run_after=2026-07-27 19:46:00+00:00
[2026-07-27T19:45:19.335+0000] {processor.py:183} INFO - Processing /opt/airflow/dags/football_etl_dag.py took 0.403 seconds
[2026-07-27T19:45:49.604+0000] {processor.py:161} INFO - Started process (PID=175) to work on /opt/airflow/dags/football_etl_dag.py
[2026-07-27T19:45:49.606+0000] {processor.py:830} INFO - Processing file /opt/airflow/dags/football_etl_dag.py for tasks to queue
[2026-07-27T19:45:49.608+0000] {logging_mixin.py:188} INFO - [2026-07-27T19:45:49.608+0000] {dagbag.py:545} INFO - Filling up the DagBag from /opt/airflow/dags/football_etl_dag.py
[2026-07-27T19:45:49.631+0000] {processor.py:840} INFO - DAG(s) 'football_etl' retrieved from /opt/airflow/dags/football_etl_dag.py
[2026-07-27T19:45:49.884+0000] {logging_mixin.py:188} INFO - [2026-07-27T19:45:49.883+0000] {dag.py:3089} INFO - Sync 1 DAGs
[2026-07-27T19:45:49.908+0000] {logging_mixin.py:188} INFO - [2026-07-27T19:45:49.908+0000] {dag.py:3947} INFO - Setting next_dagrun for football_etl to 2026-07-27 19:44:00+00:00, run_after=2026-07-27 19:46:00+00:00
[2026-07-27T19:45:49.930+0000] {processor.py:183} INFO - Processing /opt/airflow/dags/football_etl_dag.py took 0.334 seconds
[2026-07-27T19:46:20.170+0000] {processor.py:161} INFO - Started process (PID=186) to work on /opt/airflow/dags/football_etl_dag.py
[2026-07-27T19:46:20.171+0000] {processor.py:830} INFO - Processing file /opt/airflow/dags/football_etl_dag.py for tasks to queue
[2026-07-27T19:46:20.174+0000] {logging_mixin.py:188} INFO - [2026-07-27T19:46:20.174+0000] {dagbag.py:545} INFO - Filling up the DagBag from /opt/airflow/dags/football_etl_dag.py
[2026-07-27T19:46:20.201+0000] {processor.py:840} INFO - DAG(s) 'football_etl' retrieved from /opt/airflow/dags/football_etl_dag.py
[2026-07-27T19:46:20.237+0000] {logging_mixin.py:188} INFO - [2026-07-27T19:46:20.237+0000] {dag.py:3089} INFO - Sync 1 DAGs
[2026-07-27T19:46:20.265+0000] {logging_mixin.py:188} INFO - [2026-07-27T19:46:20.264+0000] {dag.py:3947} INFO - Setting next_dagrun for football_etl to 2026-07-27 19:46:00+00:00, run_after=2026-07-27 19:48:00+00:00
[2026-07-27T19:46:20.287+0000] {processor.py:183} INFO - Processing /opt/airflow/dags/football_etl_dag.py took 0.124 seconds
[2026-07-27T19:46:50.415+0000] {processor.py:161} INFO - Started process (PID=191) to work on /opt/airflow/dags/football_etl_dag.py
[2026-07-27T19:46:50.416+0000] {processor.py:830} INFO - Processing file /opt/airflow/dags/football_etl_dag.py for tasks to queue
[2026-07-27T19:46:50.419+0000] {logging_mixin.py:188} INFO - [2026-07-27T19:46:50.419+0000] {dagbag.py:545} INFO - Filling up the DagBag from /opt/airflow/dags/football_etl_dag.py
[2026-07-27T19:46:50.443+0000] {processor.py:840} INFO - DAG(s) 'football_etl' retrieved from /opt/airflow/dags/football_etl_dag.py
[2026-07-27T19:46:50.487+0000] {logging_mixin.py:188} INFO - [2026-07-27T19:46:50.487+0000] {dag.py:3089} INFO - Sync 1 DAGs
[2026-07-27T19:46:50.516+0000] {logging_mixin.py:188} INFO - [2026-07-27T19:46:50.516+0000] {dag.py:3947} INFO - Setting next_dagrun for football_etl to 2026-07-27 19:46:00+00:00, run_after=2026-07-27 19:48:00+00:00
[2026-07-27T19:46:50.539+0000] {processor.py:183} INFO - Processing /opt/airflow/dags/football_etl_dag.py took 0.133 seconds
[2026-07-27T19:47:20.721+0000] {processor.py:161} INFO - Started process (PID=202) to work on /opt/airflow/dags/football_etl_dag.py
[2026-07-27T19:47:20.723+0000] {processor.py:830} INFO - Processing file /opt/airflow/dags/football_etl_dag.py for tasks to queue
[2026-07-27T19:47:20.727+0000] {logging_mixin.py:188} INFO - [2026-07-27T19:47:20.727+0000] {dagbag.py:545} INFO - Filling up the DagBag from /opt/airflow/dags/football_etl_dag.py
[2026-07-27T19:47:20.758+0000] {processor.py:840} INFO - DAG(s) 'football_etl' retrieved from /opt/airflow/dags/football_etl_dag.py
[2026-07-27T19:47:20.809+0000] {logging_mixin.py:188} INFO - [2026-07-27T19:47:20.809+0000] {dag.py:3089} INFO - Sync 1 DAGs
[2026-07-27T19:47:20.842+0000] {logging_mixin.py:188} INFO - [2026-07-27T19:47:20.842+0000] {dag.py:3947} INFO - Setting next_dagrun for football_etl to 2026-07-27 19:46:00+00:00, run_after=2026-07-27 19:48:00+00:00
[2026-07-27T19:47:20.869+0000] {processor.py:183} INFO - Processing /opt/airflow/dags/football_etl_dag.py took 0.156 seconds
[2026-07-27T19:47:50.955+0000] {processor.py:161} INFO - Started process (PID=210) to work on /opt/airflow/dags/football_etl_dag.py
[2026-07-27T19:47:50.957+0000] {processor.py:830} INFO - Processing file /opt/airflow/dags/football_etl_dag.py for tasks to queue
[2026-07-27T19:47:50.960+0000] {logging_mixin.py:188} INFO - [2026-07-27T19:47:50.960+0000] {dagbag.py:545} INFO - Filling up the DagBag from /opt/airflow/dags/football_etl_dag.py
[2026-07-27T19:47:50.989+0000] {processor.py:840} INFO - DAG(s) 'football_etl' retrieved from /opt/airflow/dags/football_etl_dag.py
[2026-07-27T19:47:51.033+0000] {logging_mixin.py:188} INFO - [2026-07-27T19:47:51.033+0000] {dag.py:3089} INFO - Sync 1 DAGs
[2026-07-27T19:47:51.067+0000] {logging_mixin.py:188} INFO - [2026-07-27T19:47:51.067+0000] {dag.py:3947} INFO - Setting next_dagrun for football_etl to 2026-07-27 19:46:00+00:00, run_after=2026-07-27 19:48:00+00:00
[2026-07-27T19:47:51.091+0000] {processor.py:183} INFO - Processing /opt/airflow/dags/football_etl_dag.py took 0.146 seconds
[2026-07-27T19:48:21.228+0000] {processor.py:161} INFO - Started process (PID=224) to work on /opt/airflow/dags/football_etl_dag.py
[2026-07-27T19:48:21.230+0000] {processor.py:830} INFO - Processing file /opt/airflow/dags/football_etl_dag.py for tasks to queue
[2026-07-27T19:48:21.233+0000] {logging_mixin.py:188} INFO - [2026-07-27T19:48:21.233+0000] {dagbag.py:545} INFO - Filling up the DagBag from /opt/airflow/dags/football_etl_dag.py
[2026-07-27T19:48:21.273+0000] {processor.py:840} INFO - DAG(s) 'football_etl' retrieved from /opt/airflow/dags/football_etl_dag.py
[2026-07-27T19:48:21.324+0000] {logging_mixin.py:188} INFO - [2026-07-27T19:48:21.324+0000] {dag.py:3089} INFO - Sync 1 DAGs
[2026-07-27T19:48:21.361+0000] {logging_mixin.py:188} INFO - [2026-07-27T19:48:21.361+0000] {dag.py:3947} INFO - Setting next_dagrun for football_etl to 2026-07-27 19:48:00+00:00, run_after=2026-07-27 19:50:00+00:00
[2026-07-27T19:48:21.383+0000] {processor.py:183} INFO - Processing /opt/airflow/dags/football_etl_dag.py took 0.167 seconds
[2026-07-27T19:48:51.449+0000] {processor.py:161} INFO - Started process (PID=231) to work on /opt/airflow/dags/football_etl_dag.py
[2026-07-27T19:48:51.450+0000] {processor.py:830} INFO - Processing file /opt/airflow/dags/football_etl_dag.py for tasks to queue
[2026-07-27T19:48:51.453+0000] {logging_mixin.py:188} INFO - [2026-07-27T19:48:51.453+0000] {dagbag.py:545} INFO - Filling up the DagBag from /opt/airflow/dags/football_etl_dag.py
[2026-07-27T19:48:51.482+0000] {processor.py:840} INFO - DAG(s) 'football_etl' retrieved from /opt/airflow/dags/football_etl_dag.py
[2026-07-27T19:48:51.527+0000] {logging_mixin.py:188} INFO - [2026-07-27T19:48:51.526+0000] {dag.py:3089} INFO - Sync 1 DAGs
[2026-07-27T19:48:51.565+0000] {logging_mixin.py:188} INFO - [2026-07-27T19:48:51.564+0000] {dag.py:3947} INFO - Setting next_dagrun for football_etl to 2026-07-27 19:48:00+00:00, run_after=2026-07-27 19:50:00+00:00
[2026-07-27T19:48:51.587+0000] {processor.py:183} INFO - Processing /opt/airflow/dags/football_etl_dag.py took 0.147 seconds
[2026-07-27T19:49:21.758+0000] {processor.py:161} INFO - Started process (PID=239) to work on /opt/airflow/dags/football_etl_dag.py
[2026-07-27T19:49:21.759+0000] {processor.py:830} INFO - Processing file /opt/airflow/dags/football_etl_dag.py for tasks to queue
[2026-07-27T19:49:21.763+0000] {logging_mixin.py:188} INFO - [2026-07-27T19:49:21.762+0000] {dagbag.py:545} INFO - Filling up the DagBag from /opt/airflow/dags/football_etl_dag.py
[2026-07-27T19:49:21.798+0000] {processor.py:840} INFO - DAG(s) 'football_etl' retrieved from /opt/airflow/dags/football_etl_dag.py
[2026-07-27T19:49:21.848+0000] {logging_mixin.py:188} INFO - [2026-07-27T19:49:21.848+0000] {dag.py:3089} INFO - Sync 1 DAGs
[2026-07-27T19:49:21.879+0000] {logging_mixin.py:188} INFO - [2026-07-27T19:49:21.879+0000] {dag.py:3947} INFO - Setting next_dagrun for football_etl to 2026-07-27 19:48:00+00:00, run_after=2026-07-27 19:50:00+00:00
[2026-07-27T19:49:21.909+0000] {processor.py:183} INFO - Processing /opt/airflow/dags/football_etl_dag.py took 0.159 seconds
[2026-07-27T19:49:52.062+0000] {processor.py:161} INFO - Started process (PID=251) to work on /opt/airflow/dags/football_etl_dag.py
[2026-07-27T19:49:52.064+0000] {processor.py:830} INFO - Processing file /opt/airflow/dags/football_etl_dag.py for tasks to queue
[2026-07-27T19:49:52.069+0000] {logging_mixin.py:188} INFO - [2026-07-27T19:49:52.068+0000] {dagbag.py:545} INFO - Filling up the DagBag from /opt/airflow/dags/football_etl_dag.py
[2026-07-27T19:49:52.109+0000] {processor.py:840} INFO - DAG(s) 'football_etl' retrieved from /opt/airflow/dags/football_etl_dag.py
[2026-07-27T19:49:52.175+0000] {logging_mixin.py:188} INFO - [2026-07-27T19:49:52.174+0000] {dag.py:3089} INFO - Sync 1 DAGs
[2026-07-27T19:49:52.214+0000] {logging_mixin.py:188} INFO - [2026-07-27T19:49:52.214+0000] {dag.py:3947} INFO - Setting next_dagrun for football_etl to 2026-07-27 19:48:00+00:00, run_after=2026-07-27 19:50:00+00:00
[2026-07-27T19:49:52.237+0000] {processor.py:183} INFO - Processing /opt/airflow/dags/football_etl_dag.py took 0.186 seconds
[2026-07-27T19:50:22.334+0000] {processor.py:161} INFO - Started process (PID=264) to work on /opt/airflow/dags/football_etl_dag.py
[2026-07-27T19:50:22.335+0000] {processor.py:830} INFO - Processing file /opt/airflow/dags/football_etl_dag.py for tasks to queue
[2026-07-27T19:50:22.338+0000] {logging_mixin.py:188} INFO - [2026-07-27T19:50:22.338+0000] {dagbag.py:545} INFO - Filling up the DagBag from /opt/airflow/dags/football_etl_dag.py
[2026-07-27T19:50:22.362+0000] {processor.py:840} INFO - DAG(s) 'football_etl' retrieved from /opt/airflow/dags/football_etl_dag.py
[2026-07-27T19:50:22.411+0000] {logging_mixin.py:188} INFO - [2026-07-27T19:50:22.410+0000] {dag.py:3089} INFO - Sync 1 DAGs
[2026-07-27T19:50:22.441+0000] {logging_mixin.py:188} INFO - [2026-07-27T19:50:22.441+0000] {dag.py:3947} INFO - Setting next_dagrun for football_etl to 2026-07-27 19:50:00+00:00, run_after=2026-07-27 19:52:00+00:00
[2026-07-27T19:50:22.462+0000] {processor.py:183} INFO - Processing /opt/airflow/dags/football_etl_dag.py took 0.135 seconds
[2026-07-27T19:50:52.580+0000] {processor.py:161} INFO - Started process (PID=274) to work on /opt/airflow/dags/football_etl_dag.py
[2026-07-27T19:50:52.581+0000] {processor.py:830} INFO - Processing file /opt/airflow/dags/football_etl_dag.py for tasks to queue
[2026-07-27T19:50:52.584+0000] {logging_mixin.py:188} INFO - [2026-07-27T19:50:52.584+0000] {dagbag.py:545} INFO - Filling up the DagBag from /opt/airflow/dags/football_etl_dag.py
[2026-07-27T19:50:52.610+0000] {processor.py:840} INFO - DAG(s) 'football_etl' retrieved from /opt/airflow/dags/football_etl_dag.py
[2026-07-27T19:50:52.651+0000] {logging_mixin.py:188} INFO - [2026-07-27T19:50:52.651+0000] {dag.py:3089} INFO - Sync 1 DAGs
[2026-07-27T19:50:52.680+0000] {logging_mixin.py:188} INFO - [2026-07-27T19:50:52.679+0000] {dag.py:3947} INFO - Setting next_dagrun for football_etl to 2026-07-27 19:50:00+00:00, run_after=2026-07-27 19:52:00+00:00
[2026-07-27T19:50:52.700+0000] {processor.py:183} INFO - Processing /opt/airflow/dags/football_etl_dag.py took 0.127 seconds
[2026-07-27T19:51:22.788+0000] {processor.py:161} INFO - Started process (PID=282) to work on /opt/airflow/dags/football_etl_dag.py
[2026-07-27T19:51:22.789+0000] {processor.py:830} INFO - Processing file /opt/airflow/dags/football_etl_dag.py for tasks to queue
[2026-07-27T19:51:22.792+0000] {logging_mixin.py:188} INFO - [2026-07-27T19:51:22.791+0000] {dagbag.py:545} INFO - Filling up the DagBag from /opt/airflow/dags/football_etl_dag.py
[2026-07-27T19:51:22.816+0000] {processor.py:840} INFO - DAG(s) 'football_etl' retrieved from /opt/airflow/dags/football_etl_dag.py
[2026-07-27T19:51:22.855+0000] {logging_mixin.py:188} INFO - [2026-07-27T19:51:22.855+0000] {dag.py:3089} INFO - Sync 1 DAGs
[2026-07-27T19:51:22.884+0000] {logging_mixin.py:188} INFO - [2026-07-27T19:51:22.883+0000] {dag.py:3947} INFO - Setting next_dagrun for football_etl to 2026-07-27 19:50:00+00:00, run_after=2026-07-27 19:52:00+00:00
[2026-07-27T19:51:22.904+0000] {processor.py:183} INFO - Processing /opt/airflow/dags/football_etl_dag.py took 0.125 seconds
[2026-07-27T19:51:53.072+0000] {processor.py:161} INFO - Started process (PID=289) to work on /opt/airflow/dags/football_etl_dag.py
[2026-07-27T19:51:53.073+0000] {processor.py:830} INFO - Processing file /opt/airflow/dags/football_etl_dag.py for tasks to queue
[2026-07-27T19:51:53.077+0000] {logging_mixin.py:188} INFO - [2026-07-27T19:51:53.076+0000] {dagbag.py:545} INFO - Filling up the DagBag from /opt/airflow/dags/football_etl_dag.py
[2026-07-27T19:51:53.103+0000] {processor.py:840} INFO - DAG(s) 'football_etl' retrieved from /opt/airflow/dags/football_etl_dag.py
[2026-07-27T19:51:53.140+0000] {logging_mixin.py:188} INFO - [2026-07-27T19:51:53.140+0000] {dag.py:3089} INFO - Sync 1 DAGs
[2026-07-27T19:51:53.168+0000] {logging_mixin.py:188} INFO - [2026-07-27T19:51:53.168+0000] {dag.py:3947} INFO - Setting next_dagrun for football_etl to 2026-07-27 19:50:00+00:00, run_after=2026-07-27 19:52:00+00:00
[2026-07-27T19:51:53.190+0000] {processor.py:183} INFO - Processing /opt/airflow/dags/football_etl_dag.py took 0.126 seconds
[2026-07-27T19:52:23.285+0000] {processor.py:161} INFO - Started process (PID=310) to work on /opt/airflow/dags/football_etl_dag.py
[2026-07-27T19:52:23.287+0000] {processor.py:830} INFO - Processing file /opt/airflow/dags/football_etl_dag.py for tasks to queue
[2026-07-27T19:52:23.291+0000] {logging_mixin.py:188} INFO - [2026-07-27T19:52:23.290+0000] {dagbag.py:545} INFO - Filling up the DagBag from /opt/airflow/dags/football_etl_dag.py
[2026-07-27T19:52:23.328+0000] {processor.py:840} INFO - DAG(s) 'football_etl' retrieved from /opt/airflow/dags/football_etl_dag.py
[2026-07-27T19:52:23.389+0000] {logging_mixin.py:188} INFO - [2026-07-27T19:52:23.389+0000] {dag.py:3089} INFO - Sync 1 DAGs
[2026-07-27T19:52:23.428+0000] {logging_mixin.py:188} INFO - [2026-07-27T19:52:23.428+0000] {dag.py:3947} INFO - Setting next_dagrun for football_etl to 2026-07-27 19:52:00+00:00, run_after=2026-07-27 19:54:00+00:00
[2026-07-27T19:52:23.459+0000] {processor.py:183} INFO - Processing /opt/airflow/dags/football_etl_dag.py took 0.184 seconds
[2026-07-27T19:52:53.600+0000] {processor.py:161} INFO - Started process (PID=317) to work on /opt/airflow/dags/football_etl_dag.py
[2026-07-27T19:52:53.602+0000] {processor.py:830} INFO - Processing file /opt/airflow/dags/football_etl_dag.py for tasks to queue
[2026-07-27T19:52:53.605+0000] {logging_mixin.py:188} INFO - [2026-07-27T19:52:53.604+0000] {dagbag.py:545} INFO - Filling up the DagBag from /opt/airflow/dags/football_etl_dag.py
[2026-07-27T19:52:53.629+0000] {processor.py:840} INFO - DAG(s) 'football_etl' retrieved from /opt/airflow/dags/football_etl_dag.py
[2026-07-27T19:52:53.689+0000] {logging_mixin.py:188} INFO - [2026-07-27T19:52:53.688+0000] {dag.py:3089} INFO - Sync 1 DAGs
[2026-07-27T19:52:53.719+0000] {logging_mixin.py:188} INFO - [2026-07-27T19:52:53.719+0000] {dag.py:3947} INFO - Setting next_dagrun for football_etl to 2026-07-27 19:52:00+00:00, run_after=2026-07-27 19:54:00+00:00
[2026-07-27T19:52:53.742+0000] {processor.py:183} INFO - Processing /opt/airflow/dags/football_etl_dag.py took 0.151 seconds
[2026-07-27T19:53:23.948+0000] {processor.py:161} INFO - Started process (PID=322) to work on /opt/airflow/dags/football_etl_dag.py
[2026-07-27T19:53:23.950+0000] {processor.py:830} INFO - Processing file /opt/airflow/dags/football_etl_dag.py for tasks to queue
[2026-07-27T19:53:23.952+0000] {logging_mixin.py:188} INFO - [2026-07-27T19:53:23.952+0000] {dagbag.py:545} INFO - Filling up the DagBag from /opt/airflow/dags/football_etl_dag.py
[2026-07-27T19:53:23.980+0000] {processor.py:840} INFO - DAG(s) 'football_etl' retrieved from /opt/airflow/dags/football_etl_dag.py
[2026-07-27T19:53:24.022+0000] {logging_mixin.py:188} INFO - [2026-07-27T19:53:24.022+0000] {dag.py:3089} INFO - Sync 1 DAGs
[2026-07-27T19:53:24.053+0000] {logging_mixin.py:188} INFO - [2026-07-27T19:53:24.053+0000] {dag.py:3947} INFO - Setting next_dagrun for football_etl to 2026-07-27 19:52:00+00:00, run_after=2026-07-27 19:54:00+00:00
[2026-07-27T19:53:24.075+0000] {processor.py:183} INFO - Processing /opt/airflow/dags/football_etl_dag.py took 0.135 seconds
[2026-07-27T19:53:54.208+0000] {processor.py:161} INFO - Started process (PID=333) to work on /opt/airflow/dags/football_etl_dag.py
[2026-07-27T19:53:54.209+0000] {processor.py:830} INFO - Processing file /opt/airflow/dags/football_etl_dag.py for tasks to queue
[2026-07-27T19:53:54.213+0000] {logging_mixin.py:188} INFO - [2026-07-27T19:53:54.212+0000] {dagbag.py:545} INFO - Filling up the DagBag from /opt/airflow/dags/football_etl_dag.py
[2026-07-27T19:53:54.246+0000] {processor.py:840} INFO - DAG(s) 'football_etl' retrieved from /opt/airflow/dags/football_etl_dag.py
[2026-07-27T19:53:54.298+0000] {logging_mixin.py:188} INFO - [2026-07-27T19:53:54.298+0000] {dag.py:3089} INFO - Sync 1 DAGs
[2026-07-27T19:53:54.335+0000] {logging_mixin.py:188} INFO - [2026-07-27T19:53:54.335+0000] {dag.py:3947} INFO - Setting next_dagrun for football_etl to 2026-07-27 19:52:00+00:00, run_after=2026-07-27 19:54:00+00:00
[2026-07-27T19:53:54.361+0000] {processor.py:183} INFO - Processing /opt/airflow/dags/football_etl_dag.py took 0.164 seconds
[2026-07-27T19:54:24.463+0000] {processor.py:161} INFO - Started process (PID=352) to work on /opt/airflow/dags/football_etl_dag.py
[2026-07-27T19:54:24.465+0000] {processor.py:830} INFO - Processing file /opt/airflow/dags/football_etl_dag.py for tasks to queue
[2026-07-27T19:54:24.468+0000] {logging_mixin.py:188} INFO - [2026-07-27T19:54:24.467+0000] {dagbag.py:545} INFO - Filling up the DagBag from /opt/airflow/dags/football_etl_dag.py
[2026-07-27T19:54:24.493+0000] {processor.py:840} INFO - DAG(s) 'football_etl' retrieved from /opt/airflow/dags/football_etl_dag.py
[2026-07-27T19:54:24.550+0000] {logging_mixin.py:188} INFO - [2026-07-27T19:54:24.550+0000] {dag.py:3089} INFO - Sync 1 DAGs
[2026-07-27T19:54:24.611+0000] {logging_mixin.py:188} INFO - [2026-07-27T19:54:24.611+0000] {dag.py:3947} INFO - Setting next_dagrun for football_etl to 2026-07-27 19:54:00+00:00, run_after=2026-07-27 19:56:00+00:00
[2026-07-27T19:54:24.642+0000] {processor.py:183} INFO - Processing /opt/airflow/dags/football_etl_dag.py took 0.189 seconds
[2026-07-27T19:54:54.766+0000] {processor.py:161} INFO - Started process (PID=359) to work on /opt/airflow/dags/football_etl_dag.py
[2026-07-27T19:54:54.768+0000] {processor.py:830} INFO - Processing file /opt/airflow/dags/football_etl_dag.py for tasks to queue
[2026-07-27T19:54:54.772+0000] {logging_mixin.py:188} INFO - [2026-07-27T19:54:54.771+0000] {dagbag.py:545} INFO - Filling up the DagBag from /opt/airflow/dags/football_etl_dag.py
[2026-07-27T19:54:54.810+0000] {processor.py:840} INFO - DAG(s) 'football_etl' retrieved from /opt/airflow/dags/football_etl_dag.py
[2026-07-27T19:54:54.861+0000] {logging_mixin.py:188} INFO - [2026-07-27T19:54:54.861+0000] {dag.py:3089} INFO - Sync 1 DAGs
[2026-07-27T19:54:54.899+0000] {logging_mixin.py:188} INFO - [2026-07-27T19:54:54.898+0000] {dag.py:3947} INFO - Setting next_dagrun for football_etl to 2026-07-27 19:54:00+00:00, run_after=2026-07-27 19:56:00+00:00
[2026-07-27T19:54:54.924+0000] {processor.py:183} INFO - Processing /opt/airflow/dags/football_etl_dag.py took 0.168 seconds
[2026-07-27T19:55:25.129+0000] {processor.py:161} INFO - Started process (PID=366) to work on /opt/airflow/dags/football_etl_dag.py
[2026-07-27T19:55:25.130+0000] {processor.py:830} INFO - Processing file /opt/airflow/dags/football_etl_dag.py for tasks to queue
[2026-07-27T19:55:25.134+0000] {logging_mixin.py:188} INFO - [2026-07-27T19:55:25.134+0000] {dagbag.py:545} INFO - Filling up the DagBag from /opt/airflow/dags/football_etl_dag.py
[2026-07-27T19:55:25.161+0000] {processor.py:840} INFO - DAG(s) 'football_etl' retrieved from /opt/airflow/dags/football_etl_dag.py
[2026-07-27T19:55:25.204+0000] {logging_mixin.py:188} INFO - [2026-07-27T19:55:25.204+0000] {dag.py:3089} INFO - Sync 1 DAGs
[2026-07-27T19:55:25.235+0000] {logging_mixin.py:188} INFO - [2026-07-27T19:55:25.235+0000] {dag.py:3947} INFO - Setting next_dagrun for football_etl to 2026-07-27 19:54:00+00:00, run_after=2026-07-27 19:56:00+00:00
[2026-07-27T19:55:25.261+0000] {processor.py:183} INFO - Processing /opt/airflow/dags/football_etl_dag.py took 0.141 seconds
[2026-07-27T19:55:55.335+0000] {processor.py:161} INFO - Started process (PID=373) to work on /opt/airflow/dags/football_etl_dag.py
[2026-07-27T19:55:55.336+0000] {processor.py:830} INFO - Processing file /opt/airflow/dags/football_etl_dag.py for tasks to queue
[2026-07-27T19:55:55.340+0000] {logging_mixin.py:188} INFO - [2026-07-27T19:55:55.339+0000] {dagbag.py:545} INFO - Filling up the DagBag from /opt/airflow/dags/football_etl_dag.py
[2026-07-27T19:55:55.366+0000] {processor.py:840} INFO - DAG(s) 'football_etl' retrieved from /opt/airflow/dags/football_etl_dag.py
[2026-07-27T19:55:55.409+0000] {logging_mixin.py:188} INFO - [2026-07-27T19:55:55.408+0000] {dag.py:3089} INFO - Sync 1 DAGs
[2026-07-27T19:55:55.437+0000] {logging_mixin.py:188} INFO - [2026-07-27T19:55:55.436+0000] {dag.py:3947} INFO - Setting next_dagrun for football_etl to 2026-07-27 19:54:00+00:00, run_after=2026-07-27 19:56:00+00:00
[2026-07-27T19:55:55.457+0000] {processor.py:183} INFO - Processing /opt/airflow/dags/football_etl_dag.py took 0.131 seconds
[2026-07-27T19:56:25.695+0000] {processor.py:161} INFO - Started process (PID=386) to work on /opt/airflow/dags/football_etl_dag.py
[2026-07-27T19:56:25.696+0000] {processor.py:830} INFO - Processing file /opt/airflow/dags/football_etl_dag.py for tasks to queue
[2026-07-27T19:56:25.704+0000] {logging_mixin.py:188} INFO - [2026-07-27T19:56:25.702+0000] {dagbag.py:545} INFO - Filling up the DagBag from /opt/airflow/dags/football_etl_dag.py
[2026-07-27T19:56:25.747+0000] {processor.py:840} INFO - DAG(s) 'football_etl' retrieved from /opt/airflow/dags/football_etl_dag.py
[2026-07-27T19:56:25.829+0000] {logging_mixin.py:188} INFO - [2026-07-27T19:56:25.829+0000] {dag.py:3089} INFO - Sync 1 DAGs
[2026-07-27T19:56:25.884+0000] {logging_mixin.py:188} INFO - [2026-07-27T19:56:25.884+0000] {dag.py:3947} INFO - Setting next_dagrun for football_etl to 2026-07-27 19:56:00+00:00, run_after=2026-07-27 19:58:00+00:00
[2026-07-27T19:56:25.912+0000] {processor.py:183} INFO - Processing /opt/airflow/dags/football_etl_dag.py took 0.233 seconds
[2026-07-27T19:56:56.155+0000] {processor.py:161} INFO - Started process (PID=395) to work on /opt/airflow/dags/football_etl_dag.py
[2026-07-27T19:56:56.158+0000] {processor.py:830} INFO - Processing file /opt/airflow/dags/football_etl_dag.py for tasks to queue
[2026-07-27T19:56:56.164+0000] {logging_mixin.py:188} INFO - [2026-07-27T19:56:56.163+0000] {dagbag.py:545} INFO - Filling up the DagBag from /opt/airflow/dags/football_etl_dag.py
[2026-07-27T19:56:56.200+0000] {processor.py:840} INFO - DAG(s) 'football_etl' retrieved from /opt/airflow/dags/football_etl_dag.py
[2026-07-27T19:56:56.271+0000] {logging_mixin.py:188} INFO - [2026-07-27T19:56:56.270+0000] {dag.py:3089} INFO - Sync 1 DAGs
[2026-07-27T19:56:56.324+0000] {logging_mixin.py:188} INFO - [2026-07-27T19:56:56.323+0000] {dag.py:3947} INFO - Setting next_dagrun for football_etl to 2026-07-27 19:56:00+00:00, run_after=2026-07-27 19:58:00+00:00
[2026-07-27T19:56:56.360+0000] {processor.py:183} INFO - Processing /opt/airflow/dags/football_etl_dag.py took 0.223 seconds
[2026-07-27T19:57:26.557+0000] {processor.py:161} INFO - Started process (PID=400) to work on /opt/airflow/dags/football_etl_dag.py
[2026-07-27T19:57:26.559+0000] {processor.py:830} INFO - Processing file /opt/airflow/dags/football_etl_dag.py for tasks to queue
[2026-07-27T19:57:26.561+0000] {logging_mixin.py:188} INFO - [2026-07-27T19:57:26.561+0000] {dagbag.py:545} INFO - Filling up the DagBag from /opt/airflow/dags/football_etl_dag.py
[2026-07-27T19:57:26.585+0000] {processor.py:840} INFO - DAG(s) 'football_etl' retrieved from /opt/airflow/dags/football_etl_dag.py
[2026-07-27T19:57:26.619+0000] {logging_mixin.py:188} INFO - [2026-07-27T19:57:26.619+0000] {dag.py:3089} INFO - Sync 1 DAGs
[2026-07-27T19:57:26.644+0000] {logging_mixin.py:188} INFO - [2026-07-27T19:57:26.643+0000] {dag.py:3947} INFO - Setting next_dagrun for football_etl to 2026-07-27 19:56:00+00:00, run_after=2026-07-27 19:58:00+00:00
[2026-07-27T19:57:26.702+0000] {processor.py:183} INFO - Processing /opt/airflow/dags/football_etl_dag.py took 0.150 seconds
[2026-07-27T19:57:56.765+0000] {processor.py:161} INFO - Started process (PID=409) to work on /opt/airflow/dags/football_etl_dag.py
[2026-07-27T19:57:56.767+0000] {processor.py:830} INFO - Processing file /opt/airflow/dags/football_etl_dag.py for tasks to queue
[2026-07-27T19:57:56.772+0000] {logging_mixin.py:188} INFO - [2026-07-27T19:57:56.771+0000] {dagbag.py:545} INFO - Filling up the DagBag from /opt/airflow/dags/football_etl_dag.py
[2026-07-27T19:57:56.804+0000] {processor.py:840} INFO - DAG(s) 'football_etl' retrieved from /opt/airflow/dags/football_etl_dag.py
[2026-07-27T19:57:56.869+0000] {logging_mixin.py:188} INFO - [2026-07-27T19:57:56.869+0000] {dag.py:3089} INFO - Sync 1 DAGs
[2026-07-27T19:57:56.920+0000] {logging_mixin.py:188} INFO - [2026-07-27T19:57:56.920+0000] {dag.py:3947} INFO - Setting next_dagrun for football_etl to 2026-07-27 19:56:00+00:00, run_after=2026-07-27 19:58:00+00:00
[2026-07-27T19:57:56.961+0000] {processor.py:183} INFO - Processing /opt/airflow/dags/football_etl_dag.py took 0.207 seconds
[2026-07-27T19:58:27.111+0000] {processor.py:161} INFO - Started process (PID=424) to work on /opt/airflow/dags/football_etl_dag.py
[2026-07-27T19:58:27.114+0000] {processor.py:830} INFO - Processing file /opt/airflow/dags/football_etl_dag.py for tasks to queue
[2026-07-27T19:58:27.119+0000] {logging_mixin.py:188} INFO - [2026-07-27T19:58:27.118+0000] {dagbag.py:545} INFO - Filling up the DagBag from /opt/airflow/dags/football_etl_dag.py
[2026-07-27T19:58:27.170+0000] {processor.py:840} INFO - DAG(s) 'football_etl' retrieved from /opt/airflow/dags/football_etl_dag.py
[2026-07-27T19:58:27.243+0000] {logging_mixin.py:188} INFO - [2026-07-27T19:58:27.242+0000] {dag.py:3089} INFO - Sync 1 DAGs
[2026-07-27T19:58:27.299+0000] {logging_mixin.py:188} INFO - [2026-07-27T19:58:27.299+0000] {dag.py:3947} INFO - Setting next_dagrun for football_etl to 2026-07-27 19:58:00+00:00, run_after=2026-07-27 20:00:00+00:00
[2026-07-27T19:58:27.334+0000] {processor.py:183} INFO - Processing /opt/airflow/dags/football_etl_dag.py took 0.245 seconds
[2026-07-27T19:58:57.426+0000] {processor.py:161} INFO - Started process (PID=429) to work on /opt/airflow/dags/football_etl_dag.py
[2026-07-27T19:58:57.429+0000] {processor.py:830} INFO - Processing file /opt/airflow/dags/football_etl_dag.py for tasks to queue
[2026-07-27T19:58:57.435+0000] {logging_mixin.py:188} INFO - [2026-07-27T19:58:57.435+0000] {dagbag.py:545} INFO - Filling up the DagBag from /opt/airflow/dags/football_etl_dag.py
[2026-07-27T19:58:57.476+0000] {processor.py:840} INFO - DAG(s) 'football_etl' retrieved from /opt/airflow/dags/football_etl_dag.py
[2026-07-27T19:58:57.553+0000] {logging_mixin.py:188} INFO - [2026-07-27T19:58:57.553+0000] {dag.py:3089} INFO - Sync 1 DAGs
[2026-07-27T19:58:57.589+0000] {logging_mixin.py:188} INFO - [2026-07-27T19:58:57.588+0000] {dag.py:3947} INFO - Setting next_dagrun for football_etl to 2026-07-27 19:58:00+00:00, run_after=2026-07-27 20:00:00+00:00
[2026-07-27T19:58:57.613+0000] {processor.py:183} INFO - Processing /opt/airflow/dags/football_etl_dag.py took 0.204 seconds
[2026-07-27T19:59:28.080+0000] {processor.py:161} INFO - Started process (PID=444) to work on /opt/airflow/dags/football_etl_dag.py
[2026-07-27T19:59:28.092+0000] {processor.py:830} INFO - Processing file /opt/airflow/dags/football_etl_dag.py for tasks to queue
[2026-07-27T19:59:28.149+0000] {logging_mixin.py:188} INFO - [2026-07-27T19:59:28.137+0000] {dagbag.py:545} INFO - Filling up the DagBag from /opt/airflow/dags/football_etl_dag.py
[2026-07-27T19:59:28.485+0000] {processor.py:840} INFO - DAG(s) 'football_etl' retrieved from /opt/airflow/dags/football_etl_dag.py
[2026-07-27T19:59:28.671+0000] {logging_mixin.py:188} INFO - [2026-07-27T19:59:28.671+0000] {dag.py:3089} INFO - Sync 1 DAGs
[2026-07-27T19:59:28.727+0000] {logging_mixin.py:188} INFO - [2026-07-27T19:59:28.726+0000] {dag.py:3947} INFO - Setting next_dagrun for football_etl to 2026-07-27 19:58:00+00:00, run_after=2026-07-27 20:00:00+00:00
[2026-07-27T19:59:28.763+0000] {processor.py:183} INFO - Processing /opt/airflow/dags/football_etl_dag.py took 0.789 seconds
[2026-07-27T19:59:59.105+0000] {processor.py:161} INFO - Started process (PID=455) to work on /opt/airflow/dags/football_etl_dag.py
[2026-07-27T19:59:59.111+0000] {processor.py:830} INFO - Processing file /opt/airflow/dags/football_etl_dag.py for tasks to queue
[2026-07-27T19:59:59.117+0000] {logging_mixin.py:188} INFO - [2026-07-27T19:59:59.116+0000] {dagbag.py:545} INFO - Filling up the DagBag from /opt/airflow/dags/football_etl_dag.py
[2026-07-27T19:59:59.239+0000] {processor.py:840} INFO - DAG(s) 'football_etl' retrieved from /opt/airflow/dags/football_etl_dag.py
[2026-07-27T19:59:59.383+0000] {logging_mixin.py:188} INFO - [2026-07-27T19:59:59.383+0000] {dag.py:3089} INFO - Sync 1 DAGs
[2026-07-27T19:59:59.455+0000] {logging_mixin.py:188} INFO - [2026-07-27T19:59:59.455+0000] {dag.py:3947} INFO - Setting next_dagrun for football_etl to 2026-07-27 19:58:00+00:00, run_after=2026-07-27 20:00:00+00:00
[2026-07-27T19:59:59.497+0000] {processor.py:183} INFO - Processing /opt/airflow/dags/football_etl_dag.py took 0.421 seconds
[2026-07-27T20:00:29.784+0000] {processor.py:161} INFO - Started process (PID=470) to work on /opt/airflow/dags/football_etl_dag.py
[2026-07-27T20:00:29.788+0000] {processor.py:830} INFO - Processing file /opt/airflow/dags/football_etl_dag.py for tasks to queue
[2026-07-27T20:00:29.794+0000] {logging_mixin.py:188} INFO - [2026-07-27T20:00:29.793+0000] {dagbag.py:545} INFO - Filling up the DagBag from /opt/airflow/dags/football_etl_dag.py
[2026-07-27T20:00:29.850+0000] {processor.py:840} INFO - DAG(s) 'football_etl' retrieved from /opt/airflow/dags/football_etl_dag.py
[2026-07-27T20:00:29.953+0000] {logging_mixin.py:188} INFO - [2026-07-27T20:00:29.953+0000] {dag.py:3089} INFO - Sync 1 DAGs
[2026-07-27T20:00:30.017+0000] {logging_mixin.py:188} INFO - [2026-07-27T20:00:30.017+0000] {dag.py:3947} INFO - Setting next_dagrun for football_etl to 2026-07-27 20:00:00+00:00, run_after=2026-07-27 20:02:00+00:00
[2026-07-27T20:00:30.056+0000] {processor.py:183} INFO - Processing /opt/airflow/dags/football_etl_dag.py took 0.294 seconds
[2026-07-27T20:01:00.295+0000] {processor.py:161} INFO - Started process (PID=477) to work on /opt/airflow/dags/football_etl_dag.py
[2026-07-27T20:01:00.298+0000] {processor.py:830} INFO - Processing file /opt/airflow/dags/football_etl_dag.py for tasks to queue
[2026-07-27T20:01:00.302+0000] {logging_mixin.py:188} INFO - [2026-07-27T20:01:00.301+0000] {dagbag.py:545} INFO - Filling up the DagBag from /opt/airflow/dags/football_etl_dag.py
[2026-07-27T20:01:00.343+0000] {processor.py:840} INFO - DAG(s) 'football_etl' retrieved from /opt/airflow/dags/football_etl_dag.py
[2026-07-27T20:01:00.416+0000] {logging_mixin.py:188} INFO - [2026-07-27T20:01:00.416+0000] {dag.py:3089} INFO - Sync 1 DAGs
[2026-07-27T20:01:00.465+0000] {logging_mixin.py:188} INFO - [2026-07-27T20:01:00.465+0000] {dag.py:3947} INFO - Setting next_dagrun for football_etl to 2026-07-27 20:00:00+00:00, run_after=2026-07-27 20:02:00+00:00
[2026-07-27T20:01:00.506+0000] {processor.py:183} INFO - Processing /opt/airflow/dags/football_etl_dag.py took 0.225 seconds
[2026-07-27T20:01:30.811+0000] {processor.py:161} INFO - Started process (PID=482) to work on /opt/airflow/dags/football_etl_dag.py
[2026-07-27T20:01:30.812+0000] {processor.py:830} INFO - Processing file /opt/airflow/dags/football_etl_dag.py for tasks to queue
[2026-07-27T20:01:30.815+0000] {logging_mixin.py:188} INFO - [2026-07-27T20:01:30.815+0000] {dagbag.py:545} INFO - Filling up the DagBag from /opt/airflow/dags/football_etl_dag.py
[2026-07-27T20:01:30.843+0000] {processor.py:840} INFO - DAG(s) 'football_etl' retrieved from /opt/airflow/dags/football_etl_dag.py
[2026-07-27T20:01:30.887+0000] {logging_mixin.py:188} INFO - [2026-07-27T20:01:30.887+0000] {dag.py:3089} INFO - Sync 1 DAGs
[2026-07-27T20:01:30.921+0000] {logging_mixin.py:188} INFO - [2026-07-27T20:01:30.921+0000] {dag.py:3947} INFO - Setting next_dagrun for football_etl to 2026-07-27 20:00:00+00:00, run_after=2026-07-27 20:02:00+00:00
[2026-07-27T20:01:31.022+0000] {processor.py:183} INFO - Processing /opt/airflow/dags/football_etl_dag.py took 0.221 seconds
[2026-07-27T20:02:01.330+0000] {processor.py:161} INFO - Started process (PID=490) to work on /opt/airflow/dags/football_etl_dag.py
[2026-07-27T20:02:01.332+0000] {processor.py:830} INFO - Processing file /opt/airflow/dags/football_etl_dag.py for tasks to queue
[2026-07-27T20:02:01.338+0000] {logging_mixin.py:188} INFO - [2026-07-27T20:02:01.337+0000] {dagbag.py:545} INFO - Filling up the DagBag from /opt/airflow/dags/football_etl_dag.py
[2026-07-27T20:02:01.404+0000] {processor.py:840} INFO - DAG(s) 'football_etl' retrieved from /opt/airflow/dags/football_etl_dag.py
[2026-07-27T20:02:01.469+0000] {logging_mixin.py:188} INFO - [2026-07-27T20:02:01.468+0000] {dag.py:3089} INFO - Sync 1 DAGs
[2026-07-27T20:02:01.525+0000] {logging_mixin.py:188} INFO - [2026-07-27T20:02:01.524+0000] {dag.py:3947} INFO - Setting next_dagrun for football_etl to 2026-07-27 20:02:00+00:00, run_after=2026-07-27 20:04:00+00:00
[2026-07-27T20:02:01.565+0000] {processor.py:183} INFO - Processing /opt/airflow/dags/football_etl_dag.py took 0.244 seconds
[2026-07-27T20:02:31.762+0000] {processor.py:161} INFO - Started process (PID=500) to work on /opt/airflow/dags/football_etl_dag.py
[2026-07-27T20:02:31.764+0000] {processor.py:830} INFO - Processing file /opt/airflow/dags/football_etl_dag.py for tasks to queue
[2026-07-27T20:02:31.768+0000] {logging_mixin.py:188} INFO - [2026-07-27T20:02:31.768+0000] {dagbag.py:545} INFO - Filling up the DagBag from /opt/airflow/dags/football_etl_dag.py
[2026-07-27T20:02:31.805+0000] {processor.py:840} INFO - DAG(s) 'football_etl' retrieved from /opt/airflow/dags/football_etl_dag.py
[2026-07-27T20:02:31.865+0000] {logging_mixin.py:188} INFO - [2026-07-27T20:02:31.864+0000] {dag.py:3089} INFO - Sync 1 DAGs
[2026-07-27T20:02:31.927+0000] {logging_mixin.py:188} INFO - [2026-07-27T20:02:31.926+0000] {dag.py:3947} INFO - Setting next_dagrun for football_etl to 2026-07-27 20:02:00+00:00, run_after=2026-07-27 20:04:00+00:00
[2026-07-27T20:02:31.971+0000] {processor.py:183} INFO - Processing /opt/airflow/dags/football_etl_dag.py took 0.221 seconds
[2026-07-27T20:03:02.249+0000] {processor.py:161} INFO - Started process (PID=505) to work on /opt/airflow/dags/football_etl_dag.py
[2026-07-27T20:03:02.251+0000] {processor.py:830} INFO - Processing file /opt/airflow/dags/football_etl_dag.py for tasks to queue
[2026-07-27T20:03:02.253+0000] {logging_mixin.py:188} INFO - [2026-07-27T20:03:02.253+0000] {dagbag.py:545} INFO - Filling up the DagBag from /opt/airflow/dags/football_etl_dag.py
[2026-07-27T20:03:02.280+0000] {processor.py:840} INFO - DAG(s) 'football_etl' retrieved from /opt/airflow/dags/football_etl_dag.py
[2026-07-27T20:03:02.318+0000] {logging_mixin.py:188} INFO - [2026-07-27T20:03:02.318+0000] {dag.py:3089} INFO - Sync 1 DAGs
[2026-07-27T20:03:02.344+0000] {logging_mixin.py:188} INFO - [2026-07-27T20:03:02.344+0000] {dag.py:3947} INFO - Setting next_dagrun for football_etl to 2026-07-27 20:02:00+00:00, run_after=2026-07-27 20:04:00+00:00
[2026-07-27T20:03:02.365+0000] {processor.py:183} INFO - Processing /opt/airflow/dags/football_etl_dag.py took 0.125 seconds
[2026-07-27T20:03:32.479+0000] {processor.py:161} INFO - Started process (PID=510) to work on /opt/airflow/dags/football_etl_dag.py
[2026-07-27T20:03:32.481+0000] {processor.py:830} INFO - Processing file /opt/airflow/dags/football_etl_dag.py for tasks to queue
[2026-07-27T20:03:32.483+0000] {logging_mixin.py:188} INFO - [2026-07-27T20:03:32.483+0000] {dagbag.py:545} INFO - Filling up the DagBag from /opt/airflow/dags/football_etl_dag.py
[2026-07-27T20:03:32.505+0000] {processor.py:840} INFO - DAG(s) 'football_etl' retrieved from /opt/airflow/dags/football_etl_dag.py
[2026-07-27T20:03:32.539+0000] {logging_mixin.py:188} INFO - [2026-07-27T20:03:32.539+0000] {dag.py:3089} INFO - Sync 1 DAGs
[2026-07-27T20:03:32.564+0000] {logging_mixin.py:188} INFO - [2026-07-27T20:03:32.564+0000] {dag.py:3947} INFO - Setting next_dagrun for football_etl to 2026-07-27 20:02:00+00:00, run_after=2026-07-27 20:04:00+00:00
[2026-07-27T20:03:32.584+0000] {processor.py:183} INFO - Processing /opt/airflow/dags/football_etl_dag.py took 0.111 seconds
[2026-07-27T20:04:02.702+0000] {processor.py:161} INFO - Started process (PID=518) to work on /opt/airflow/dags/football_etl_dag.py
[2026-07-27T20:04:02.703+0000] {processor.py:830} INFO - Processing file /opt/airflow/dags/football_etl_dag.py for tasks to queue
[2026-07-27T20:04:02.706+0000] {logging_mixin.py:188} INFO - [2026-07-27T20:04:02.705+0000] {dagbag.py:545} INFO - Filling up the DagBag from /opt/airflow/dags/football_etl_dag.py
[2026-07-27T20:04:02.731+0000] {processor.py:840} INFO - DAG(s) 'football_etl' retrieved from /opt/airflow/dags/football_etl_dag.py
[2026-07-27T20:04:02.775+0000] {logging_mixin.py:188} INFO - [2026-07-27T20:04:02.774+0000] {dag.py:3089} INFO - Sync 1 DAGs
[2026-07-27T20:04:02.807+0000] {logging_mixin.py:188} INFO - [2026-07-27T20:04:02.807+0000] {dag.py:3947} INFO - Setting next_dagrun for football_etl to 2026-07-27 20:04:00+00:00, run_after=2026-07-27 20:06:00+00:00
[2026-07-27T20:04:02.831+0000] {processor.py:183} INFO - Processing /opt/airflow/dags/football_etl_dag.py took 0.140 seconds
[2026-07-27T20:04:33.003+0000] {processor.py:161} INFO - Started process (PID=528) to work on /opt/airflow/dags/football_etl_dag.py
[2026-07-27T20:04:33.004+0000] {processor.py:830} INFO - Processing file /opt/airflow/dags/football_etl_dag.py for tasks to queue
[2026-07-27T20:04:33.007+0000] {logging_mixin.py:188} INFO - [2026-07-27T20:04:33.007+0000] {dagbag.py:545} INFO - Filling up the DagBag from /opt/airflow/dags/football_etl_dag.py
[2026-07-27T20:04:33.035+0000] {processor.py:840} INFO - DAG(s) 'football_etl' retrieved from /opt/airflow/dags/football_etl_dag.py
[2026-07-27T20:04:33.080+0000] {logging_mixin.py:188} INFO - [2026-07-27T20:04:33.079+0000] {dag.py:3089} INFO - Sync 1 DAGs
[2026-07-27T20:04:33.117+0000] {logging_mixin.py:188} INFO - [2026-07-27T20:04:33.116+0000] {dag.py:3947} INFO - Setting next_dagrun for football_etl to 2026-07-27 20:04:00+00:00, run_after=2026-07-27 20:06:00+00:00
[2026-07-27T20:04:33.144+0000] {processor.py:183} INFO - Processing /opt/airflow/dags/football_etl_dag.py took 0.151 seconds
[2026-07-27T20:05:03.222+0000] {processor.py:161} INFO - Started process (PID=533) to work on /opt/airflow/dags/football_etl_dag.py
[2026-07-27T20:05:03.224+0000] {processor.py:830} INFO - Processing file /opt/airflow/dags/football_etl_dag.py for tasks to queue
[2026-07-27T20:05:03.227+0000] {logging_mixin.py:188} INFO - [2026-07-27T20:05:03.227+0000] {dagbag.py:545} INFO - Filling up the DagBag from /opt/airflow/dags/football_etl_dag.py
[2026-07-27T20:05:03.256+0000] {processor.py:840} INFO - DAG(s) 'football_etl' retrieved from /opt/airflow/dags/football_etl_dag.py
[2026-07-27T20:05:03.299+0000] {logging_mixin.py:188} INFO - [2026-07-27T20:05:03.299+0000] {dag.py:3089} INFO - Sync 1 DAGs
[2026-07-27T20:05:03.332+0000] {logging_mixin.py:188} INFO - [2026-07-27T20:05:03.331+0000] {dag.py:3947} INFO - Setting next_dagrun for football_etl to 2026-07-27 20:04:00+00:00, run_after=2026-07-27 20:06:00+00:00
[2026-07-27T20:05:03.357+0000] {processor.py:183} INFO - Processing /opt/airflow/dags/football_etl_dag.py took 0.144 seconds
[2026-07-27T20:05:33.625+0000] {processor.py:161} INFO - Started process (PID=538) to work on /opt/airflow/dags/football_etl_dag.py
[2026-07-27T20:05:33.627+0000] {processor.py:830} INFO - Processing file /opt/airflow/dags/football_etl_dag.py for tasks to queue
[2026-07-27T20:05:33.629+0000] {logging_mixin.py:188} INFO - [2026-07-27T20:05:33.629+0000] {dagbag.py:545} INFO - Filling up the DagBag from /opt/airflow/dags/football_etl_dag.py
[2026-07-27T20:05:33.657+0000] {processor.py:840} INFO - DAG(s) 'football_etl' retrieved from /opt/airflow/dags/football_etl_dag.py
[2026-07-27T20:05:33.712+0000] {logging_mixin.py:188} INFO - [2026-07-27T20:05:33.711+0000] {dag.py:3089} INFO - Sync 1 DAGs
[2026-07-27T20:05:33.760+0000] {logging_mixin.py:188} INFO - [2026-07-27T20:05:33.760+0000] {dag.py:3947} INFO - Setting next_dagrun for football_etl to 2026-07-27 20:04:00+00:00, run_after=2026-07-27 20:06:00+00:00
[2026-07-27T20:05:33.790+0000] {processor.py:183} INFO - Processing /opt/airflow/dags/football_etl_dag.py took 0.171 seconds
[2026-07-27T20:06:04.007+0000] {processor.py:161} INFO - Started process (PID=549) to work on /opt/airflow/dags/football_etl_dag.py
[2026-07-27T20:06:04.009+0000] {processor.py:830} INFO - Processing file /opt/airflow/dags/football_etl_dag.py for tasks to queue
[2026-07-27T20:06:04.013+0000] {logging_mixin.py:188} INFO - [2026-07-27T20:06:04.012+0000] {dagbag.py:545} INFO - Filling up the DagBag from /opt/airflow/dags/football_etl_dag.py
[2026-07-27T20:06:04.040+0000] {processor.py:840} INFO - DAG(s) 'football_etl' retrieved from /opt/airflow/dags/football_etl_dag.py
[2026-07-27T20:06:04.115+0000] {logging_mixin.py:188} INFO - [2026-07-27T20:06:04.115+0000] {dag.py:3089} INFO - Sync 1 DAGs
[2026-07-27T20:06:04.178+0000] {logging_mixin.py:188} INFO - [2026-07-27T20:06:04.177+0000] {dag.py:3947} INFO - Setting next_dagrun for football_etl to 2026-07-27 20:06:00+00:00, run_after=2026-07-27 20:08:00+00:00
[2026-07-27T20:06:04.216+0000] {processor.py:183} INFO - Processing /opt/airflow/dags/football_etl_dag.py took 0.219 seconds
[2026-07-27T20:06:34.568+0000] {processor.py:161} INFO - Started process (PID=556) to work on /opt/airflow/dags/football_etl_dag.py
[2026-07-27T20:06:34.571+0000] {processor.py:830} INFO - Processing file /opt/airflow/dags/football_etl_dag.py for tasks to queue
[2026-07-27T20:06:34.575+0000] {logging_mixin.py:188} INFO - [2026-07-27T20:06:34.574+0000] {dagbag.py:545} INFO - Filling up the DagBag from /opt/airflow/dags/football_etl_dag.py
[2026-07-27T20:06:34.609+0000] {processor.py:840} INFO - DAG(s) 'football_etl' retrieved from /opt/airflow/dags/football_etl_dag.py
[2026-07-27T20:06:34.670+0000] {logging_mixin.py:188} INFO - [2026-07-27T20:06:34.670+0000] {dag.py:3089} INFO - Sync 1 DAGs
[2026-07-27T20:06:34.710+0000] {logging_mixin.py:188} INFO - [2026-07-27T20:06:34.709+0000] {dag.py:3947} INFO - Setting next_dagrun for football_etl to 2026-07-27 20:06:00+00:00, run_after=2026-07-27 20:08:00+00:00
[2026-07-27T20:06:34.739+0000] {processor.py:183} INFO - Processing /opt/airflow/dags/football_etl_dag.py took 0.183 seconds
[2026-07-27T20:07:04.943+0000] {processor.py:161} INFO - Started process (PID=561) to work on /opt/airflow/dags/football_etl_dag.py
[2026-07-27T20:07:04.945+0000] {processor.py:830} INFO - Processing file /opt/airflow/dags/football_etl_dag.py for tasks to queue
[2026-07-27T20:07:04.948+0000] {logging_mixin.py:188} INFO - [2026-07-27T20:07:04.948+0000] {dagbag.py:545} INFO - Filling up the DagBag from /opt/airflow/dags/football_etl_dag.py
[2026-07-27T20:07:04.975+0000] {processor.py:840} INFO - DAG(s) 'football_etl' retrieved from /opt/airflow/dags/football_etl_dag.py
[2026-07-27T20:07:05.022+0000] {logging_mixin.py:188} INFO - [2026-07-27T20:07:05.022+0000] {dag.py:3089} INFO - Sync 1 DAGs
[2026-07-27T20:07:05.054+0000] {logging_mixin.py:188} INFO - [2026-07-27T20:07:05.053+0000] {dag.py:3947} INFO - Setting next_dagrun for football_etl to 2026-07-27 20:06:00+00:00, run_after=2026-07-27 20:08:00+00:00
[2026-07-27T20:07:05.080+0000] {processor.py:183} INFO - Processing /opt/airflow/dags/football_etl_dag.py took 0.145 seconds
[2026-07-27T20:07:35.142+0000] {processor.py:161} INFO - Started process (PID=566) to work on /opt/airflow/dags/football_etl_dag.py
[2026-07-27T20:07:35.144+0000] {processor.py:830} INFO - Processing file /opt/airflow/dags/football_etl_dag.py for tasks to queue
[2026-07-27T20:07:35.147+0000] {logging_mixin.py:188} INFO - [2026-07-27T20:07:35.147+0000] {dagbag.py:545} INFO - Filling up the DagBag from /opt/airflow/dags/football_etl_dag.py
[2026-07-27T20:07:35.181+0000] {processor.py:840} INFO - DAG(s) 'football_etl' retrieved from /opt/airflow/dags/football_etl_dag.py
[2026-07-27T20:07:35.230+0000] {logging_mixin.py:188} INFO - [2026-07-27T20:07:35.229+0000] {dag.py:3089} INFO - Sync 1 DAGs
[2026-07-27T20:07:35.271+0000] {logging_mixin.py:188} INFO - [2026-07-27T20:07:35.271+0000] {dag.py:3947} INFO - Setting next_dagrun for football_etl to 2026-07-27 20:06:00+00:00, run_after=2026-07-27 20:08:00+00:00
[2026-07-27T20:07:35.296+0000] {processor.py:183} INFO - Processing /opt/airflow/dags/football_etl_dag.py took 0.162 seconds
[2026-07-27T20:08:05.493+0000] {processor.py:161} INFO - Started process (PID=577) to work on /opt/airflow/dags/football_etl_dag.py
[2026-07-27T20:08:05.495+0000] {processor.py:830} INFO - Processing file /opt/airflow/dags/football_etl_dag.py for tasks to queue
[2026-07-27T20:08:05.499+0000] {logging_mixin.py:188} INFO - [2026-07-27T20:08:05.499+0000] {dagbag.py:545} INFO - Filling up the DagBag from /opt/airflow/dags/football_etl_dag.py
[2026-07-27T20:08:05.535+0000] {processor.py:840} INFO - DAG(s) 'football_etl' retrieved from /opt/airflow/dags/football_etl_dag.py
[2026-07-27T20:08:05.597+0000] {logging_mixin.py:188} INFO - [2026-07-27T20:08:05.597+0000] {dag.py:3089} INFO - Sync 1 DAGs
[2026-07-27T20:08:05.641+0000] {logging_mixin.py:188} INFO - [2026-07-27T20:08:05.641+0000] {dag.py:3947} INFO - Setting next_dagrun for football_etl to 2026-07-27 20:08:00+00:00, run_after=2026-07-27 20:10:00+00:00
[2026-07-27T20:08:05.680+0000] {processor.py:183} INFO - Processing /opt/airflow/dags/football_etl_dag.py took 0.196 seconds
[2026-07-27T20:08:35.888+0000] {processor.py:161} INFO - Started process (PID=584) to work on /opt/airflow/dags/football_etl_dag.py
[2026-07-27T20:08:35.889+0000] {processor.py:830} INFO - Processing file /opt/airflow/dags/football_etl_dag.py for tasks to queue
[2026-07-27T20:08:35.892+0000] {logging_mixin.py:188} INFO - [2026-07-27T20:08:35.892+0000] {dagbag.py:545} INFO - Filling up the DagBag from /opt/airflow/dags/football_etl_dag.py
[2026-07-27T20:08:35.927+0000] {processor.py:840} INFO - DAG(s) 'football_etl' retrieved from /opt/airflow/dags/football_etl_dag.py
[2026-07-27T20:08:35.981+0000] {logging_mixin.py:188} INFO - [2026-07-27T20:08:35.980+0000] {dag.py:3089} INFO - Sync 1 DAGs
[2026-07-27T20:08:36.017+0000] {logging_mixin.py:188} INFO - [2026-07-27T20:08:36.016+0000] {dag.py:3947} INFO - Setting next_dagrun for football_etl to 2026-07-27 20:08:00+00:00, run_after=2026-07-27 20:10:00+00:00
[2026-07-27T20:08:36.044+0000] {processor.py:183} INFO - Processing /opt/airflow/dags/football_etl_dag.py took 0.166 seconds
[2026-07-27T20:09:06.163+0000] {processor.py:161} INFO - Started process (PID=589) to work on /opt/airflow/dags/football_etl_dag.py
[2026-07-27T20:09:06.165+0000] {processor.py:830} INFO - Processing file /opt/airflow/dags/football_etl_dag.py for tasks to queue
[2026-07-27T20:09:06.169+0000] {logging_mixin.py:188} INFO - [2026-07-27T20:09:06.169+0000] {dagbag.py:545} INFO - Filling up the DagBag from /opt/airflow/dags/football_etl_dag.py
[2026-07-27T20:09:06.197+0000] {processor.py:840} INFO - DAG(s) 'football_etl' retrieved from /opt/airflow/dags/football_etl_dag.py
[2026-07-27T20:09:06.247+0000] {logging_mixin.py:188} INFO - [2026-07-27T20:09:06.247+0000] {dag.py:3089} INFO - Sync 1 DAGs
[2026-07-27T20:09:06.289+0000] {logging_mixin.py:188} INFO - [2026-07-27T20:09:06.288+0000] {dag.py:3947} INFO - Setting next_dagrun for football_etl to 2026-07-27 20:08:00+00:00, run_after=2026-07-27 20:10:00+00:00
[2026-07-27T20:09:06.317+0000] {processor.py:183} INFO - Processing /opt/airflow/dags/football_etl_dag.py took 0.163 seconds
[2026-07-27T20:09:36.388+0000] {processor.py:161} INFO - Started process (PID=594) to work on /opt/airflow/dags/football_etl_dag.py
[2026-07-27T20:09:36.392+0000] {processor.py:830} INFO - Processing file /opt/airflow/dags/football_etl_dag.py for tasks to queue
[2026-07-27T20:09:36.396+0000] {logging_mixin.py:188} INFO - [2026-07-27T20:09:36.395+0000] {dagbag.py:545} INFO - Filling up the DagBag from /opt/airflow/dags/football_etl_dag.py
[2026-07-27T20:09:36.444+0000] {processor.py:840} INFO - DAG(s) 'football_etl' retrieved from /opt/airflow/dags/football_etl_dag.py
[2026-07-27T20:09:36.512+0000] {logging_mixin.py:188} INFO - [2026-07-27T20:09:36.512+0000] {dag.py:3089} INFO - Sync 1 DAGs
[2026-07-27T20:09:36.560+0000] {logging_mixin.py:188} INFO - [2026-07-27T20:09:36.560+0000] {dag.py:3947} INFO - Setting next_dagrun for football_etl to 2026-07-27 20:08:00+00:00, run_after=2026-07-27 20:10:00+00:00
[2026-07-27T20:09:36.601+0000] {processor.py:183} INFO - Processing /opt/airflow/dags/football_etl_dag.py took 0.226 seconds
[2026-07-27T20:10:06.806+0000] {processor.py:161} INFO - Started process (PID=605) to work on /opt/airflow/dags/football_etl_dag.py
[2026-07-27T20:10:06.808+0000] {processor.py:830} INFO - Processing file /opt/airflow/dags/football_etl_dag.py for tasks to queue
[2026-07-27T20:10:06.811+0000] {logging_mixin.py:188} INFO - [2026-07-27T20:10:06.810+0000] {dagbag.py:545} INFO - Filling up the DagBag from /opt/airflow/dags/football_etl_dag.py
[2026-07-27T20:10:06.851+0000] {processor.py:840} INFO - DAG(s) 'football_etl' retrieved from /opt/airflow/dags/football_etl_dag.py
[2026-07-27T20:10:06.912+0000] {logging_mixin.py:188} INFO - [2026-07-27T20:10:06.911+0000] {dag.py:3089} INFO - Sync 1 DAGs
[2026-07-27T20:10:06.951+0000] {logging_mixin.py:188} INFO - [2026-07-27T20:10:06.951+0000] {dag.py:3947} INFO - Setting next_dagrun for football_etl to 2026-07-27 20:10:00+00:00, run_after=2026-07-27 20:12:00+00:00
[2026-07-27T20:10:06.978+0000] {processor.py:183} INFO - Processing /opt/airflow/dags/football_etl_dag.py took 0.181 seconds
[2026-07-27T20:22:09.568+0000] {processor.py:161} INFO - Started process (PID=164) to work on /opt/airflow/dags/football_etl_dag.py
[2026-07-27T20:22:09.571+0000] {processor.py:830} INFO - Processing file /opt/airflow/dags/football_etl_dag.py for tasks to queue
[2026-07-27T20:22:09.577+0000] {logging_mixin.py:188} INFO - [2026-07-27T20:22:09.575+0000] {dagbag.py:545} INFO - Filling up the DagBag from /opt/airflow/dags/football_etl_dag.py
[2026-07-27T20:22:09.639+0000] {processor.py:840} INFO - DAG(s) 'football_etl' retrieved from /opt/airflow/dags/football_etl_dag.py
[2026-07-27T20:22:09.728+0000] {logging_mixin.py:188} INFO - [2026-07-27T20:22:09.727+0000] {dag.py:3089} INFO - Sync 1 DAGs
[2026-07-27T20:22:09.807+0000] {logging_mixin.py:188} INFO - [2026-07-27T20:22:09.807+0000] {dag.py:3947} INFO - Setting next_dagrun for football_etl to 2026-07-27 20:22:00+00:00, run_after=2026-07-27 20:24:00+00:00
[2026-07-27T20:22:09.883+0000] {processor.py:183} INFO - Processing /opt/airflow/dags/football_etl_dag.py took 0.332 seconds
