[2026-07-26T04:00:17.548+0000] {processor.py:161} INFO - Started process (PID=173) to work on /opt/airflow/dags/football_etl_dag.py
[2026-07-26T04:00:17.550+0000] {processor.py:830} INFO - Processing file /opt/airflow/dags/football_etl_dag.py for tasks to queue
[2026-07-26T04:00:17.554+0000] {logging_mixin.py:188} INFO - [2026-07-26T04:00:17.554+0000] {dagbag.py:545} INFO - Filling up the DagBag from /opt/airflow/dags/football_etl_dag.py
[2026-07-26T04:00:17.611+0000] {processor.py:840} INFO - DAG(s) 'football_etl' retrieved from /opt/airflow/dags/football_etl_dag.py
[2026-07-26T04:00:18.014+0000] {logging_mixin.py:188} INFO - [2026-07-26T04:00:18.013+0000] {override.py:1766} ERROR - Add View Menu Error: (psycopg2.errors.UniqueViolation) duplicate key value violates unique constraint "serialized_dag_pkey"
DETAIL:  Key (dag_id)=(football_etl) already exists.

[SQL: INSERT INTO serialized_dag (dag_id, fileloc, fileloc_hash, data, data_compressed, last_updated, dag_hash, processor_subdir) VALUES (%(dag_id)s, %(fileloc)s, %(fileloc_hash)s, %(data)s, %(data_compressed)s, %(last_updated)s, %(dag_hash)s, %(processor_subdir)s)]
[parameters: {'dag_id': 'football_etl', 'fileloc': '/opt/airflow/dags/football_etl_dag.py', 'fileloc_hash': 36472424555381250, 'data': '{"__version": 1, "dag": {"fileloc": "/opt/airflow/dags/football_etl_dag.py", "_dag_id": "football_etl", "tags": ["football", "etl"], "catchup": false ... (2648 characters truncated) ... onOperator", "_task_module": "airflow.operators.python", "_is_empty": false, "op_args": [], "op_kwargs": {}}], "dag_dependencies": [], "params": []}}', 'data_compressed': None, 'last_updated': datetime.datetime(2026, 7, 26, 4, 0, 17, 641674, tzinfo=Timezone('UTC')), 'dag_hash': '5633cff6f6d200b702522f0663413a00', 'processor_subdir': '/opt/airflow/dags'}]
(Background on this error at: https://sqlalche.me/e/14/gkpj)
[2026-07-26T04:00:18.021+0000] {logging_mixin.py:188} INFO - [2026-07-26T04:00:18.020+0000] {override.py:1858} INFO - Created Permission View: can delete on None
[2026-07-26T04:00:18.033+0000] {logging_mixin.py:188} INFO - [2026-07-26T04:00:18.033+0000] {override.py:1861} ERROR - Creation of Permission View Error: (psycopg2.errors.UniqueViolation) duplicate key value violates unique constraint "ab_permission_view_permission_id_view_menu_id_uq"
DETAIL:  Key (permission_id, view_menu_id)=(1, 54) already exists.

[SQL: INSERT INTO ab_permission_view (permission_id, view_menu_id) VALUES (%(permission_id)s, %(view_menu_id)s) RETURNING ab_permission_view.id]
[parameters: {'permission_id': 1, 'view_menu_id': 54}]
(Background on this error at: https://sqlalche.me/e/14/gkpj)
[2026-07-26T04:00:18.045+0000] {logging_mixin.py:188} INFO - [2026-07-26T04:00:18.045+0000] {override.py:1861} ERROR - Creation of Permission View Error: (psycopg2.errors.UniqueViolation) duplicate key value violates unique constraint "ab_permission_view_permission_id_view_menu_id_uq"
DETAIL:  Key (permission_id, view_menu_id)=(2, 54) already exists.

[SQL: INSERT INTO ab_permission_view (permission_id, view_menu_id) VALUES (%(permission_id)s, %(view_menu_id)s) RETURNING ab_permission_view.id]
[parameters: {'permission_id': 2, 'view_menu_id': 54}]
(Background on this error at: https://sqlalche.me/e/14/gkpj)
[2026-07-26T04:00:18.047+0000] {logging_mixin.py:188} INFO - [2026-07-26T04:00:18.046+0000] {dag.py:3089} INFO - Sync 1 DAGs
[2026-07-26T04:00:18.067+0000] {logging_mixin.py:188} INFO - [2026-07-26T04:00:18.067+0000] {dag.py:3111} INFO - Creating ORM DAG for football_etl
[2026-07-26T04:00:18.083+0000] {logging_mixin.py:188} INFO - [2026-07-26T04:00:18.082+0000] {dag.py:3947} INFO - Setting next_dagrun for football_etl to 2026-07-30 00:00:00+00:00, run_after=2026-07-31 00:00:00+00:00
[2026-07-26T04:00:18.242+0000] {logging_mixin.py:188} INFO - [2026-07-26T04:00:18.236+0000] {dagbag.py:654} ERROR - Failed to write serialized DAG: /opt/airflow/dags/football_etl_dag.py
Traceback (most recent call last):
  File "/home/airflow/.local/lib/python3.12/site-packages/airflow/models/dagbag.py", line 642, in _serialize_dag_capturing_errors
    dag_was_updated = SerializedDagModel.write_dag(
                      ^^^^^^^^^^^^^^^^^^^^^^^^^^^^^
  File "/home/airflow/.local/lib/python3.12/site-packages/airflow/utils/session.py", line 76, in wrapper
    return func(*args, **kwargs)
           ^^^^^^^^^^^^^^^^^^^^^
  File "/home/airflow/.local/lib/python3.12/site-packages/airflow/models/serialized_dag.py", line 158, in write_dag
    if session.scalar(
       ^^^^^^^^^^^^^^^
  File "/home/airflow/.local/lib/python3.12/site-packages/sqlalchemy/orm/session.py", line 1747, in scalar
    return self.execute(
           ^^^^^^^^^^^^^
  File "/home/airflow/.local/lib/python3.12/site-packages/sqlalchemy/orm/session.py", line 1716, in execute
    conn = self._connection_for_bind(bind)
           ^^^^^^^^^^^^^^^^^^^^^^^^^^^^^^^
  File "/home/airflow/.local/lib/python3.12/site-packages/sqlalchemy/orm/session.py", line 1555, in _connection_for_bind
    return self._transaction._connection_for_bind(
           ^^^^^^^^^^^^^^^^^^^^^^^^^^^^^^^^^^^^^^^
  File "/home/airflow/.local/lib/python3.12/site-packages/sqlalchemy/orm/session.py", line 724, in _connection_for_bind
    self._assert_active()
  File "/home/airflow/.local/lib/python3.12/site-packages/sqlalchemy/orm/session.py", line 604, in _assert_active
    raise sa_exc.PendingRollbackError(
sqlalchemy.exc.PendingRollbackError: This Session's transaction has been rolled back due to a previous exception during flush. To begin a new transaction with this Session, first issue Session.rollback(). Original exception was: (psycopg2.errors.UniqueViolation) duplicate key value violates unique constraint "dag_pkey"
DETAIL:  Key (dag_id)=(football_etl) already exists.

[SQL: INSERT INTO dag (dag_id, root_dag_id, is_paused, is_subdag, is_active, last_parsed_time, last_pickled, last_expired, scheduler_lock, pickle_id, fileloc, processor_subdir, owners, dag_display_name, description, default_view, schedule_interval, timetable_description, dataset_expression, max_active_tasks, max_active_runs, max_consecutive_failed_dag_runs, has_task_concurrency_limits, has_import_errors, next_dagrun, next_dagrun_data_interval_start, next_dagrun_data_interval_end, next_dagrun_create_after) VALUES (%(dag_id)s, %(root_dag_id)s, %(is_paused)s, %(is_subdag)s, %(is_active)s, %(last_parsed_time)s, %(last_pickled)s, %(last_expired)s, %(scheduler_lock)s, %(pickle_id)s, %(fileloc)s, %(processor_subdir)s, %(owners)s, %(dag_display_name)s, %(description)s, %(default_view)s, %(schedule_interval)s, %(timetable_description)s, %(dataset_expression)s, %(max_active_tasks)s, %(max_active_runs)s, %(max_consecutive_failed_dag_runs)s, %(has_task_concurrency_limits)s, %(has_import_errors)s, %(next_dagrun)s, %(next_dagrun_data_interval_start)s, %(next_dagrun_data_interval_end)s, %(next_dagrun_create_after)s)]
[parameters: {'dag_id': 'football_etl', 'root_dag_id': None, 'is_paused': True, 'is_subdag': False, 'is_active': True, 'last_parsed_time': datetime.datetime(2026, 7, 26, 4, 0, 18, 80938, tzinfo=Timezone('UTC')), 'last_pickled': None, 'last_expired': None, 'scheduler_lock': None, 'pickle_id': None, 'fileloc': '/opt/airflow/dags/football_etl_dag.py', 'processor_subdir': '/opt/airflow/dags', 'owners': 'airflow', 'dag_display_name': None, 'description': 'Extract, transform, validate, and load football stats into OLTP and warehouse', 'default_view': 'grid', 'schedule_interval': '"@daily"', 'timetable_description': 'At 00:00', 'dataset_expression': 'null', 'max_active_tasks': 16, 'max_active_runs': 16, 'max_consecutive_failed_dag_runs': 0, 'has_task_concurrency_limits': False, 'has_import_errors': False, 'next_dagrun': DateTime(2026, 7, 30, 0, 0, 0, tzinfo=Timezone('UTC')), 'next_dagrun_data_interval_start': DateTime(2026, 7, 30, 0, 0, 0, tzinfo=Timezone('UTC')), 'next_dagrun_data_interval_end': DateTime(2026, 7, 31, 0, 0, 0, tzinfo=Timezone('UTC')), 'next_dagrun_create_after': DateTime(2026, 7, 31, 0, 0, 0, tzinfo=Timezone('UTC'))}]
(Background on this error at: https://sqlalche.me/e/14/gkpj) (Background on this error at: https://sqlalche.me/e/14/7s2a)
[2026-07-26T04:00:18.246+0000] {logging_mixin.py:188} INFO - [2026-07-26T04:00:18.246+0000] {dag.py:3089} INFO - Sync 1 DAGs
[2026-07-26T04:00:18.249+0000] {processor.py:186} ERROR - Got an exception! Propagating...
Traceback (most recent call last):
  File "/home/airflow/.local/lib/python3.12/site-packages/airflow/dag_processing/processor.py", line 182, in _run_file_processor
    _handle_dag_file_processing()
  File "/home/airflow/.local/lib/python3.12/site-packages/airflow/dag_processing/processor.py", line 163, in _handle_dag_file_processing
    result: tuple[int, int] = dag_file_processor.process_file(
                              ^^^^^^^^^^^^^^^^^^^^^^^^^^^^^^^^
  File "/home/airflow/.local/lib/python3.12/site-packages/airflow/utils/session.py", line 79, in wrapper
    return func(*args, session=session, **kwargs)
           ^^^^^^^^^^^^^^^^^^^^^^^^^^^^^^^^^^^^^^
  File "/home/airflow/.local/lib/python3.12/site-packages/airflow/dag_processing/processor.py", line 859, in process_file
    serialize_errors = DagFileProcessor.save_dag_to_db(
                       ^^^^^^^^^^^^^^^^^^^^^^^^^^^^^^^^
  File "/home/airflow/.local/lib/python3.12/site-packages/airflow/api_internal/internal_api_call.py", line 115, in wrapper
    return func(*args, **kwargs)
           ^^^^^^^^^^^^^^^^^^^^^
  File "/home/airflow/.local/lib/python3.12/site-packages/airflow/utils/session.py", line 79, in wrapper
    return func(*args, session=session, **kwargs)
           ^^^^^^^^^^^^^^^^^^^^^^^^^^^^^^^^^^^^^^
  File "/home/airflow/.local/lib/python3.12/site-packages/airflow/dag_processing/processor.py", line 895, in save_dag_to_db
    import_errors = DagBag._sync_to_db(dags=dags, processor_subdir=dag_directory, session=session)
                    ^^^^^^^^^^^^^^^^^^^^^^^^^^^^^^^^^^^^^^^^^^^^^^^^^^^^^^^^^^^^^^^^^^^^^^^^^^^^^^
  File "/home/airflow/.local/lib/python3.12/site-packages/airflow/utils/session.py", line 76, in wrapper
    return func(*args, **kwargs)
           ^^^^^^^^^^^^^^^^^^^^^
  File "/home/airflow/.local/lib/python3.12/site-packages/airflow/models/dagbag.py", line 664, in _sync_to_db
    for attempt in run_with_db_retries(logger=log):
  File "/home/airflow/.local/lib/python3.12/site-packages/tenacity/__init__.py", line 443, in __iter__
    do = self.iter(retry_state=retry_state)
         ^^^^^^^^^^^^^^^^^^^^^^^^^^^^^^^^^^
  File "/home/airflow/.local/lib/python3.12/site-packages/tenacity/__init__.py", line 376, in iter
    result = action(retry_state)
             ^^^^^^^^^^^^^^^^^^^
  File "/home/airflow/.local/lib/python3.12/site-packages/tenacity/__init__.py", line 398, in <lambda>
    self._add_action_func(lambda rs: rs.outcome.result())
                                     ^^^^^^^^^^^^^^^^^^^
  File "/usr/local/lib/python3.12/concurrent/futures/_base.py", line 449, in result
    return self.__get_result()
           ^^^^^^^^^^^^^^^^^^^
  File "/usr/local/lib/python3.12/concurrent/futures/_base.py", line 401, in __get_result
    raise self._exception
  File "/home/airflow/.local/lib/python3.12/site-packages/airflow/models/dagbag.py", line 680, in _sync_to_db
    DAG.bulk_write_to_db(dags.values(), processor_subdir=processor_subdir, session=session)
  File "/home/airflow/.local/lib/python3.12/site-packages/airflow/utils/session.py", line 76, in wrapper
    return func(*args, **kwargs)
           ^^^^^^^^^^^^^^^^^^^^^
  File "/home/airflow/.local/lib/python3.12/site-packages/airflow/models/dag.py", line 3101, in bulk_write_to_db
    orm_dags: list[DagModel] = session.scalars(query).unique().all()
                               ^^^^^^^^^^^^^^^^^^^^^^
  File "/home/airflow/.local/lib/python3.12/site-packages/sqlalchemy/orm/session.py", line 1778, in scalars
    return self.execute(
           ^^^^^^^^^^^^^
  File "/home/airflow/.local/lib/python3.12/site-packages/sqlalchemy/orm/session.py", line 1716, in execute
    conn = self._connection_for_bind(bind)
           ^^^^^^^^^^^^^^^^^^^^^^^^^^^^^^^
  File "/home/airflow/.local/lib/python3.12/site-packages/sqlalchemy/orm/session.py", line 1555, in _connection_for_bind
    return self._transaction._connection_for_bind(
           ^^^^^^^^^^^^^^^^^^^^^^^^^^^^^^^^^^^^^^^
  File "/home/airflow/.local/lib/python3.12/site-packages/sqlalchemy/orm/session.py", line 724, in _connection_for_bind
    self._assert_active()
  File "/home/airflow/.local/lib/python3.12/site-packages/sqlalchemy/orm/session.py", line 604, in _assert_active
    raise sa_exc.PendingRollbackError(
sqlalchemy.exc.PendingRollbackError: This Session's transaction has been rolled back due to a previous exception during flush. To begin a new transaction with this Session, first issue Session.rollback(). Original exception was: (psycopg2.errors.UniqueViolation) duplicate key value violates unique constraint "dag_pkey"
DETAIL:  Key (dag_id)=(football_etl) already exists.

[SQL: INSERT INTO dag (dag_id, root_dag_id, is_paused, is_subdag, is_active, last_parsed_time, last_pickled, last_expired, scheduler_lock, pickle_id, fileloc, processor_subdir, owners, dag_display_name, description, default_view, schedule_interval, timetable_description, dataset_expression, max_active_tasks, max_active_runs, max_consecutive_failed_dag_runs, has_task_concurrency_limits, has_import_errors, next_dagrun, next_dagrun_data_interval_start, next_dagrun_data_interval_end, next_dagrun_create_after) VALUES (%(dag_id)s, %(root_dag_id)s, %(is_paused)s, %(is_subdag)s, %(is_active)s, %(last_parsed_time)s, %(last_pickled)s, %(last_expired)s, %(scheduler_lock)s, %(pickle_id)s, %(fileloc)s, %(processor_subdir)s, %(owners)s, %(dag_display_name)s, %(description)s, %(default_view)s, %(schedule_interval)s, %(timetable_description)s, %(dataset_expression)s, %(max_active_tasks)s, %(max_active_runs)s, %(max_consecutive_failed_dag_runs)s, %(has_task_concurrency_limits)s, %(has_import_errors)s, %(next_dagrun)s, %(next_dagrun_data_interval_start)s, %(next_dagrun_data_interval_end)s, %(next_dagrun_create_after)s)]
[parameters: {'dag_id': 'football_etl', 'root_dag_id': None, 'is_paused': True, 'is_subdag': False, 'is_active': True, 'last_parsed_time': datetime.datetime(2026, 7, 26, 4, 0, 18, 80938, tzinfo=Timezone('UTC')), 'last_pickled': None, 'last_expired': None, 'scheduler_lock': None, 'pickle_id': None, 'fileloc': '/opt/airflow/dags/football_etl_dag.py', 'processor_subdir': '/opt/airflow/dags', 'owners': 'airflow', 'dag_display_name': None, 'description': 'Extract, transform, validate, and load football stats into OLTP and warehouse', 'default_view': 'grid', 'schedule_interval': '"@daily"', 'timetable_description': 'At 00:00', 'dataset_expression': 'null', 'max_active_tasks': 16, 'max_active_runs': 16, 'max_consecutive_failed_dag_runs': 0, 'has_task_concurrency_limits': False, 'has_import_errors': False, 'next_dagrun': DateTime(2026, 7, 30, 0, 0, 0, tzinfo=Timezone('UTC')), 'next_dagrun_data_interval_start': DateTime(2026, 7, 30, 0, 0, 0, tzinfo=Timezone('UTC')), 'next_dagrun_data_interval_end': DateTime(2026, 7, 31, 0, 0, 0, tzinfo=Timezone('UTC')), 'next_dagrun_create_after': DateTime(2026, 7, 31, 0, 0, 0, tzinfo=Timezone('UTC'))}]
(Background on this error at: https://sqlalche.me/e/14/gkpj) (Background on this error at: https://sqlalche.me/e/14/7s2a)
[2026-07-26T04:00:48.394+0000] {processor.py:161} INFO - Started process (PID=183) to work on /opt/airflow/dags/football_etl_dag.py
[2026-07-26T04:00:48.396+0000] {processor.py:830} INFO - Processing file /opt/airflow/dags/football_etl_dag.py for tasks to queue
[2026-07-26T04:00:48.399+0000] {logging_mixin.py:188} INFO - [2026-07-26T04:00:48.399+0000] {dagbag.py:545} INFO - Filling up the DagBag from /opt/airflow/dags/football_etl_dag.py
[2026-07-26T04:00:48.425+0000] {processor.py:840} INFO - DAG(s) 'football_etl' retrieved from /opt/airflow/dags/football_etl_dag.py
[2026-07-26T04:00:48.557+0000] {logging_mixin.py:188} INFO - [2026-07-26T04:00:48.557+0000] {dag.py:3089} INFO - Sync 1 DAGs
[2026-07-26T04:00:48.583+0000] {logging_mixin.py:188} INFO - [2026-07-26T04:00:48.583+0000] {dag.py:3947} INFO - Setting next_dagrun for football_etl to 2026-07-30 00:00:00+00:00, run_after=2026-07-31 00:00:00+00:00
[2026-07-26T04:00:48.609+0000] {processor.py:183} INFO - Processing /opt/airflow/dags/football_etl_dag.py took 0.223 seconds
[2026-07-26T04:01:18.794+0000] {processor.py:161} INFO - Started process (PID=190) to work on /opt/airflow/dags/football_etl_dag.py
[2026-07-26T04:01:18.795+0000] {processor.py:830} INFO - Processing file /opt/airflow/dags/football_etl_dag.py for tasks to queue
[2026-07-26T04:01:18.797+0000] {logging_mixin.py:188} INFO - [2026-07-26T04:01:18.796+0000] {dagbag.py:545} INFO - Filling up the DagBag from /opt/airflow/dags/football_etl_dag.py
[2026-07-26T04:01:18.821+0000] {processor.py:840} INFO - DAG(s) 'football_etl' retrieved from /opt/airflow/dags/football_etl_dag.py
[2026-07-26T04:01:18.862+0000] {logging_mixin.py:188} INFO - [2026-07-26T04:01:18.862+0000] {dag.py:3089} INFO - Sync 1 DAGs
[2026-07-26T04:01:18.886+0000] {logging_mixin.py:188} INFO - [2026-07-26T04:01:18.885+0000] {dag.py:3947} INFO - Setting next_dagrun for football_etl to 2026-07-30 00:00:00+00:00, run_after=2026-07-31 00:00:00+00:00
[2026-07-26T04:01:18.906+0000] {processor.py:183} INFO - Processing /opt/airflow/dags/football_etl_dag.py took 0.119 seconds
[2026-07-26T04:01:49.126+0000] {processor.py:161} INFO - Started process (PID=195) to work on /opt/airflow/dags/football_etl_dag.py
[2026-07-26T04:01:49.127+0000] {processor.py:830} INFO - Processing file /opt/airflow/dags/football_etl_dag.py for tasks to queue
[2026-07-26T04:01:49.129+0000] {logging_mixin.py:188} INFO - [2026-07-26T04:01:49.129+0000] {dagbag.py:545} INFO - Filling up the DagBag from /opt/airflow/dags/football_etl_dag.py
[2026-07-26T04:01:49.155+0000] {processor.py:840} INFO - DAG(s) 'football_etl' retrieved from /opt/airflow/dags/football_etl_dag.py
[2026-07-26T04:01:49.198+0000] {logging_mixin.py:188} INFO - [2026-07-26T04:01:49.197+0000] {dag.py:3089} INFO - Sync 1 DAGs
[2026-07-26T04:01:49.225+0000] {logging_mixin.py:188} INFO - [2026-07-26T04:01:49.225+0000] {dag.py:3947} INFO - Setting next_dagrun for football_etl to 2026-07-30 00:00:00+00:00, run_after=2026-07-31 00:00:00+00:00
[2026-07-26T04:01:49.250+0000] {processor.py:183} INFO - Processing /opt/airflow/dags/football_etl_dag.py took 0.131 seconds
[2026-07-26T04:02:19.394+0000] {processor.py:161} INFO - Started process (PID=214) to work on /opt/airflow/dags/football_etl_dag.py
[2026-07-26T04:02:19.395+0000] {processor.py:830} INFO - Processing file /opt/airflow/dags/football_etl_dag.py for tasks to queue
[2026-07-26T04:02:19.397+0000] {logging_mixin.py:188} INFO - [2026-07-26T04:02:19.396+0000] {dagbag.py:545} INFO - Filling up the DagBag from /opt/airflow/dags/football_etl_dag.py
[2026-07-26T04:02:19.419+0000] {processor.py:840} INFO - DAG(s) 'football_etl' retrieved from /opt/airflow/dags/football_etl_dag.py
[2026-07-26T04:02:19.457+0000] {logging_mixin.py:188} INFO - [2026-07-26T04:02:19.457+0000] {dag.py:3089} INFO - Sync 1 DAGs
[2026-07-26T04:02:19.482+0000] {logging_mixin.py:188} INFO - [2026-07-26T04:02:19.481+0000] {dag.py:3947} INFO - Setting next_dagrun for football_etl to 2026-07-30 00:00:00+00:00, run_after=2026-07-31 00:00:00+00:00
[2026-07-26T04:02:19.504+0000] {processor.py:183} INFO - Processing /opt/airflow/dags/football_etl_dag.py took 0.116 seconds
[2026-07-26T04:02:49.687+0000] {processor.py:161} INFO - Started process (PID=219) to work on /opt/airflow/dags/football_etl_dag.py
[2026-07-26T04:02:49.689+0000] {processor.py:830} INFO - Processing file /opt/airflow/dags/football_etl_dag.py for tasks to queue
[2026-07-26T04:02:49.691+0000] {logging_mixin.py:188} INFO - [2026-07-26T04:02:49.691+0000] {dagbag.py:545} INFO - Filling up the DagBag from /opt/airflow/dags/football_etl_dag.py
[2026-07-26T04:02:49.713+0000] {processor.py:840} INFO - DAG(s) 'football_etl' retrieved from /opt/airflow/dags/football_etl_dag.py
[2026-07-26T04:02:49.748+0000] {logging_mixin.py:188} INFO - [2026-07-26T04:02:49.748+0000] {dag.py:3089} INFO - Sync 1 DAGs
[2026-07-26T04:02:49.775+0000] {logging_mixin.py:188} INFO - [2026-07-26T04:02:49.775+0000] {dag.py:3947} INFO - Setting next_dagrun for football_etl to 2026-07-30 00:00:00+00:00, run_after=2026-07-31 00:00:00+00:00
[2026-07-26T04:02:49.798+0000] {processor.py:183} INFO - Processing /opt/airflow/dags/football_etl_dag.py took 0.117 seconds
[2026-07-26T04:03:19.947+0000] {processor.py:161} INFO - Started process (PID=224) to work on /opt/airflow/dags/football_etl_dag.py
[2026-07-26T04:03:19.948+0000] {processor.py:830} INFO - Processing file /opt/airflow/dags/football_etl_dag.py for tasks to queue
[2026-07-26T04:03:19.950+0000] {logging_mixin.py:188} INFO - [2026-07-26T04:03:19.949+0000] {dagbag.py:545} INFO - Filling up the DagBag from /opt/airflow/dags/football_etl_dag.py
[2026-07-26T04:03:19.979+0000] {processor.py:840} INFO - DAG(s) 'football_etl' retrieved from /opt/airflow/dags/football_etl_dag.py
[2026-07-26T04:03:20.035+0000] {logging_mixin.py:188} INFO - [2026-07-26T04:03:20.035+0000] {dag.py:3089} INFO - Sync 1 DAGs
[2026-07-26T04:03:20.075+0000] {logging_mixin.py:188} INFO - [2026-07-26T04:03:20.074+0000] {dag.py:3947} INFO - Setting next_dagrun for football_etl to 2026-07-30 00:00:00+00:00, run_after=2026-07-31 00:00:00+00:00
[2026-07-26T04:03:20.116+0000] {processor.py:183} INFO - Processing /opt/airflow/dags/football_etl_dag.py took 0.175 seconds
[2026-07-26T04:03:50.220+0000] {processor.py:161} INFO - Started process (PID=229) to work on /opt/airflow/dags/football_etl_dag.py
[2026-07-26T04:03:50.222+0000] {processor.py:830} INFO - Processing file /opt/airflow/dags/football_etl_dag.py for tasks to queue
[2026-07-26T04:03:50.224+0000] {logging_mixin.py:188} INFO - [2026-07-26T04:03:50.224+0000] {dagbag.py:545} INFO - Filling up the DagBag from /opt/airflow/dags/football_etl_dag.py
[2026-07-26T04:03:50.253+0000] {processor.py:840} INFO - DAG(s) 'football_etl' retrieved from /opt/airflow/dags/football_etl_dag.py
[2026-07-26T04:03:50.290+0000] {logging_mixin.py:188} INFO - [2026-07-26T04:03:50.289+0000] {dag.py:3089} INFO - Sync 1 DAGs
[2026-07-26T04:03:50.317+0000] {logging_mixin.py:188} INFO - [2026-07-26T04:03:50.316+0000] {dag.py:3947} INFO - Setting next_dagrun for football_etl to 2026-07-30 00:00:00+00:00, run_after=2026-07-31 00:00:00+00:00
[2026-07-26T04:03:50.344+0000] {processor.py:183} INFO - Processing /opt/airflow/dags/football_etl_dag.py took 0.131 seconds
[2026-07-26T04:04:20.552+0000] {processor.py:161} INFO - Started process (PID=234) to work on /opt/airflow/dags/football_etl_dag.py
[2026-07-26T04:04:20.554+0000] {processor.py:830} INFO - Processing file /opt/airflow/dags/football_etl_dag.py for tasks to queue
[2026-07-26T04:04:20.555+0000] {logging_mixin.py:188} INFO - [2026-07-26T04:04:20.555+0000] {dagbag.py:545} INFO - Filling up the DagBag from /opt/airflow/dags/football_etl_dag.py
[2026-07-26T04:04:20.580+0000] {processor.py:840} INFO - DAG(s) 'football_etl' retrieved from /opt/airflow/dags/football_etl_dag.py
[2026-07-26T04:04:20.614+0000] {logging_mixin.py:188} INFO - [2026-07-26T04:04:20.614+0000] {dag.py:3089} INFO - Sync 1 DAGs
[2026-07-26T04:04:20.637+0000] {logging_mixin.py:188} INFO - [2026-07-26T04:04:20.637+0000] {dag.py:3947} INFO - Setting next_dagrun for football_etl to 2026-07-30 00:00:00+00:00, run_after=2026-07-31 00:00:00+00:00
[2026-07-26T04:04:20.660+0000] {processor.py:183} INFO - Processing /opt/airflow/dags/football_etl_dag.py took 0.114 seconds
[2026-07-26T04:04:50.787+0000] {processor.py:161} INFO - Started process (PID=239) to work on /opt/airflow/dags/football_etl_dag.py
[2026-07-26T04:04:50.788+0000] {processor.py:830} INFO - Processing file /opt/airflow/dags/football_etl_dag.py for tasks to queue
[2026-07-26T04:04:50.790+0000] {logging_mixin.py:188} INFO - [2026-07-26T04:04:50.789+0000] {dagbag.py:545} INFO - Filling up the DagBag from /opt/airflow/dags/football_etl_dag.py
[2026-07-26T04:04:50.817+0000] {processor.py:840} INFO - DAG(s) 'football_etl' retrieved from /opt/airflow/dags/football_etl_dag.py
[2026-07-26T04:04:50.857+0000] {logging_mixin.py:188} INFO - [2026-07-26T04:04:50.856+0000] {dag.py:3089} INFO - Sync 1 DAGs
[2026-07-26T04:04:50.881+0000] {logging_mixin.py:188} INFO - [2026-07-26T04:04:50.881+0000] {dag.py:3947} INFO - Setting next_dagrun for football_etl to 2026-07-30 00:00:00+00:00, run_after=2026-07-31 00:00:00+00:00
[2026-07-26T04:04:50.902+0000] {processor.py:183} INFO - Processing /opt/airflow/dags/football_etl_dag.py took 0.121 seconds
[2026-07-26T04:05:21.157+0000] {processor.py:161} INFO - Started process (PID=244) to work on /opt/airflow/dags/football_etl_dag.py
[2026-07-26T04:05:21.158+0000] {processor.py:830} INFO - Processing file /opt/airflow/dags/football_etl_dag.py for tasks to queue
[2026-07-26T04:05:21.160+0000] {logging_mixin.py:188} INFO - [2026-07-26T04:05:21.160+0000] {dagbag.py:545} INFO - Filling up the DagBag from /opt/airflow/dags/football_etl_dag.py
[2026-07-26T04:05:21.185+0000] {processor.py:840} INFO - DAG(s) 'football_etl' retrieved from /opt/airflow/dags/football_etl_dag.py
[2026-07-26T04:05:21.225+0000] {logging_mixin.py:188} INFO - [2026-07-26T04:05:21.225+0000] {dag.py:3089} INFO - Sync 1 DAGs
[2026-07-26T04:05:21.251+0000] {logging_mixin.py:188} INFO - [2026-07-26T04:05:21.251+0000] {dag.py:3947} INFO - Setting next_dagrun for football_etl to 2026-07-30 00:00:00+00:00, run_after=2026-07-31 00:00:00+00:00
[2026-07-26T04:05:21.277+0000] {processor.py:183} INFO - Processing /opt/airflow/dags/football_etl_dag.py took 0.129 seconds
[2026-07-26T04:05:51.356+0000] {processor.py:161} INFO - Started process (PID=249) to work on /opt/airflow/dags/football_etl_dag.py
[2026-07-26T04:05:51.358+0000] {processor.py:830} INFO - Processing file /opt/airflow/dags/football_etl_dag.py for tasks to queue
[2026-07-26T04:05:51.359+0000] {logging_mixin.py:188} INFO - [2026-07-26T04:05:51.359+0000] {dagbag.py:545} INFO - Filling up the DagBag from /opt/airflow/dags/football_etl_dag.py
[2026-07-26T04:05:51.385+0000] {processor.py:840} INFO - DAG(s) 'football_etl' retrieved from /opt/airflow/dags/football_etl_dag.py
[2026-07-26T04:05:51.423+0000] {logging_mixin.py:188} INFO - [2026-07-26T04:05:51.423+0000] {dag.py:3089} INFO - Sync 1 DAGs
[2026-07-26T04:05:51.449+0000] {logging_mixin.py:188} INFO - [2026-07-26T04:05:51.449+0000] {dag.py:3947} INFO - Setting next_dagrun for football_etl to 2026-07-30 00:00:00+00:00, run_after=2026-07-31 00:00:00+00:00
[2026-07-26T04:05:51.471+0000] {processor.py:183} INFO - Processing /opt/airflow/dags/football_etl_dag.py took 0.122 seconds
[2026-07-26T04:06:21.663+0000] {processor.py:161} INFO - Started process (PID=254) to work on /opt/airflow/dags/football_etl_dag.py
[2026-07-26T04:06:21.665+0000] {processor.py:830} INFO - Processing file /opt/airflow/dags/football_etl_dag.py for tasks to queue
[2026-07-26T04:06:21.667+0000] {logging_mixin.py:188} INFO - [2026-07-26T04:06:21.666+0000] {dagbag.py:545} INFO - Filling up the DagBag from /opt/airflow/dags/football_etl_dag.py
[2026-07-26T04:06:21.695+0000] {processor.py:840} INFO - DAG(s) 'football_etl' retrieved from /opt/airflow/dags/football_etl_dag.py
[2026-07-26T04:06:21.737+0000] {logging_mixin.py:188} INFO - [2026-07-26T04:06:21.737+0000] {dag.py:3089} INFO - Sync 1 DAGs
[2026-07-26T04:06:21.767+0000] {logging_mixin.py:188} INFO - [2026-07-26T04:06:21.767+0000] {dag.py:3947} INFO - Setting next_dagrun for football_etl to 2026-07-30 00:00:00+00:00, run_after=2026-07-31 00:00:00+00:00
[2026-07-26T04:06:21.793+0000] {processor.py:183} INFO - Processing /opt/airflow/dags/football_etl_dag.py took 0.135 seconds
[2026-07-26T04:06:51.965+0000] {processor.py:161} INFO - Started process (PID=265) to work on /opt/airflow/dags/football_etl_dag.py
[2026-07-26T04:06:51.966+0000] {processor.py:830} INFO - Processing file /opt/airflow/dags/football_etl_dag.py for tasks to queue
[2026-07-26T04:06:51.967+0000] {logging_mixin.py:188} INFO - [2026-07-26T04:06:51.967+0000] {dagbag.py:545} INFO - Filling up the DagBag from /opt/airflow/dags/football_etl_dag.py
[2026-07-26T04:06:51.996+0000] {processor.py:840} INFO - DAG(s) 'football_etl' retrieved from /opt/airflow/dags/football_etl_dag.py
[2026-07-26T04:06:52.033+0000] {logging_mixin.py:188} INFO - [2026-07-26T04:06:52.033+0000] {dag.py:3089} INFO - Sync 1 DAGs
[2026-07-26T04:06:52.059+0000] {logging_mixin.py:188} INFO - [2026-07-26T04:06:52.058+0000] {dag.py:3947} INFO - Setting next_dagrun for football_etl to 2026-07-30 00:00:00+00:00, run_after=2026-07-31 00:00:00+00:00
[2026-07-26T04:06:52.080+0000] {processor.py:183} INFO - Processing /opt/airflow/dags/football_etl_dag.py took 0.122 seconds
[2026-07-26T04:07:17.706+0000] {processor.py:161} INFO - Started process (PID=164) to work on /opt/airflow/dags/football_etl_dag.py
[2026-07-26T04:07:17.710+0000] {processor.py:830} INFO - Processing file /opt/airflow/dags/football_etl_dag.py for tasks to queue
[2026-07-26T04:07:17.717+0000] {logging_mixin.py:188} INFO - [2026-07-26T04:07:17.716+0000] {dagbag.py:545} INFO - Filling up the DagBag from /opt/airflow/dags/football_etl_dag.py
[2026-07-26T04:07:17.767+0000] {processor.py:840} INFO - DAG(s) 'football_etl' retrieved from /opt/airflow/dags/football_etl_dag.py
[2026-07-26T04:07:17.829+0000] {logging_mixin.py:188} INFO - [2026-07-26T04:07:17.828+0000] {dag.py:3089} INFO - Sync 1 DAGs
[2026-07-26T04:07:17.855+0000] {logging_mixin.py:188} INFO - [2026-07-26T04:07:17.855+0000] {dag.py:3947} INFO - Setting next_dagrun for football_etl to 2026-07-30 00:00:00+00:00, run_after=2026-07-31 00:00:00+00:00
[2026-07-26T04:07:17.878+0000] {processor.py:183} INFO - Processing /opt/airflow/dags/football_etl_dag.py took 0.186 seconds
[2026-07-26T04:07:48.031+0000] {processor.py:161} INFO - Started process (PID=169) to work on /opt/airflow/dags/football_etl_dag.py
[2026-07-26T04:07:48.032+0000] {processor.py:830} INFO - Processing file /opt/airflow/dags/football_etl_dag.py for tasks to queue
[2026-07-26T04:07:48.035+0000] {logging_mixin.py:188} INFO - [2026-07-26T04:07:48.035+0000] {dagbag.py:545} INFO - Filling up the DagBag from /opt/airflow/dags/football_etl_dag.py
[2026-07-26T04:07:48.060+0000] {processor.py:840} INFO - DAG(s) 'football_etl' retrieved from /opt/airflow/dags/football_etl_dag.py
[2026-07-26T04:07:48.104+0000] {logging_mixin.py:188} INFO - [2026-07-26T04:07:48.104+0000] {dag.py:3089} INFO - Sync 1 DAGs
[2026-07-26T04:07:48.132+0000] {logging_mixin.py:188} INFO - [2026-07-26T04:07:48.132+0000] {dag.py:3947} INFO - Setting next_dagrun for football_etl to 2026-07-30 00:00:00+00:00, run_after=2026-07-31 00:00:00+00:00
[2026-07-26T04:07:48.154+0000] {processor.py:183} INFO - Processing /opt/airflow/dags/football_etl_dag.py took 0.130 seconds
[2026-07-26T04:08:18.330+0000] {processor.py:161} INFO - Started process (PID=174) to work on /opt/airflow/dags/football_etl_dag.py
[2026-07-26T04:08:18.332+0000] {processor.py:830} INFO - Processing file /opt/airflow/dags/football_etl_dag.py for tasks to queue
[2026-07-26T04:08:18.334+0000] {logging_mixin.py:188} INFO - [2026-07-26T04:08:18.334+0000] {dagbag.py:545} INFO - Filling up the DagBag from /opt/airflow/dags/football_etl_dag.py
[2026-07-26T04:08:18.361+0000] {processor.py:840} INFO - DAG(s) 'football_etl' retrieved from /opt/airflow/dags/football_etl_dag.py
[2026-07-26T04:08:18.405+0000] {logging_mixin.py:188} INFO - [2026-07-26T04:08:18.405+0000] {dag.py:3089} INFO - Sync 1 DAGs
[2026-07-26T04:08:18.431+0000] {logging_mixin.py:188} INFO - [2026-07-26T04:08:18.431+0000] {dag.py:3947} INFO - Setting next_dagrun for football_etl to 2026-07-30 00:00:00+00:00, run_after=2026-07-31 00:00:00+00:00
[2026-07-26T04:08:18.453+0000] {processor.py:183} INFO - Processing /opt/airflow/dags/football_etl_dag.py took 0.131 seconds
[2026-07-26T04:08:48.559+0000] {processor.py:161} INFO - Started process (PID=179) to work on /opt/airflow/dags/football_etl_dag.py
[2026-07-26T04:08:48.561+0000] {processor.py:830} INFO - Processing file /opt/airflow/dags/football_etl_dag.py for tasks to queue
[2026-07-26T04:08:48.566+0000] {logging_mixin.py:188} INFO - [2026-07-26T04:08:48.564+0000] {dagbag.py:545} INFO - Filling up the DagBag from /opt/airflow/dags/football_etl_dag.py
[2026-07-26T04:08:48.595+0000] {processor.py:840} INFO - DAG(s) 'football_etl' retrieved from /opt/airflow/dags/football_etl_dag.py
[2026-07-26T04:08:48.630+0000] {logging_mixin.py:188} INFO - [2026-07-26T04:08:48.629+0000] {dag.py:3089} INFO - Sync 1 DAGs
[2026-07-26T04:08:48.655+0000] {logging_mixin.py:188} INFO - [2026-07-26T04:08:48.655+0000] {dag.py:3947} INFO - Setting next_dagrun for football_etl to 2026-07-30 00:00:00+00:00, run_after=2026-07-31 00:00:00+00:00
[2026-07-26T04:08:48.680+0000] {processor.py:183} INFO - Processing /opt/airflow/dags/football_etl_dag.py took 0.130 seconds
[2026-07-26T04:09:18.833+0000] {processor.py:161} INFO - Started process (PID=184) to work on /opt/airflow/dags/football_etl_dag.py
[2026-07-26T04:09:18.835+0000] {processor.py:830} INFO - Processing file /opt/airflow/dags/football_etl_dag.py for tasks to queue
[2026-07-26T04:09:18.837+0000] {logging_mixin.py:188} INFO - [2026-07-26T04:09:18.836+0000] {dagbag.py:545} INFO - Filling up the DagBag from /opt/airflow/dags/football_etl_dag.py
[2026-07-26T04:09:18.862+0000] {processor.py:840} INFO - DAG(s) 'football_etl' retrieved from /opt/airflow/dags/football_etl_dag.py
[2026-07-26T04:09:18.898+0000] {logging_mixin.py:188} INFO - [2026-07-26T04:09:18.898+0000] {dag.py:3089} INFO - Sync 1 DAGs
[2026-07-26T04:09:18.922+0000] {logging_mixin.py:188} INFO - [2026-07-26T04:09:18.921+0000] {dag.py:3947} INFO - Setting next_dagrun for football_etl to 2026-07-30 00:00:00+00:00, run_after=2026-07-31 00:00:00+00:00
[2026-07-26T04:09:18.944+0000] {processor.py:183} INFO - Processing /opt/airflow/dags/football_etl_dag.py took 0.118 seconds
[2026-07-26T04:09:49.103+0000] {processor.py:161} INFO - Started process (PID=189) to work on /opt/airflow/dags/football_etl_dag.py
[2026-07-26T04:09:49.104+0000] {processor.py:830} INFO - Processing file /opt/airflow/dags/football_etl_dag.py for tasks to queue
[2026-07-26T04:09:49.108+0000] {logging_mixin.py:188} INFO - [2026-07-26T04:09:49.107+0000] {dagbag.py:545} INFO - Filling up the DagBag from /opt/airflow/dags/football_etl_dag.py
[2026-07-26T04:09:49.140+0000] {processor.py:840} INFO - DAG(s) 'football_etl' retrieved from /opt/airflow/dags/football_etl_dag.py
[2026-07-26T04:09:49.212+0000] {logging_mixin.py:188} INFO - [2026-07-26T04:09:49.211+0000] {dag.py:3089} INFO - Sync 1 DAGs
[2026-07-26T04:09:49.314+0000] {logging_mixin.py:188} INFO - [2026-07-26T04:09:49.314+0000] {dag.py:3947} INFO - Setting next_dagrun for football_etl to 2026-07-30 00:00:00+00:00, run_after=2026-07-31 00:00:00+00:00
[2026-07-26T04:09:49.356+0000] {processor.py:183} INFO - Processing /opt/airflow/dags/football_etl_dag.py took 0.263 seconds
[2026-07-26T04:10:03.315+0000] {processor.py:161} INFO - Started process (PID=194) to work on /opt/airflow/dags/football_etl_dag.py
[2026-07-26T04:10:03.316+0000] {processor.py:830} INFO - Processing file /opt/airflow/dags/football_etl_dag.py for tasks to queue
[2026-07-26T04:10:03.319+0000] {logging_mixin.py:188} INFO - [2026-07-26T04:10:03.319+0000] {dagbag.py:545} INFO - Filling up the DagBag from /opt/airflow/dags/football_etl_dag.py
[2026-07-26T04:10:03.345+0000] {logging_mixin.py:188} INFO - [2026-07-26T04:10:03.343+0000] {dagbag.py:355} ERROR - Failed to import: /opt/airflow/dags/football_etl_dag.py
Traceback (most recent call last):
  File "/home/airflow/.local/lib/python3.12/site-packages/airflow/models/dagbag.py", line 351, in parse
    loader.exec_module(new_module)
  File "<frozen importlib._bootstrap_external>", line 991, in exec_module
  File "<frozen importlib._bootstrap_external>", line 1129, in get_code
  File "<frozen importlib._bootstrap_external>", line 1059, in source_to_code
  File "<frozen importlib._bootstrap>", line 488, in _call_with_frames_removed
  File "/opt/airflow/dags/football_etl_dag.py", line 4
    import
          ^
SyntaxError: invalid syntax
[2026-07-26T04:10:03.348+0000] {processor.py:842} WARNING - No viable dags retrieved from /opt/airflow/dags/football_etl_dag.py
[2026-07-26T04:10:03.387+0000] {processor.py:183} INFO - Processing /opt/airflow/dags/football_etl_dag.py took 0.081 seconds
[2026-07-26T04:10:09.553+0000] {processor.py:161} INFO - Started process (PID=199) to work on /opt/airflow/dags/football_etl_dag.py
[2026-07-26T04:10:09.555+0000] {processor.py:830} INFO - Processing file /opt/airflow/dags/football_etl_dag.py for tasks to queue
[2026-07-26T04:10:09.559+0000] {logging_mixin.py:188} INFO - [2026-07-26T04:10:09.558+0000] {dagbag.py:545} INFO - Filling up the DagBag from /opt/airflow/dags/football_etl_dag.py
[2026-07-26T04:10:09.600+0000] {logging_mixin.py:188} INFO - [2026-07-26T04:10:09.593+0000] {dagbag.py:355} ERROR - Failed to import: /opt/airflow/dags/football_etl_dag.py
Traceback (most recent call last):
  File "/home/airflow/.local/lib/python3.12/site-packages/airflow/models/dagbag.py", line 351, in parse
    loader.exec_module(new_module)
  File "<frozen importlib._bootstrap_external>", line 995, in exec_module
  File "<frozen importlib._bootstrap>", line 488, in _call_with_frames_removed
  File "/opt/airflow/dags/football_etl_dag.py", line 4, in <module>
    import ai
ModuleNotFoundError: No module named 'ai'
[2026-07-26T04:10:09.603+0000] {processor.py:842} WARNING - No viable dags retrieved from /opt/airflow/dags/football_etl_dag.py
[2026-07-26T04:10:09.639+0000] {processor.py:183} INFO - Processing /opt/airflow/dags/football_etl_dag.py took 0.093 seconds
[2026-07-26T04:10:10.721+0000] {processor.py:161} INFO - Started process (PID=204) to work on /opt/airflow/dags/football_etl_dag.py
[2026-07-26T04:10:10.724+0000] {processor.py:830} INFO - Processing file /opt/airflow/dags/football_etl_dag.py for tasks to queue
[2026-07-26T04:10:10.727+0000] {logging_mixin.py:188} INFO - [2026-07-26T04:10:10.726+0000] {dagbag.py:545} INFO - Filling up the DagBag from /opt/airflow/dags/football_etl_dag.py
[2026-07-26T04:10:10.766+0000] {processor.py:840} INFO - DAG(s) 'football_etl' retrieved from /opt/airflow/dags/football_etl_dag.py
[2026-07-26T04:10:10.808+0000] {logging_mixin.py:188} INFO - [2026-07-26T04:10:10.808+0000] {dag.py:3089} INFO - Sync 1 DAGs
[2026-07-26T04:10:10.839+0000] {logging_mixin.py:188} INFO - [2026-07-26T04:10:10.839+0000] {dag.py:3947} INFO - Setting next_dagrun for football_etl to 2026-07-30 00:00:00+00:00, run_after=2026-07-31 00:00:00+00:00
[2026-07-26T04:10:10.874+0000] {processor.py:183} INFO - Processing /opt/airflow/dags/football_etl_dag.py took 0.162 seconds
[2026-07-26T04:10:12.965+0000] {processor.py:161} INFO - Started process (PID=209) to work on /opt/airflow/dags/football_etl_dag.py
[2026-07-26T04:10:12.967+0000] {processor.py:830} INFO - Processing file /opt/airflow/dags/football_etl_dag.py for tasks to queue
[2026-07-26T04:10:12.969+0000] {logging_mixin.py:188} INFO - [2026-07-26T04:10:12.969+0000] {dagbag.py:545} INFO - Filling up the DagBag from /opt/airflow/dags/football_etl_dag.py
[2026-07-26T04:10:13.006+0000] {processor.py:840} INFO - DAG(s) 'football_etl' retrieved from /opt/airflow/dags/football_etl_dag.py
[2026-07-26T04:10:13.049+0000] {logging_mixin.py:188} INFO - [2026-07-26T04:10:13.049+0000] {dag.py:3089} INFO - Sync 1 DAGs
[2026-07-26T04:10:13.078+0000] {logging_mixin.py:188} INFO - [2026-07-26T04:10:13.078+0000] {dag.py:3947} INFO - Setting next_dagrun for football_etl to 2026-07-30 00:00:00+00:00, run_after=2026-07-31 00:00:00+00:00
[2026-07-26T04:10:13.109+0000] {processor.py:183} INFO - Processing /opt/airflow/dags/football_etl_dag.py took 0.156 seconds
[2026-07-26T04:10:43.177+0000] {processor.py:161} INFO - Started process (PID=214) to work on /opt/airflow/dags/football_etl_dag.py
[2026-07-26T04:10:43.179+0000] {processor.py:830} INFO - Processing file /opt/airflow/dags/football_etl_dag.py for tasks to queue
[2026-07-26T04:10:43.182+0000] {logging_mixin.py:188} INFO - [2026-07-26T04:10:43.182+0000] {dagbag.py:545} INFO - Filling up the DagBag from /opt/airflow/dags/football_etl_dag.py
[2026-07-26T04:10:43.215+0000] {processor.py:840} INFO - DAG(s) 'football_etl' retrieved from /opt/airflow/dags/football_etl_dag.py
[2026-07-26T04:10:43.273+0000] {logging_mixin.py:188} INFO - [2026-07-26T04:10:43.272+0000] {dag.py:3089} INFO - Sync 1 DAGs
[2026-07-26T04:10:43.313+0000] {logging_mixin.py:188} INFO - [2026-07-26T04:10:43.313+0000] {dag.py:3947} INFO - Setting next_dagrun for football_etl to 2026-07-30 00:00:00+00:00, run_after=2026-07-31 00:00:00+00:00
[2026-07-26T04:10:43.348+0000] {processor.py:183} INFO - Processing /opt/airflow/dags/football_etl_dag.py took 0.182 seconds
[2026-07-26T04:11:00.653+0000] {processor.py:161} INFO - Started process (PID=219) to work on /opt/airflow/dags/football_etl_dag.py
[2026-07-26T04:11:00.655+0000] {processor.py:830} INFO - Processing file /opt/airflow/dags/football_etl_dag.py for tasks to queue
[2026-07-26T04:11:00.659+0000] {logging_mixin.py:188} INFO - [2026-07-26T04:11:00.659+0000] {dagbag.py:545} INFO - Filling up the DagBag from /opt/airflow/dags/football_etl_dag.py
[2026-07-26T04:11:00.700+0000] {processor.py:840} INFO - DAG(s) 'football_etl' retrieved from /opt/airflow/dags/football_etl_dag.py
[2026-07-26T04:11:00.752+0000] {logging_mixin.py:188} INFO - [2026-07-26T04:11:00.751+0000] {dag.py:3089} INFO - Sync 1 DAGs
[2026-07-26T04:11:00.784+0000] {logging_mixin.py:188} INFO - [2026-07-26T04:11:00.784+0000] {dag.py:3947} INFO - Setting next_dagrun for football_etl to 2026-07-30 00:00:00+00:00, run_after=2026-07-31 00:00:00+00:00
[2026-07-26T04:11:00.813+0000] {processor.py:183} INFO - Processing /opt/airflow/dags/football_etl_dag.py took 0.166 seconds
[2026-07-26T04:11:31.218+0000] {processor.py:161} INFO - Started process (PID=224) to work on /opt/airflow/dags/football_etl_dag.py
[2026-07-26T04:11:31.220+0000] {processor.py:830} INFO - Processing file /opt/airflow/dags/football_etl_dag.py for tasks to queue
[2026-07-26T04:11:31.222+0000] {logging_mixin.py:188} INFO - [2026-07-26T04:11:31.222+0000] {dagbag.py:545} INFO - Filling up the DagBag from /opt/airflow/dags/football_etl_dag.py
[2026-07-26T04:11:31.251+0000] {processor.py:840} INFO - DAG(s) 'football_etl' retrieved from /opt/airflow/dags/football_etl_dag.py
[2026-07-26T04:11:31.292+0000] {logging_mixin.py:188} INFO - [2026-07-26T04:11:31.291+0000] {dag.py:3089} INFO - Sync 1 DAGs
[2026-07-26T04:11:31.320+0000] {logging_mixin.py:188} INFO - [2026-07-26T04:11:31.319+0000] {dag.py:3947} INFO - Setting next_dagrun for football_etl to 2026-07-30 00:00:00+00:00, run_after=2026-07-31 00:00:00+00:00
[2026-07-26T04:11:31.343+0000] {processor.py:183} INFO - Processing /opt/airflow/dags/football_etl_dag.py took 0.133 seconds
[2026-07-26T04:12:01.446+0000] {processor.py:161} INFO - Started process (PID=229) to work on /opt/airflow/dags/football_etl_dag.py
[2026-07-26T04:12:01.448+0000] {processor.py:830} INFO - Processing file /opt/airflow/dags/football_etl_dag.py for tasks to queue
[2026-07-26T04:12:01.450+0000] {logging_mixin.py:188} INFO - [2026-07-26T04:12:01.449+0000] {dagbag.py:545} INFO - Filling up the DagBag from /opt/airflow/dags/football_etl_dag.py
[2026-07-26T04:12:01.475+0000] {processor.py:840} INFO - DAG(s) 'football_etl' retrieved from /opt/airflow/dags/football_etl_dag.py
[2026-07-26T04:12:01.515+0000] {logging_mixin.py:188} INFO - [2026-07-26T04:12:01.515+0000] {dag.py:3089} INFO - Sync 1 DAGs
[2026-07-26T04:12:01.542+0000] {logging_mixin.py:188} INFO - [2026-07-26T04:12:01.542+0000] {dag.py:3947} INFO - Setting next_dagrun for football_etl to 2026-07-30 00:00:00+00:00, run_after=2026-07-31 00:00:00+00:00
[2026-07-26T04:12:01.568+0000] {processor.py:183} INFO - Processing /opt/airflow/dags/football_etl_dag.py took 0.129 seconds
[2026-07-26T04:12:31.767+0000] {processor.py:161} INFO - Started process (PID=234) to work on /opt/airflow/dags/football_etl_dag.py
[2026-07-26T04:12:31.768+0000] {processor.py:830} INFO - Processing file /opt/airflow/dags/football_etl_dag.py for tasks to queue
[2026-07-26T04:12:31.770+0000] {logging_mixin.py:188} INFO - [2026-07-26T04:12:31.770+0000] {dagbag.py:545} INFO - Filling up the DagBag from /opt/airflow/dags/football_etl_dag.py
[2026-07-26T04:12:31.794+0000] {processor.py:840} INFO - DAG(s) 'football_etl' retrieved from /opt/airflow/dags/football_etl_dag.py
[2026-07-26T04:12:31.829+0000] {logging_mixin.py:188} INFO - [2026-07-26T04:12:31.829+0000] {dag.py:3089} INFO - Sync 1 DAGs
[2026-07-26T04:12:31.852+0000] {logging_mixin.py:188} INFO - [2026-07-26T04:12:31.852+0000] {dag.py:3947} INFO - Setting next_dagrun for football_etl to 2026-07-30 00:00:00+00:00, run_after=2026-07-31 00:00:00+00:00
[2026-07-26T04:12:31.874+0000] {processor.py:183} INFO - Processing /opt/airflow/dags/football_etl_dag.py took 0.113 seconds
[2026-07-26T04:13:01.989+0000] {processor.py:161} INFO - Started process (PID=239) to work on /opt/airflow/dags/football_etl_dag.py
[2026-07-26T04:13:01.991+0000] {processor.py:830} INFO - Processing file /opt/airflow/dags/football_etl_dag.py for tasks to queue
[2026-07-26T04:13:01.995+0000] {logging_mixin.py:188} INFO - [2026-07-26T04:13:01.994+0000] {dagbag.py:545} INFO - Filling up the DagBag from /opt/airflow/dags/football_etl_dag.py
[2026-07-26T04:13:02.027+0000] {processor.py:840} INFO - DAG(s) 'football_etl' retrieved from /opt/airflow/dags/football_etl_dag.py
[2026-07-26T04:13:02.083+0000] {logging_mixin.py:188} INFO - [2026-07-26T04:13:02.083+0000] {dag.py:3089} INFO - Sync 1 DAGs
[2026-07-26T04:13:02.121+0000] {logging_mixin.py:188} INFO - [2026-07-26T04:13:02.121+0000] {dag.py:3947} INFO - Setting next_dagrun for football_etl to 2026-07-30 00:00:00+00:00, run_after=2026-07-31 00:00:00+00:00
[2026-07-26T04:13:02.150+0000] {processor.py:183} INFO - Processing /opt/airflow/dags/football_etl_dag.py took 0.167 seconds
[2026-07-26T04:13:32.295+0000] {processor.py:161} INFO - Started process (PID=244) to work on /opt/airflow/dags/football_etl_dag.py
[2026-07-26T04:13:32.297+0000] {processor.py:830} INFO - Processing file /opt/airflow/dags/football_etl_dag.py for tasks to queue
[2026-07-26T04:13:32.300+0000] {logging_mixin.py:188} INFO - [2026-07-26T04:13:32.299+0000] {dagbag.py:545} INFO - Filling up the DagBag from /opt/airflow/dags/football_etl_dag.py
[2026-07-26T04:13:32.325+0000] {processor.py:840} INFO - DAG(s) 'football_etl' retrieved from /opt/airflow/dags/football_etl_dag.py
[2026-07-26T04:13:32.366+0000] {logging_mixin.py:188} INFO - [2026-07-26T04:13:32.366+0000] {dag.py:3089} INFO - Sync 1 DAGs
[2026-07-26T04:13:32.392+0000] {logging_mixin.py:188} INFO - [2026-07-26T04:13:32.391+0000] {dag.py:3947} INFO - Setting next_dagrun for football_etl to 2026-07-30 00:00:00+00:00, run_after=2026-07-31 00:00:00+00:00
[2026-07-26T04:13:32.415+0000] {processor.py:183} INFO - Processing /opt/airflow/dags/football_etl_dag.py took 0.130 seconds
[2026-07-26T04:14:02.583+0000] {processor.py:161} INFO - Started process (PID=249) to work on /opt/airflow/dags/football_etl_dag.py
[2026-07-26T04:14:02.586+0000] {processor.py:830} INFO - Processing file /opt/airflow/dags/football_etl_dag.py for tasks to queue
[2026-07-26T04:14:02.591+0000] {logging_mixin.py:188} INFO - [2026-07-26T04:14:02.590+0000] {dagbag.py:545} INFO - Filling up the DagBag from /opt/airflow/dags/football_etl_dag.py
[2026-07-26T04:14:02.622+0000] {processor.py:840} INFO - DAG(s) 'football_etl' retrieved from /opt/airflow/dags/football_etl_dag.py
[2026-07-26T04:14:02.678+0000] {logging_mixin.py:188} INFO - [2026-07-26T04:14:02.678+0000] {dag.py:3089} INFO - Sync 1 DAGs
[2026-07-26T04:14:02.706+0000] {logging_mixin.py:188} INFO - [2026-07-26T04:14:02.706+0000] {dag.py:3947} INFO - Setting next_dagrun for football_etl to 2026-07-30 00:00:00+00:00, run_after=2026-07-31 00:00:00+00:00
[2026-07-26T04:14:02.730+0000] {processor.py:183} INFO - Processing /opt/airflow/dags/football_etl_dag.py took 0.160 seconds
[2026-07-26T04:14:32.945+0000] {processor.py:161} INFO - Started process (PID=254) to work on /opt/airflow/dags/football_etl_dag.py
[2026-07-26T04:14:32.947+0000] {processor.py:830} INFO - Processing file /opt/airflow/dags/football_etl_dag.py for tasks to queue
[2026-07-26T04:14:32.951+0000] {logging_mixin.py:188} INFO - [2026-07-26T04:14:32.950+0000] {dagbag.py:545} INFO - Filling up the DagBag from /opt/airflow/dags/football_etl_dag.py
[2026-07-26T04:14:32.982+0000] {processor.py:840} INFO - DAG(s) 'football_etl' retrieved from /opt/airflow/dags/football_etl_dag.py
[2026-07-26T04:14:33.035+0000] {logging_mixin.py:188} INFO - [2026-07-26T04:14:33.034+0000] {dag.py:3089} INFO - Sync 1 DAGs
[2026-07-26T04:14:33.062+0000] {logging_mixin.py:188} INFO - [2026-07-26T04:14:33.062+0000] {dag.py:3947} INFO - Setting next_dagrun for football_etl to 2026-07-30 00:00:00+00:00, run_after=2026-07-31 00:00:00+00:00
[2026-07-26T04:14:33.097+0000] {processor.py:183} INFO - Processing /opt/airflow/dags/football_etl_dag.py took 0.161 seconds
[2026-07-26T04:15:04.972+0000] {processor.py:161} INFO - Started process (PID=259) to work on /opt/airflow/dags/football_etl_dag.py
[2026-07-26T04:15:04.978+0000] {processor.py:830} INFO - Processing file /opt/airflow/dags/football_etl_dag.py for tasks to queue
[2026-07-26T04:15:04.992+0000] {logging_mixin.py:188} INFO - [2026-07-26T04:15:04.991+0000] {dagbag.py:545} INFO - Filling up the DagBag from /opt/airflow/dags/football_etl_dag.py
[2026-07-26T04:15:05.072+0000] {processor.py:840} INFO - DAG(s) 'football_etl' retrieved from /opt/airflow/dags/football_etl_dag.py
[2026-07-26T04:15:05.222+0000] {logging_mixin.py:188} INFO - [2026-07-26T04:15:05.221+0000] {dag.py:3089} INFO - Sync 1 DAGs
[2026-07-26T04:15:05.328+0000] {logging_mixin.py:188} INFO - [2026-07-26T04:15:05.327+0000] {dag.py:3947} INFO - Setting next_dagrun for football_etl to 2026-07-30 00:00:00+00:00, run_after=2026-07-31 00:00:00+00:00
[2026-07-26T04:15:05.414+0000] {processor.py:183} INFO - Processing /opt/airflow/dags/football_etl_dag.py took 0.465 seconds
[2026-07-26T04:15:35.704+0000] {processor.py:161} INFO - Started process (PID=264) to work on /opt/airflow/dags/football_etl_dag.py
[2026-07-26T04:15:35.706+0000] {processor.py:830} INFO - Processing file /opt/airflow/dags/football_etl_dag.py for tasks to queue
[2026-07-26T04:15:35.712+0000] {logging_mixin.py:188} INFO - [2026-07-26T04:15:35.711+0000] {dagbag.py:545} INFO - Filling up the DagBag from /opt/airflow/dags/football_etl_dag.py
[2026-07-26T04:15:35.844+0000] {processor.py:840} INFO - DAG(s) 'football_etl' retrieved from /opt/airflow/dags/football_etl_dag.py
[2026-07-26T04:15:36.053+0000] {logging_mixin.py:188} INFO - [2026-07-26T04:15:36.052+0000] {dag.py:3089} INFO - Sync 1 DAGs
[2026-07-26T04:15:36.158+0000] {logging_mixin.py:188} INFO - [2026-07-26T04:15:36.157+0000] {dag.py:3947} INFO - Setting next_dagrun for football_etl to 2026-07-30 00:00:00+00:00, run_after=2026-07-31 00:00:00+00:00
[2026-07-26T04:15:36.271+0000] {processor.py:183} INFO - Processing /opt/airflow/dags/football_etl_dag.py took 0.589 seconds
[2026-07-26T04:16:06.475+0000] {processor.py:161} INFO - Started process (PID=269) to work on /opt/airflow/dags/football_etl_dag.py
[2026-07-26T04:16:06.492+0000] {processor.py:830} INFO - Processing file /opt/airflow/dags/football_etl_dag.py for tasks to queue
[2026-07-26T04:16:06.500+0000] {logging_mixin.py:188} INFO - [2026-07-26T04:16:06.499+0000] {dagbag.py:545} INFO - Filling up the DagBag from /opt/airflow/dags/football_etl_dag.py
[2026-07-26T04:16:06.619+0000] {processor.py:840} INFO - DAG(s) 'football_etl' retrieved from /opt/airflow/dags/football_etl_dag.py
[2026-07-26T04:16:06.842+0000] {logging_mixin.py:188} INFO - [2026-07-26T04:16:06.842+0000] {dag.py:3089} INFO - Sync 1 DAGs
[2026-07-26T04:16:07.023+0000] {logging_mixin.py:188} INFO - [2026-07-26T04:16:07.022+0000] {dag.py:3947} INFO - Setting next_dagrun for football_etl to 2026-07-30 00:00:00+00:00, run_after=2026-07-31 00:00:00+00:00
[2026-07-26T04:16:07.155+0000] {processor.py:183} INFO - Processing /opt/airflow/dags/football_etl_dag.py took 0.717 seconds
[2026-07-26T04:16:37.494+0000] {processor.py:161} INFO - Started process (PID=274) to work on /opt/airflow/dags/football_etl_dag.py
[2026-07-26T04:16:37.497+0000] {processor.py:830} INFO - Processing file /opt/airflow/dags/football_etl_dag.py for tasks to queue
[2026-07-26T04:16:37.506+0000] {logging_mixin.py:188} INFO - [2026-07-26T04:16:37.505+0000] {dagbag.py:545} INFO - Filling up the DagBag from /opt/airflow/dags/football_etl_dag.py
[2026-07-26T04:16:37.765+0000] {processor.py:840} INFO - DAG(s) 'football_etl' retrieved from /opt/airflow/dags/football_etl_dag.py
[2026-07-26T04:16:37.940+0000] {logging_mixin.py:188} INFO - [2026-07-26T04:16:37.938+0000] {dag.py:3089} INFO - Sync 1 DAGs
[2026-07-26T04:16:38.065+0000] {logging_mixin.py:188} INFO - [2026-07-26T04:16:38.065+0000] {dag.py:3947} INFO - Setting next_dagrun for football_etl to 2026-07-30 00:00:00+00:00, run_after=2026-07-31 00:00:00+00:00
[2026-07-26T04:16:38.171+0000] {processor.py:183} INFO - Processing /opt/airflow/dags/football_etl_dag.py took 0.696 seconds
[2026-07-26T04:17:09.022+0000] {processor.py:161} INFO - Started process (PID=279) to work on /opt/airflow/dags/football_etl_dag.py
[2026-07-26T04:17:09.038+0000] {processor.py:830} INFO - Processing file /opt/airflow/dags/football_etl_dag.py for tasks to queue
[2026-07-26T04:17:09.053+0000] {logging_mixin.py:188} INFO - [2026-07-26T04:17:09.052+0000] {dagbag.py:545} INFO - Filling up the DagBag from /opt/airflow/dags/football_etl_dag.py
[2026-07-26T04:17:09.328+0000] {processor.py:840} INFO - DAG(s) 'football_etl' retrieved from /opt/airflow/dags/football_etl_dag.py
[2026-07-26T04:17:09.463+0000] {logging_mixin.py:188} INFO - [2026-07-26T04:17:09.463+0000] {dag.py:3089} INFO - Sync 1 DAGs
[2026-07-26T04:17:09.536+0000] {logging_mixin.py:188} INFO - [2026-07-26T04:17:09.535+0000] {dag.py:3947} INFO - Setting next_dagrun for football_etl to 2026-07-30 00:00:00+00:00, run_after=2026-07-31 00:00:00+00:00
[2026-07-26T04:17:09.576+0000] {processor.py:183} INFO - Processing /opt/airflow/dags/football_etl_dag.py took 0.601 seconds
[2026-07-26T04:17:39.896+0000] {processor.py:161} INFO - Started process (PID=284) to work on /opt/airflow/dags/football_etl_dag.py
[2026-07-26T04:17:39.898+0000] {processor.py:830} INFO - Processing file /opt/airflow/dags/football_etl_dag.py for tasks to queue
[2026-07-26T04:17:39.901+0000] {logging_mixin.py:188} INFO - [2026-07-26T04:17:39.900+0000] {dagbag.py:545} INFO - Filling up the DagBag from /opt/airflow/dags/football_etl_dag.py
[2026-07-26T04:17:39.932+0000] {processor.py:840} INFO - DAG(s) 'football_etl' retrieved from /opt/airflow/dags/football_etl_dag.py
[2026-07-26T04:17:39.983+0000] {logging_mixin.py:188} INFO - [2026-07-26T04:17:39.983+0000] {dag.py:3089} INFO - Sync 1 DAGs
[2026-07-26T04:17:40.018+0000] {logging_mixin.py:188} INFO - [2026-07-26T04:17:40.017+0000] {dag.py:3947} INFO - Setting next_dagrun for football_etl to 2026-07-30 00:00:00+00:00, run_after=2026-07-31 00:00:00+00:00
[2026-07-26T04:17:40.049+0000] {processor.py:183} INFO - Processing /opt/airflow/dags/football_etl_dag.py took 0.162 seconds
[2026-07-26T04:18:10.295+0000] {processor.py:161} INFO - Started process (PID=289) to work on /opt/airflow/dags/football_etl_dag.py
[2026-07-26T04:18:10.296+0000] {processor.py:830} INFO - Processing file /opt/airflow/dags/football_etl_dag.py for tasks to queue
[2026-07-26T04:18:10.299+0000] {logging_mixin.py:188} INFO - [2026-07-26T04:18:10.299+0000] {dagbag.py:545} INFO - Filling up the DagBag from /opt/airflow/dags/football_etl_dag.py
[2026-07-26T04:18:10.328+0000] {processor.py:840} INFO - DAG(s) 'football_etl' retrieved from /opt/airflow/dags/football_etl_dag.py
[2026-07-26T04:18:10.394+0000] {logging_mixin.py:188} INFO - [2026-07-26T04:18:10.393+0000] {dag.py:3089} INFO - Sync 1 DAGs
[2026-07-26T04:18:10.442+0000] {logging_mixin.py:188} INFO - [2026-07-26T04:18:10.442+0000] {dag.py:3947} INFO - Setting next_dagrun for football_etl to 2026-07-30 00:00:00+00:00, run_after=2026-07-31 00:00:00+00:00
[2026-07-26T04:18:10.498+0000] {processor.py:183} INFO - Processing /opt/airflow/dags/football_etl_dag.py took 0.211 seconds
[2026-07-26T04:18:14.605+0000] {processor.py:161} INFO - Started process (PID=294) to work on /opt/airflow/dags/football_etl_dag.py
[2026-07-26T04:18:14.607+0000] {processor.py:830} INFO - Processing file /opt/airflow/dags/football_etl_dag.py for tasks to queue
[2026-07-26T04:18:14.609+0000] {logging_mixin.py:188} INFO - [2026-07-26T04:18:14.609+0000] {dagbag.py:545} INFO - Filling up the DagBag from /opt/airflow/dags/football_etl_dag.py
[2026-07-26T04:18:14.635+0000] {logging_mixin.py:188} INFO - [2026-07-26T04:18:14.631+0000] {dagbag.py:355} ERROR - Failed to import: /opt/airflow/dags/football_etl_dag.py
Traceback (most recent call last):
  File "/home/airflow/.local/lib/python3.12/site-packages/airflow/models/dagbag.py", line 351, in parse
    loader.exec_module(new_module)
  File "<frozen importlib._bootstrap_external>", line 995, in exec_module
  File "<frozen importlib._bootstrap>", line 488, in _call_with_frames_removed
  File "/opt/airflow/dags/football_etl_dag.py", line 4, in <module>
    impo
NameError: name 'impo' is not defined
[2026-07-26T04:18:14.639+0000] {processor.py:842} WARNING - No viable dags retrieved from /opt/airflow/dags/football_etl_dag.py
[2026-07-26T04:18:15.135+0000] {processor.py:183} INFO - Processing /opt/airflow/dags/football_etl_dag.py took 0.539 seconds
[2026-07-26T04:18:22.928+0000] {processor.py:161} INFO - Started process (PID=299) to work on /opt/airflow/dags/football_etl_dag.py
[2026-07-26T04:18:22.938+0000] {processor.py:830} INFO - Processing file /opt/airflow/dags/football_etl_dag.py for tasks to queue
[2026-07-26T04:18:22.946+0000] {logging_mixin.py:188} INFO - [2026-07-26T04:18:22.945+0000] {dagbag.py:545} INFO - Filling up the DagBag from /opt/airflow/dags/football_etl_dag.py
[2026-07-26T04:18:23.028+0000] {logging_mixin.py:188} INFO - [2026-07-26T04:18:23.016+0000] {dagbag.py:355} ERROR - Failed to import: /opt/airflow/dags/football_etl_dag.py
Traceback (most recent call last):
  File "/home/airflow/.local/lib/python3.12/site-packages/airflow/models/dagbag.py", line 351, in parse
    loader.exec_module(new_module)
  File "<frozen importlib._bootstrap_external>", line 995, in exec_module
  File "<frozen importlib._bootstrap>", line 488, in _call_with_frames_removed
  File "/opt/airflow/dags/football_etl_dag.py", line 4, in <module>
    import air
ModuleNotFoundError: No module named 'air'
[2026-07-26T04:18:23.032+0000] {processor.py:842} WARNING - No viable dags retrieved from /opt/airflow/dags/football_etl_dag.py
[2026-07-26T04:18:23.293+0000] {processor.py:183} INFO - Processing /opt/airflow/dags/football_etl_dag.py took 0.391 seconds
[2026-07-26T04:18:28.298+0000] {processor.py:161} INFO - Started process (PID=304) to work on /opt/airflow/dags/football_etl_dag.py
[2026-07-26T04:18:28.300+0000] {processor.py:830} INFO - Processing file /opt/airflow/dags/football_etl_dag.py for tasks to queue
[2026-07-26T04:18:28.303+0000] {logging_mixin.py:188} INFO - [2026-07-26T04:18:28.303+0000] {dagbag.py:545} INFO - Filling up the DagBag from /opt/airflow/dags/football_etl_dag.py
[2026-07-26T04:18:28.332+0000] {logging_mixin.py:188} INFO - [2026-07-26T04:18:28.329+0000] {dagbag.py:355} ERROR - Failed to import: /opt/airflow/dags/football_etl_dag.py
Traceback (most recent call last):
  File "/home/airflow/.local/lib/python3.12/site-packages/airflow/models/dagbag.py", line 351, in parse
    loader.exec_module(new_module)
  File "<frozen importlib._bootstrap_external>", line 995, in exec_module
  File "<frozen importlib._bootstrap>", line 488, in _call_with_frames_removed
  File "/opt/airflow/dags/football_etl_dag.py", line 4, in <module>
    import airflo
ModuleNotFoundError: No module named 'airflo'
[2026-07-26T04:18:28.334+0000] {processor.py:842} WARNING - No viable dags retrieved from /opt/airflow/dags/football_etl_dag.py
[2026-07-26T04:18:28.882+0000] {processor.py:183} INFO - Processing /opt/airflow/dags/football_etl_dag.py took 0.592 seconds
[2026-07-26T04:18:30.430+0000] {processor.py:161} INFO - Started process (PID=309) to work on /opt/airflow/dags/football_etl_dag.py
[2026-07-26T04:18:30.431+0000] {processor.py:830} INFO - Processing file /opt/airflow/dags/football_etl_dag.py for tasks to queue
[2026-07-26T04:18:30.434+0000] {logging_mixin.py:188} INFO - [2026-07-26T04:18:30.433+0000] {dagbag.py:545} INFO - Filling up the DagBag from /opt/airflow/dags/football_etl_dag.py
[2026-07-26T04:18:30.473+0000] {processor.py:840} INFO - DAG(s) 'football_etl' retrieved from /opt/airflow/dags/football_etl_dag.py
[2026-07-26T04:18:30.519+0000] {logging_mixin.py:188} INFO - [2026-07-26T04:18:30.519+0000] {dag.py:3089} INFO - Sync 1 DAGs
[2026-07-26T04:18:30.544+0000] {logging_mixin.py:188} INFO - [2026-07-26T04:18:30.544+0000] {dag.py:3947} INFO - Setting next_dagrun for football_etl to 2026-07-30 00:00:00+00:00, run_after=2026-07-31 00:00:00+00:00
[2026-07-26T04:18:30.956+0000] {processor.py:183} INFO - Processing /opt/airflow/dags/football_etl_dag.py took 0.534 seconds
[2026-07-26T04:18:47.119+0000] {processor.py:161} INFO - Started process (PID=314) to work on /opt/airflow/dags/football_etl_dag.py
[2026-07-26T04:18:47.120+0000] {processor.py:830} INFO - Processing file /opt/airflow/dags/football_etl_dag.py for tasks to queue
[2026-07-26T04:18:47.126+0000] {logging_mixin.py:188} INFO - [2026-07-26T04:18:47.125+0000] {dagbag.py:545} INFO - Filling up the DagBag from /opt/airflow/dags/football_etl_dag.py
[2026-07-26T04:18:47.172+0000] {logging_mixin.py:188} INFO - [2026-07-26T04:18:47.166+0000] {dagbag.py:355} ERROR - Failed to import: /opt/airflow/dags/football_etl_dag.py
Traceback (most recent call last):
  File "/home/airflow/.local/lib/python3.12/site-packages/airflow/models/dagbag.py", line 351, in parse
    loader.exec_module(new_module)
  File "<frozen importlib._bootstrap_external>", line 995, in exec_module
  File "<frozen importlib._bootstrap>", line 488, in _call_with_frames_removed
  File "/opt/airflow/dags/football_etl_dag.py", line 4, in <module>
    import apacairflow
ModuleNotFoundError: No module named 'apacairflow'
[2026-07-26T04:18:47.176+0000] {processor.py:842} WARNING - No viable dags retrieved from /opt/airflow/dags/football_etl_dag.py
[2026-07-26T04:18:47.228+0000] {processor.py:183} INFO - Processing /opt/airflow/dags/football_etl_dag.py took 0.123 seconds
[2026-07-26T04:18:49.308+0000] {processor.py:161} INFO - Started process (PID=319) to work on /opt/airflow/dags/football_etl_dag.py
[2026-07-26T04:18:49.316+0000] {processor.py:830} INFO - Processing file /opt/airflow/dags/football_etl_dag.py for tasks to queue
[2026-07-26T04:18:49.323+0000] {logging_mixin.py:188} INFO - [2026-07-26T04:18:49.322+0000] {dagbag.py:545} INFO - Filling up the DagBag from /opt/airflow/dags/football_etl_dag.py
[2026-07-26T04:18:49.379+0000] {logging_mixin.py:188} INFO - [2026-07-26T04:18:49.369+0000] {dagbag.py:355} ERROR - Failed to import: /opt/airflow/dags/football_etl_dag.py
Traceback (most recent call last):
  File "/home/airflow/.local/lib/python3.12/site-packages/airflow/models/dagbag.py", line 351, in parse
    loader.exec_module(new_module)
  File "<frozen importlib._bootstrap_external>", line 995, in exec_module
  File "<frozen importlib._bootstrap>", line 488, in _call_with_frames_removed
  File "/opt/airflow/dags/football_etl_dag.py", line 4, in <module>
    import apache.airflow
ModuleNotFoundError: No module named 'apache'
[2026-07-26T04:18:49.383+0000] {processor.py:842} WARNING - No viable dags retrieved from /opt/airflow/dags/football_etl_dag.py
[2026-07-26T04:18:49.440+0000] {processor.py:183} INFO - Processing /opt/airflow/dags/football_etl_dag.py took 0.153 seconds
[2026-07-26T04:18:52.583+0000] {processor.py:161} INFO - Started process (PID=324) to work on /opt/airflow/dags/football_etl_dag.py
[2026-07-26T04:18:52.586+0000] {processor.py:830} INFO - Processing file /opt/airflow/dags/football_etl_dag.py for tasks to queue
[2026-07-26T04:18:52.593+0000] {logging_mixin.py:188} INFO - [2026-07-26T04:18:52.592+0000] {dagbag.py:545} INFO - Filling up the DagBag from /opt/airflow/dags/football_etl_dag.py
[2026-07-26T04:18:52.620+0000] {logging_mixin.py:188} INFO - [2026-07-26T04:18:52.618+0000] {dagbag.py:355} ERROR - Failed to import: /opt/airflow/dags/football_etl_dag.py
Traceback (most recent call last):
  File "/home/airflow/.local/lib/python3.12/site-packages/airflow/models/dagbag.py", line 351, in parse
    loader.exec_module(new_module)
  File "<frozen importlib._bootstrap_external>", line 991, in exec_module
  File "<frozen importlib._bootstrap_external>", line 1129, in get_code
  File "<frozen importlib._bootstrap_external>", line 1059, in source_to_code
  File "<frozen importlib._bootstrap>", line 488, in _call_with_frames_removed
  File "/opt/airflow/dags/football_etl_dag.py", line 4
    import apache airflow
                  ^^^^^^^
SyntaxError: invalid syntax
[2026-07-26T04:18:52.622+0000] {processor.py:842} WARNING - No viable dags retrieved from /opt/airflow/dags/football_etl_dag.py
[2026-07-26T04:18:52.668+0000] {processor.py:183} INFO - Processing /opt/airflow/dags/football_etl_dag.py took 0.104 seconds
[2026-07-26T04:18:59.645+0000] {processor.py:161} INFO - Started process (PID=329) to work on /opt/airflow/dags/football_etl_dag.py
[2026-07-26T04:18:59.648+0000] {processor.py:830} INFO - Processing file /opt/airflow/dags/football_etl_dag.py for tasks to queue
[2026-07-26T04:18:59.652+0000] {logging_mixin.py:188} INFO - [2026-07-26T04:18:59.652+0000] {dagbag.py:545} INFO - Filling up the DagBag from /opt/airflow/dags/football_etl_dag.py
[2026-07-26T04:18:59.683+0000] {logging_mixin.py:188} INFO - [2026-07-26T04:18:59.681+0000] {dagbag.py:355} ERROR - Failed to import: /opt/airflow/dags/football_etl_dag.py
Traceback (most recent call last):
  File "/home/airflow/.local/lib/python3.12/site-packages/airflow/models/dagbag.py", line 351, in parse
    loader.exec_module(new_module)
  File "<frozen importlib._bootstrap_external>", line 991, in exec_module
  File "<frozen importlib._bootstrap_external>", line 1129, in get_code
  File "<frozen importlib._bootstrap_external>", line 1059, in source_to_code
  File "<frozen importlib._bootstrap>", line 488, in _call_with_frames_removed
  File "/opt/airflow/dags/football_etl_dag.py", line 4
    import apache -airflow
                  ^
SyntaxError: invalid syntax
[2026-07-26T04:18:59.685+0000] {processor.py:842} WARNING - No viable dags retrieved from /opt/airflow/dags/football_etl_dag.py
[2026-07-26T04:18:59.758+0000] {processor.py:183} INFO - Processing /opt/airflow/dags/football_etl_dag.py took 0.131 seconds
[2026-07-26T04:19:03.826+0000] {processor.py:161} INFO - Started process (PID=334) to work on /opt/airflow/dags/football_etl_dag.py
[2026-07-26T04:19:03.828+0000] {processor.py:830} INFO - Processing file /opt/airflow/dags/football_etl_dag.py for tasks to queue
[2026-07-26T04:19:03.833+0000] {logging_mixin.py:188} INFO - [2026-07-26T04:19:03.832+0000] {dagbag.py:545} INFO - Filling up the DagBag from /opt/airflow/dags/football_etl_dag.py
[2026-07-26T04:19:03.867+0000] {logging_mixin.py:188} INFO - [2026-07-26T04:19:03.865+0000] {dagbag.py:355} ERROR - Failed to import: /opt/airflow/dags/football_etl_dag.py
Traceback (most recent call last):
  File "/home/airflow/.local/lib/python3.12/site-packages/airflow/models/dagbag.py", line 351, in parse
    loader.exec_module(new_module)
  File "<frozen importlib._bootstrap_external>", line 991, in exec_module
  File "<frozen importlib._bootstrap_external>", line 1129, in get_code
  File "<frozen importlib._bootstrap_external>", line 1059, in source_to_code
  File "<frozen importlib._bootstrap>", line 488, in _call_with_frames_removed
  File "/opt/airflow/dags/football_etl_dag.py", line 4
    import apache-airflow
                 ^
SyntaxError: invalid syntax
[2026-07-26T04:19:03.870+0000] {processor.py:842} WARNING - No viable dags retrieved from /opt/airflow/dags/football_etl_dag.py
[2026-07-26T04:19:03.934+0000] {processor.py:183} INFO - Processing /opt/airflow/dags/football_etl_dag.py took 0.122 seconds
[2026-07-26T04:19:07.902+0000] {processor.py:161} INFO - Started process (PID=339) to work on /opt/airflow/dags/football_etl_dag.py
[2026-07-26T04:19:07.904+0000] {processor.py:830} INFO - Processing file /opt/airflow/dags/football_etl_dag.py for tasks to queue
[2026-07-26T04:19:07.911+0000] {logging_mixin.py:188} INFO - [2026-07-26T04:19:07.911+0000] {dagbag.py:545} INFO - Filling up the DagBag from /opt/airflow/dags/football_etl_dag.py
[2026-07-26T04:19:07.965+0000] {logging_mixin.py:188} INFO - [2026-07-26T04:19:07.956+0000] {dagbag.py:355} ERROR - Failed to import: /opt/airflow/dags/football_etl_dag.py
Traceback (most recent call last):
  File "/home/airflow/.local/lib/python3.12/site-packages/airflow/models/dagbag.py", line 351, in parse
    loader.exec_module(new_module)
  File "<frozen importlib._bootstrap_external>", line 995, in exec_module
  File "<frozen importlib._bootstrap>", line 488, in _call_with_frames_removed
  File "/opt/airflow/dags/football_etl_dag.py", line 4, in <module>
    import apacheairflow
ModuleNotFoundError: No module named 'apacheairflow'
[2026-07-26T04:19:07.969+0000] {processor.py:842} WARNING - No viable dags retrieved from /opt/airflow/dags/football_etl_dag.py
[2026-07-26T04:19:08.051+0000] {processor.py:183} INFO - Processing /opt/airflow/dags/football_etl_dag.py took 0.159 seconds
[2026-07-26T04:19:11.083+0000] {processor.py:161} INFO - Started process (PID=344) to work on /opt/airflow/dags/football_etl_dag.py
[2026-07-26T04:19:11.085+0000] {processor.py:830} INFO - Processing file /opt/airflow/dags/football_etl_dag.py for tasks to queue
[2026-07-26T04:19:11.089+0000] {logging_mixin.py:188} INFO - [2026-07-26T04:19:11.088+0000] {dagbag.py:545} INFO - Filling up the DagBag from /opt/airflow/dags/football_etl_dag.py
[2026-07-26T04:19:11.129+0000] {logging_mixin.py:188} INFO - [2026-07-26T04:19:11.122+0000] {dagbag.py:355} ERROR - Failed to import: /opt/airflow/dags/football_etl_dag.py
Traceback (most recent call last):
  File "/home/airflow/.local/lib/python3.12/site-packages/airflow/models/dagbag.py", line 351, in parse
    loader.exec_module(new_module)
  File "<frozen importlib._bootstrap_external>", line 995, in exec_module
  File "<frozen importlib._bootstrap>", line 488, in _call_with_frames_removed
  File "/opt/airflow/dags/football_etl_dag.py", line 4, in <module>
    import apache.airflow
ModuleNotFoundError: No module named 'apache'
[2026-07-26T04:19:11.132+0000] {processor.py:842} WARNING - No viable dags retrieved from /opt/airflow/dags/football_etl_dag.py
[2026-07-26T04:19:11.649+0000] {processor.py:183} INFO - Processing /opt/airflow/dags/football_etl_dag.py took 0.579 seconds
[2026-07-26T04:19:41.909+0000] {processor.py:161} INFO - Started process (PID=349) to work on /opt/airflow/dags/football_etl_dag.py
[2026-07-26T04:19:41.911+0000] {processor.py:830} INFO - Processing file /opt/airflow/dags/football_etl_dag.py for tasks to queue
[2026-07-26T04:19:41.915+0000] {logging_mixin.py:188} INFO - [2026-07-26T04:19:41.914+0000] {dagbag.py:545} INFO - Filling up the DagBag from /opt/airflow/dags/football_etl_dag.py
[2026-07-26T04:19:41.936+0000] {logging_mixin.py:188} INFO - [2026-07-26T04:19:41.931+0000] {dagbag.py:355} ERROR - Failed to import: /opt/airflow/dags/football_etl_dag.py
Traceback (most recent call last):
  File "/home/airflow/.local/lib/python3.12/site-packages/airflow/models/dagbag.py", line 351, in parse
    loader.exec_module(new_module)
  File "<frozen importlib._bootstrap_external>", line 995, in exec_module
  File "<frozen importlib._bootstrap>", line 488, in _call_with_frames_removed
  File "/opt/airflow/dags/football_etl_dag.py", line 4, in <module>
    import apache.airflow
ModuleNotFoundError: No module named 'apache'
[2026-07-26T04:19:41.938+0000] {processor.py:842} WARNING - No viable dags retrieved from /opt/airflow/dags/football_etl_dag.py
[2026-07-26T04:19:42.165+0000] {processor.py:183} INFO - Processing /opt/airflow/dags/football_etl_dag.py took 0.264 seconds
[2026-07-26T04:20:12.576+0000] {processor.py:161} INFO - Started process (PID=354) to work on /opt/airflow/dags/football_etl_dag.py
[2026-07-26T04:20:12.594+0000] {processor.py:830} INFO - Processing file /opt/airflow/dags/football_etl_dag.py for tasks to queue
[2026-07-26T04:20:12.608+0000] {logging_mixin.py:188} INFO - [2026-07-26T04:20:12.607+0000] {dagbag.py:545} INFO - Filling up the DagBag from /opt/airflow/dags/football_etl_dag.py
[2026-07-26T04:20:12.732+0000] {logging_mixin.py:188} INFO - [2026-07-26T04:20:12.712+0000] {dagbag.py:355} ERROR - Failed to import: /opt/airflow/dags/football_etl_dag.py
Traceback (most recent call last):
  File "/home/airflow/.local/lib/python3.12/site-packages/airflow/models/dagbag.py", line 351, in parse
    loader.exec_module(new_module)
  File "<frozen importlib._bootstrap_external>", line 995, in exec_module
  File "<frozen importlib._bootstrap>", line 488, in _call_with_frames_removed
  File "/opt/airflow/dags/football_etl_dag.py", line 4, in <module>
    import apache.airflow
ModuleNotFoundError: No module named 'apache'
[2026-07-26T04:20:12.738+0000] {processor.py:842} WARNING - No viable dags retrieved from /opt/airflow/dags/football_etl_dag.py
[2026-07-26T04:20:12.860+0000] {processor.py:183} INFO - Processing /opt/airflow/dags/football_etl_dag.py took 0.326 seconds
[2026-07-26T04:20:43.185+0000] {processor.py:161} INFO - Started process (PID=359) to work on /opt/airflow/dags/football_etl_dag.py
[2026-07-26T04:20:43.187+0000] {processor.py:830} INFO - Processing file /opt/airflow/dags/football_etl_dag.py for tasks to queue
[2026-07-26T04:20:43.192+0000] {logging_mixin.py:188} INFO - [2026-07-26T04:20:43.191+0000] {dagbag.py:545} INFO - Filling up the DagBag from /opt/airflow/dags/football_etl_dag.py
[2026-07-26T04:20:43.231+0000] {logging_mixin.py:188} INFO - [2026-07-26T04:20:43.220+0000] {dagbag.py:355} ERROR - Failed to import: /opt/airflow/dags/football_etl_dag.py
Traceback (most recent call last):
  File "/home/airflow/.local/lib/python3.12/site-packages/airflow/models/dagbag.py", line 351, in parse
    loader.exec_module(new_module)
  File "<frozen importlib._bootstrap_external>", line 995, in exec_module
  File "<frozen importlib._bootstrap>", line 488, in _call_with_frames_removed
  File "/opt/airflow/dags/football_etl_dag.py", line 4, in <module>
    import apache.airflow
ModuleNotFoundError: No module named 'apache'
[2026-07-26T04:20:43.235+0000] {processor.py:842} WARNING - No viable dags retrieved from /opt/airflow/dags/football_etl_dag.py
[2026-07-26T04:20:43.295+0000] {processor.py:183} INFO - Processing /opt/airflow/dags/football_etl_dag.py took 0.129 seconds
[2026-07-26T04:21:13.471+0000] {processor.py:161} INFO - Started process (PID=364) to work on /opt/airflow/dags/football_etl_dag.py
[2026-07-26T04:21:13.472+0000] {processor.py:830} INFO - Processing file /opt/airflow/dags/football_etl_dag.py for tasks to queue
[2026-07-26T04:21:13.474+0000] {logging_mixin.py:188} INFO - [2026-07-26T04:21:13.473+0000] {dagbag.py:545} INFO - Filling up the DagBag from /opt/airflow/dags/football_etl_dag.py
[2026-07-26T04:21:13.493+0000] {logging_mixin.py:188} INFO - [2026-07-26T04:21:13.489+0000] {dagbag.py:355} ERROR - Failed to import: /opt/airflow/dags/football_etl_dag.py
Traceback (most recent call last):
  File "/home/airflow/.local/lib/python3.12/site-packages/airflow/models/dagbag.py", line 351, in parse
    loader.exec_module(new_module)
  File "<frozen importlib._bootstrap_external>", line 995, in exec_module
  File "<frozen importlib._bootstrap>", line 488, in _call_with_frames_removed
  File "/opt/airflow/dags/football_etl_dag.py", line 4, in <module>
    import apache.airflow
ModuleNotFoundError: No module named 'apache'
[2026-07-26T04:21:13.495+0000] {processor.py:842} WARNING - No viable dags retrieved from /opt/airflow/dags/football_etl_dag.py
[2026-07-26T04:21:13.524+0000] {processor.py:183} INFO - Processing /opt/airflow/dags/football_etl_dag.py took 0.060 seconds
[2026-07-26T04:21:43.706+0000] {processor.py:161} INFO - Started process (PID=369) to work on /opt/airflow/dags/football_etl_dag.py
[2026-07-26T04:21:43.707+0000] {processor.py:830} INFO - Processing file /opt/airflow/dags/football_etl_dag.py for tasks to queue
[2026-07-26T04:21:43.709+0000] {logging_mixin.py:188} INFO - [2026-07-26T04:21:43.708+0000] {dagbag.py:545} INFO - Filling up the DagBag from /opt/airflow/dags/football_etl_dag.py
[2026-07-26T04:21:43.728+0000] {logging_mixin.py:188} INFO - [2026-07-26T04:21:43.724+0000] {dagbag.py:355} ERROR - Failed to import: /opt/airflow/dags/football_etl_dag.py
Traceback (most recent call last):
  File "/home/airflow/.local/lib/python3.12/site-packages/airflow/models/dagbag.py", line 351, in parse
    loader.exec_module(new_module)
  File "<frozen importlib._bootstrap_external>", line 995, in exec_module
  File "<frozen importlib._bootstrap>", line 488, in _call_with_frames_removed
  File "/opt/airflow/dags/football_etl_dag.py", line 4, in <module>
    import apache.airflow
ModuleNotFoundError: No module named 'apache'
[2026-07-26T04:21:43.730+0000] {processor.py:842} WARNING - No viable dags retrieved from /opt/airflow/dags/football_etl_dag.py
[2026-07-26T04:21:43.765+0000] {processor.py:183} INFO - Processing /opt/airflow/dags/football_etl_dag.py took 0.068 seconds
[2026-07-26T04:22:13.958+0000] {processor.py:161} INFO - Started process (PID=374) to work on /opt/airflow/dags/football_etl_dag.py
[2026-07-26T04:22:13.960+0000] {processor.py:830} INFO - Processing file /opt/airflow/dags/football_etl_dag.py for tasks to queue
[2026-07-26T04:22:13.962+0000] {logging_mixin.py:188} INFO - [2026-07-26T04:22:13.962+0000] {dagbag.py:545} INFO - Filling up the DagBag from /opt/airflow/dags/football_etl_dag.py
[2026-07-26T04:22:13.982+0000] {logging_mixin.py:188} INFO - [2026-07-26T04:22:13.977+0000] {dagbag.py:355} ERROR - Failed to import: /opt/airflow/dags/football_etl_dag.py
Traceback (most recent call last):
  File "/home/airflow/.local/lib/python3.12/site-packages/airflow/models/dagbag.py", line 351, in parse
    loader.exec_module(new_module)
  File "<frozen importlib._bootstrap_external>", line 995, in exec_module
  File "<frozen importlib._bootstrap>", line 488, in _call_with_frames_removed
  File "/opt/airflow/dags/football_etl_dag.py", line 4, in <module>
    import apache.airflow
ModuleNotFoundError: No module named 'apache'
[2026-07-26T04:22:13.985+0000] {processor.py:842} WARNING - No viable dags retrieved from /opt/airflow/dags/football_etl_dag.py
[2026-07-26T04:22:14.019+0000] {processor.py:183} INFO - Processing /opt/airflow/dags/football_etl_dag.py took 0.070 seconds
[2026-07-26T04:22:44.602+0000] {processor.py:161} INFO - Started process (PID=379) to work on /opt/airflow/dags/football_etl_dag.py
[2026-07-26T04:22:44.604+0000] {processor.py:830} INFO - Processing file /opt/airflow/dags/football_etl_dag.py for tasks to queue
[2026-07-26T04:22:44.607+0000] {logging_mixin.py:188} INFO - [2026-07-26T04:22:44.605+0000] {dagbag.py:545} INFO - Filling up the DagBag from /opt/airflow/dags/football_etl_dag.py
[2026-07-26T04:22:44.633+0000] {logging_mixin.py:188} INFO - [2026-07-26T04:22:44.626+0000] {dagbag.py:355} ERROR - Failed to import: /opt/airflow/dags/football_etl_dag.py
Traceback (most recent call last):
  File "/home/airflow/.local/lib/python3.12/site-packages/airflow/models/dagbag.py", line 351, in parse
    loader.exec_module(new_module)
  File "<frozen importlib._bootstrap_external>", line 995, in exec_module
  File "<frozen importlib._bootstrap>", line 488, in _call_with_frames_removed
  File "/opt/airflow/dags/football_etl_dag.py", line 4, in <module>
    import apache.airflow
ModuleNotFoundError: No module named 'apache'
[2026-07-26T04:22:44.635+0000] {processor.py:842} WARNING - No viable dags retrieved from /opt/airflow/dags/football_etl_dag.py
[2026-07-26T04:22:44.673+0000] {processor.py:183} INFO - Processing /opt/airflow/dags/football_etl_dag.py took 0.083 seconds
[2026-07-26T04:23:00.797+0000] {processor.py:161} INFO - Started process (PID=384) to work on /opt/airflow/dags/football_etl_dag.py
[2026-07-26T04:23:00.799+0000] {processor.py:830} INFO - Processing file /opt/airflow/dags/football_etl_dag.py for tasks to queue
[2026-07-26T04:23:00.801+0000] {logging_mixin.py:188} INFO - [2026-07-26T04:23:00.801+0000] {dagbag.py:545} INFO - Filling up the DagBag from /opt/airflow/dags/football_etl_dag.py
[2026-07-26T04:23:00.837+0000] {logging_mixin.py:188} INFO - [2026-07-26T04:23:00.830+0000] {dagbag.py:355} ERROR - Failed to import: /opt/airflow/dags/football_etl_dag.py
Traceback (most recent call last):
  File "/home/airflow/.local/lib/python3.12/site-packages/airflow/models/dagbag.py", line 351, in parse
    loader.exec_module(new_module)
  File "<frozen importlib._bootstrap_external>", line 995, in exec_module
  File "<frozen importlib._bootstrap>", line 488, in _call_with_frames_removed
  File "/opt/airflow/dags/football_etl_dag.py", line 4, in <module>
    w
NameError: name 'w' is not defined
[2026-07-26T04:23:00.840+0000] {processor.py:842} WARNING - No viable dags retrieved from /opt/airflow/dags/football_etl_dag.py
[2026-07-26T04:23:00.883+0000] {processor.py:183} INFO - Processing /opt/airflow/dags/football_etl_dag.py took 0.096 seconds
[2026-07-26T04:23:31.390+0000] {processor.py:161} INFO - Started process (PID=389) to work on /opt/airflow/dags/football_etl_dag.py
[2026-07-26T04:23:31.394+0000] {processor.py:830} INFO - Processing file /opt/airflow/dags/football_etl_dag.py for tasks to queue
[2026-07-26T04:23:31.399+0000] {logging_mixin.py:188} INFO - [2026-07-26T04:23:31.397+0000] {dagbag.py:545} INFO - Filling up the DagBag from /opt/airflow/dags/football_etl_dag.py
[2026-07-26T04:23:31.623+0000] {processor.py:840} INFO - DAG(s) 'football_etl' retrieved from /opt/airflow/dags/football_etl_dag.py
[2026-07-26T04:23:33.002+0000] {logging_mixin.py:188} INFO - [2026-07-26T04:23:33.002+0000] {dag.py:3089} INFO - Sync 1 DAGs
[2026-07-26T04:23:33.219+0000] {logging_mixin.py:188} INFO - [2026-07-26T04:23:33.208+0000] {dag.py:3947} INFO - Setting next_dagrun for football_etl to 2026-07-30 00:00:00+00:00, run_after=2026-07-31 00:00:00+00:00
[2026-07-26T04:23:33.496+0000] {processor.py:183} INFO - Processing /opt/airflow/dags/football_etl_dag.py took 2.138 seconds
[2026-07-26T04:24:04.137+0000] {processor.py:161} INFO - Started process (PID=394) to work on /opt/airflow/dags/football_etl_dag.py
[2026-07-26T04:24:04.148+0000] {processor.py:830} INFO - Processing file /opt/airflow/dags/football_etl_dag.py for tasks to queue
[2026-07-26T04:24:04.159+0000] {logging_mixin.py:188} INFO - [2026-07-26T04:24:04.158+0000] {dagbag.py:545} INFO - Filling up the DagBag from /opt/airflow/dags/football_etl_dag.py
[2026-07-26T04:24:04.422+0000] {processor.py:840} INFO - DAG(s) 'football_etl' retrieved from /opt/airflow/dags/football_etl_dag.py
[2026-07-26T04:24:04.685+0000] {logging_mixin.py:188} INFO - [2026-07-26T04:24:04.685+0000] {dag.py:3089} INFO - Sync 1 DAGs
[2026-07-26T04:24:04.907+0000] {logging_mixin.py:188} INFO - [2026-07-26T04:24:04.906+0000] {dag.py:3947} INFO - Setting next_dagrun for football_etl to 2026-07-30 00:00:00+00:00, run_after=2026-07-31 00:00:00+00:00
[2026-07-26T04:24:05.072+0000] {processor.py:183} INFO - Processing /opt/airflow/dags/football_etl_dag.py took 0.973 seconds
[2026-07-26T04:24:35.994+0000] {processor.py:161} INFO - Started process (PID=399) to work on /opt/airflow/dags/football_etl_dag.py
[2026-07-26T04:24:36.015+0000] {processor.py:830} INFO - Processing file /opt/airflow/dags/football_etl_dag.py for tasks to queue
[2026-07-26T04:24:36.021+0000] {logging_mixin.py:188} INFO - [2026-07-26T04:24:36.020+0000] {dagbag.py:545} INFO - Filling up the DagBag from /opt/airflow/dags/football_etl_dag.py
[2026-07-26T04:24:36.135+0000] {processor.py:840} INFO - DAG(s) 'football_etl' retrieved from /opt/airflow/dags/football_etl_dag.py
[2026-07-26T04:24:36.390+0000] {logging_mixin.py:188} INFO - [2026-07-26T04:24:36.389+0000] {dag.py:3089} INFO - Sync 1 DAGs
[2026-07-26T04:24:36.551+0000] {logging_mixin.py:188} INFO - [2026-07-26T04:24:36.550+0000] {dag.py:3947} INFO - Setting next_dagrun for football_etl to 2026-07-30 00:00:00+00:00, run_after=2026-07-31 00:00:00+00:00
[2026-07-26T04:24:36.672+0000] {processor.py:183} INFO - Processing /opt/airflow/dags/football_etl_dag.py took 0.721 seconds
[2026-07-26T04:25:07.772+0000] {processor.py:161} INFO - Started process (PID=404) to work on /opt/airflow/dags/football_etl_dag.py
[2026-07-26T04:25:07.811+0000] {processor.py:830} INFO - Processing file /opt/airflow/dags/football_etl_dag.py for tasks to queue
[2026-07-26T04:25:07.833+0000] {logging_mixin.py:188} INFO - [2026-07-26T04:25:07.832+0000] {dagbag.py:545} INFO - Filling up the DagBag from /opt/airflow/dags/football_etl_dag.py
[2026-07-26T04:25:08.291+0000] {processor.py:840} INFO - DAG(s) 'football_etl' retrieved from /opt/airflow/dags/football_etl_dag.py
[2026-07-26T04:25:08.462+0000] {logging_mixin.py:188} INFO - [2026-07-26T04:25:08.457+0000] {dag.py:3089} INFO - Sync 1 DAGs
[2026-07-26T04:25:08.604+0000] {logging_mixin.py:188} INFO - [2026-07-26T04:25:08.603+0000] {dag.py:3947} INFO - Setting next_dagrun for football_etl to 2026-07-30 00:00:00+00:00, run_after=2026-07-31 00:00:00+00:00
[2026-07-26T04:25:08.712+0000] {processor.py:183} INFO - Processing /opt/airflow/dags/football_etl_dag.py took 0.980 seconds
[2026-07-26T04:25:39.216+0000] {processor.py:161} INFO - Started process (PID=409) to work on /opt/airflow/dags/football_etl_dag.py
[2026-07-26T04:25:39.219+0000] {processor.py:830} INFO - Processing file /opt/airflow/dags/football_etl_dag.py for tasks to queue
[2026-07-26T04:25:39.225+0000] {logging_mixin.py:188} INFO - [2026-07-26T04:25:39.224+0000] {dagbag.py:545} INFO - Filling up the DagBag from /opt/airflow/dags/football_etl_dag.py
[2026-07-26T04:25:39.299+0000] {processor.py:840} INFO - DAG(s) 'football_etl' retrieved from /opt/airflow/dags/football_etl_dag.py
[2026-07-26T04:25:39.398+0000] {logging_mixin.py:188} INFO - [2026-07-26T04:25:39.398+0000] {dag.py:3089} INFO - Sync 1 DAGs
[2026-07-26T04:25:39.474+0000] {logging_mixin.py:188} INFO - [2026-07-26T04:25:39.474+0000] {dag.py:3947} INFO - Setting next_dagrun for football_etl to 2026-07-30 00:00:00+00:00, run_after=2026-07-31 00:00:00+00:00
[2026-07-26T04:25:39.541+0000] {processor.py:183} INFO - Processing /opt/airflow/dags/football_etl_dag.py took 0.352 seconds
[2026-07-26T04:26:10.069+0000] {processor.py:161} INFO - Started process (PID=414) to work on /opt/airflow/dags/football_etl_dag.py
[2026-07-26T04:26:10.071+0000] {processor.py:830} INFO - Processing file /opt/airflow/dags/football_etl_dag.py for tasks to queue
[2026-07-26T04:26:10.074+0000] {logging_mixin.py:188} INFO - [2026-07-26T04:26:10.073+0000] {dagbag.py:545} INFO - Filling up the DagBag from /opt/airflow/dags/football_etl_dag.py
[2026-07-26T04:26:10.107+0000] {processor.py:840} INFO - DAG(s) 'football_etl' retrieved from /opt/airflow/dags/football_etl_dag.py
[2026-07-26T04:26:10.146+0000] {logging_mixin.py:188} INFO - [2026-07-26T04:26:10.146+0000] {dag.py:3089} INFO - Sync 1 DAGs
[2026-07-26T04:26:10.173+0000] {logging_mixin.py:188} INFO - [2026-07-26T04:26:10.172+0000] {dag.py:3947} INFO - Setting next_dagrun for football_etl to 2026-07-30 00:00:00+00:00, run_after=2026-07-31 00:00:00+00:00
[2026-07-26T04:26:10.197+0000] {processor.py:183} INFO - Processing /opt/airflow/dags/football_etl_dag.py took 0.136 seconds
[2026-07-26T04:26:40.332+0000] {processor.py:161} INFO - Started process (PID=419) to work on /opt/airflow/dags/football_etl_dag.py
[2026-07-26T04:26:40.334+0000] {processor.py:830} INFO - Processing file /opt/airflow/dags/football_etl_dag.py for tasks to queue
[2026-07-26T04:26:40.337+0000] {logging_mixin.py:188} INFO - [2026-07-26T04:26:40.336+0000] {dagbag.py:545} INFO - Filling up the DagBag from /opt/airflow/dags/football_etl_dag.py
[2026-07-26T04:26:40.365+0000] {processor.py:840} INFO - DAG(s) 'football_etl' retrieved from /opt/airflow/dags/football_etl_dag.py
[2026-07-26T04:26:40.410+0000] {logging_mixin.py:188} INFO - [2026-07-26T04:26:40.409+0000] {dag.py:3089} INFO - Sync 1 DAGs
[2026-07-26T04:26:40.447+0000] {logging_mixin.py:188} INFO - [2026-07-26T04:26:40.447+0000] {dag.py:3947} INFO - Setting next_dagrun for football_etl to 2026-07-30 00:00:00+00:00, run_after=2026-07-31 00:00:00+00:00
[2026-07-26T04:26:40.476+0000] {processor.py:183} INFO - Processing /opt/airflow/dags/football_etl_dag.py took 0.154 seconds
[2026-07-26T04:27:10.670+0000] {processor.py:161} INFO - Started process (PID=424) to work on /opt/airflow/dags/football_etl_dag.py
[2026-07-26T04:27:10.672+0000] {processor.py:830} INFO - Processing file /opt/airflow/dags/football_etl_dag.py for tasks to queue
[2026-07-26T04:27:10.674+0000] {logging_mixin.py:188} INFO - [2026-07-26T04:27:10.674+0000] {dagbag.py:545} INFO - Filling up the DagBag from /opt/airflow/dags/football_etl_dag.py
[2026-07-26T04:27:10.703+0000] {processor.py:840} INFO - DAG(s) 'football_etl' retrieved from /opt/airflow/dags/football_etl_dag.py
[2026-07-26T04:27:10.748+0000] {logging_mixin.py:188} INFO - [2026-07-26T04:27:10.748+0000] {dag.py:3089} INFO - Sync 1 DAGs
[2026-07-26T04:27:10.779+0000] {logging_mixin.py:188} INFO - [2026-07-26T04:27:10.778+0000] {dag.py:3947} INFO - Setting next_dagrun for football_etl to 2026-07-30 00:00:00+00:00, run_after=2026-07-31 00:00:00+00:00
[2026-07-26T04:27:10.801+0000] {processor.py:183} INFO - Processing /opt/airflow/dags/football_etl_dag.py took 0.139 seconds
[2026-07-26T04:27:41.022+0000] {processor.py:161} INFO - Started process (PID=435) to work on /opt/airflow/dags/football_etl_dag.py
[2026-07-26T04:27:41.024+0000] {processor.py:830} INFO - Processing file /opt/airflow/dags/football_etl_dag.py for tasks to queue
[2026-07-26T04:27:41.026+0000] {logging_mixin.py:188} INFO - [2026-07-26T04:27:41.025+0000] {dagbag.py:545} INFO - Filling up the DagBag from /opt/airflow/dags/football_etl_dag.py
[2026-07-26T04:27:41.051+0000] {processor.py:840} INFO - DAG(s) 'football_etl' retrieved from /opt/airflow/dags/football_etl_dag.py
[2026-07-26T04:27:41.090+0000] {logging_mixin.py:188} INFO - [2026-07-26T04:27:41.090+0000] {dag.py:3089} INFO - Sync 1 DAGs
[2026-07-26T04:27:41.134+0000] {logging_mixin.py:188} INFO - [2026-07-26T04:27:41.133+0000] {dag.py:3947} INFO - Setting next_dagrun for football_etl to 2026-07-30 00:00:00+00:00, run_after=2026-07-31 00:00:00+00:00
[2026-07-26T04:27:41.176+0000] {processor.py:183} INFO - Processing /opt/airflow/dags/football_etl_dag.py took 0.161 seconds
[2026-07-26T04:28:11.565+0000] {processor.py:161} INFO - Started process (PID=440) to work on /opt/airflow/dags/football_etl_dag.py
[2026-07-26T04:28:11.574+0000] {processor.py:830} INFO - Processing file /opt/airflow/dags/football_etl_dag.py for tasks to queue
[2026-07-26T04:28:11.583+0000] {logging_mixin.py:188} INFO - [2026-07-26T04:28:11.580+0000] {dagbag.py:545} INFO - Filling up the DagBag from /opt/airflow/dags/football_etl_dag.py
[2026-07-26T04:28:11.711+0000] {processor.py:840} INFO - DAG(s) 'football_etl' retrieved from /opt/airflow/dags/football_etl_dag.py
[2026-07-26T04:28:11.889+0000] {logging_mixin.py:188} INFO - [2026-07-26T04:28:11.888+0000] {dag.py:3089} INFO - Sync 1 DAGs
[2026-07-26T04:28:12.022+0000] {logging_mixin.py:188} INFO - [2026-07-26T04:28:12.021+0000] {dag.py:3947} INFO - Setting next_dagrun for football_etl to 2026-07-30 00:00:00+00:00, run_after=2026-07-31 00:00:00+00:00
[2026-07-26T04:28:12.123+0000] {processor.py:183} INFO - Processing /opt/airflow/dags/football_etl_dag.py took 0.611 seconds
[2026-07-26T04:28:42.469+0000] {processor.py:161} INFO - Started process (PID=445) to work on /opt/airflow/dags/football_etl_dag.py
[2026-07-26T04:28:42.471+0000] {processor.py:830} INFO - Processing file /opt/airflow/dags/football_etl_dag.py for tasks to queue
[2026-07-26T04:28:42.472+0000] {logging_mixin.py:188} INFO - [2026-07-26T04:28:42.472+0000] {dagbag.py:545} INFO - Filling up the DagBag from /opt/airflow/dags/football_etl_dag.py
[2026-07-26T04:28:42.502+0000] {processor.py:840} INFO - DAG(s) 'football_etl' retrieved from /opt/airflow/dags/football_etl_dag.py
[2026-07-26T04:28:42.547+0000] {logging_mixin.py:188} INFO - [2026-07-26T04:28:42.546+0000] {dag.py:3089} INFO - Sync 1 DAGs
[2026-07-26T04:28:42.573+0000] {logging_mixin.py:188} INFO - [2026-07-26T04:28:42.573+0000] {dag.py:3947} INFO - Setting next_dagrun for football_etl to 2026-07-30 00:00:00+00:00, run_after=2026-07-31 00:00:00+00:00
[2026-07-26T04:28:42.598+0000] {processor.py:183} INFO - Processing /opt/airflow/dags/football_etl_dag.py took 0.136 seconds
[2026-07-26T04:29:12.812+0000] {processor.py:161} INFO - Started process (PID=450) to work on /opt/airflow/dags/football_etl_dag.py
[2026-07-26T04:29:12.814+0000] {processor.py:830} INFO - Processing file /opt/airflow/dags/football_etl_dag.py for tasks to queue
[2026-07-26T04:29:12.816+0000] {logging_mixin.py:188} INFO - [2026-07-26T04:29:12.816+0000] {dagbag.py:545} INFO - Filling up the DagBag from /opt/airflow/dags/football_etl_dag.py
[2026-07-26T04:29:12.852+0000] {processor.py:840} INFO - DAG(s) 'football_etl' retrieved from /opt/airflow/dags/football_etl_dag.py
[2026-07-26T04:29:12.891+0000] {logging_mixin.py:188} INFO - [2026-07-26T04:29:12.891+0000] {dag.py:3089} INFO - Sync 1 DAGs
[2026-07-26T04:29:12.917+0000] {logging_mixin.py:188} INFO - [2026-07-26T04:29:12.917+0000] {dag.py:3947} INFO - Setting next_dagrun for football_etl to 2026-07-30 00:00:00+00:00, run_after=2026-07-31 00:00:00+00:00
[2026-07-26T04:29:12.939+0000] {processor.py:183} INFO - Processing /opt/airflow/dags/football_etl_dag.py took 0.141 seconds
[2026-07-26T04:29:43.134+0000] {processor.py:161} INFO - Started process (PID=455) to work on /opt/airflow/dags/football_etl_dag.py
[2026-07-26T04:29:43.135+0000] {processor.py:830} INFO - Processing file /opt/airflow/dags/football_etl_dag.py for tasks to queue
[2026-07-26T04:29:43.137+0000] {logging_mixin.py:188} INFO - [2026-07-26T04:29:43.137+0000] {dagbag.py:545} INFO - Filling up the DagBag from /opt/airflow/dags/football_etl_dag.py
[2026-07-26T04:29:43.162+0000] {processor.py:840} INFO - DAG(s) 'football_etl' retrieved from /opt/airflow/dags/football_etl_dag.py
[2026-07-26T04:29:43.198+0000] {logging_mixin.py:188} INFO - [2026-07-26T04:29:43.197+0000] {dag.py:3089} INFO - Sync 1 DAGs
[2026-07-26T04:29:43.222+0000] {logging_mixin.py:188} INFO - [2026-07-26T04:29:43.222+0000] {dag.py:3947} INFO - Setting next_dagrun for football_etl to 2026-07-30 00:00:00+00:00, run_after=2026-07-31 00:00:00+00:00
[2026-07-26T04:29:43.248+0000] {processor.py:183} INFO - Processing /opt/airflow/dags/football_etl_dag.py took 0.120 seconds
[2026-07-26T04:30:13.311+0000] {processor.py:161} INFO - Started process (PID=460) to work on /opt/airflow/dags/football_etl_dag.py
[2026-07-26T04:30:13.312+0000] {processor.py:830} INFO - Processing file /opt/airflow/dags/football_etl_dag.py for tasks to queue
[2026-07-26T04:30:13.314+0000] {logging_mixin.py:188} INFO - [2026-07-26T04:30:13.314+0000] {dagbag.py:545} INFO - Filling up the DagBag from /opt/airflow/dags/football_etl_dag.py
[2026-07-26T04:30:13.341+0000] {processor.py:840} INFO - DAG(s) 'football_etl' retrieved from /opt/airflow/dags/football_etl_dag.py
[2026-07-26T04:30:13.386+0000] {logging_mixin.py:188} INFO - [2026-07-26T04:30:13.386+0000] {dag.py:3089} INFO - Sync 1 DAGs
[2026-07-26T04:30:13.420+0000] {logging_mixin.py:188} INFO - [2026-07-26T04:30:13.420+0000] {dag.py:3947} INFO - Setting next_dagrun for football_etl to 2026-07-30 00:00:00+00:00, run_after=2026-07-31 00:00:00+00:00
[2026-07-26T04:30:13.446+0000] {processor.py:183} INFO - Processing /opt/airflow/dags/football_etl_dag.py took 0.146 seconds
[2026-07-26T04:30:43.613+0000] {processor.py:161} INFO - Started process (PID=465) to work on /opt/airflow/dags/football_etl_dag.py
[2026-07-26T04:30:43.615+0000] {processor.py:830} INFO - Processing file /opt/airflow/dags/football_etl_dag.py for tasks to queue
[2026-07-26T04:30:43.617+0000] {logging_mixin.py:188} INFO - [2026-07-26T04:30:43.617+0000] {dagbag.py:545} INFO - Filling up the DagBag from /opt/airflow/dags/football_etl_dag.py
[2026-07-26T04:30:43.647+0000] {processor.py:840} INFO - DAG(s) 'football_etl' retrieved from /opt/airflow/dags/football_etl_dag.py
[2026-07-26T04:30:43.685+0000] {logging_mixin.py:188} INFO - [2026-07-26T04:30:43.685+0000] {dag.py:3089} INFO - Sync 1 DAGs
[2026-07-26T04:30:43.712+0000] {logging_mixin.py:188} INFO - [2026-07-26T04:30:43.711+0000] {dag.py:3947} INFO - Setting next_dagrun for football_etl to 2026-07-30 00:00:00+00:00, run_after=2026-07-31 00:00:00+00:00
[2026-07-26T04:30:43.739+0000] {processor.py:183} INFO - Processing /opt/airflow/dags/football_etl_dag.py took 0.133 seconds
[2026-07-26T04:31:13.830+0000] {processor.py:161} INFO - Started process (PID=470) to work on /opt/airflow/dags/football_etl_dag.py
[2026-07-26T04:31:13.832+0000] {processor.py:830} INFO - Processing file /opt/airflow/dags/football_etl_dag.py for tasks to queue
[2026-07-26T04:31:13.834+0000] {logging_mixin.py:188} INFO - [2026-07-26T04:31:13.833+0000] {dagbag.py:545} INFO - Filling up the DagBag from /opt/airflow/dags/football_etl_dag.py
[2026-07-26T04:31:13.860+0000] {processor.py:840} INFO - DAG(s) 'football_etl' retrieved from /opt/airflow/dags/football_etl_dag.py
[2026-07-26T04:31:13.897+0000] {logging_mixin.py:188} INFO - [2026-07-26T04:31:13.897+0000] {dag.py:3089} INFO - Sync 1 DAGs
[2026-07-26T04:31:13.923+0000] {logging_mixin.py:188} INFO - [2026-07-26T04:31:13.923+0000] {dag.py:3947} INFO - Setting next_dagrun for football_etl to 2026-07-30 00:00:00+00:00, run_after=2026-07-31 00:00:00+00:00
[2026-07-26T04:31:13.945+0000] {processor.py:183} INFO - Processing /opt/airflow/dags/football_etl_dag.py took 0.122 seconds
[2026-07-26T04:31:44.102+0000] {processor.py:161} INFO - Started process (PID=475) to work on /opt/airflow/dags/football_etl_dag.py
[2026-07-26T04:31:44.104+0000] {processor.py:830} INFO - Processing file /opt/airflow/dags/football_etl_dag.py for tasks to queue
[2026-07-26T04:31:44.106+0000] {logging_mixin.py:188} INFO - [2026-07-26T04:31:44.105+0000] {dagbag.py:545} INFO - Filling up the DagBag from /opt/airflow/dags/football_etl_dag.py
[2026-07-26T04:31:44.131+0000] {processor.py:840} INFO - DAG(s) 'football_etl' retrieved from /opt/airflow/dags/football_etl_dag.py
[2026-07-26T04:31:44.168+0000] {logging_mixin.py:188} INFO - [2026-07-26T04:31:44.167+0000] {dag.py:3089} INFO - Sync 1 DAGs
[2026-07-26T04:31:44.194+0000] {logging_mixin.py:188} INFO - [2026-07-26T04:31:44.193+0000] {dag.py:3947} INFO - Setting next_dagrun for football_etl to 2026-07-30 00:00:00+00:00, run_after=2026-07-31 00:00:00+00:00
[2026-07-26T04:31:44.217+0000] {processor.py:183} INFO - Processing /opt/airflow/dags/football_etl_dag.py took 0.122 seconds
[2026-07-26T04:32:14.299+0000] {processor.py:161} INFO - Started process (PID=480) to work on /opt/airflow/dags/football_etl_dag.py
[2026-07-26T04:32:14.301+0000] {processor.py:830} INFO - Processing file /opt/airflow/dags/football_etl_dag.py for tasks to queue
[2026-07-26T04:32:14.304+0000] {logging_mixin.py:188} INFO - [2026-07-26T04:32:14.303+0000] {dagbag.py:545} INFO - Filling up the DagBag from /opt/airflow/dags/football_etl_dag.py
[2026-07-26T04:32:14.333+0000] {processor.py:840} INFO - DAG(s) 'football_etl' retrieved from /opt/airflow/dags/football_etl_dag.py
[2026-07-26T04:32:14.381+0000] {logging_mixin.py:188} INFO - [2026-07-26T04:32:14.381+0000] {dag.py:3089} INFO - Sync 1 DAGs
[2026-07-26T04:32:14.414+0000] {logging_mixin.py:188} INFO - [2026-07-26T04:32:14.414+0000] {dag.py:3947} INFO - Setting next_dagrun for football_etl to 2026-07-30 00:00:00+00:00, run_after=2026-07-31 00:00:00+00:00
[2026-07-26T04:32:14.439+0000] {processor.py:183} INFO - Processing /opt/airflow/dags/football_etl_dag.py took 0.146 seconds
[2026-07-26T04:32:44.622+0000] {processor.py:161} INFO - Started process (PID=485) to work on /opt/airflow/dags/football_etl_dag.py
[2026-07-26T04:32:44.624+0000] {processor.py:830} INFO - Processing file /opt/airflow/dags/football_etl_dag.py for tasks to queue
[2026-07-26T04:32:44.626+0000] {logging_mixin.py:188} INFO - [2026-07-26T04:32:44.625+0000] {dagbag.py:545} INFO - Filling up the DagBag from /opt/airflow/dags/football_etl_dag.py
[2026-07-26T04:32:44.650+0000] {processor.py:840} INFO - DAG(s) 'football_etl' retrieved from /opt/airflow/dags/football_etl_dag.py
[2026-07-26T04:32:44.687+0000] {logging_mixin.py:188} INFO - [2026-07-26T04:32:44.687+0000] {dag.py:3089} INFO - Sync 1 DAGs
[2026-07-26T04:32:44.714+0000] {logging_mixin.py:188} INFO - [2026-07-26T04:32:44.714+0000] {dag.py:3947} INFO - Setting next_dagrun for football_etl to 2026-07-30 00:00:00+00:00, run_after=2026-07-31 00:00:00+00:00
[2026-07-26T04:32:44.736+0000] {processor.py:183} INFO - Processing /opt/airflow/dags/football_etl_dag.py took 0.120 seconds
[2026-07-26T04:33:14.830+0000] {processor.py:161} INFO - Started process (PID=490) to work on /opt/airflow/dags/football_etl_dag.py
[2026-07-26T04:33:14.831+0000] {processor.py:830} INFO - Processing file /opt/airflow/dags/football_etl_dag.py for tasks to queue
[2026-07-26T04:33:14.833+0000] {logging_mixin.py:188} INFO - [2026-07-26T04:33:14.833+0000] {dagbag.py:545} INFO - Filling up the DagBag from /opt/airflow/dags/football_etl_dag.py
[2026-07-26T04:33:14.860+0000] {processor.py:840} INFO - DAG(s) 'football_etl' retrieved from /opt/airflow/dags/football_etl_dag.py
[2026-07-26T04:33:14.899+0000] {logging_mixin.py:188} INFO - [2026-07-26T04:33:14.899+0000] {dag.py:3089} INFO - Sync 1 DAGs
[2026-07-26T04:33:14.926+0000] {logging_mixin.py:188} INFO - [2026-07-26T04:33:14.926+0000] {dag.py:3947} INFO - Setting next_dagrun for football_etl to 2026-07-30 00:00:00+00:00, run_after=2026-07-31 00:00:00+00:00
[2026-07-26T04:33:14.947+0000] {processor.py:183} INFO - Processing /opt/airflow/dags/football_etl_dag.py took 0.124 seconds
[2026-07-26T04:33:45.202+0000] {processor.py:161} INFO - Started process (PID=495) to work on /opt/airflow/dags/football_etl_dag.py
[2026-07-26T04:33:45.205+0000] {processor.py:830} INFO - Processing file /opt/airflow/dags/football_etl_dag.py for tasks to queue
[2026-07-26T04:33:45.208+0000] {logging_mixin.py:188} INFO - [2026-07-26T04:33:45.208+0000] {dagbag.py:545} INFO - Filling up the DagBag from /opt/airflow/dags/football_etl_dag.py
[2026-07-26T04:33:45.249+0000] {processor.py:840} INFO - DAG(s) 'football_etl' retrieved from /opt/airflow/dags/football_etl_dag.py
[2026-07-26T04:33:45.316+0000] {logging_mixin.py:188} INFO - [2026-07-26T04:33:45.315+0000] {dag.py:3089} INFO - Sync 1 DAGs
[2026-07-26T04:33:45.359+0000] {logging_mixin.py:188} INFO - [2026-07-26T04:33:45.359+0000] {dag.py:3947} INFO - Setting next_dagrun for football_etl to 2026-07-30 00:00:00+00:00, run_after=2026-07-31 00:00:00+00:00
[2026-07-26T04:33:45.396+0000] {processor.py:183} INFO - Processing /opt/airflow/dags/football_etl_dag.py took 0.207 seconds
[2026-07-26T04:34:15.596+0000] {processor.py:161} INFO - Started process (PID=500) to work on /opt/airflow/dags/football_etl_dag.py
[2026-07-26T04:34:15.600+0000] {processor.py:830} INFO - Processing file /opt/airflow/dags/football_etl_dag.py for tasks to queue
[2026-07-26T04:34:15.603+0000] {logging_mixin.py:188} INFO - [2026-07-26T04:34:15.602+0000] {dagbag.py:545} INFO - Filling up the DagBag from /opt/airflow/dags/football_etl_dag.py
[2026-07-26T04:34:15.642+0000] {processor.py:840} INFO - DAG(s) 'football_etl' retrieved from /opt/airflow/dags/football_etl_dag.py
[2026-07-26T04:34:15.704+0000] {logging_mixin.py:188} INFO - [2026-07-26T04:34:15.704+0000] {dag.py:3089} INFO - Sync 1 DAGs
[2026-07-26T04:34:15.740+0000] {logging_mixin.py:188} INFO - [2026-07-26T04:34:15.740+0000] {dag.py:3947} INFO - Setting next_dagrun for football_etl to 2026-07-30 00:00:00+00:00, run_after=2026-07-31 00:00:00+00:00
[2026-07-26T04:34:15.770+0000] {processor.py:183} INFO - Processing /opt/airflow/dags/football_etl_dag.py took 0.184 seconds
[2026-07-26T04:34:45.974+0000] {processor.py:161} INFO - Started process (PID=505) to work on /opt/airflow/dags/football_etl_dag.py
[2026-07-26T04:34:45.976+0000] {processor.py:830} INFO - Processing file /opt/airflow/dags/football_etl_dag.py for tasks to queue
[2026-07-26T04:34:45.978+0000] {logging_mixin.py:188} INFO - [2026-07-26T04:34:45.977+0000] {dagbag.py:545} INFO - Filling up the DagBag from /opt/airflow/dags/football_etl_dag.py
[2026-07-26T04:34:46.005+0000] {processor.py:840} INFO - DAG(s) 'football_etl' retrieved from /opt/airflow/dags/football_etl_dag.py
[2026-07-26T04:34:46.046+0000] {logging_mixin.py:188} INFO - [2026-07-26T04:34:46.046+0000] {dag.py:3089} INFO - Sync 1 DAGs
[2026-07-26T04:34:46.096+0000] {logging_mixin.py:188} INFO - [2026-07-26T04:34:46.095+0000] {dag.py:3947} INFO - Setting next_dagrun for football_etl to 2026-07-30 00:00:00+00:00, run_after=2026-07-31 00:00:00+00:00
[2026-07-26T04:34:46.135+0000] {processor.py:183} INFO - Processing /opt/airflow/dags/football_etl_dag.py took 0.171 seconds
[2026-07-26T04:35:16.343+0000] {processor.py:161} INFO - Started process (PID=510) to work on /opt/airflow/dags/football_etl_dag.py
[2026-07-26T04:35:16.345+0000] {processor.py:830} INFO - Processing file /opt/airflow/dags/football_etl_dag.py for tasks to queue
[2026-07-26T04:35:16.346+0000] {logging_mixin.py:188} INFO - [2026-07-26T04:35:16.346+0000] {dagbag.py:545} INFO - Filling up the DagBag from /opt/airflow/dags/football_etl_dag.py
[2026-07-26T04:35:16.371+0000] {processor.py:840} INFO - DAG(s) 'football_etl' retrieved from /opt/airflow/dags/football_etl_dag.py
[2026-07-26T04:35:16.417+0000] {logging_mixin.py:188} INFO - [2026-07-26T04:35:16.416+0000] {dag.py:3089} INFO - Sync 1 DAGs
[2026-07-26T04:35:16.449+0000] {logging_mixin.py:188} INFO - [2026-07-26T04:35:16.449+0000] {dag.py:3947} INFO - Setting next_dagrun for football_etl to 2026-07-30 00:00:00+00:00, run_after=2026-07-31 00:00:00+00:00
[2026-07-26T04:35:16.474+0000] {processor.py:183} INFO - Processing /opt/airflow/dags/football_etl_dag.py took 0.138 seconds
[2026-07-26T04:35:46.545+0000] {processor.py:161} INFO - Started process (PID=515) to work on /opt/airflow/dags/football_etl_dag.py
[2026-07-26T04:35:46.548+0000] {processor.py:830} INFO - Processing file /opt/airflow/dags/football_etl_dag.py for tasks to queue
[2026-07-26T04:35:46.552+0000] {logging_mixin.py:188} INFO - [2026-07-26T04:35:46.551+0000] {dagbag.py:545} INFO - Filling up the DagBag from /opt/airflow/dags/football_etl_dag.py
[2026-07-26T04:35:46.604+0000] {processor.py:840} INFO - DAG(s) 'football_etl' retrieved from /opt/airflow/dags/football_etl_dag.py
[2026-07-26T04:35:46.667+0000] {logging_mixin.py:188} INFO - [2026-07-26T04:35:46.667+0000] {dag.py:3089} INFO - Sync 1 DAGs
[2026-07-26T04:35:46.699+0000] {logging_mixin.py:188} INFO - [2026-07-26T04:35:46.698+0000] {dag.py:3947} INFO - Setting next_dagrun for football_etl to 2026-07-30 00:00:00+00:00, run_after=2026-07-31 00:00:00+00:00
[2026-07-26T04:35:46.726+0000] {processor.py:183} INFO - Processing /opt/airflow/dags/football_etl_dag.py took 0.194 seconds
[2026-07-26T04:36:16.898+0000] {processor.py:161} INFO - Started process (PID=520) to work on /opt/airflow/dags/football_etl_dag.py
[2026-07-26T04:36:16.900+0000] {processor.py:830} INFO - Processing file /opt/airflow/dags/football_etl_dag.py for tasks to queue
[2026-07-26T04:36:16.905+0000] {logging_mixin.py:188} INFO - [2026-07-26T04:36:16.904+0000] {dagbag.py:545} INFO - Filling up the DagBag from /opt/airflow/dags/football_etl_dag.py
[2026-07-26T04:36:16.949+0000] {processor.py:840} INFO - DAG(s) 'football_etl' retrieved from /opt/airflow/dags/football_etl_dag.py
[2026-07-26T04:36:17.008+0000] {logging_mixin.py:188} INFO - [2026-07-26T04:36:17.008+0000] {dag.py:3089} INFO - Sync 1 DAGs
[2026-07-26T04:36:17.044+0000] {logging_mixin.py:188} INFO - [2026-07-26T04:36:17.043+0000] {dag.py:3947} INFO - Setting next_dagrun for football_etl to 2026-07-30 00:00:00+00:00, run_after=2026-07-31 00:00:00+00:00
[2026-07-26T04:36:17.074+0000] {processor.py:183} INFO - Processing /opt/airflow/dags/football_etl_dag.py took 0.184 seconds
[2026-07-26T04:36:47.162+0000] {processor.py:161} INFO - Started process (PID=525) to work on /opt/airflow/dags/football_etl_dag.py
[2026-07-26T04:36:47.164+0000] {processor.py:830} INFO - Processing file /opt/airflow/dags/football_etl_dag.py for tasks to queue
[2026-07-26T04:36:47.165+0000] {logging_mixin.py:188} INFO - [2026-07-26T04:36:47.165+0000] {dagbag.py:545} INFO - Filling up the DagBag from /opt/airflow/dags/football_etl_dag.py
[2026-07-26T04:36:47.188+0000] {processor.py:840} INFO - DAG(s) 'football_etl' retrieved from /opt/airflow/dags/football_etl_dag.py
[2026-07-26T04:36:47.225+0000] {logging_mixin.py:188} INFO - [2026-07-26T04:36:47.225+0000] {dag.py:3089} INFO - Sync 1 DAGs
[2026-07-26T04:36:47.250+0000] {logging_mixin.py:188} INFO - [2026-07-26T04:36:47.250+0000] {dag.py:3947} INFO - Setting next_dagrun for football_etl to 2026-07-30 00:00:00+00:00, run_after=2026-07-31 00:00:00+00:00
[2026-07-26T04:36:47.272+0000] {processor.py:183} INFO - Processing /opt/airflow/dags/football_etl_dag.py took 0.117 seconds
[2026-07-26T04:37:17.575+0000] {processor.py:161} INFO - Started process (PID=530) to work on /opt/airflow/dags/football_etl_dag.py
[2026-07-26T04:37:17.576+0000] {processor.py:830} INFO - Processing file /opt/airflow/dags/football_etl_dag.py for tasks to queue
[2026-07-26T04:37:17.577+0000] {logging_mixin.py:188} INFO - [2026-07-26T04:37:17.577+0000] {dagbag.py:545} INFO - Filling up the DagBag from /opt/airflow/dags/football_etl_dag.py
[2026-07-26T04:37:17.602+0000] {processor.py:840} INFO - DAG(s) 'football_etl' retrieved from /opt/airflow/dags/football_etl_dag.py
[2026-07-26T04:37:17.637+0000] {logging_mixin.py:188} INFO - [2026-07-26T04:37:17.637+0000] {dag.py:3089} INFO - Sync 1 DAGs
[2026-07-26T04:37:17.662+0000] {logging_mixin.py:188} INFO - [2026-07-26T04:37:17.662+0000] {dag.py:3947} INFO - Setting next_dagrun for football_etl to 2026-07-30 00:00:00+00:00, run_after=2026-07-31 00:00:00+00:00
[2026-07-26T04:37:17.682+0000] {processor.py:183} INFO - Processing /opt/airflow/dags/football_etl_dag.py took 0.114 seconds
[2026-07-26T18:20:18.005+0000] {processor.py:161} INFO - Started process (PID=164) to work on /opt/airflow/dags/football_etl_dag.py
[2026-07-26T18:20:18.007+0000] {processor.py:830} INFO - Processing file /opt/airflow/dags/football_etl_dag.py for tasks to queue
[2026-07-26T18:20:18.012+0000] {logging_mixin.py:188} INFO - [2026-07-26T18:20:18.011+0000] {dagbag.py:545} INFO - Filling up the DagBag from /opt/airflow/dags/football_etl_dag.py
[2026-07-26T18:20:18.048+0000] {processor.py:840} INFO - DAG(s) 'football_etl' retrieved from /opt/airflow/dags/football_etl_dag.py
[2026-07-26T18:20:18.098+0000] {logging_mixin.py:188} INFO - [2026-07-26T18:20:18.098+0000] {dag.py:3089} INFO - Sync 1 DAGs
[2026-07-26T18:20:18.143+0000] {logging_mixin.py:188} INFO - [2026-07-26T18:20:18.143+0000] {dag.py:3947} INFO - Setting next_dagrun for football_etl to 2026-07-30 00:00:00+00:00, run_after=2026-07-31 00:00:00+00:00
[2026-07-26T18:20:18.175+0000] {processor.py:183} INFO - Processing /opt/airflow/dags/football_etl_dag.py took 0.180 seconds
[2026-07-26T18:20:48.235+0000] {processor.py:161} INFO - Started process (PID=169) to work on /opt/airflow/dags/football_etl_dag.py
[2026-07-26T18:20:48.237+0000] {processor.py:830} INFO - Processing file /opt/airflow/dags/football_etl_dag.py for tasks to queue
[2026-07-26T18:20:48.239+0000] {logging_mixin.py:188} INFO - [2026-07-26T18:20:48.238+0000] {dagbag.py:545} INFO - Filling up the DagBag from /opt/airflow/dags/football_etl_dag.py
[2026-07-26T18:20:48.261+0000] {processor.py:840} INFO - DAG(s) 'football_etl' retrieved from /opt/airflow/dags/football_etl_dag.py
[2026-07-26T18:20:48.459+0000] {logging_mixin.py:188} INFO - [2026-07-26T18:20:48.459+0000] {dag.py:3089} INFO - Sync 1 DAGs
[2026-07-26T18:20:48.483+0000] {logging_mixin.py:188} INFO - [2026-07-26T18:20:48.483+0000] {dag.py:3947} INFO - Setting next_dagrun for football_etl to 2026-07-30 00:00:00+00:00, run_after=2026-07-31 00:00:00+00:00
[2026-07-26T18:20:48.506+0000] {processor.py:183} INFO - Processing /opt/airflow/dags/football_etl_dag.py took 0.276 seconds
[2026-07-26T18:21:18.658+0000] {processor.py:161} INFO - Started process (PID=174) to work on /opt/airflow/dags/football_etl_dag.py
[2026-07-26T18:21:18.661+0000] {processor.py:830} INFO - Processing file /opt/airflow/dags/football_etl_dag.py for tasks to queue
[2026-07-26T18:21:18.665+0000] {logging_mixin.py:188} INFO - [2026-07-26T18:21:18.665+0000] {dagbag.py:545} INFO - Filling up the DagBag from /opt/airflow/dags/football_etl_dag.py
[2026-07-26T18:21:18.703+0000] {processor.py:840} INFO - DAG(s) 'football_etl' retrieved from /opt/airflow/dags/football_etl_dag.py
[2026-07-26T18:21:18.769+0000] {logging_mixin.py:188} INFO - [2026-07-26T18:21:18.769+0000] {dag.py:3089} INFO - Sync 1 DAGs
[2026-07-26T18:21:18.841+0000] {logging_mixin.py:188} INFO - [2026-07-26T18:21:18.841+0000] {dag.py:3947} INFO - Setting next_dagrun for football_etl to 2026-07-30 00:00:00+00:00, run_after=2026-07-31 00:00:00+00:00
[2026-07-26T18:21:18.892+0000] {processor.py:183} INFO - Processing /opt/airflow/dags/football_etl_dag.py took 0.247 seconds
[2026-07-26T18:21:49.079+0000] {processor.py:161} INFO - Started process (PID=179) to work on /opt/airflow/dags/football_etl_dag.py
[2026-07-26T18:21:49.081+0000] {processor.py:830} INFO - Processing file /opt/airflow/dags/football_etl_dag.py for tasks to queue
[2026-07-26T18:21:49.084+0000] {logging_mixin.py:188} INFO - [2026-07-26T18:21:49.084+0000] {dagbag.py:545} INFO - Filling up the DagBag from /opt/airflow/dags/football_etl_dag.py
[2026-07-26T18:21:49.123+0000] {processor.py:840} INFO - DAG(s) 'football_etl' retrieved from /opt/airflow/dags/football_etl_dag.py
[2026-07-26T18:21:49.170+0000] {logging_mixin.py:188} INFO - [2026-07-26T18:21:49.169+0000] {dag.py:3089} INFO - Sync 1 DAGs
[2026-07-26T18:21:49.198+0000] {logging_mixin.py:188} INFO - [2026-07-26T18:21:49.197+0000] {dag.py:3947} INFO - Setting next_dagrun for football_etl to 2026-07-30 00:00:00+00:00, run_after=2026-07-31 00:00:00+00:00
[2026-07-26T18:21:49.221+0000] {processor.py:183} INFO - Processing /opt/airflow/dags/football_etl_dag.py took 0.152 seconds
[2026-07-26T18:22:19.277+0000] {processor.py:161} INFO - Started process (PID=184) to work on /opt/airflow/dags/football_etl_dag.py
[2026-07-26T18:22:19.278+0000] {processor.py:830} INFO - Processing file /opt/airflow/dags/football_etl_dag.py for tasks to queue
[2026-07-26T18:22:19.281+0000] {logging_mixin.py:188} INFO - [2026-07-26T18:22:19.280+0000] {dagbag.py:545} INFO - Filling up the DagBag from /opt/airflow/dags/football_etl_dag.py
[2026-07-26T18:22:19.307+0000] {processor.py:840} INFO - DAG(s) 'football_etl' retrieved from /opt/airflow/dags/football_etl_dag.py
[2026-07-26T18:22:19.350+0000] {logging_mixin.py:188} INFO - [2026-07-26T18:22:19.350+0000] {dag.py:3089} INFO - Sync 1 DAGs
[2026-07-26T18:22:19.378+0000] {logging_mixin.py:188} INFO - [2026-07-26T18:22:19.378+0000] {dag.py:3947} INFO - Setting next_dagrun for football_etl to 2026-07-30 00:00:00+00:00, run_after=2026-07-31 00:00:00+00:00
[2026-07-26T18:22:19.400+0000] {processor.py:183} INFO - Processing /opt/airflow/dags/football_etl_dag.py took 0.133 seconds
[2026-07-26T18:22:49.517+0000] {processor.py:161} INFO - Started process (PID=189) to work on /opt/airflow/dags/football_etl_dag.py
[2026-07-26T18:22:49.519+0000] {processor.py:830} INFO - Processing file /opt/airflow/dags/football_etl_dag.py for tasks to queue
[2026-07-26T18:22:49.522+0000] {logging_mixin.py:188} INFO - [2026-07-26T18:22:49.521+0000] {dagbag.py:545} INFO - Filling up the DagBag from /opt/airflow/dags/football_etl_dag.py
[2026-07-26T18:22:49.547+0000] {processor.py:840} INFO - DAG(s) 'football_etl' retrieved from /opt/airflow/dags/football_etl_dag.py
[2026-07-26T18:22:49.589+0000] {logging_mixin.py:188} INFO - [2026-07-26T18:22:49.588+0000] {dag.py:3089} INFO - Sync 1 DAGs
[2026-07-26T18:22:49.622+0000] {logging_mixin.py:188} INFO - [2026-07-26T18:22:49.621+0000] {dag.py:3947} INFO - Setting next_dagrun for football_etl to 2026-07-30 00:00:00+00:00, run_after=2026-07-31 00:00:00+00:00
[2026-07-26T18:22:49.651+0000] {processor.py:183} INFO - Processing /opt/airflow/dags/football_etl_dag.py took 0.141 seconds
[2026-07-26T18:23:19.885+0000] {processor.py:161} INFO - Started process (PID=194) to work on /opt/airflow/dags/football_etl_dag.py
[2026-07-26T18:23:19.886+0000] {processor.py:830} INFO - Processing file /opt/airflow/dags/football_etl_dag.py for tasks to queue
[2026-07-26T18:23:19.889+0000] {logging_mixin.py:188} INFO - [2026-07-26T18:23:19.889+0000] {dagbag.py:545} INFO - Filling up the DagBag from /opt/airflow/dags/football_etl_dag.py
[2026-07-26T18:23:19.916+0000] {processor.py:840} INFO - DAG(s) 'football_etl' retrieved from /opt/airflow/dags/football_etl_dag.py
[2026-07-26T18:23:19.956+0000] {logging_mixin.py:188} INFO - [2026-07-26T18:23:19.955+0000] {dag.py:3089} INFO - Sync 1 DAGs
[2026-07-26T18:23:19.982+0000] {logging_mixin.py:188} INFO - [2026-07-26T18:23:19.982+0000] {dag.py:3947} INFO - Setting next_dagrun for football_etl to 2026-07-30 00:00:00+00:00, run_after=2026-07-31 00:00:00+00:00
[2026-07-26T18:23:20.006+0000] {processor.py:183} INFO - Processing /opt/airflow/dags/football_etl_dag.py took 0.129 seconds
[2026-07-26T18:23:50.135+0000] {processor.py:161} INFO - Started process (PID=199) to work on /opt/airflow/dags/football_etl_dag.py
[2026-07-26T18:23:50.136+0000] {processor.py:830} INFO - Processing file /opt/airflow/dags/football_etl_dag.py for tasks to queue
[2026-07-26T18:23:50.139+0000] {logging_mixin.py:188} INFO - [2026-07-26T18:23:50.139+0000] {dagbag.py:545} INFO - Filling up the DagBag from /opt/airflow/dags/football_etl_dag.py
[2026-07-26T18:23:50.163+0000] {processor.py:840} INFO - DAG(s) 'football_etl' retrieved from /opt/airflow/dags/football_etl_dag.py
[2026-07-26T18:23:50.208+0000] {logging_mixin.py:188} INFO - [2026-07-26T18:23:50.208+0000] {dag.py:3089} INFO - Sync 1 DAGs
[2026-07-26T18:23:50.237+0000] {logging_mixin.py:188} INFO - [2026-07-26T18:23:50.237+0000] {dag.py:3947} INFO - Setting next_dagrun for football_etl to 2026-07-30 00:00:00+00:00, run_after=2026-07-31 00:00:00+00:00
[2026-07-26T18:23:50.258+0000] {processor.py:183} INFO - Processing /opt/airflow/dags/football_etl_dag.py took 0.130 seconds
[2026-07-26T18:24:20.548+0000] {processor.py:161} INFO - Started process (PID=204) to work on /opt/airflow/dags/football_etl_dag.py
[2026-07-26T18:24:20.550+0000] {processor.py:830} INFO - Processing file /opt/airflow/dags/football_etl_dag.py for tasks to queue
[2026-07-26T18:24:20.552+0000] {logging_mixin.py:188} INFO - [2026-07-26T18:24:20.552+0000] {dagbag.py:545} INFO - Filling up the DagBag from /opt/airflow/dags/football_etl_dag.py
[2026-07-26T18:24:20.576+0000] {processor.py:840} INFO - DAG(s) 'football_etl' retrieved from /opt/airflow/dags/football_etl_dag.py
[2026-07-26T18:24:20.610+0000] {logging_mixin.py:188} INFO - [2026-07-26T18:24:20.609+0000] {dag.py:3089} INFO - Sync 1 DAGs
[2026-07-26T18:24:20.634+0000] {logging_mixin.py:188} INFO - [2026-07-26T18:24:20.634+0000] {dag.py:3947} INFO - Setting next_dagrun for football_etl to 2026-07-30 00:00:00+00:00, run_after=2026-07-31 00:00:00+00:00
[2026-07-26T18:24:20.654+0000] {processor.py:183} INFO - Processing /opt/airflow/dags/football_etl_dag.py took 0.113 seconds
[2026-07-26T18:24:50.786+0000] {processor.py:161} INFO - Started process (PID=209) to work on /opt/airflow/dags/football_etl_dag.py
[2026-07-26T18:24:50.787+0000] {processor.py:830} INFO - Processing file /opt/airflow/dags/football_etl_dag.py for tasks to queue
[2026-07-26T18:24:50.790+0000] {logging_mixin.py:188} INFO - [2026-07-26T18:24:50.790+0000] {dagbag.py:545} INFO - Filling up the DagBag from /opt/airflow/dags/football_etl_dag.py
[2026-07-26T18:24:50.818+0000] {processor.py:840} INFO - DAG(s) 'football_etl' retrieved from /opt/airflow/dags/football_etl_dag.py
[2026-07-26T18:24:50.856+0000] {logging_mixin.py:188} INFO - [2026-07-26T18:24:50.856+0000] {dag.py:3089} INFO - Sync 1 DAGs
[2026-07-26T18:24:50.881+0000] {logging_mixin.py:188} INFO - [2026-07-26T18:24:50.880+0000] {dag.py:3947} INFO - Setting next_dagrun for football_etl to 2026-07-30 00:00:00+00:00, run_after=2026-07-31 00:00:00+00:00
[2026-07-26T18:24:50.901+0000] {processor.py:183} INFO - Processing /opt/airflow/dags/football_etl_dag.py took 0.123 seconds
[2026-07-26T18:25:21.187+0000] {processor.py:161} INFO - Started process (PID=214) to work on /opt/airflow/dags/football_etl_dag.py
[2026-07-26T18:25:21.188+0000] {processor.py:830} INFO - Processing file /opt/airflow/dags/football_etl_dag.py for tasks to queue
[2026-07-26T18:25:21.191+0000] {logging_mixin.py:188} INFO - [2026-07-26T18:25:21.190+0000] {dagbag.py:545} INFO - Filling up the DagBag from /opt/airflow/dags/football_etl_dag.py
[2026-07-26T18:25:21.214+0000] {processor.py:840} INFO - DAG(s) 'football_etl' retrieved from /opt/airflow/dags/football_etl_dag.py
[2026-07-26T18:25:21.253+0000] {logging_mixin.py:188} INFO - [2026-07-26T18:25:21.252+0000] {dag.py:3089} INFO - Sync 1 DAGs
[2026-07-26T18:25:21.276+0000] {logging_mixin.py:188} INFO - [2026-07-26T18:25:21.276+0000] {dag.py:3947} INFO - Setting next_dagrun for football_etl to 2026-07-30 00:00:00+00:00, run_after=2026-07-31 00:00:00+00:00
[2026-07-26T18:25:21.297+0000] {processor.py:183} INFO - Processing /opt/airflow/dags/football_etl_dag.py took 0.116 seconds
[2026-07-26T18:25:51.471+0000] {processor.py:161} INFO - Started process (PID=219) to work on /opt/airflow/dags/football_etl_dag.py
[2026-07-26T18:25:51.472+0000] {processor.py:830} INFO - Processing file /opt/airflow/dags/football_etl_dag.py for tasks to queue
[2026-07-26T18:25:51.475+0000] {logging_mixin.py:188} INFO - [2026-07-26T18:25:51.475+0000] {dagbag.py:545} INFO - Filling up the DagBag from /opt/airflow/dags/football_etl_dag.py
[2026-07-26T18:25:51.500+0000] {processor.py:840} INFO - DAG(s) 'football_etl' retrieved from /opt/airflow/dags/football_etl_dag.py
[2026-07-26T18:25:51.536+0000] {logging_mixin.py:188} INFO - [2026-07-26T18:25:51.536+0000] {dag.py:3089} INFO - Sync 1 DAGs
[2026-07-26T18:25:51.560+0000] {logging_mixin.py:188} INFO - [2026-07-26T18:25:51.560+0000] {dag.py:3947} INFO - Setting next_dagrun for football_etl to 2026-07-30 00:00:00+00:00, run_after=2026-07-31 00:00:00+00:00
[2026-07-26T18:25:51.582+0000] {processor.py:183} INFO - Processing /opt/airflow/dags/football_etl_dag.py took 0.119 seconds
[2026-07-26T18:26:21.836+0000] {processor.py:161} INFO - Started process (PID=224) to work on /opt/airflow/dags/football_etl_dag.py
[2026-07-26T18:26:21.837+0000] {processor.py:830} INFO - Processing file /opt/airflow/dags/football_etl_dag.py for tasks to queue
[2026-07-26T18:26:21.840+0000] {logging_mixin.py:188} INFO - [2026-07-26T18:26:21.840+0000] {dagbag.py:545} INFO - Filling up the DagBag from /opt/airflow/dags/football_etl_dag.py
[2026-07-26T18:26:21.863+0000] {processor.py:840} INFO - DAG(s) 'football_etl' retrieved from /opt/airflow/dags/football_etl_dag.py
[2026-07-26T18:26:21.900+0000] {logging_mixin.py:188} INFO - [2026-07-26T18:26:21.899+0000] {dag.py:3089} INFO - Sync 1 DAGs
[2026-07-26T18:26:21.927+0000] {logging_mixin.py:188} INFO - [2026-07-26T18:26:21.927+0000] {dag.py:3947} INFO - Setting next_dagrun for football_etl to 2026-07-30 00:00:00+00:00, run_after=2026-07-31 00:00:00+00:00
[2026-07-26T18:26:21.950+0000] {processor.py:183} INFO - Processing /opt/airflow/dags/football_etl_dag.py took 0.122 seconds
[2026-07-26T18:26:52.063+0000] {processor.py:161} INFO - Started process (PID=229) to work on /opt/airflow/dags/football_etl_dag.py
[2026-07-26T18:26:52.064+0000] {processor.py:830} INFO - Processing file /opt/airflow/dags/football_etl_dag.py for tasks to queue
[2026-07-26T18:26:52.067+0000] {logging_mixin.py:188} INFO - [2026-07-26T18:26:52.067+0000] {dagbag.py:545} INFO - Filling up the DagBag from /opt/airflow/dags/football_etl_dag.py
[2026-07-26T18:26:52.095+0000] {processor.py:840} INFO - DAG(s) 'football_etl' retrieved from /opt/airflow/dags/football_etl_dag.py
[2026-07-26T18:26:52.129+0000] {logging_mixin.py:188} INFO - [2026-07-26T18:26:52.129+0000] {dag.py:3089} INFO - Sync 1 DAGs
[2026-07-26T18:26:52.155+0000] {logging_mixin.py:188} INFO - [2026-07-26T18:26:52.155+0000] {dag.py:3947} INFO - Setting next_dagrun for football_etl to 2026-07-30 00:00:00+00:00, run_after=2026-07-31 00:00:00+00:00
[2026-07-26T18:26:52.176+0000] {processor.py:183} INFO - Processing /opt/airflow/dags/football_etl_dag.py took 0.128 seconds
[2026-07-26T18:27:22.420+0000] {processor.py:161} INFO - Started process (PID=234) to work on /opt/airflow/dags/football_etl_dag.py
[2026-07-26T18:27:22.421+0000] {processor.py:830} INFO - Processing file /opt/airflow/dags/football_etl_dag.py for tasks to queue
[2026-07-26T18:27:22.424+0000] {logging_mixin.py:188} INFO - [2026-07-26T18:27:22.423+0000] {dagbag.py:545} INFO - Filling up the DagBag from /opt/airflow/dags/football_etl_dag.py
[2026-07-26T18:27:22.450+0000] {processor.py:840} INFO - DAG(s) 'football_etl' retrieved from /opt/airflow/dags/football_etl_dag.py
[2026-07-26T18:27:22.489+0000] {logging_mixin.py:188} INFO - [2026-07-26T18:27:22.488+0000] {dag.py:3089} INFO - Sync 1 DAGs
[2026-07-26T18:27:22.516+0000] {logging_mixin.py:188} INFO - [2026-07-26T18:27:22.516+0000] {dag.py:3947} INFO - Setting next_dagrun for football_etl to 2026-07-30 00:00:00+00:00, run_after=2026-07-31 00:00:00+00:00
[2026-07-26T18:27:22.538+0000] {processor.py:183} INFO - Processing /opt/airflow/dags/football_etl_dag.py took 0.124 seconds
[2026-07-26T18:27:52.682+0000] {processor.py:161} INFO - Started process (PID=239) to work on /opt/airflow/dags/football_etl_dag.py
[2026-07-26T18:27:52.684+0000] {processor.py:830} INFO - Processing file /opt/airflow/dags/football_etl_dag.py for tasks to queue
[2026-07-26T18:27:52.687+0000] {logging_mixin.py:188} INFO - [2026-07-26T18:27:52.687+0000] {dagbag.py:545} INFO - Filling up the DagBag from /opt/airflow/dags/football_etl_dag.py
[2026-07-26T18:27:52.714+0000] {processor.py:840} INFO - DAG(s) 'football_etl' retrieved from /opt/airflow/dags/football_etl_dag.py
[2026-07-26T18:27:52.752+0000] {logging_mixin.py:188} INFO - [2026-07-26T18:27:52.752+0000] {dag.py:3089} INFO - Sync 1 DAGs
[2026-07-26T18:27:52.785+0000] {logging_mixin.py:188} INFO - [2026-07-26T18:27:52.785+0000] {dag.py:3947} INFO - Setting next_dagrun for football_etl to 2026-07-30 00:00:00+00:00, run_after=2026-07-31 00:00:00+00:00
[2026-07-26T18:27:52.809+0000] {processor.py:183} INFO - Processing /opt/airflow/dags/football_etl_dag.py took 0.135 seconds
[2026-07-26T18:28:23.011+0000] {processor.py:161} INFO - Started process (PID=244) to work on /opt/airflow/dags/football_etl_dag.py
[2026-07-26T18:28:23.013+0000] {processor.py:830} INFO - Processing file /opt/airflow/dags/football_etl_dag.py for tasks to queue
[2026-07-26T18:28:23.016+0000] {logging_mixin.py:188} INFO - [2026-07-26T18:28:23.016+0000] {dagbag.py:545} INFO - Filling up the DagBag from /opt/airflow/dags/football_etl_dag.py
[2026-07-26T18:28:23.060+0000] {processor.py:840} INFO - DAG(s) 'football_etl' retrieved from /opt/airflow/dags/football_etl_dag.py
[2026-07-26T18:28:23.135+0000] {logging_mixin.py:188} INFO - [2026-07-26T18:28:23.135+0000] {dag.py:3089} INFO - Sync 1 DAGs
[2026-07-26T18:28:23.168+0000] {logging_mixin.py:188} INFO - [2026-07-26T18:28:23.168+0000] {dag.py:3947} INFO - Setting next_dagrun for football_etl to 2026-07-30 00:00:00+00:00, run_after=2026-07-31 00:00:00+00:00
[2026-07-26T18:28:23.191+0000] {processor.py:183} INFO - Processing /opt/airflow/dags/football_etl_dag.py took 0.191 seconds
[2026-07-26T18:28:53.333+0000] {processor.py:161} INFO - Started process (PID=249) to work on /opt/airflow/dags/football_etl_dag.py
[2026-07-26T18:28:53.335+0000] {processor.py:830} INFO - Processing file /opt/airflow/dags/football_etl_dag.py for tasks to queue
[2026-07-26T18:28:53.338+0000] {logging_mixin.py:188} INFO - [2026-07-26T18:28:53.338+0000] {dagbag.py:545} INFO - Filling up the DagBag from /opt/airflow/dags/football_etl_dag.py
[2026-07-26T18:28:53.364+0000] {processor.py:840} INFO - DAG(s) 'football_etl' retrieved from /opt/airflow/dags/football_etl_dag.py
[2026-07-26T18:28:53.402+0000] {logging_mixin.py:188} INFO - [2026-07-26T18:28:53.402+0000] {dag.py:3089} INFO - Sync 1 DAGs
[2026-07-26T18:28:53.428+0000] {logging_mixin.py:188} INFO - [2026-07-26T18:28:53.428+0000] {dag.py:3947} INFO - Setting next_dagrun for football_etl to 2026-07-30 00:00:00+00:00, run_after=2026-07-31 00:00:00+00:00
[2026-07-26T18:28:53.451+0000] {processor.py:183} INFO - Processing /opt/airflow/dags/football_etl_dag.py took 0.128 seconds
[2026-07-26T18:29:23.718+0000] {processor.py:161} INFO - Started process (PID=254) to work on /opt/airflow/dags/football_etl_dag.py
[2026-07-26T18:29:23.720+0000] {processor.py:830} INFO - Processing file /opt/airflow/dags/football_etl_dag.py for tasks to queue
[2026-07-26T18:29:23.722+0000] {logging_mixin.py:188} INFO - [2026-07-26T18:29:23.722+0000] {dagbag.py:545} INFO - Filling up the DagBag from /opt/airflow/dags/football_etl_dag.py
[2026-07-26T18:29:23.746+0000] {processor.py:840} INFO - DAG(s) 'football_etl' retrieved from /opt/airflow/dags/football_etl_dag.py
[2026-07-26T18:29:23.784+0000] {logging_mixin.py:188} INFO - [2026-07-26T18:29:23.784+0000] {dag.py:3089} INFO - Sync 1 DAGs
[2026-07-26T18:29:23.810+0000] {logging_mixin.py:188} INFO - [2026-07-26T18:29:23.809+0000] {dag.py:3947} INFO - Setting next_dagrun for football_etl to 2026-07-30 00:00:00+00:00, run_after=2026-07-31 00:00:00+00:00
[2026-07-26T18:29:23.831+0000] {processor.py:183} INFO - Processing /opt/airflow/dags/football_etl_dag.py took 0.120 seconds
[2026-07-26T18:29:53.956+0000] {processor.py:161} INFO - Started process (PID=259) to work on /opt/airflow/dags/football_etl_dag.py
[2026-07-26T18:29:53.957+0000] {processor.py:830} INFO - Processing file /opt/airflow/dags/football_etl_dag.py for tasks to queue
[2026-07-26T18:29:53.960+0000] {logging_mixin.py:188} INFO - [2026-07-26T18:29:53.960+0000] {dagbag.py:545} INFO - Filling up the DagBag from /opt/airflow/dags/football_etl_dag.py
[2026-07-26T18:29:53.984+0000] {processor.py:840} INFO - DAG(s) 'football_etl' retrieved from /opt/airflow/dags/football_etl_dag.py
[2026-07-26T18:29:54.021+0000] {logging_mixin.py:188} INFO - [2026-07-26T18:29:54.021+0000] {dag.py:3089} INFO - Sync 1 DAGs
[2026-07-26T18:29:54.046+0000] {logging_mixin.py:188} INFO - [2026-07-26T18:29:54.046+0000] {dag.py:3947} INFO - Setting next_dagrun for football_etl to 2026-07-30 00:00:00+00:00, run_after=2026-07-31 00:00:00+00:00
[2026-07-26T18:29:54.069+0000] {processor.py:183} INFO - Processing /opt/airflow/dags/football_etl_dag.py took 0.121 seconds
[2026-07-26T18:30:24.336+0000] {processor.py:161} INFO - Started process (PID=264) to work on /opt/airflow/dags/football_etl_dag.py
[2026-07-26T18:30:24.338+0000] {processor.py:830} INFO - Processing file /opt/airflow/dags/football_etl_dag.py for tasks to queue
[2026-07-26T18:30:24.342+0000] {logging_mixin.py:188} INFO - [2026-07-26T18:30:24.342+0000] {dagbag.py:545} INFO - Filling up the DagBag from /opt/airflow/dags/football_etl_dag.py
[2026-07-26T18:30:24.418+0000] {processor.py:840} INFO - DAG(s) 'football_etl' retrieved from /opt/airflow/dags/football_etl_dag.py
[2026-07-26T18:30:24.464+0000] {logging_mixin.py:188} INFO - [2026-07-26T18:30:24.464+0000] {dag.py:3089} INFO - Sync 1 DAGs
[2026-07-26T18:30:24.490+0000] {logging_mixin.py:188} INFO - [2026-07-26T18:30:24.490+0000] {dag.py:3947} INFO - Setting next_dagrun for football_etl to 2026-07-30 00:00:00+00:00, run_after=2026-07-31 00:00:00+00:00
[2026-07-26T18:30:24.527+0000] {processor.py:183} INFO - Processing /opt/airflow/dags/football_etl_dag.py took 0.201 seconds
[2026-07-26T18:30:54.763+0000] {processor.py:161} INFO - Started process (PID=269) to work on /opt/airflow/dags/football_etl_dag.py
[2026-07-26T18:30:54.765+0000] {processor.py:830} INFO - Processing file /opt/airflow/dags/football_etl_dag.py for tasks to queue
[2026-07-26T18:30:54.768+0000] {logging_mixin.py:188} INFO - [2026-07-26T18:30:54.768+0000] {dagbag.py:545} INFO - Filling up the DagBag from /opt/airflow/dags/football_etl_dag.py
[2026-07-26T18:30:54.800+0000] {processor.py:840} INFO - DAG(s) 'football_etl' retrieved from /opt/airflow/dags/football_etl_dag.py
[2026-07-26T18:30:54.839+0000] {logging_mixin.py:188} INFO - [2026-07-26T18:30:54.839+0000] {dag.py:3089} INFO - Sync 1 DAGs
[2026-07-26T18:30:54.869+0000] {logging_mixin.py:188} INFO - [2026-07-26T18:30:54.869+0000] {dag.py:3947} INFO - Setting next_dagrun for football_etl to 2026-07-30 00:00:00+00:00, run_after=2026-07-31 00:00:00+00:00
[2026-07-26T18:30:54.896+0000] {processor.py:183} INFO - Processing /opt/airflow/dags/football_etl_dag.py took 0.142 seconds
[2026-07-26T18:31:25.113+0000] {processor.py:161} INFO - Started process (PID=274) to work on /opt/airflow/dags/football_etl_dag.py
[2026-07-26T18:31:25.115+0000] {processor.py:830} INFO - Processing file /opt/airflow/dags/football_etl_dag.py for tasks to queue
[2026-07-26T18:31:25.118+0000] {logging_mixin.py:188} INFO - [2026-07-26T18:31:25.118+0000] {dagbag.py:545} INFO - Filling up the DagBag from /opt/airflow/dags/football_etl_dag.py
[2026-07-26T18:31:25.141+0000] {processor.py:840} INFO - DAG(s) 'football_etl' retrieved from /opt/airflow/dags/football_etl_dag.py
[2026-07-26T18:31:25.178+0000] {logging_mixin.py:188} INFO - [2026-07-26T18:31:25.178+0000] {dag.py:3089} INFO - Sync 1 DAGs
[2026-07-26T18:31:25.203+0000] {logging_mixin.py:188} INFO - [2026-07-26T18:31:25.203+0000] {dag.py:3947} INFO - Setting next_dagrun for football_etl to 2026-07-30 00:00:00+00:00, run_after=2026-07-31 00:00:00+00:00
[2026-07-26T18:31:25.225+0000] {processor.py:183} INFO - Processing /opt/airflow/dags/football_etl_dag.py took 0.121 seconds
[2026-07-26T18:31:55.347+0000] {processor.py:161} INFO - Started process (PID=279) to work on /opt/airflow/dags/football_etl_dag.py
[2026-07-26T18:31:55.349+0000] {processor.py:830} INFO - Processing file /opt/airflow/dags/football_etl_dag.py for tasks to queue
[2026-07-26T18:31:55.353+0000] {logging_mixin.py:188} INFO - [2026-07-26T18:31:55.352+0000] {dagbag.py:545} INFO - Filling up the DagBag from /opt/airflow/dags/football_etl_dag.py
[2026-07-26T18:31:55.379+0000] {processor.py:840} INFO - DAG(s) 'football_etl' retrieved from /opt/airflow/dags/football_etl_dag.py
[2026-07-26T18:31:55.422+0000] {logging_mixin.py:188} INFO - [2026-07-26T18:31:55.422+0000] {dag.py:3089} INFO - Sync 1 DAGs
[2026-07-26T18:31:55.449+0000] {logging_mixin.py:188} INFO - [2026-07-26T18:31:55.449+0000] {dag.py:3947} INFO - Setting next_dagrun for football_etl to 2026-07-30 00:00:00+00:00, run_after=2026-07-31 00:00:00+00:00
[2026-07-26T18:31:55.474+0000] {processor.py:183} INFO - Processing /opt/airflow/dags/football_etl_dag.py took 0.137 seconds
[2026-07-26T18:32:25.697+0000] {processor.py:161} INFO - Started process (PID=284) to work on /opt/airflow/dags/football_etl_dag.py
[2026-07-26T18:32:25.698+0000] {processor.py:830} INFO - Processing file /opt/airflow/dags/football_etl_dag.py for tasks to queue
[2026-07-26T18:32:25.702+0000] {logging_mixin.py:188} INFO - [2026-07-26T18:32:25.701+0000] {dagbag.py:545} INFO - Filling up the DagBag from /opt/airflow/dags/football_etl_dag.py
[2026-07-26T18:32:25.727+0000] {processor.py:840} INFO - DAG(s) 'football_etl' retrieved from /opt/airflow/dags/football_etl_dag.py
[2026-07-26T18:32:25.782+0000] {logging_mixin.py:188} INFO - [2026-07-26T18:32:25.782+0000] {dag.py:3089} INFO - Sync 1 DAGs
[2026-07-26T18:32:25.817+0000] {logging_mixin.py:188} INFO - [2026-07-26T18:32:25.817+0000] {dag.py:3947} INFO - Setting next_dagrun for football_etl to 2026-07-30 00:00:00+00:00, run_after=2026-07-31 00:00:00+00:00
[2026-07-26T18:32:25.844+0000] {processor.py:183} INFO - Processing /opt/airflow/dags/football_etl_dag.py took 0.156 seconds
[2026-07-26T18:32:55.972+0000] {processor.py:161} INFO - Started process (PID=289) to work on /opt/airflow/dags/football_etl_dag.py
[2026-07-26T18:32:55.974+0000] {processor.py:830} INFO - Processing file /opt/airflow/dags/football_etl_dag.py for tasks to queue
[2026-07-26T18:32:55.978+0000] {logging_mixin.py:188} INFO - [2026-07-26T18:32:55.978+0000] {dagbag.py:545} INFO - Filling up the DagBag from /opt/airflow/dags/football_etl_dag.py
[2026-07-26T18:32:56.007+0000] {processor.py:840} INFO - DAG(s) 'football_etl' retrieved from /opt/airflow/dags/football_etl_dag.py
[2026-07-26T18:32:56.045+0000] {logging_mixin.py:188} INFO - [2026-07-26T18:32:56.045+0000] {dag.py:3089} INFO - Sync 1 DAGs
[2026-07-26T18:32:56.070+0000] {logging_mixin.py:188} INFO - [2026-07-26T18:32:56.070+0000] {dag.py:3947} INFO - Setting next_dagrun for football_etl to 2026-07-30 00:00:00+00:00, run_after=2026-07-31 00:00:00+00:00
[2026-07-26T18:32:56.092+0000] {processor.py:183} INFO - Processing /opt/airflow/dags/football_etl_dag.py took 0.128 seconds
[2026-07-26T18:33:26.294+0000] {processor.py:161} INFO - Started process (PID=294) to work on /opt/airflow/dags/football_etl_dag.py
[2026-07-26T18:33:26.295+0000] {processor.py:830} INFO - Processing file /opt/airflow/dags/football_etl_dag.py for tasks to queue
[2026-07-26T18:33:26.298+0000] {logging_mixin.py:188} INFO - [2026-07-26T18:33:26.297+0000] {dagbag.py:545} INFO - Filling up the DagBag from /opt/airflow/dags/football_etl_dag.py
[2026-07-26T18:33:26.322+0000] {processor.py:840} INFO - DAG(s) 'football_etl' retrieved from /opt/airflow/dags/football_etl_dag.py
[2026-07-26T18:33:26.363+0000] {logging_mixin.py:188} INFO - [2026-07-26T18:33:26.362+0000] {dag.py:3089} INFO - Sync 1 DAGs
[2026-07-26T18:33:26.390+0000] {logging_mixin.py:188} INFO - [2026-07-26T18:33:26.390+0000] {dag.py:3947} INFO - Setting next_dagrun for football_etl to 2026-07-30 00:00:00+00:00, run_after=2026-07-31 00:00:00+00:00
[2026-07-26T18:33:26.411+0000] {processor.py:183} INFO - Processing /opt/airflow/dags/football_etl_dag.py took 0.126 seconds
[2026-07-26T18:33:56.543+0000] {processor.py:161} INFO - Started process (PID=299) to work on /opt/airflow/dags/football_etl_dag.py
[2026-07-26T18:33:56.544+0000] {processor.py:830} INFO - Processing file /opt/airflow/dags/football_etl_dag.py for tasks to queue
[2026-07-26T18:33:56.547+0000] {logging_mixin.py:188} INFO - [2026-07-26T18:33:56.547+0000] {dagbag.py:545} INFO - Filling up the DagBag from /opt/airflow/dags/football_etl_dag.py
[2026-07-26T18:33:56.572+0000] {processor.py:840} INFO - DAG(s) 'football_etl' retrieved from /opt/airflow/dags/football_etl_dag.py
[2026-07-26T18:33:56.618+0000] {logging_mixin.py:188} INFO - [2026-07-26T18:33:56.618+0000] {dag.py:3089} INFO - Sync 1 DAGs
[2026-07-26T18:33:56.642+0000] {logging_mixin.py:188} INFO - [2026-07-26T18:33:56.642+0000] {dag.py:3947} INFO - Setting next_dagrun for football_etl to 2026-07-30 00:00:00+00:00, run_after=2026-07-31 00:00:00+00:00
[2026-07-26T18:33:56.664+0000] {processor.py:183} INFO - Processing /opt/airflow/dags/football_etl_dag.py took 0.129 seconds
[2026-07-26T18:34:26.892+0000] {processor.py:161} INFO - Started process (PID=304) to work on /opt/airflow/dags/football_etl_dag.py
[2026-07-26T18:34:26.894+0000] {processor.py:830} INFO - Processing file /opt/airflow/dags/football_etl_dag.py for tasks to queue
[2026-07-26T18:34:26.898+0000] {logging_mixin.py:188} INFO - [2026-07-26T18:34:26.897+0000] {dagbag.py:545} INFO - Filling up the DagBag from /opt/airflow/dags/football_etl_dag.py
[2026-07-26T18:34:26.927+0000] {processor.py:840} INFO - DAG(s) 'football_etl' retrieved from /opt/airflow/dags/football_etl_dag.py
[2026-07-26T18:34:26.971+0000] {logging_mixin.py:188} INFO - [2026-07-26T18:34:26.970+0000] {dag.py:3089} INFO - Sync 1 DAGs
[2026-07-26T18:34:26.996+0000] {logging_mixin.py:188} INFO - [2026-07-26T18:34:26.996+0000] {dag.py:3947} INFO - Setting next_dagrun for football_etl to 2026-07-30 00:00:00+00:00, run_after=2026-07-31 00:00:00+00:00
[2026-07-26T18:34:27.019+0000] {processor.py:183} INFO - Processing /opt/airflow/dags/football_etl_dag.py took 0.136 seconds
[2026-07-26T18:34:57.174+0000] {processor.py:161} INFO - Started process (PID=309) to work on /opt/airflow/dags/football_etl_dag.py
[2026-07-26T18:34:57.175+0000] {processor.py:830} INFO - Processing file /opt/airflow/dags/football_etl_dag.py for tasks to queue
[2026-07-26T18:34:57.178+0000] {logging_mixin.py:188} INFO - [2026-07-26T18:34:57.178+0000] {dagbag.py:545} INFO - Filling up the DagBag from /opt/airflow/dags/football_etl_dag.py
[2026-07-26T18:34:57.205+0000] {processor.py:840} INFO - DAG(s) 'football_etl' retrieved from /opt/airflow/dags/football_etl_dag.py
[2026-07-26T18:34:57.241+0000] {logging_mixin.py:188} INFO - [2026-07-26T18:34:57.241+0000] {dag.py:3089} INFO - Sync 1 DAGs
[2026-07-26T18:34:57.266+0000] {logging_mixin.py:188} INFO - [2026-07-26T18:34:57.265+0000] {dag.py:3947} INFO - Setting next_dagrun for football_etl to 2026-07-30 00:00:00+00:00, run_after=2026-07-31 00:00:00+00:00
[2026-07-26T18:34:57.287+0000] {processor.py:183} INFO - Processing /opt/airflow/dags/football_etl_dag.py took 0.120 seconds
[2026-07-26T18:35:27.482+0000] {processor.py:161} INFO - Started process (PID=314) to work on /opt/airflow/dags/football_etl_dag.py
[2026-07-26T18:35:27.483+0000] {processor.py:830} INFO - Processing file /opt/airflow/dags/football_etl_dag.py for tasks to queue
[2026-07-26T18:35:27.486+0000] {logging_mixin.py:188} INFO - [2026-07-26T18:35:27.486+0000] {dagbag.py:545} INFO - Filling up the DagBag from /opt/airflow/dags/football_etl_dag.py
[2026-07-26T18:35:27.517+0000] {processor.py:840} INFO - DAG(s) 'football_etl' retrieved from /opt/airflow/dags/football_etl_dag.py
[2026-07-26T18:35:27.556+0000] {logging_mixin.py:188} INFO - [2026-07-26T18:35:27.556+0000] {dag.py:3089} INFO - Sync 1 DAGs
[2026-07-26T18:35:27.587+0000] {logging_mixin.py:188} INFO - [2026-07-26T18:35:27.587+0000] {dag.py:3947} INFO - Setting next_dagrun for football_etl to 2026-07-30 00:00:00+00:00, run_after=2026-07-31 00:00:00+00:00
[2026-07-26T18:35:27.610+0000] {processor.py:183} INFO - Processing /opt/airflow/dags/football_etl_dag.py took 0.138 seconds
[2026-07-26T18:35:57.715+0000] {processor.py:161} INFO - Started process (PID=319) to work on /opt/airflow/dags/football_etl_dag.py
[2026-07-26T18:35:57.716+0000] {processor.py:830} INFO - Processing file /opt/airflow/dags/football_etl_dag.py for tasks to queue
[2026-07-26T18:35:57.719+0000] {logging_mixin.py:188} INFO - [2026-07-26T18:35:57.719+0000] {dagbag.py:545} INFO - Filling up the DagBag from /opt/airflow/dags/football_etl_dag.py
[2026-07-26T18:35:57.747+0000] {processor.py:840} INFO - DAG(s) 'football_etl' retrieved from /opt/airflow/dags/football_etl_dag.py
[2026-07-26T18:35:57.789+0000] {logging_mixin.py:188} INFO - [2026-07-26T18:35:57.789+0000] {dag.py:3089} INFO - Sync 1 DAGs
[2026-07-26T18:35:57.814+0000] {logging_mixin.py:188} INFO - [2026-07-26T18:35:57.814+0000] {dag.py:3947} INFO - Setting next_dagrun for football_etl to 2026-07-30 00:00:00+00:00, run_after=2026-07-31 00:00:00+00:00
[2026-07-26T18:35:57.842+0000] {processor.py:183} INFO - Processing /opt/airflow/dags/football_etl_dag.py took 0.136 seconds
[2026-07-26T18:36:27.963+0000] {processor.py:161} INFO - Started process (PID=324) to work on /opt/airflow/dags/football_etl_dag.py
[2026-07-26T18:36:27.964+0000] {processor.py:830} INFO - Processing file /opt/airflow/dags/football_etl_dag.py for tasks to queue
[2026-07-26T18:36:27.967+0000] {logging_mixin.py:188} INFO - [2026-07-26T18:36:27.967+0000] {dagbag.py:545} INFO - Filling up the DagBag from /opt/airflow/dags/football_etl_dag.py
[2026-07-26T18:36:27.993+0000] {processor.py:840} INFO - DAG(s) 'football_etl' retrieved from /opt/airflow/dags/football_etl_dag.py
[2026-07-26T18:36:28.031+0000] {logging_mixin.py:188} INFO - [2026-07-26T18:36:28.031+0000] {dag.py:3089} INFO - Sync 1 DAGs
[2026-07-26T18:36:28.056+0000] {logging_mixin.py:188} INFO - [2026-07-26T18:36:28.056+0000] {dag.py:3947} INFO - Setting next_dagrun for football_etl to 2026-07-30 00:00:00+00:00, run_after=2026-07-31 00:00:00+00:00
[2026-07-26T18:36:28.078+0000] {processor.py:183} INFO - Processing /opt/airflow/dags/football_etl_dag.py took 0.124 seconds
[2026-07-26T18:36:58.315+0000] {processor.py:161} INFO - Started process (PID=329) to work on /opt/airflow/dags/football_etl_dag.py
[2026-07-26T18:36:58.316+0000] {processor.py:830} INFO - Processing file /opt/airflow/dags/football_etl_dag.py for tasks to queue
[2026-07-26T18:36:58.318+0000] {logging_mixin.py:188} INFO - [2026-07-26T18:36:58.318+0000] {dagbag.py:545} INFO - Filling up the DagBag from /opt/airflow/dags/football_etl_dag.py
[2026-07-26T18:36:58.342+0000] {processor.py:840} INFO - DAG(s) 'football_etl' retrieved from /opt/airflow/dags/football_etl_dag.py
[2026-07-26T18:36:58.379+0000] {logging_mixin.py:188} INFO - [2026-07-26T18:36:58.379+0000] {dag.py:3089} INFO - Sync 1 DAGs
[2026-07-26T18:36:58.406+0000] {logging_mixin.py:188} INFO - [2026-07-26T18:36:58.406+0000] {dag.py:3947} INFO - Setting next_dagrun for football_etl to 2026-07-30 00:00:00+00:00, run_after=2026-07-31 00:00:00+00:00
[2026-07-26T18:36:58.429+0000] {processor.py:183} INFO - Processing /opt/airflow/dags/football_etl_dag.py took 0.122 seconds
[2026-07-26T18:37:28.614+0000] {processor.py:161} INFO - Started process (PID=334) to work on /opt/airflow/dags/football_etl_dag.py
[2026-07-26T18:37:28.616+0000] {processor.py:830} INFO - Processing file /opt/airflow/dags/football_etl_dag.py for tasks to queue
[2026-07-26T18:37:28.618+0000] {logging_mixin.py:188} INFO - [2026-07-26T18:37:28.618+0000] {dagbag.py:545} INFO - Filling up the DagBag from /opt/airflow/dags/football_etl_dag.py
[2026-07-26T18:37:28.643+0000] {processor.py:840} INFO - DAG(s) 'football_etl' retrieved from /opt/airflow/dags/football_etl_dag.py
[2026-07-26T18:37:28.677+0000] {logging_mixin.py:188} INFO - [2026-07-26T18:37:28.677+0000] {dag.py:3089} INFO - Sync 1 DAGs
[2026-07-26T18:37:28.701+0000] {logging_mixin.py:188} INFO - [2026-07-26T18:37:28.701+0000] {dag.py:3947} INFO - Setting next_dagrun for football_etl to 2026-07-30 00:00:00+00:00, run_after=2026-07-31 00:00:00+00:00
[2026-07-26T18:37:28.723+0000] {processor.py:183} INFO - Processing /opt/airflow/dags/football_etl_dag.py took 0.117 seconds
[2026-07-26T18:37:58.883+0000] {processor.py:161} INFO - Started process (PID=339) to work on /opt/airflow/dags/football_etl_dag.py
[2026-07-26T18:37:58.885+0000] {processor.py:830} INFO - Processing file /opt/airflow/dags/football_etl_dag.py for tasks to queue
[2026-07-26T18:37:58.887+0000] {logging_mixin.py:188} INFO - [2026-07-26T18:37:58.887+0000] {dagbag.py:545} INFO - Filling up the DagBag from /opt/airflow/dags/football_etl_dag.py
[2026-07-26T18:37:58.916+0000] {processor.py:840} INFO - DAG(s) 'football_etl' retrieved from /opt/airflow/dags/football_etl_dag.py
[2026-07-26T18:37:58.952+0000] {logging_mixin.py:188} INFO - [2026-07-26T18:37:58.952+0000] {dag.py:3089} INFO - Sync 1 DAGs
[2026-07-26T18:37:58.976+0000] {logging_mixin.py:188} INFO - [2026-07-26T18:37:58.976+0000] {dag.py:3947} INFO - Setting next_dagrun for football_etl to 2026-07-30 00:00:00+00:00, run_after=2026-07-31 00:00:00+00:00
[2026-07-26T18:37:58.997+0000] {processor.py:183} INFO - Processing /opt/airflow/dags/football_etl_dag.py took 0.122 seconds
[2026-07-26T18:38:29.136+0000] {processor.py:161} INFO - Started process (PID=344) to work on /opt/airflow/dags/football_etl_dag.py
[2026-07-26T18:38:29.137+0000] {processor.py:830} INFO - Processing file /opt/airflow/dags/football_etl_dag.py for tasks to queue
[2026-07-26T18:38:29.140+0000] {logging_mixin.py:188} INFO - [2026-07-26T18:38:29.140+0000] {dagbag.py:545} INFO - Filling up the DagBag from /opt/airflow/dags/football_etl_dag.py
[2026-07-26T18:38:29.166+0000] {processor.py:840} INFO - DAG(s) 'football_etl' retrieved from /opt/airflow/dags/football_etl_dag.py
[2026-07-26T18:38:29.206+0000] {logging_mixin.py:188} INFO - [2026-07-26T18:38:29.206+0000] {dag.py:3089} INFO - Sync 1 DAGs
[2026-07-26T18:38:29.235+0000] {logging_mixin.py:188} INFO - [2026-07-26T18:38:29.234+0000] {dag.py:3947} INFO - Setting next_dagrun for football_etl to 2026-07-30 00:00:00+00:00, run_after=2026-07-31 00:00:00+00:00
[2026-07-26T18:38:29.257+0000] {processor.py:183} INFO - Processing /opt/airflow/dags/football_etl_dag.py took 0.132 seconds
[2026-07-26T18:38:59.430+0000] {processor.py:161} INFO - Started process (PID=349) to work on /opt/airflow/dags/football_etl_dag.py
[2026-07-26T18:38:59.431+0000] {processor.py:830} INFO - Processing file /opt/airflow/dags/football_etl_dag.py for tasks to queue
[2026-07-26T18:38:59.434+0000] {logging_mixin.py:188} INFO - [2026-07-26T18:38:59.434+0000] {dagbag.py:545} INFO - Filling up the DagBag from /opt/airflow/dags/football_etl_dag.py
[2026-07-26T18:38:59.459+0000] {processor.py:840} INFO - DAG(s) 'football_etl' retrieved from /opt/airflow/dags/football_etl_dag.py
[2026-07-26T18:38:59.496+0000] {logging_mixin.py:188} INFO - [2026-07-26T18:38:59.496+0000] {dag.py:3089} INFO - Sync 1 DAGs
[2026-07-26T18:38:59.522+0000] {logging_mixin.py:188} INFO - [2026-07-26T18:38:59.521+0000] {dag.py:3947} INFO - Setting next_dagrun for football_etl to 2026-07-30 00:00:00+00:00, run_after=2026-07-31 00:00:00+00:00
[2026-07-26T18:38:59.542+0000] {processor.py:183} INFO - Processing /opt/airflow/dags/football_etl_dag.py took 0.120 seconds
[2026-07-26T18:39:29.708+0000] {processor.py:161} INFO - Started process (PID=354) to work on /opt/airflow/dags/football_etl_dag.py
[2026-07-26T18:39:29.709+0000] {processor.py:830} INFO - Processing file /opt/airflow/dags/football_etl_dag.py for tasks to queue
[2026-07-26T18:39:29.712+0000] {logging_mixin.py:188} INFO - [2026-07-26T18:39:29.711+0000] {dagbag.py:545} INFO - Filling up the DagBag from /opt/airflow/dags/football_etl_dag.py
[2026-07-26T18:39:29.733+0000] {processor.py:840} INFO - DAG(s) 'football_etl' retrieved from /opt/airflow/dags/football_etl_dag.py
[2026-07-26T18:39:29.769+0000] {logging_mixin.py:188} INFO - [2026-07-26T18:39:29.769+0000] {dag.py:3089} INFO - Sync 1 DAGs
[2026-07-26T18:39:29.798+0000] {logging_mixin.py:188} INFO - [2026-07-26T18:39:29.798+0000] {dag.py:3947} INFO - Setting next_dagrun for football_etl to 2026-07-30 00:00:00+00:00, run_after=2026-07-31 00:00:00+00:00
[2026-07-26T18:39:29.820+0000] {processor.py:183} INFO - Processing /opt/airflow/dags/football_etl_dag.py took 0.119 seconds
[2026-07-26T18:40:00.179+0000] {processor.py:161} INFO - Started process (PID=359) to work on /opt/airflow/dags/football_etl_dag.py
[2026-07-26T18:40:00.195+0000] {processor.py:830} INFO - Processing file /opt/airflow/dags/football_etl_dag.py for tasks to queue
[2026-07-26T18:40:00.201+0000] {logging_mixin.py:188} INFO - [2026-07-26T18:40:00.200+0000] {dagbag.py:545} INFO - Filling up the DagBag from /opt/airflow/dags/football_etl_dag.py
[2026-07-26T18:40:00.331+0000] {processor.py:840} INFO - DAG(s) 'football_etl' retrieved from /opt/airflow/dags/football_etl_dag.py
[2026-07-26T18:40:00.441+0000] {logging_mixin.py:188} INFO - [2026-07-26T18:40:00.441+0000] {dag.py:3089} INFO - Sync 1 DAGs
[2026-07-26T18:40:00.478+0000] {logging_mixin.py:188} INFO - [2026-07-26T18:40:00.478+0000] {dag.py:3947} INFO - Setting next_dagrun for football_etl to 2026-07-30 00:00:00+00:00, run_after=2026-07-31 00:00:00+00:00
[2026-07-26T18:40:00.498+0000] {processor.py:183} INFO - Processing /opt/airflow/dags/football_etl_dag.py took 0.343 seconds
[2026-07-26T18:40:30.820+0000] {processor.py:161} INFO - Started process (PID=364) to work on /opt/airflow/dags/football_etl_dag.py
[2026-07-26T18:40:30.822+0000] {processor.py:830} INFO - Processing file /opt/airflow/dags/football_etl_dag.py for tasks to queue
[2026-07-26T18:40:30.826+0000] {logging_mixin.py:188} INFO - [2026-07-26T18:40:30.825+0000] {dagbag.py:545} INFO - Filling up the DagBag from /opt/airflow/dags/football_etl_dag.py
[2026-07-26T18:40:30.852+0000] {processor.py:840} INFO - DAG(s) 'football_etl' retrieved from /opt/airflow/dags/football_etl_dag.py
[2026-07-26T18:40:30.891+0000] {logging_mixin.py:188} INFO - [2026-07-26T18:40:30.891+0000] {dag.py:3089} INFO - Sync 1 DAGs
[2026-07-26T18:40:30.917+0000] {logging_mixin.py:188} INFO - [2026-07-26T18:40:30.917+0000] {dag.py:3947} INFO - Setting next_dagrun for football_etl to 2026-07-30 00:00:00+00:00, run_after=2026-07-31 00:00:00+00:00
[2026-07-26T18:40:30.940+0000] {processor.py:183} INFO - Processing /opt/airflow/dags/football_etl_dag.py took 0.127 seconds
[2026-07-26T18:41:01.054+0000] {processor.py:161} INFO - Started process (PID=369) to work on /opt/airflow/dags/football_etl_dag.py
[2026-07-26T18:41:01.056+0000] {processor.py:830} INFO - Processing file /opt/airflow/dags/football_etl_dag.py for tasks to queue
[2026-07-26T18:41:01.058+0000] {logging_mixin.py:188} INFO - [2026-07-26T18:41:01.058+0000] {dagbag.py:545} INFO - Filling up the DagBag from /opt/airflow/dags/football_etl_dag.py
[2026-07-26T18:41:01.087+0000] {processor.py:840} INFO - DAG(s) 'football_etl' retrieved from /opt/airflow/dags/football_etl_dag.py
[2026-07-26T18:41:01.128+0000] {logging_mixin.py:188} INFO - [2026-07-26T18:41:01.127+0000] {dag.py:3089} INFO - Sync 1 DAGs
[2026-07-26T18:41:01.155+0000] {logging_mixin.py:188} INFO - [2026-07-26T18:41:01.155+0000] {dag.py:3947} INFO - Setting next_dagrun for football_etl to 2026-07-30 00:00:00+00:00, run_after=2026-07-31 00:00:00+00:00
[2026-07-26T18:41:01.179+0000] {processor.py:183} INFO - Processing /opt/airflow/dags/football_etl_dag.py took 0.133 seconds
[2026-07-26T18:41:31.441+0000] {processor.py:161} INFO - Started process (PID=374) to work on /opt/airflow/dags/football_etl_dag.py
[2026-07-26T18:41:31.443+0000] {processor.py:830} INFO - Processing file /opt/airflow/dags/football_etl_dag.py for tasks to queue
[2026-07-26T18:41:31.445+0000] {logging_mixin.py:188} INFO - [2026-07-26T18:41:31.445+0000] {dagbag.py:545} INFO - Filling up the DagBag from /opt/airflow/dags/football_etl_dag.py
[2026-07-26T18:41:31.468+0000] {processor.py:840} INFO - DAG(s) 'football_etl' retrieved from /opt/airflow/dags/football_etl_dag.py
[2026-07-26T18:41:31.487+0000] {logging_mixin.py:188} INFO - [2026-07-26T18:41:31.487+0000] {dag.py:3089} INFO - Sync 1 DAGs
[2026-07-26T18:41:31.512+0000] {logging_mixin.py:188} INFO - [2026-07-26T18:41:31.512+0000] {dag.py:3947} INFO - Setting next_dagrun for football_etl to 2026-07-30 00:00:00+00:00, run_after=2026-07-31 00:00:00+00:00
[2026-07-26T18:41:31.534+0000] {processor.py:183} INFO - Processing /opt/airflow/dags/football_etl_dag.py took 0.099 seconds
[2026-07-26T18:42:01.703+0000] {processor.py:161} INFO - Started process (PID=379) to work on /opt/airflow/dags/football_etl_dag.py
[2026-07-26T18:42:01.704+0000] {processor.py:830} INFO - Processing file /opt/airflow/dags/football_etl_dag.py for tasks to queue
[2026-07-26T18:42:01.707+0000] {logging_mixin.py:188} INFO - [2026-07-26T18:42:01.707+0000] {dagbag.py:545} INFO - Filling up the DagBag from /opt/airflow/dags/football_etl_dag.py
[2026-07-26T18:42:01.730+0000] {processor.py:840} INFO - DAG(s) 'football_etl' retrieved from /opt/airflow/dags/football_etl_dag.py
[2026-07-26T18:42:01.865+0000] {logging_mixin.py:188} INFO - [2026-07-26T18:42:01.865+0000] {dag.py:3089} INFO - Sync 1 DAGs
[2026-07-26T18:42:01.886+0000] {logging_mixin.py:188} INFO - [2026-07-26T18:42:01.886+0000] {dag.py:3947} INFO - Setting next_dagrun for football_etl to 2026-07-30 00:00:00+00:00, run_after=2026-07-31 00:00:00+00:00
[2026-07-26T18:42:01.906+0000] {processor.py:183} INFO - Processing /opt/airflow/dags/football_etl_dag.py took 0.212 seconds
[2026-07-26T18:42:32.034+0000] {processor.py:161} INFO - Started process (PID=384) to work on /opt/airflow/dags/football_etl_dag.py
[2026-07-26T18:42:32.035+0000] {processor.py:830} INFO - Processing file /opt/airflow/dags/football_etl_dag.py for tasks to queue
[2026-07-26T18:42:32.038+0000] {logging_mixin.py:188} INFO - [2026-07-26T18:42:32.037+0000] {dagbag.py:545} INFO - Filling up the DagBag from /opt/airflow/dags/football_etl_dag.py
[2026-07-26T18:42:32.065+0000] {processor.py:840} INFO - DAG(s) 'football_etl' retrieved from /opt/airflow/dags/football_etl_dag.py
[2026-07-26T18:42:32.104+0000] {logging_mixin.py:188} INFO - [2026-07-26T18:42:32.104+0000] {dag.py:3089} INFO - Sync 1 DAGs
[2026-07-26T18:42:32.128+0000] {logging_mixin.py:188} INFO - [2026-07-26T18:42:32.127+0000] {dag.py:3947} INFO - Setting next_dagrun for football_etl to 2026-07-30 00:00:00+00:00, run_after=2026-07-31 00:00:00+00:00
[2026-07-26T18:42:32.155+0000] {processor.py:183} INFO - Processing /opt/airflow/dags/football_etl_dag.py took 0.129 seconds
[2026-07-26T18:43:02.424+0000] {processor.py:161} INFO - Started process (PID=389) to work on /opt/airflow/dags/football_etl_dag.py
[2026-07-26T18:43:02.426+0000] {processor.py:830} INFO - Processing file /opt/airflow/dags/football_etl_dag.py for tasks to queue
[2026-07-26T18:43:02.428+0000] {logging_mixin.py:188} INFO - [2026-07-26T18:43:02.428+0000] {dagbag.py:545} INFO - Filling up the DagBag from /opt/airflow/dags/football_etl_dag.py
[2026-07-26T18:43:02.452+0000] {processor.py:840} INFO - DAG(s) 'football_etl' retrieved from /opt/airflow/dags/football_etl_dag.py
[2026-07-26T18:43:02.486+0000] {logging_mixin.py:188} INFO - [2026-07-26T18:43:02.486+0000] {dag.py:3089} INFO - Sync 1 DAGs
[2026-07-26T18:43:02.510+0000] {logging_mixin.py:188} INFO - [2026-07-26T18:43:02.510+0000] {dag.py:3947} INFO - Setting next_dagrun for football_etl to 2026-07-30 00:00:00+00:00, run_after=2026-07-31 00:00:00+00:00
[2026-07-26T18:43:02.529+0000] {processor.py:183} INFO - Processing /opt/airflow/dags/football_etl_dag.py took 0.112 seconds
[2026-07-26T18:43:32.731+0000] {processor.py:161} INFO - Started process (PID=394) to work on /opt/airflow/dags/football_etl_dag.py
[2026-07-26T18:43:32.732+0000] {processor.py:830} INFO - Processing file /opt/airflow/dags/football_etl_dag.py for tasks to queue
[2026-07-26T18:43:32.734+0000] {logging_mixin.py:188} INFO - [2026-07-26T18:43:32.733+0000] {dagbag.py:545} INFO - Filling up the DagBag from /opt/airflow/dags/football_etl_dag.py
[2026-07-26T18:43:32.754+0000] {processor.py:840} INFO - DAG(s) 'football_etl' retrieved from /opt/airflow/dags/football_etl_dag.py
[2026-07-26T18:43:32.787+0000] {logging_mixin.py:188} INFO - [2026-07-26T18:43:32.787+0000] {dag.py:3089} INFO - Sync 1 DAGs
[2026-07-26T18:43:32.811+0000] {logging_mixin.py:188} INFO - [2026-07-26T18:43:32.810+0000] {dag.py:3947} INFO - Setting next_dagrun for football_etl to 2026-07-30 00:00:00+00:00, run_after=2026-07-31 00:00:00+00:00
[2026-07-26T18:43:32.831+0000] {processor.py:183} INFO - Processing /opt/airflow/dags/football_etl_dag.py took 0.106 seconds
[2026-07-26T18:44:03.007+0000] {processor.py:161} INFO - Started process (PID=399) to work on /opt/airflow/dags/football_etl_dag.py
[2026-07-26T18:44:03.008+0000] {processor.py:830} INFO - Processing file /opt/airflow/dags/football_etl_dag.py for tasks to queue
[2026-07-26T18:44:03.012+0000] {logging_mixin.py:188} INFO - [2026-07-26T18:44:03.011+0000] {dagbag.py:545} INFO - Filling up the DagBag from /opt/airflow/dags/football_etl_dag.py
[2026-07-26T18:44:03.039+0000] {processor.py:840} INFO - DAG(s) 'football_etl' retrieved from /opt/airflow/dags/football_etl_dag.py
[2026-07-26T18:44:03.079+0000] {logging_mixin.py:188} INFO - [2026-07-26T18:44:03.079+0000] {dag.py:3089} INFO - Sync 1 DAGs
[2026-07-26T18:44:03.106+0000] {logging_mixin.py:188} INFO - [2026-07-26T18:44:03.106+0000] {dag.py:3947} INFO - Setting next_dagrun for football_etl to 2026-07-30 00:00:00+00:00, run_after=2026-07-31 00:00:00+00:00
[2026-07-26T18:44:03.128+0000] {processor.py:183} INFO - Processing /opt/airflow/dags/football_etl_dag.py took 0.130 seconds
[2026-07-26T18:44:33.250+0000] {processor.py:161} INFO - Started process (PID=404) to work on /opt/airflow/dags/football_etl_dag.py
[2026-07-26T18:44:33.251+0000] {processor.py:830} INFO - Processing file /opt/airflow/dags/football_etl_dag.py for tasks to queue
[2026-07-26T18:44:33.254+0000] {logging_mixin.py:188} INFO - [2026-07-26T18:44:33.254+0000] {dagbag.py:545} INFO - Filling up the DagBag from /opt/airflow/dags/football_etl_dag.py
[2026-07-26T18:44:33.281+0000] {processor.py:840} INFO - DAG(s) 'football_etl' retrieved from /opt/airflow/dags/football_etl_dag.py
[2026-07-26T18:44:33.325+0000] {logging_mixin.py:188} INFO - [2026-07-26T18:44:33.325+0000] {dag.py:3089} INFO - Sync 1 DAGs
[2026-07-26T18:44:33.352+0000] {logging_mixin.py:188} INFO - [2026-07-26T18:44:33.352+0000] {dag.py:3947} INFO - Setting next_dagrun for football_etl to 2026-07-30 00:00:00+00:00, run_after=2026-07-31 00:00:00+00:00
[2026-07-26T18:44:33.381+0000] {processor.py:183} INFO - Processing /opt/airflow/dags/football_etl_dag.py took 0.140 seconds
[2026-07-26T18:45:03.508+0000] {processor.py:161} INFO - Started process (PID=409) to work on /opt/airflow/dags/football_etl_dag.py
[2026-07-26T18:45:03.509+0000] {processor.py:830} INFO - Processing file /opt/airflow/dags/football_etl_dag.py for tasks to queue
[2026-07-26T18:45:03.512+0000] {logging_mixin.py:188} INFO - [2026-07-26T18:45:03.512+0000] {dagbag.py:545} INFO - Filling up the DagBag from /opt/airflow/dags/football_etl_dag.py
[2026-07-26T18:45:03.539+0000] {processor.py:840} INFO - DAG(s) 'football_etl' retrieved from /opt/airflow/dags/football_etl_dag.py
[2026-07-26T18:45:03.583+0000] {logging_mixin.py:188} INFO - [2026-07-26T18:45:03.583+0000] {dag.py:3089} INFO - Sync 1 DAGs
[2026-07-26T18:45:03.610+0000] {logging_mixin.py:188} INFO - [2026-07-26T18:45:03.609+0000] {dag.py:3947} INFO - Setting next_dagrun for football_etl to 2026-07-30 00:00:00+00:00, run_after=2026-07-31 00:00:00+00:00
[2026-07-26T18:45:03.631+0000] {processor.py:183} INFO - Processing /opt/airflow/dags/football_etl_dag.py took 0.131 seconds
[2026-07-26T18:45:33.847+0000] {processor.py:161} INFO - Started process (PID=414) to work on /opt/airflow/dags/football_etl_dag.py
[2026-07-26T18:45:33.848+0000] {processor.py:830} INFO - Processing file /opt/airflow/dags/football_etl_dag.py for tasks to queue
[2026-07-26T18:45:33.850+0000] {logging_mixin.py:188} INFO - [2026-07-26T18:45:33.850+0000] {dagbag.py:545} INFO - Filling up the DagBag from /opt/airflow/dags/football_etl_dag.py
[2026-07-26T18:45:33.875+0000] {processor.py:840} INFO - DAG(s) 'football_etl' retrieved from /opt/airflow/dags/football_etl_dag.py
[2026-07-26T18:45:33.915+0000] {logging_mixin.py:188} INFO - [2026-07-26T18:45:33.915+0000] {dag.py:3089} INFO - Sync 1 DAGs
[2026-07-26T18:45:33.945+0000] {logging_mixin.py:188} INFO - [2026-07-26T18:45:33.945+0000] {dag.py:3947} INFO - Setting next_dagrun for football_etl to 2026-07-30 00:00:00+00:00, run_after=2026-07-31 00:00:00+00:00
[2026-07-26T18:45:33.967+0000] {processor.py:183} INFO - Processing /opt/airflow/dags/football_etl_dag.py took 0.127 seconds
[2026-07-26T18:46:04.088+0000] {processor.py:161} INFO - Started process (PID=419) to work on /opt/airflow/dags/football_etl_dag.py
[2026-07-26T18:46:04.089+0000] {processor.py:830} INFO - Processing file /opt/airflow/dags/football_etl_dag.py for tasks to queue
[2026-07-26T18:46:04.091+0000] {logging_mixin.py:188} INFO - [2026-07-26T18:46:04.091+0000] {dagbag.py:545} INFO - Filling up the DagBag from /opt/airflow/dags/football_etl_dag.py
[2026-07-26T18:46:04.114+0000] {processor.py:840} INFO - DAG(s) 'football_etl' retrieved from /opt/airflow/dags/football_etl_dag.py
[2026-07-26T18:46:04.149+0000] {logging_mixin.py:188} INFO - [2026-07-26T18:46:04.149+0000] {dag.py:3089} INFO - Sync 1 DAGs
[2026-07-26T18:46:04.175+0000] {logging_mixin.py:188} INFO - [2026-07-26T18:46:04.174+0000] {dag.py:3947} INFO - Setting next_dagrun for football_etl to 2026-07-30 00:00:00+00:00, run_after=2026-07-31 00:00:00+00:00
[2026-07-26T18:46:04.196+0000] {processor.py:183} INFO - Processing /opt/airflow/dags/football_etl_dag.py took 0.113 seconds
[2026-07-26T18:46:34.461+0000] {processor.py:161} INFO - Started process (PID=424) to work on /opt/airflow/dags/football_etl_dag.py
[2026-07-26T18:46:34.462+0000] {processor.py:830} INFO - Processing file /opt/airflow/dags/football_etl_dag.py for tasks to queue
[2026-07-26T18:46:34.465+0000] {logging_mixin.py:188} INFO - [2026-07-26T18:46:34.465+0000] {dagbag.py:545} INFO - Filling up the DagBag from /opt/airflow/dags/football_etl_dag.py
[2026-07-26T18:46:34.490+0000] {processor.py:840} INFO - DAG(s) 'football_etl' retrieved from /opt/airflow/dags/football_etl_dag.py
[2026-07-26T18:46:34.526+0000] {logging_mixin.py:188} INFO - [2026-07-26T18:46:34.525+0000] {dag.py:3089} INFO - Sync 1 DAGs
[2026-07-26T18:46:34.549+0000] {logging_mixin.py:188} INFO - [2026-07-26T18:46:34.548+0000] {dag.py:3947} INFO - Setting next_dagrun for football_etl to 2026-07-30 00:00:00+00:00, run_after=2026-07-31 00:00:00+00:00
[2026-07-26T18:46:34.573+0000] {processor.py:183} INFO - Processing /opt/airflow/dags/football_etl_dag.py took 0.120 seconds
[2026-07-26T18:47:04.743+0000] {processor.py:161} INFO - Started process (PID=429) to work on /opt/airflow/dags/football_etl_dag.py
[2026-07-26T18:47:04.745+0000] {processor.py:830} INFO - Processing file /opt/airflow/dags/football_etl_dag.py for tasks to queue
[2026-07-26T18:47:04.747+0000] {logging_mixin.py:188} INFO - [2026-07-26T18:47:04.747+0000] {dagbag.py:545} INFO - Filling up the DagBag from /opt/airflow/dags/football_etl_dag.py
[2026-07-26T18:47:04.772+0000] {processor.py:840} INFO - DAG(s) 'football_etl' retrieved from /opt/airflow/dags/football_etl_dag.py
[2026-07-26T18:47:04.811+0000] {logging_mixin.py:188} INFO - [2026-07-26T18:47:04.811+0000] {dag.py:3089} INFO - Sync 1 DAGs
[2026-07-26T18:47:04.837+0000] {logging_mixin.py:188} INFO - [2026-07-26T18:47:04.837+0000] {dag.py:3947} INFO - Setting next_dagrun for football_etl to 2026-07-30 00:00:00+00:00, run_after=2026-07-31 00:00:00+00:00
[2026-07-26T18:47:04.860+0000] {processor.py:183} INFO - Processing /opt/airflow/dags/football_etl_dag.py took 0.126 seconds
[2026-07-26T18:47:35.101+0000] {processor.py:161} INFO - Started process (PID=434) to work on /opt/airflow/dags/football_etl_dag.py
[2026-07-26T18:47:35.102+0000] {processor.py:830} INFO - Processing file /opt/airflow/dags/football_etl_dag.py for tasks to queue
[2026-07-26T18:47:35.104+0000] {logging_mixin.py:188} INFO - [2026-07-26T18:47:35.103+0000] {dagbag.py:545} INFO - Filling up the DagBag from /opt/airflow/dags/football_etl_dag.py
[2026-07-26T18:47:35.124+0000] {processor.py:840} INFO - DAG(s) 'football_etl' retrieved from /opt/airflow/dags/football_etl_dag.py
[2026-07-26T18:47:35.155+0000] {logging_mixin.py:188} INFO - [2026-07-26T18:47:35.155+0000] {dag.py:3089} INFO - Sync 1 DAGs
[2026-07-26T18:47:35.176+0000] {logging_mixin.py:188} INFO - [2026-07-26T18:47:35.176+0000] {dag.py:3947} INFO - Setting next_dagrun for football_etl to 2026-07-30 00:00:00+00:00, run_after=2026-07-31 00:00:00+00:00
[2026-07-26T18:47:35.195+0000] {processor.py:183} INFO - Processing /opt/airflow/dags/football_etl_dag.py took 0.100 seconds
[2026-07-26T18:48:05.386+0000] {processor.py:161} INFO - Started process (PID=439) to work on /opt/airflow/dags/football_etl_dag.py
[2026-07-26T18:48:05.387+0000] {processor.py:830} INFO - Processing file /opt/airflow/dags/football_etl_dag.py for tasks to queue
[2026-07-26T18:48:05.390+0000] {logging_mixin.py:188} INFO - [2026-07-26T18:48:05.390+0000] {dagbag.py:545} INFO - Filling up the DagBag from /opt/airflow/dags/football_etl_dag.py
[2026-07-26T18:48:05.415+0000] {processor.py:840} INFO - DAG(s) 'football_etl' retrieved from /opt/airflow/dags/football_etl_dag.py
[2026-07-26T18:48:05.456+0000] {logging_mixin.py:188} INFO - [2026-07-26T18:48:05.456+0000] {dag.py:3089} INFO - Sync 1 DAGs
[2026-07-26T18:48:05.483+0000] {logging_mixin.py:188} INFO - [2026-07-26T18:48:05.483+0000] {dag.py:3947} INFO - Setting next_dagrun for football_etl to 2026-07-30 00:00:00+00:00, run_after=2026-07-31 00:00:00+00:00
[2026-07-26T18:48:05.509+0000] {processor.py:183} INFO - Processing /opt/airflow/dags/football_etl_dag.py took 0.134 seconds
[2026-07-26T18:48:35.708+0000] {processor.py:161} INFO - Started process (PID=444) to work on /opt/airflow/dags/football_etl_dag.py
[2026-07-26T18:48:35.709+0000] {processor.py:830} INFO - Processing file /opt/airflow/dags/football_etl_dag.py for tasks to queue
[2026-07-26T18:48:35.712+0000] {logging_mixin.py:188} INFO - [2026-07-26T18:48:35.711+0000] {dagbag.py:545} INFO - Filling up the DagBag from /opt/airflow/dags/football_etl_dag.py
[2026-07-26T18:48:35.736+0000] {processor.py:840} INFO - DAG(s) 'football_etl' retrieved from /opt/airflow/dags/football_etl_dag.py
[2026-07-26T18:48:35.772+0000] {logging_mixin.py:188} INFO - [2026-07-26T18:48:35.772+0000] {dag.py:3089} INFO - Sync 1 DAGs
[2026-07-26T18:48:35.797+0000] {logging_mixin.py:188} INFO - [2026-07-26T18:48:35.797+0000] {dag.py:3947} INFO - Setting next_dagrun for football_etl to 2026-07-30 00:00:00+00:00, run_after=2026-07-31 00:00:00+00:00
[2026-07-26T18:48:35.818+0000] {processor.py:183} INFO - Processing /opt/airflow/dags/football_etl_dag.py took 0.118 seconds
[2026-07-26T18:49:05.985+0000] {processor.py:161} INFO - Started process (PID=449) to work on /opt/airflow/dags/football_etl_dag.py
[2026-07-26T18:49:05.986+0000] {processor.py:830} INFO - Processing file /opt/airflow/dags/football_etl_dag.py for tasks to queue
[2026-07-26T18:49:05.988+0000] {logging_mixin.py:188} INFO - [2026-07-26T18:49:05.988+0000] {dagbag.py:545} INFO - Filling up the DagBag from /opt/airflow/dags/football_etl_dag.py
[2026-07-26T18:49:06.011+0000] {processor.py:840} INFO - DAG(s) 'football_etl' retrieved from /opt/airflow/dags/football_etl_dag.py
[2026-07-26T18:49:06.044+0000] {logging_mixin.py:188} INFO - [2026-07-26T18:49:06.044+0000] {dag.py:3089} INFO - Sync 1 DAGs
[2026-07-26T18:49:06.066+0000] {logging_mixin.py:188} INFO - [2026-07-26T18:49:06.066+0000] {dag.py:3947} INFO - Setting next_dagrun for football_etl to 2026-07-30 00:00:00+00:00, run_after=2026-07-31 00:00:00+00:00
[2026-07-26T18:49:06.088+0000] {processor.py:183} INFO - Processing /opt/airflow/dags/football_etl_dag.py took 0.109 seconds
[2026-07-26T18:49:36.366+0000] {processor.py:161} INFO - Started process (PID=454) to work on /opt/airflow/dags/football_etl_dag.py
[2026-07-26T18:49:36.367+0000] {processor.py:830} INFO - Processing file /opt/airflow/dags/football_etl_dag.py for tasks to queue
[2026-07-26T18:49:36.369+0000] {logging_mixin.py:188} INFO - [2026-07-26T18:49:36.369+0000] {dagbag.py:545} INFO - Filling up the DagBag from /opt/airflow/dags/football_etl_dag.py
[2026-07-26T18:49:36.392+0000] {processor.py:840} INFO - DAG(s) 'football_etl' retrieved from /opt/airflow/dags/football_etl_dag.py
[2026-07-26T18:49:36.428+0000] {logging_mixin.py:188} INFO - [2026-07-26T18:49:36.427+0000] {dag.py:3089} INFO - Sync 1 DAGs
[2026-07-26T18:49:36.451+0000] {logging_mixin.py:188} INFO - [2026-07-26T18:49:36.450+0000] {dag.py:3947} INFO - Setting next_dagrun for football_etl to 2026-07-30 00:00:00+00:00, run_after=2026-07-31 00:00:00+00:00
[2026-07-26T18:49:36.472+0000] {processor.py:183} INFO - Processing /opt/airflow/dags/football_etl_dag.py took 0.111 seconds
[2026-07-26T18:50:06.685+0000] {processor.py:161} INFO - Started process (PID=459) to work on /opt/airflow/dags/football_etl_dag.py
[2026-07-26T18:50:06.686+0000] {processor.py:830} INFO - Processing file /opt/airflow/dags/football_etl_dag.py for tasks to queue
[2026-07-26T18:50:06.688+0000] {logging_mixin.py:188} INFO - [2026-07-26T18:50:06.688+0000] {dagbag.py:545} INFO - Filling up the DagBag from /opt/airflow/dags/football_etl_dag.py
[2026-07-26T18:50:06.708+0000] {processor.py:840} INFO - DAG(s) 'football_etl' retrieved from /opt/airflow/dags/football_etl_dag.py
[2026-07-26T18:50:06.740+0000] {logging_mixin.py:188} INFO - [2026-07-26T18:50:06.740+0000] {dag.py:3089} INFO - Sync 1 DAGs
[2026-07-26T18:50:06.762+0000] {logging_mixin.py:188} INFO - [2026-07-26T18:50:06.762+0000] {dag.py:3947} INFO - Setting next_dagrun for football_etl to 2026-07-30 00:00:00+00:00, run_after=2026-07-31 00:00:00+00:00
[2026-07-26T18:50:06.781+0000] {processor.py:183} INFO - Processing /opt/airflow/dags/football_etl_dag.py took 0.102 seconds
[2026-07-26T18:50:37.119+0000] {processor.py:161} INFO - Started process (PID=464) to work on /opt/airflow/dags/football_etl_dag.py
[2026-07-26T18:50:37.120+0000] {processor.py:830} INFO - Processing file /opt/airflow/dags/football_etl_dag.py for tasks to queue
[2026-07-26T18:50:37.123+0000] {logging_mixin.py:188} INFO - [2026-07-26T18:50:37.122+0000] {dagbag.py:545} INFO - Filling up the DagBag from /opt/airflow/dags/football_etl_dag.py
[2026-07-26T18:50:37.147+0000] {processor.py:840} INFO - DAG(s) 'football_etl' retrieved from /opt/airflow/dags/football_etl_dag.py
[2026-07-26T18:50:37.185+0000] {logging_mixin.py:188} INFO - [2026-07-26T18:50:37.184+0000] {dag.py:3089} INFO - Sync 1 DAGs
[2026-07-26T18:50:37.210+0000] {logging_mixin.py:188} INFO - [2026-07-26T18:50:37.210+0000] {dag.py:3947} INFO - Setting next_dagrun for football_etl to 2026-07-30 00:00:00+00:00, run_after=2026-07-31 00:00:00+00:00
[2026-07-26T18:50:37.231+0000] {processor.py:183} INFO - Processing /opt/airflow/dags/football_etl_dag.py took 0.119 seconds
[2026-07-26T18:51:07.360+0000] {processor.py:161} INFO - Started process (PID=469) to work on /opt/airflow/dags/football_etl_dag.py
[2026-07-26T18:51:07.361+0000] {processor.py:830} INFO - Processing file /opt/airflow/dags/football_etl_dag.py for tasks to queue
[2026-07-26T18:51:07.364+0000] {logging_mixin.py:188} INFO - [2026-07-26T18:51:07.363+0000] {dagbag.py:545} INFO - Filling up the DagBag from /opt/airflow/dags/football_etl_dag.py
[2026-07-26T18:51:07.393+0000] {processor.py:840} INFO - DAG(s) 'football_etl' retrieved from /opt/airflow/dags/football_etl_dag.py
[2026-07-26T18:51:07.436+0000] {logging_mixin.py:188} INFO - [2026-07-26T18:51:07.436+0000] {dag.py:3089} INFO - Sync 1 DAGs
[2026-07-26T18:51:07.463+0000] {logging_mixin.py:188} INFO - [2026-07-26T18:51:07.463+0000] {dag.py:3947} INFO - Setting next_dagrun for football_etl to 2026-07-30 00:00:00+00:00, run_after=2026-07-31 00:00:00+00:00
[2026-07-26T18:51:07.485+0000] {processor.py:183} INFO - Processing /opt/airflow/dags/football_etl_dag.py took 0.133 seconds
[2026-07-26T18:51:37.632+0000] {processor.py:161} INFO - Started process (PID=474) to work on /opt/airflow/dags/football_etl_dag.py
[2026-07-26T18:51:37.634+0000] {processor.py:830} INFO - Processing file /opt/airflow/dags/football_etl_dag.py for tasks to queue
[2026-07-26T18:51:37.638+0000] {logging_mixin.py:188} INFO - [2026-07-26T18:51:37.637+0000] {dagbag.py:545} INFO - Filling up the DagBag from /opt/airflow/dags/football_etl_dag.py
[2026-07-26T18:51:37.664+0000] {processor.py:840} INFO - DAG(s) 'football_etl' retrieved from /opt/airflow/dags/football_etl_dag.py
[2026-07-26T18:51:37.704+0000] {logging_mixin.py:188} INFO - [2026-07-26T18:51:37.703+0000] {dag.py:3089} INFO - Sync 1 DAGs
[2026-07-26T18:51:37.731+0000] {logging_mixin.py:188} INFO - [2026-07-26T18:51:37.731+0000] {dag.py:3947} INFO - Setting next_dagrun for football_etl to 2026-07-30 00:00:00+00:00, run_after=2026-07-31 00:00:00+00:00
[2026-07-26T18:51:37.755+0000] {processor.py:183} INFO - Processing /opt/airflow/dags/football_etl_dag.py took 0.130 seconds
[2026-07-26T18:52:07.835+0000] {processor.py:161} INFO - Started process (PID=479) to work on /opt/airflow/dags/football_etl_dag.py
[2026-07-26T18:52:07.836+0000] {processor.py:830} INFO - Processing file /opt/airflow/dags/football_etl_dag.py for tasks to queue
[2026-07-26T18:52:07.840+0000] {logging_mixin.py:188} INFO - [2026-07-26T18:52:07.839+0000] {dagbag.py:545} INFO - Filling up the DagBag from /opt/airflow/dags/football_etl_dag.py
[2026-07-26T18:52:07.897+0000] {processor.py:840} INFO - DAG(s) 'football_etl' retrieved from /opt/airflow/dags/football_etl_dag.py
[2026-07-26T18:52:07.958+0000] {logging_mixin.py:188} INFO - [2026-07-26T18:52:07.958+0000] {dag.py:3089} INFO - Sync 1 DAGs
[2026-07-26T18:52:07.985+0000] {logging_mixin.py:188} INFO - [2026-07-26T18:52:07.984+0000] {dag.py:3947} INFO - Setting next_dagrun for football_etl to 2026-07-30 00:00:00+00:00, run_after=2026-07-31 00:00:00+00:00
[2026-07-26T18:52:08.012+0000] {processor.py:183} INFO - Processing /opt/airflow/dags/football_etl_dag.py took 0.186 seconds
[2026-07-26T18:52:38.129+0000] {processor.py:161} INFO - Started process (PID=484) to work on /opt/airflow/dags/football_etl_dag.py
[2026-07-26T18:52:38.131+0000] {processor.py:830} INFO - Processing file /opt/airflow/dags/football_etl_dag.py for tasks to queue
[2026-07-26T18:52:38.135+0000] {logging_mixin.py:188} INFO - [2026-07-26T18:52:38.134+0000] {dagbag.py:545} INFO - Filling up the DagBag from /opt/airflow/dags/football_etl_dag.py
[2026-07-26T18:52:38.161+0000] {processor.py:840} INFO - DAG(s) 'football_etl' retrieved from /opt/airflow/dags/football_etl_dag.py
[2026-07-26T18:52:38.199+0000] {logging_mixin.py:188} INFO - [2026-07-26T18:52:38.199+0000] {dag.py:3089} INFO - Sync 1 DAGs
[2026-07-26T18:52:38.228+0000] {logging_mixin.py:188} INFO - [2026-07-26T18:52:38.228+0000] {dag.py:3947} INFO - Setting next_dagrun for football_etl to 2026-07-30 00:00:00+00:00, run_after=2026-07-31 00:00:00+00:00
[2026-07-26T18:52:38.257+0000] {processor.py:183} INFO - Processing /opt/airflow/dags/football_etl_dag.py took 0.137 seconds
[2026-07-26T18:53:08.412+0000] {processor.py:161} INFO - Started process (PID=489) to work on /opt/airflow/dags/football_etl_dag.py
[2026-07-26T18:53:08.413+0000] {processor.py:830} INFO - Processing file /opt/airflow/dags/football_etl_dag.py for tasks to queue
[2026-07-26T18:53:08.416+0000] {logging_mixin.py:188} INFO - [2026-07-26T18:53:08.415+0000] {dagbag.py:545} INFO - Filling up the DagBag from /opt/airflow/dags/football_etl_dag.py
[2026-07-26T18:53:08.441+0000] {processor.py:840} INFO - DAG(s) 'football_etl' retrieved from /opt/airflow/dags/football_etl_dag.py
[2026-07-26T18:53:08.478+0000] {logging_mixin.py:188} INFO - [2026-07-26T18:53:08.478+0000] {dag.py:3089} INFO - Sync 1 DAGs
[2026-07-26T18:53:08.509+0000] {logging_mixin.py:188} INFO - [2026-07-26T18:53:08.509+0000] {dag.py:3947} INFO - Setting next_dagrun for football_etl to 2026-07-30 00:00:00+00:00, run_after=2026-07-31 00:00:00+00:00
[2026-07-26T18:53:08.531+0000] {processor.py:183} INFO - Processing /opt/airflow/dags/football_etl_dag.py took 0.125 seconds
[2026-07-26T18:53:38.749+0000] {processor.py:161} INFO - Started process (PID=494) to work on /opt/airflow/dags/football_etl_dag.py
[2026-07-26T18:53:38.751+0000] {processor.py:830} INFO - Processing file /opt/airflow/dags/football_etl_dag.py for tasks to queue
[2026-07-26T18:53:38.754+0000] {logging_mixin.py:188} INFO - [2026-07-26T18:53:38.754+0000] {dagbag.py:545} INFO - Filling up the DagBag from /opt/airflow/dags/football_etl_dag.py
[2026-07-26T18:53:38.779+0000] {processor.py:840} INFO - DAG(s) 'football_etl' retrieved from /opt/airflow/dags/football_etl_dag.py
[2026-07-26T18:53:38.815+0000] {logging_mixin.py:188} INFO - [2026-07-26T18:53:38.815+0000] {dag.py:3089} INFO - Sync 1 DAGs
[2026-07-26T18:53:38.839+0000] {logging_mixin.py:188} INFO - [2026-07-26T18:53:38.839+0000] {dag.py:3947} INFO - Setting next_dagrun for football_etl to 2026-07-30 00:00:00+00:00, run_after=2026-07-31 00:00:00+00:00
[2026-07-26T18:53:38.861+0000] {processor.py:183} INFO - Processing /opt/airflow/dags/football_etl_dag.py took 0.119 seconds
[2026-07-26T18:54:09.041+0000] {processor.py:161} INFO - Started process (PID=499) to work on /opt/airflow/dags/football_etl_dag.py
[2026-07-26T18:54:09.042+0000] {processor.py:830} INFO - Processing file /opt/airflow/dags/football_etl_dag.py for tasks to queue
[2026-07-26T18:54:09.045+0000] {logging_mixin.py:188} INFO - [2026-07-26T18:54:09.044+0000] {dagbag.py:545} INFO - Filling up the DagBag from /opt/airflow/dags/football_etl_dag.py
[2026-07-26T18:54:09.071+0000] {processor.py:840} INFO - DAG(s) 'football_etl' retrieved from /opt/airflow/dags/football_etl_dag.py
[2026-07-26T18:54:09.108+0000] {logging_mixin.py:188} INFO - [2026-07-26T18:54:09.108+0000] {dag.py:3089} INFO - Sync 1 DAGs
[2026-07-26T18:54:09.135+0000] {logging_mixin.py:188} INFO - [2026-07-26T18:54:09.134+0000] {dag.py:3947} INFO - Setting next_dagrun for football_etl to 2026-07-30 00:00:00+00:00, run_after=2026-07-31 00:00:00+00:00
[2026-07-26T18:54:09.156+0000] {processor.py:183} INFO - Processing /opt/airflow/dags/football_etl_dag.py took 0.123 seconds
[2026-07-26T18:54:39.441+0000] {processor.py:161} INFO - Started process (PID=504) to work on /opt/airflow/dags/football_etl_dag.py
[2026-07-26T18:54:39.442+0000] {processor.py:830} INFO - Processing file /opt/airflow/dags/football_etl_dag.py for tasks to queue
[2026-07-26T18:54:39.445+0000] {logging_mixin.py:188} INFO - [2026-07-26T18:54:39.444+0000] {dagbag.py:545} INFO - Filling up the DagBag from /opt/airflow/dags/football_etl_dag.py
[2026-07-26T18:54:39.477+0000] {processor.py:840} INFO - DAG(s) 'football_etl' retrieved from /opt/airflow/dags/football_etl_dag.py
[2026-07-26T18:54:39.533+0000] {logging_mixin.py:188} INFO - [2026-07-26T18:54:39.532+0000] {dag.py:3089} INFO - Sync 1 DAGs
[2026-07-26T18:54:39.556+0000] {logging_mixin.py:188} INFO - [2026-07-26T18:54:39.556+0000] {dag.py:3947} INFO - Setting next_dagrun for football_etl to 2026-07-30 00:00:00+00:00, run_after=2026-07-31 00:00:00+00:00
[2026-07-26T18:54:39.578+0000] {processor.py:183} INFO - Processing /opt/airflow/dags/football_etl_dag.py took 0.150 seconds
[2026-07-26T18:55:09.749+0000] {processor.py:161} INFO - Started process (PID=509) to work on /opt/airflow/dags/football_etl_dag.py
[2026-07-26T18:55:09.750+0000] {processor.py:830} INFO - Processing file /opt/airflow/dags/football_etl_dag.py for tasks to queue
[2026-07-26T18:55:09.753+0000] {logging_mixin.py:188} INFO - [2026-07-26T18:55:09.752+0000] {dagbag.py:545} INFO - Filling up the DagBag from /opt/airflow/dags/football_etl_dag.py
[2026-07-26T18:55:09.776+0000] {processor.py:840} INFO - DAG(s) 'football_etl' retrieved from /opt/airflow/dags/football_etl_dag.py
[2026-07-26T18:55:09.812+0000] {logging_mixin.py:188} INFO - [2026-07-26T18:55:09.812+0000] {dag.py:3089} INFO - Sync 1 DAGs
[2026-07-26T18:55:09.836+0000] {logging_mixin.py:188} INFO - [2026-07-26T18:55:09.835+0000] {dag.py:3947} INFO - Setting next_dagrun for football_etl to 2026-07-30 00:00:00+00:00, run_after=2026-07-31 00:00:00+00:00
[2026-07-26T18:55:09.858+0000] {processor.py:183} INFO - Processing /opt/airflow/dags/football_etl_dag.py took 0.116 seconds
[2026-07-26T18:55:40.201+0000] {processor.py:161} INFO - Started process (PID=514) to work on /opt/airflow/dags/football_etl_dag.py
[2026-07-26T18:55:40.202+0000] {processor.py:830} INFO - Processing file /opt/airflow/dags/football_etl_dag.py for tasks to queue
[2026-07-26T18:55:40.205+0000] {logging_mixin.py:188} INFO - [2026-07-26T18:55:40.205+0000] {dagbag.py:545} INFO - Filling up the DagBag from /opt/airflow/dags/football_etl_dag.py
[2026-07-26T18:55:40.228+0000] {processor.py:840} INFO - DAG(s) 'football_etl' retrieved from /opt/airflow/dags/football_etl_dag.py
[2026-07-26T18:55:40.264+0000] {logging_mixin.py:188} INFO - [2026-07-26T18:55:40.263+0000] {dag.py:3089} INFO - Sync 1 DAGs
[2026-07-26T18:55:40.288+0000] {logging_mixin.py:188} INFO - [2026-07-26T18:55:40.288+0000] {dag.py:3947} INFO - Setting next_dagrun for football_etl to 2026-07-30 00:00:00+00:00, run_after=2026-07-31 00:00:00+00:00
[2026-07-26T18:55:40.309+0000] {processor.py:183} INFO - Processing /opt/airflow/dags/football_etl_dag.py took 0.115 seconds
[2026-07-26T18:56:10.429+0000] {processor.py:161} INFO - Started process (PID=519) to work on /opt/airflow/dags/football_etl_dag.py
[2026-07-26T18:56:10.430+0000] {processor.py:830} INFO - Processing file /opt/airflow/dags/football_etl_dag.py for tasks to queue
[2026-07-26T18:56:10.432+0000] {logging_mixin.py:188} INFO - [2026-07-26T18:56:10.432+0000] {dagbag.py:545} INFO - Filling up the DagBag from /opt/airflow/dags/football_etl_dag.py
[2026-07-26T18:56:10.455+0000] {processor.py:840} INFO - DAG(s) 'football_etl' retrieved from /opt/airflow/dags/football_etl_dag.py
[2026-07-26T18:56:10.492+0000] {logging_mixin.py:188} INFO - [2026-07-26T18:56:10.492+0000] {dag.py:3089} INFO - Sync 1 DAGs
[2026-07-26T18:56:10.519+0000] {logging_mixin.py:188} INFO - [2026-07-26T18:56:10.518+0000] {dag.py:3947} INFO - Setting next_dagrun for football_etl to 2026-07-30 00:00:00+00:00, run_after=2026-07-31 00:00:00+00:00
[2026-07-26T18:56:10.542+0000] {processor.py:183} INFO - Processing /opt/airflow/dags/football_etl_dag.py took 0.119 seconds
[2026-07-26T18:56:40.786+0000] {processor.py:161} INFO - Started process (PID=524) to work on /opt/airflow/dags/football_etl_dag.py
[2026-07-26T18:56:40.787+0000] {processor.py:830} INFO - Processing file /opt/airflow/dags/football_etl_dag.py for tasks to queue
[2026-07-26T18:56:40.790+0000] {logging_mixin.py:188} INFO - [2026-07-26T18:56:40.790+0000] {dagbag.py:545} INFO - Filling up the DagBag from /opt/airflow/dags/football_etl_dag.py
[2026-07-26T18:56:40.823+0000] {processor.py:840} INFO - DAG(s) 'football_etl' retrieved from /opt/airflow/dags/football_etl_dag.py
[2026-07-26T18:56:40.877+0000] {logging_mixin.py:188} INFO - [2026-07-26T18:56:40.877+0000] {dag.py:3089} INFO - Sync 1 DAGs
[2026-07-26T18:56:40.905+0000] {logging_mixin.py:188} INFO - [2026-07-26T18:56:40.905+0000] {dag.py:3947} INFO - Setting next_dagrun for football_etl to 2026-07-30 00:00:00+00:00, run_after=2026-07-31 00:00:00+00:00
[2026-07-26T18:56:40.925+0000] {processor.py:183} INFO - Processing /opt/airflow/dags/football_etl_dag.py took 0.145 seconds
[2026-07-26T18:57:11.067+0000] {processor.py:161} INFO - Started process (PID=529) to work on /opt/airflow/dags/football_etl_dag.py
[2026-07-26T18:57:11.068+0000] {processor.py:830} INFO - Processing file /opt/airflow/dags/football_etl_dag.py for tasks to queue
[2026-07-26T18:57:11.071+0000] {logging_mixin.py:188} INFO - [2026-07-26T18:57:11.071+0000] {dagbag.py:545} INFO - Filling up the DagBag from /opt/airflow/dags/football_etl_dag.py
[2026-07-26T18:57:11.096+0000] {processor.py:840} INFO - DAG(s) 'football_etl' retrieved from /opt/airflow/dags/football_etl_dag.py
[2026-07-26T18:57:11.131+0000] {logging_mixin.py:188} INFO - [2026-07-26T18:57:11.130+0000] {dag.py:3089} INFO - Sync 1 DAGs
[2026-07-26T18:57:11.154+0000] {logging_mixin.py:188} INFO - [2026-07-26T18:57:11.153+0000] {dag.py:3947} INFO - Setting next_dagrun for football_etl to 2026-07-30 00:00:00+00:00, run_after=2026-07-31 00:00:00+00:00
[2026-07-26T18:57:11.175+0000] {processor.py:183} INFO - Processing /opt/airflow/dags/football_etl_dag.py took 0.115 seconds
[2026-07-26T18:57:41.411+0000] {processor.py:161} INFO - Started process (PID=534) to work on /opt/airflow/dags/football_etl_dag.py
[2026-07-26T18:57:41.412+0000] {processor.py:830} INFO - Processing file /opt/airflow/dags/football_etl_dag.py for tasks to queue
[2026-07-26T18:57:41.414+0000] {logging_mixin.py:188} INFO - [2026-07-26T18:57:41.414+0000] {dagbag.py:545} INFO - Filling up the DagBag from /opt/airflow/dags/football_etl_dag.py
[2026-07-26T18:57:41.448+0000] {processor.py:840} INFO - DAG(s) 'football_etl' retrieved from /opt/airflow/dags/football_etl_dag.py
[2026-07-26T18:57:41.498+0000] {logging_mixin.py:188} INFO - [2026-07-26T18:57:41.498+0000] {dag.py:3089} INFO - Sync 1 DAGs
[2026-07-26T18:57:41.521+0000] {logging_mixin.py:188} INFO - [2026-07-26T18:57:41.521+0000] {dag.py:3947} INFO - Setting next_dagrun for football_etl to 2026-07-30 00:00:00+00:00, run_after=2026-07-31 00:00:00+00:00
[2026-07-26T18:57:41.542+0000] {processor.py:183} INFO - Processing /opt/airflow/dags/football_etl_dag.py took 0.138 seconds
[2026-07-26T18:58:11.768+0000] {processor.py:161} INFO - Started process (PID=539) to work on /opt/airflow/dags/football_etl_dag.py
[2026-07-26T18:58:11.769+0000] {processor.py:830} INFO - Processing file /opt/airflow/dags/football_etl_dag.py for tasks to queue
[2026-07-26T18:58:11.771+0000] {logging_mixin.py:188} INFO - [2026-07-26T18:58:11.771+0000] {dagbag.py:545} INFO - Filling up the DagBag from /opt/airflow/dags/football_etl_dag.py
[2026-07-26T18:58:11.797+0000] {processor.py:840} INFO - DAG(s) 'football_etl' retrieved from /opt/airflow/dags/football_etl_dag.py
[2026-07-26T18:58:11.833+0000] {logging_mixin.py:188} INFO - [2026-07-26T18:58:11.833+0000] {dag.py:3089} INFO - Sync 1 DAGs
[2026-07-26T18:58:11.858+0000] {logging_mixin.py:188} INFO - [2026-07-26T18:58:11.858+0000] {dag.py:3947} INFO - Setting next_dagrun for football_etl to 2026-07-30 00:00:00+00:00, run_after=2026-07-31 00:00:00+00:00
[2026-07-26T18:58:11.879+0000] {processor.py:183} INFO - Processing /opt/airflow/dags/football_etl_dag.py took 0.119 seconds
[2026-07-26T18:58:42.106+0000] {processor.py:161} INFO - Started process (PID=544) to work on /opt/airflow/dags/football_etl_dag.py
[2026-07-26T18:58:42.107+0000] {processor.py:830} INFO - Processing file /opt/airflow/dags/football_etl_dag.py for tasks to queue
[2026-07-26T18:58:42.109+0000] {logging_mixin.py:188} INFO - [2026-07-26T18:58:42.109+0000] {dagbag.py:545} INFO - Filling up the DagBag from /opt/airflow/dags/football_etl_dag.py
[2026-07-26T18:58:42.136+0000] {processor.py:840} INFO - DAG(s) 'football_etl' retrieved from /opt/airflow/dags/football_etl_dag.py
[2026-07-26T18:58:42.174+0000] {logging_mixin.py:188} INFO - [2026-07-26T18:58:42.174+0000] {dag.py:3089} INFO - Sync 1 DAGs
[2026-07-26T18:58:42.198+0000] {logging_mixin.py:188} INFO - [2026-07-26T18:58:42.198+0000] {dag.py:3947} INFO - Setting next_dagrun for football_etl to 2026-07-30 00:00:00+00:00, run_after=2026-07-31 00:00:00+00:00
[2026-07-26T18:58:42.224+0000] {processor.py:183} INFO - Processing /opt/airflow/dags/football_etl_dag.py took 0.127 seconds
[2026-07-26T18:59:12.396+0000] {processor.py:161} INFO - Started process (PID=549) to work on /opt/airflow/dags/football_etl_dag.py
[2026-07-26T18:59:12.397+0000] {processor.py:830} INFO - Processing file /opt/airflow/dags/football_etl_dag.py for tasks to queue
[2026-07-26T18:59:12.400+0000] {logging_mixin.py:188} INFO - [2026-07-26T18:59:12.400+0000] {dagbag.py:545} INFO - Filling up the DagBag from /opt/airflow/dags/football_etl_dag.py
[2026-07-26T18:59:12.424+0000] {processor.py:840} INFO - DAG(s) 'football_etl' retrieved from /opt/airflow/dags/football_etl_dag.py
[2026-07-26T18:59:12.461+0000] {logging_mixin.py:188} INFO - [2026-07-26T18:59:12.461+0000] {dag.py:3089} INFO - Sync 1 DAGs
[2026-07-26T18:59:12.484+0000] {logging_mixin.py:188} INFO - [2026-07-26T18:59:12.484+0000] {dag.py:3947} INFO - Setting next_dagrun for football_etl to 2026-07-30 00:00:00+00:00, run_after=2026-07-31 00:00:00+00:00
[2026-07-26T18:59:12.506+0000] {processor.py:183} INFO - Processing /opt/airflow/dags/football_etl_dag.py took 0.116 seconds
[2026-07-26T18:59:42.694+0000] {processor.py:161} INFO - Started process (PID=554) to work on /opt/airflow/dags/football_etl_dag.py
[2026-07-26T18:59:42.696+0000] {processor.py:830} INFO - Processing file /opt/airflow/dags/football_etl_dag.py for tasks to queue
[2026-07-26T18:59:42.699+0000] {logging_mixin.py:188} INFO - [2026-07-26T18:59:42.699+0000] {dagbag.py:545} INFO - Filling up the DagBag from /opt/airflow/dags/football_etl_dag.py
[2026-07-26T18:59:42.732+0000] {processor.py:840} INFO - DAG(s) 'football_etl' retrieved from /opt/airflow/dags/football_etl_dag.py
[2026-07-26T18:59:42.789+0000] {logging_mixin.py:188} INFO - [2026-07-26T18:59:42.788+0000] {dag.py:3089} INFO - Sync 1 DAGs
[2026-07-26T18:59:42.815+0000] {logging_mixin.py:188} INFO - [2026-07-26T18:59:42.815+0000] {dag.py:3947} INFO - Setting next_dagrun for football_etl to 2026-07-30 00:00:00+00:00, run_after=2026-07-31 00:00:00+00:00
[2026-07-26T18:59:42.840+0000] {processor.py:183} INFO - Processing /opt/airflow/dags/football_etl_dag.py took 0.155 seconds
[2026-07-26T19:00:12.945+0000] {processor.py:161} INFO - Started process (PID=559) to work on /opt/airflow/dags/football_etl_dag.py
[2026-07-26T19:00:12.947+0000] {processor.py:830} INFO - Processing file /opt/airflow/dags/football_etl_dag.py for tasks to queue
[2026-07-26T19:00:12.949+0000] {logging_mixin.py:188} INFO - [2026-07-26T19:00:12.949+0000] {dagbag.py:545} INFO - Filling up the DagBag from /opt/airflow/dags/football_etl_dag.py
[2026-07-26T19:00:12.977+0000] {processor.py:840} INFO - DAG(s) 'football_etl' retrieved from /opt/airflow/dags/football_etl_dag.py
[2026-07-26T19:00:13.015+0000] {logging_mixin.py:188} INFO - [2026-07-26T19:00:13.015+0000] {dag.py:3089} INFO - Sync 1 DAGs
[2026-07-26T19:00:13.041+0000] {logging_mixin.py:188} INFO - [2026-07-26T19:00:13.040+0000] {dag.py:3947} INFO - Setting next_dagrun for football_etl to 2026-07-30 00:00:00+00:00, run_after=2026-07-31 00:00:00+00:00
[2026-07-26T19:00:13.065+0000] {processor.py:183} INFO - Processing /opt/airflow/dags/football_etl_dag.py took 0.127 seconds
[2026-07-26T19:00:43.351+0000] {processor.py:161} INFO - Started process (PID=564) to work on /opt/airflow/dags/football_etl_dag.py
[2026-07-26T19:00:43.353+0000] {processor.py:830} INFO - Processing file /opt/airflow/dags/football_etl_dag.py for tasks to queue
[2026-07-26T19:00:43.355+0000] {logging_mixin.py:188} INFO - [2026-07-26T19:00:43.355+0000] {dagbag.py:545} INFO - Filling up the DagBag from /opt/airflow/dags/football_etl_dag.py
[2026-07-26T19:00:43.394+0000] {processor.py:840} INFO - DAG(s) 'football_etl' retrieved from /opt/airflow/dags/football_etl_dag.py
[2026-07-26T19:00:43.476+0000] {logging_mixin.py:188} INFO - [2026-07-26T19:00:43.476+0000] {dag.py:3089} INFO - Sync 1 DAGs
[2026-07-26T19:00:43.500+0000] {logging_mixin.py:188} INFO - [2026-07-26T19:00:43.500+0000] {dag.py:3947} INFO - Setting next_dagrun for football_etl to 2026-07-30 00:00:00+00:00, run_after=2026-07-31 00:00:00+00:00
[2026-07-26T19:00:43.532+0000] {processor.py:183} INFO - Processing /opt/airflow/dags/football_etl_dag.py took 0.187 seconds
[2026-07-26T19:01:13.643+0000] {processor.py:161} INFO - Started process (PID=569) to work on /opt/airflow/dags/football_etl_dag.py
[2026-07-26T19:01:13.644+0000] {processor.py:830} INFO - Processing file /opt/airflow/dags/football_etl_dag.py for tasks to queue
[2026-07-26T19:01:13.646+0000] {logging_mixin.py:188} INFO - [2026-07-26T19:01:13.646+0000] {dagbag.py:545} INFO - Filling up the DagBag from /opt/airflow/dags/football_etl_dag.py
[2026-07-26T19:01:13.670+0000] {processor.py:840} INFO - DAG(s) 'football_etl' retrieved from /opt/airflow/dags/football_etl_dag.py
[2026-07-26T19:01:13.707+0000] {logging_mixin.py:188} INFO - [2026-07-26T19:01:13.707+0000] {dag.py:3089} INFO - Sync 1 DAGs
[2026-07-26T19:01:13.731+0000] {logging_mixin.py:188} INFO - [2026-07-26T19:01:13.731+0000] {dag.py:3947} INFO - Setting next_dagrun for football_etl to 2026-07-30 00:00:00+00:00, run_after=2026-07-31 00:00:00+00:00
[2026-07-26T19:01:13.752+0000] {processor.py:183} INFO - Processing /opt/airflow/dags/football_etl_dag.py took 0.116 seconds
[2026-07-26T19:01:44.053+0000] {processor.py:161} INFO - Started process (PID=574) to work on /opt/airflow/dags/football_etl_dag.py
[2026-07-26T19:01:44.054+0000] {processor.py:830} INFO - Processing file /opt/airflow/dags/football_etl_dag.py for tasks to queue
[2026-07-26T19:01:44.057+0000] {logging_mixin.py:188} INFO - [2026-07-26T19:01:44.057+0000] {dagbag.py:545} INFO - Filling up the DagBag from /opt/airflow/dags/football_etl_dag.py
[2026-07-26T19:01:44.088+0000] {processor.py:840} INFO - DAG(s) 'football_etl' retrieved from /opt/airflow/dags/football_etl_dag.py
[2026-07-26T19:01:44.141+0000] {logging_mixin.py:188} INFO - [2026-07-26T19:01:44.141+0000] {dag.py:3089} INFO - Sync 1 DAGs
[2026-07-26T19:01:44.164+0000] {logging_mixin.py:188} INFO - [2026-07-26T19:01:44.164+0000] {dag.py:3947} INFO - Setting next_dagrun for football_etl to 2026-07-30 00:00:00+00:00, run_after=2026-07-31 00:00:00+00:00
[2026-07-26T19:01:44.186+0000] {processor.py:183} INFO - Processing /opt/airflow/dags/football_etl_dag.py took 0.140 seconds
[2026-07-26T19:02:14.283+0000] {processor.py:161} INFO - Started process (PID=579) to work on /opt/airflow/dags/football_etl_dag.py
[2026-07-26T19:02:14.285+0000] {processor.py:830} INFO - Processing file /opt/airflow/dags/football_etl_dag.py for tasks to queue
[2026-07-26T19:02:14.288+0000] {logging_mixin.py:188} INFO - [2026-07-26T19:02:14.287+0000] {dagbag.py:545} INFO - Filling up the DagBag from /opt/airflow/dags/football_etl_dag.py
[2026-07-26T19:02:14.318+0000] {processor.py:840} INFO - DAG(s) 'football_etl' retrieved from /opt/airflow/dags/football_etl_dag.py
[2026-07-26T19:02:14.356+0000] {logging_mixin.py:188} INFO - [2026-07-26T19:02:14.356+0000] {dag.py:3089} INFO - Sync 1 DAGs
[2026-07-26T19:02:14.380+0000] {logging_mixin.py:188} INFO - [2026-07-26T19:02:14.380+0000] {dag.py:3947} INFO - Setting next_dagrun for football_etl to 2026-07-30 00:00:00+00:00, run_after=2026-07-31 00:00:00+00:00
[2026-07-26T19:02:14.402+0000] {processor.py:183} INFO - Processing /opt/airflow/dags/football_etl_dag.py took 0.126 seconds
[2026-07-26T19:02:44.582+0000] {processor.py:161} INFO - Started process (PID=584) to work on /opt/airflow/dags/football_etl_dag.py
[2026-07-26T19:02:44.583+0000] {processor.py:830} INFO - Processing file /opt/airflow/dags/football_etl_dag.py for tasks to queue
[2026-07-26T19:02:44.585+0000] {logging_mixin.py:188} INFO - [2026-07-26T19:02:44.585+0000] {dagbag.py:545} INFO - Filling up the DagBag from /opt/airflow/dags/football_etl_dag.py
[2026-07-26T19:02:44.616+0000] {processor.py:840} INFO - DAG(s) 'football_etl' retrieved from /opt/airflow/dags/football_etl_dag.py
[2026-07-26T19:02:44.668+0000] {logging_mixin.py:188} INFO - [2026-07-26T19:02:44.668+0000] {dag.py:3089} INFO - Sync 1 DAGs
[2026-07-26T19:02:44.692+0000] {logging_mixin.py:188} INFO - [2026-07-26T19:02:44.691+0000] {dag.py:3947} INFO - Setting next_dagrun for football_etl to 2026-07-30 00:00:00+00:00, run_after=2026-07-31 00:00:00+00:00
[2026-07-26T19:02:44.712+0000] {processor.py:183} INFO - Processing /opt/airflow/dags/football_etl_dag.py took 0.136 seconds
[2026-07-26T19:03:14.873+0000] {processor.py:161} INFO - Started process (PID=589) to work on /opt/airflow/dags/football_etl_dag.py
[2026-07-26T19:03:14.874+0000] {processor.py:830} INFO - Processing file /opt/airflow/dags/football_etl_dag.py for tasks to queue
[2026-07-26T19:03:14.877+0000] {logging_mixin.py:188} INFO - [2026-07-26T19:03:14.877+0000] {dagbag.py:545} INFO - Filling up the DagBag from /opt/airflow/dags/football_etl_dag.py
[2026-07-26T19:03:14.903+0000] {processor.py:840} INFO - DAG(s) 'football_etl' retrieved from /opt/airflow/dags/football_etl_dag.py
[2026-07-26T19:03:14.936+0000] {logging_mixin.py:188} INFO - [2026-07-26T19:03:14.935+0000] {dag.py:3089} INFO - Sync 1 DAGs
[2026-07-26T19:03:14.957+0000] {logging_mixin.py:188} INFO - [2026-07-26T19:03:14.957+0000] {dag.py:3947} INFO - Setting next_dagrun for football_etl to 2026-07-30 00:00:00+00:00, run_after=2026-07-31 00:00:00+00:00
[2026-07-26T19:03:14.977+0000] {processor.py:183} INFO - Processing /opt/airflow/dags/football_etl_dag.py took 0.110 seconds
[2026-07-26T19:03:45.196+0000] {processor.py:161} INFO - Started process (PID=594) to work on /opt/airflow/dags/football_etl_dag.py
[2026-07-26T19:03:45.197+0000] {processor.py:830} INFO - Processing file /opt/airflow/dags/football_etl_dag.py for tasks to queue
[2026-07-26T19:03:45.200+0000] {logging_mixin.py:188} INFO - [2026-07-26T19:03:45.199+0000] {dagbag.py:545} INFO - Filling up the DagBag from /opt/airflow/dags/football_etl_dag.py
[2026-07-26T19:03:45.221+0000] {processor.py:840} INFO - DAG(s) 'football_etl' retrieved from /opt/airflow/dags/football_etl_dag.py
[2026-07-26T19:03:45.259+0000] {logging_mixin.py:188} INFO - [2026-07-26T19:03:45.258+0000] {dag.py:3089} INFO - Sync 1 DAGs
[2026-07-26T19:03:45.285+0000] {logging_mixin.py:188} INFO - [2026-07-26T19:03:45.285+0000] {dag.py:3947} INFO - Setting next_dagrun for football_etl to 2026-07-30 00:00:00+00:00, run_after=2026-07-31 00:00:00+00:00
[2026-07-26T19:03:45.306+0000] {processor.py:183} INFO - Processing /opt/airflow/dags/football_etl_dag.py took 0.116 seconds
[2026-07-26T19:04:15.474+0000] {processor.py:161} INFO - Started process (PID=599) to work on /opt/airflow/dags/football_etl_dag.py
[2026-07-26T19:04:15.475+0000] {processor.py:830} INFO - Processing file /opt/airflow/dags/football_etl_dag.py for tasks to queue
[2026-07-26T19:04:15.477+0000] {logging_mixin.py:188} INFO - [2026-07-26T19:04:15.477+0000] {dagbag.py:545} INFO - Filling up the DagBag from /opt/airflow/dags/football_etl_dag.py
[2026-07-26T19:04:15.507+0000] {processor.py:840} INFO - DAG(s) 'football_etl' retrieved from /opt/airflow/dags/football_etl_dag.py
[2026-07-26T19:04:15.564+0000] {logging_mixin.py:188} INFO - [2026-07-26T19:04:15.564+0000] {dag.py:3089} INFO - Sync 1 DAGs
[2026-07-26T19:04:15.586+0000] {logging_mixin.py:188} INFO - [2026-07-26T19:04:15.586+0000] {dag.py:3947} INFO - Setting next_dagrun for football_etl to 2026-07-30 00:00:00+00:00, run_after=2026-07-31 00:00:00+00:00
[2026-07-26T19:04:15.606+0000] {processor.py:183} INFO - Processing /opt/airflow/dags/football_etl_dag.py took 0.139 seconds
[2026-07-26T19:04:45.810+0000] {processor.py:161} INFO - Started process (PID=604) to work on /opt/airflow/dags/football_etl_dag.py
[2026-07-26T19:04:45.811+0000] {processor.py:830} INFO - Processing file /opt/airflow/dags/football_etl_dag.py for tasks to queue
[2026-07-26T19:04:45.814+0000] {logging_mixin.py:188} INFO - [2026-07-26T19:04:45.813+0000] {dagbag.py:545} INFO - Filling up the DagBag from /opt/airflow/dags/football_etl_dag.py
[2026-07-26T19:04:45.847+0000] {processor.py:840} INFO - DAG(s) 'football_etl' retrieved from /opt/airflow/dags/football_etl_dag.py
[2026-07-26T19:04:45.889+0000] {logging_mixin.py:188} INFO - [2026-07-26T19:04:45.889+0000] {dag.py:3089} INFO - Sync 1 DAGs
[2026-07-26T19:04:45.922+0000] {logging_mixin.py:188} INFO - [2026-07-26T19:04:45.921+0000] {dag.py:3947} INFO - Setting next_dagrun for football_etl to 2026-07-30 00:00:00+00:00, run_after=2026-07-31 00:00:00+00:00
[2026-07-26T19:04:45.960+0000] {processor.py:183} INFO - Processing /opt/airflow/dags/football_etl_dag.py took 0.159 seconds
[2026-07-26T19:05:16.120+0000] {processor.py:161} INFO - Started process (PID=609) to work on /opt/airflow/dags/football_etl_dag.py
[2026-07-26T19:05:16.122+0000] {processor.py:830} INFO - Processing file /opt/airflow/dags/football_etl_dag.py for tasks to queue
[2026-07-26T19:05:16.125+0000] {logging_mixin.py:188} INFO - [2026-07-26T19:05:16.125+0000] {dagbag.py:545} INFO - Filling up the DagBag from /opt/airflow/dags/football_etl_dag.py
[2026-07-26T19:05:16.150+0000] {processor.py:840} INFO - DAG(s) 'football_etl' retrieved from /opt/airflow/dags/football_etl_dag.py
[2026-07-26T19:05:16.192+0000] {logging_mixin.py:188} INFO - [2026-07-26T19:05:16.192+0000] {dag.py:3089} INFO - Sync 1 DAGs
[2026-07-26T19:05:16.221+0000] {logging_mixin.py:188} INFO - [2026-07-26T19:05:16.221+0000] {dag.py:3947} INFO - Setting next_dagrun for football_etl to 2026-07-30 00:00:00+00:00, run_after=2026-07-31 00:00:00+00:00
[2026-07-26T19:05:16.243+0000] {processor.py:183} INFO - Processing /opt/airflow/dags/football_etl_dag.py took 0.132 seconds
[2026-07-26T19:05:46.464+0000] {processor.py:161} INFO - Started process (PID=614) to work on /opt/airflow/dags/football_etl_dag.py
[2026-07-26T19:05:46.465+0000] {processor.py:830} INFO - Processing file /opt/airflow/dags/football_etl_dag.py for tasks to queue
[2026-07-26T19:05:46.468+0000] {logging_mixin.py:188} INFO - [2026-07-26T19:05:46.468+0000] {dagbag.py:545} INFO - Filling up the DagBag from /opt/airflow/dags/football_etl_dag.py
[2026-07-26T19:05:46.500+0000] {processor.py:840} INFO - DAG(s) 'football_etl' retrieved from /opt/airflow/dags/football_etl_dag.py
[2026-07-26T19:05:46.566+0000] {logging_mixin.py:188} INFO - [2026-07-26T19:05:46.565+0000] {dag.py:3089} INFO - Sync 1 DAGs
[2026-07-26T19:05:46.589+0000] {logging_mixin.py:188} INFO - [2026-07-26T19:05:46.589+0000] {dag.py:3947} INFO - Setting next_dagrun for football_etl to 2026-07-30 00:00:00+00:00, run_after=2026-07-31 00:00:00+00:00
[2026-07-26T19:05:46.610+0000] {processor.py:183} INFO - Processing /opt/airflow/dags/football_etl_dag.py took 0.153 seconds
[2026-07-26T19:06:16.738+0000] {processor.py:161} INFO - Started process (PID=619) to work on /opt/airflow/dags/football_etl_dag.py
[2026-07-26T19:06:16.739+0000] {processor.py:830} INFO - Processing file /opt/airflow/dags/football_etl_dag.py for tasks to queue
[2026-07-26T19:06:16.742+0000] {logging_mixin.py:188} INFO - [2026-07-26T19:06:16.742+0000] {dagbag.py:545} INFO - Filling up the DagBag from /opt/airflow/dags/football_etl_dag.py
[2026-07-26T19:06:16.768+0000] {processor.py:840} INFO - DAG(s) 'football_etl' retrieved from /opt/airflow/dags/football_etl_dag.py
[2026-07-26T19:06:16.805+0000] {logging_mixin.py:188} INFO - [2026-07-26T19:06:16.804+0000] {dag.py:3089} INFO - Sync 1 DAGs
[2026-07-26T19:06:16.829+0000] {logging_mixin.py:188} INFO - [2026-07-26T19:06:16.828+0000] {dag.py:3947} INFO - Setting next_dagrun for football_etl to 2026-07-30 00:00:00+00:00, run_after=2026-07-31 00:00:00+00:00
[2026-07-26T19:06:16.850+0000] {processor.py:183} INFO - Processing /opt/airflow/dags/football_etl_dag.py took 0.119 seconds
[2026-07-26T19:06:47.154+0000] {processor.py:161} INFO - Started process (PID=624) to work on /opt/airflow/dags/football_etl_dag.py
[2026-07-26T19:06:47.155+0000] {processor.py:830} INFO - Processing file /opt/airflow/dags/football_etl_dag.py for tasks to queue
[2026-07-26T19:06:47.158+0000] {logging_mixin.py:188} INFO - [2026-07-26T19:06:47.158+0000] {dagbag.py:545} INFO - Filling up the DagBag from /opt/airflow/dags/football_etl_dag.py
[2026-07-26T19:06:47.184+0000] {processor.py:840} INFO - DAG(s) 'football_etl' retrieved from /opt/airflow/dags/football_etl_dag.py
[2026-07-26T19:06:47.220+0000] {logging_mixin.py:188} INFO - [2026-07-26T19:06:47.220+0000] {dag.py:3089} INFO - Sync 1 DAGs
[2026-07-26T19:06:47.245+0000] {logging_mixin.py:188} INFO - [2026-07-26T19:06:47.245+0000] {dag.py:3947} INFO - Setting next_dagrun for football_etl to 2026-07-30 00:00:00+00:00, run_after=2026-07-31 00:00:00+00:00
[2026-07-26T19:06:47.266+0000] {processor.py:183} INFO - Processing /opt/airflow/dags/football_etl_dag.py took 0.119 seconds
