[2026-07-29T03:01:35.674+0000] {processor.py:161} INFO - Started process (PID=164) to work on /opt/airflow/dags/football_etl_dag.py
[2026-07-29T03:01:35.677+0000] {processor.py:830} INFO - Processing file /opt/airflow/dags/football_etl_dag.py for tasks to queue
[2026-07-29T03:01:35.682+0000] {logging_mixin.py:188} INFO - [2026-07-29T03:01:35.681+0000] {dagbag.py:545} INFO - Filling up the DagBag from /opt/airflow/dags/football_etl_dag.py
[2026-07-29T03:01:35.720+0000] {processor.py:840} INFO - DAG(s) 'football_etl' retrieved from /opt/airflow/dags/football_etl_dag.py
[2026-07-29T03:01:35.779+0000] {logging_mixin.py:188} INFO - [2026-07-29T03:01:35.779+0000] {dag.py:3089} INFO - Sync 1 DAGs
[2026-07-29T03:01:35.868+0000] {logging_mixin.py:188} INFO - [2026-07-29T03:01:35.868+0000] {dag.py:3947} INFO - Setting next_dagrun for football_etl to 2026-07-29 03:00:00+00:00, run_after=2026-07-29 03:02:00+00:00
[2026-07-29T03:01:35.946+0000] {processor.py:183} INFO - Processing /opt/airflow/dags/football_etl_dag.py took 0.283 seconds
[2026-07-29T03:02:06.170+0000] {processor.py:161} INFO - Started process (PID=189) to work on /opt/airflow/dags/football_etl_dag.py
[2026-07-29T03:02:06.173+0000] {processor.py:830} INFO - Processing file /opt/airflow/dags/football_etl_dag.py for tasks to queue
[2026-07-29T03:02:06.181+0000] {logging_mixin.py:188} INFO - [2026-07-29T03:02:06.179+0000] {dagbag.py:545} INFO - Filling up the DagBag from /opt/airflow/dags/football_etl_dag.py
[2026-07-29T03:02:06.249+0000] {processor.py:840} INFO - DAG(s) 'football_etl' retrieved from /opt/airflow/dags/football_etl_dag.py
[2026-07-29T03:02:06.826+0000] {logging_mixin.py:188} INFO - [2026-07-29T03:02:06.825+0000] {dag.py:3089} INFO - Sync 1 DAGs
[2026-07-29T03:02:06.969+0000] {logging_mixin.py:188} INFO - [2026-07-29T03:02:06.969+0000] {dag.py:3947} INFO - Setting next_dagrun for football_etl to 2026-07-29 03:02:00+00:00, run_after=2026-07-29 03:04:00+00:00
[2026-07-29T03:02:07.223+0000] {processor.py:183} INFO - Processing /opt/airflow/dags/football_etl_dag.py took 1.071 seconds
[2026-07-29T03:02:37.399+0000] {processor.py:161} INFO - Started process (PID=196) to work on /opt/airflow/dags/football_etl_dag.py
[2026-07-29T03:02:37.401+0000] {processor.py:830} INFO - Processing file /opt/airflow/dags/football_etl_dag.py for tasks to queue
[2026-07-29T03:02:37.405+0000] {logging_mixin.py:188} INFO - [2026-07-29T03:02:37.404+0000] {dagbag.py:545} INFO - Filling up the DagBag from /opt/airflow/dags/football_etl_dag.py
[2026-07-29T03:02:37.442+0000] {processor.py:840} INFO - DAG(s) 'football_etl' retrieved from /opt/airflow/dags/football_etl_dag.py
[2026-07-29T03:02:37.496+0000] {logging_mixin.py:188} INFO - [2026-07-29T03:02:37.496+0000] {dag.py:3089} INFO - Sync 1 DAGs
[2026-07-29T03:02:37.529+0000] {logging_mixin.py:188} INFO - [2026-07-29T03:02:37.529+0000] {dag.py:3947} INFO - Setting next_dagrun for football_etl to 2026-07-29 03:02:00+00:00, run_after=2026-07-29 03:04:00+00:00
[2026-07-29T03:02:37.558+0000] {processor.py:183} INFO - Processing /opt/airflow/dags/football_etl_dag.py took 0.168 seconds
[2026-07-29T03:03:07.784+0000] {processor.py:161} INFO - Started process (PID=201) to work on /opt/airflow/dags/football_etl_dag.py
[2026-07-29T03:03:07.786+0000] {processor.py:830} INFO - Processing file /opt/airflow/dags/football_etl_dag.py for tasks to queue
[2026-07-29T03:03:07.788+0000] {logging_mixin.py:188} INFO - [2026-07-29T03:03:07.788+0000] {dagbag.py:545} INFO - Filling up the DagBag from /opt/airflow/dags/football_etl_dag.py
[2026-07-29T03:03:07.812+0000] {processor.py:840} INFO - DAG(s) 'football_etl' retrieved from /opt/airflow/dags/football_etl_dag.py
[2026-07-29T03:03:07.847+0000] {logging_mixin.py:188} INFO - [2026-07-29T03:03:07.847+0000] {dag.py:3089} INFO - Sync 1 DAGs
[2026-07-29T03:03:07.872+0000] {logging_mixin.py:188} INFO - [2026-07-29T03:03:07.872+0000] {dag.py:3947} INFO - Setting next_dagrun for football_etl to 2026-07-29 03:02:00+00:00, run_after=2026-07-29 03:04:00+00:00
[2026-07-29T03:03:07.894+0000] {processor.py:183} INFO - Processing /opt/airflow/dags/football_etl_dag.py took 0.117 seconds
[2026-07-29T03:03:38.028+0000] {processor.py:161} INFO - Started process (PID=206) to work on /opt/airflow/dags/football_etl_dag.py
[2026-07-29T03:03:38.030+0000] {processor.py:830} INFO - Processing file /opt/airflow/dags/football_etl_dag.py for tasks to queue
[2026-07-29T03:03:38.032+0000] {logging_mixin.py:188} INFO - [2026-07-29T03:03:38.032+0000] {dagbag.py:545} INFO - Filling up the DagBag from /opt/airflow/dags/football_etl_dag.py
[2026-07-29T03:03:38.057+0000] {processor.py:840} INFO - DAG(s) 'football_etl' retrieved from /opt/airflow/dags/football_etl_dag.py
[2026-07-29T03:03:38.099+0000] {logging_mixin.py:188} INFO - [2026-07-29T03:03:38.099+0000] {dag.py:3089} INFO - Sync 1 DAGs
[2026-07-29T03:03:38.137+0000] {logging_mixin.py:188} INFO - [2026-07-29T03:03:38.137+0000] {dag.py:3947} INFO - Setting next_dagrun for football_etl to 2026-07-29 03:02:00+00:00, run_after=2026-07-29 03:04:00+00:00
[2026-07-29T03:03:38.161+0000] {processor.py:183} INFO - Processing /opt/airflow/dags/football_etl_dag.py took 0.140 seconds
[2026-07-29T03:04:08.364+0000] {processor.py:161} INFO - Started process (PID=217) to work on /opt/airflow/dags/football_etl_dag.py
[2026-07-29T03:04:08.366+0000] {processor.py:830} INFO - Processing file /opt/airflow/dags/football_etl_dag.py for tasks to queue
[2026-07-29T03:04:08.369+0000] {logging_mixin.py:188} INFO - [2026-07-29T03:04:08.368+0000] {dagbag.py:545} INFO - Filling up the DagBag from /opt/airflow/dags/football_etl_dag.py
[2026-07-29T03:04:08.396+0000] {processor.py:840} INFO - DAG(s) 'football_etl' retrieved from /opt/airflow/dags/football_etl_dag.py
[2026-07-29T03:04:08.433+0000] {logging_mixin.py:188} INFO - [2026-07-29T03:04:08.433+0000] {dag.py:3089} INFO - Sync 1 DAGs
[2026-07-29T03:04:08.461+0000] {logging_mixin.py:188} INFO - [2026-07-29T03:04:08.461+0000] {dag.py:3947} INFO - Setting next_dagrun for football_etl to 2026-07-29 03:04:00+00:00, run_after=2026-07-29 03:06:00+00:00
[2026-07-29T03:04:08.485+0000] {processor.py:183} INFO - Processing /opt/airflow/dags/football_etl_dag.py took 0.131 seconds
[2026-07-29T03:04:38.571+0000] {processor.py:161} INFO - Started process (PID=224) to work on /opt/airflow/dags/football_etl_dag.py
[2026-07-29T03:04:38.572+0000] {processor.py:830} INFO - Processing file /opt/airflow/dags/football_etl_dag.py for tasks to queue
[2026-07-29T03:04:38.575+0000] {logging_mixin.py:188} INFO - [2026-07-29T03:04:38.575+0000] {dagbag.py:545} INFO - Filling up the DagBag from /opt/airflow/dags/football_etl_dag.py
[2026-07-29T03:04:38.601+0000] {processor.py:840} INFO - DAG(s) 'football_etl' retrieved from /opt/airflow/dags/football_etl_dag.py
[2026-07-29T03:04:38.645+0000] {logging_mixin.py:188} INFO - [2026-07-29T03:04:38.645+0000] {dag.py:3089} INFO - Sync 1 DAGs
[2026-07-29T03:04:38.678+0000] {logging_mixin.py:188} INFO - [2026-07-29T03:04:38.678+0000] {dag.py:3947} INFO - Setting next_dagrun for football_etl to 2026-07-29 03:04:00+00:00, run_after=2026-07-29 03:06:00+00:00
[2026-07-29T03:04:38.700+0000] {processor.py:183} INFO - Processing /opt/airflow/dags/football_etl_dag.py took 0.137 seconds
[2026-07-29T03:05:08.896+0000] {processor.py:161} INFO - Started process (PID=229) to work on /opt/airflow/dags/football_etl_dag.py
[2026-07-29T03:05:08.897+0000] {processor.py:830} INFO - Processing file /opt/airflow/dags/football_etl_dag.py for tasks to queue
[2026-07-29T03:05:08.900+0000] {logging_mixin.py:188} INFO - [2026-07-29T03:05:08.899+0000] {dagbag.py:545} INFO - Filling up the DagBag from /opt/airflow/dags/football_etl_dag.py
[2026-07-29T03:05:08.922+0000] {processor.py:840} INFO - DAG(s) 'football_etl' retrieved from /opt/airflow/dags/football_etl_dag.py
[2026-07-29T03:05:08.958+0000] {logging_mixin.py:188} INFO - [2026-07-29T03:05:08.957+0000] {dag.py:3089} INFO - Sync 1 DAGs
[2026-07-29T03:05:08.984+0000] {logging_mixin.py:188} INFO - [2026-07-29T03:05:08.984+0000] {dag.py:3947} INFO - Setting next_dagrun for football_etl to 2026-07-29 03:04:00+00:00, run_after=2026-07-29 03:06:00+00:00
[2026-07-29T03:05:09.004+0000] {processor.py:183} INFO - Processing /opt/airflow/dags/football_etl_dag.py took 0.114 seconds
[2026-07-29T03:05:39.201+0000] {processor.py:161} INFO - Started process (PID=234) to work on /opt/airflow/dags/football_etl_dag.py
[2026-07-29T03:05:39.202+0000] {processor.py:830} INFO - Processing file /opt/airflow/dags/football_etl_dag.py for tasks to queue
[2026-07-29T03:05:39.205+0000] {logging_mixin.py:188} INFO - [2026-07-29T03:05:39.205+0000] {dagbag.py:545} INFO - Filling up the DagBag from /opt/airflow/dags/football_etl_dag.py
[2026-07-29T03:05:39.231+0000] {processor.py:840} INFO - DAG(s) 'football_etl' retrieved from /opt/airflow/dags/football_etl_dag.py
[2026-07-29T03:05:39.269+0000] {logging_mixin.py:188} INFO - [2026-07-29T03:05:39.269+0000] {dag.py:3089} INFO - Sync 1 DAGs
[2026-07-29T03:05:39.294+0000] {logging_mixin.py:188} INFO - [2026-07-29T03:05:39.294+0000] {dag.py:3947} INFO - Setting next_dagrun for football_etl to 2026-07-29 03:04:00+00:00, run_after=2026-07-29 03:06:00+00:00
[2026-07-29T03:05:39.315+0000] {processor.py:183} INFO - Processing /opt/airflow/dags/football_etl_dag.py took 0.124 seconds
[2026-07-29T03:06:09.498+0000] {processor.py:161} INFO - Started process (PID=245) to work on /opt/airflow/dags/football_etl_dag.py
[2026-07-29T03:06:09.503+0000] {processor.py:830} INFO - Processing file /opt/airflow/dags/football_etl_dag.py for tasks to queue
[2026-07-29T03:06:09.507+0000] {logging_mixin.py:188} INFO - [2026-07-29T03:06:09.507+0000] {dagbag.py:545} INFO - Filling up the DagBag from /opt/airflow/dags/football_etl_dag.py
[2026-07-29T03:06:09.539+0000] {processor.py:840} INFO - DAG(s) 'football_etl' retrieved from /opt/airflow/dags/football_etl_dag.py
[2026-07-29T03:06:09.590+0000] {logging_mixin.py:188} INFO - [2026-07-29T03:06:09.590+0000] {dag.py:3089} INFO - Sync 1 DAGs
[2026-07-29T03:06:09.629+0000] {logging_mixin.py:188} INFO - [2026-07-29T03:06:09.629+0000] {dag.py:3947} INFO - Setting next_dagrun for football_etl to 2026-07-29 03:06:00+00:00, run_after=2026-07-29 03:08:00+00:00
[2026-07-29T03:06:09.657+0000] {processor.py:183} INFO - Processing /opt/airflow/dags/football_etl_dag.py took 0.172 seconds
[2026-07-29T03:06:39.744+0000] {processor.py:161} INFO - Started process (PID=252) to work on /opt/airflow/dags/football_etl_dag.py
[2026-07-29T03:06:39.746+0000] {processor.py:830} INFO - Processing file /opt/airflow/dags/football_etl_dag.py for tasks to queue
[2026-07-29T03:06:39.749+0000] {logging_mixin.py:188} INFO - [2026-07-29T03:06:39.748+0000] {dagbag.py:545} INFO - Filling up the DagBag from /opt/airflow/dags/football_etl_dag.py
[2026-07-29T03:06:39.776+0000] {processor.py:840} INFO - DAG(s) 'football_etl' retrieved from /opt/airflow/dags/football_etl_dag.py
[2026-07-29T03:06:39.822+0000] {logging_mixin.py:188} INFO - [2026-07-29T03:06:39.822+0000] {dag.py:3089} INFO - Sync 1 DAGs
[2026-07-29T03:06:39.862+0000] {logging_mixin.py:188} INFO - [2026-07-29T03:06:39.862+0000] {dag.py:3947} INFO - Setting next_dagrun for football_etl to 2026-07-29 03:06:00+00:00, run_after=2026-07-29 03:08:00+00:00
[2026-07-29T03:06:39.891+0000] {processor.py:183} INFO - Processing /opt/airflow/dags/football_etl_dag.py took 0.153 seconds
[2026-07-29T03:07:10.054+0000] {processor.py:161} INFO - Started process (PID=257) to work on /opt/airflow/dags/football_etl_dag.py
[2026-07-29T03:07:10.055+0000] {processor.py:830} INFO - Processing file /opt/airflow/dags/football_etl_dag.py for tasks to queue
[2026-07-29T03:07:10.058+0000] {logging_mixin.py:188} INFO - [2026-07-29T03:07:10.058+0000] {dagbag.py:545} INFO - Filling up the DagBag from /opt/airflow/dags/football_etl_dag.py
[2026-07-29T03:07:10.085+0000] {processor.py:840} INFO - DAG(s) 'football_etl' retrieved from /opt/airflow/dags/football_etl_dag.py
[2026-07-29T03:07:10.127+0000] {logging_mixin.py:188} INFO - [2026-07-29T03:07:10.126+0000] {dag.py:3089} INFO - Sync 1 DAGs
[2026-07-29T03:07:10.157+0000] {logging_mixin.py:188} INFO - [2026-07-29T03:07:10.157+0000] {dag.py:3947} INFO - Setting next_dagrun for football_etl to 2026-07-29 03:06:00+00:00, run_after=2026-07-29 03:08:00+00:00
[2026-07-29T03:07:10.182+0000] {processor.py:183} INFO - Processing /opt/airflow/dags/football_etl_dag.py took 0.136 seconds
[2026-07-29T03:07:40.402+0000] {processor.py:161} INFO - Started process (PID=262) to work on /opt/airflow/dags/football_etl_dag.py
[2026-07-29T03:07:40.404+0000] {processor.py:830} INFO - Processing file /opt/airflow/dags/football_etl_dag.py for tasks to queue
[2026-07-29T03:07:40.407+0000] {logging_mixin.py:188} INFO - [2026-07-29T03:07:40.407+0000] {dagbag.py:545} INFO - Filling up the DagBag from /opt/airflow/dags/football_etl_dag.py
[2026-07-29T03:07:40.430+0000] {processor.py:840} INFO - DAG(s) 'football_etl' retrieved from /opt/airflow/dags/football_etl_dag.py
[2026-07-29T03:07:40.464+0000] {logging_mixin.py:188} INFO - [2026-07-29T03:07:40.464+0000] {dag.py:3089} INFO - Sync 1 DAGs
[2026-07-29T03:07:40.493+0000] {logging_mixin.py:188} INFO - [2026-07-29T03:07:40.493+0000] {dag.py:3947} INFO - Setting next_dagrun for football_etl to 2026-07-29 03:06:00+00:00, run_after=2026-07-29 03:08:00+00:00
[2026-07-29T03:07:40.513+0000] {processor.py:183} INFO - Processing /opt/airflow/dags/football_etl_dag.py took 0.120 seconds
[2026-07-29T03:08:10.620+0000] {processor.py:161} INFO - Started process (PID=273) to work on /opt/airflow/dags/football_etl_dag.py
[2026-07-29T03:08:10.622+0000] {processor.py:830} INFO - Processing file /opt/airflow/dags/football_etl_dag.py for tasks to queue
[2026-07-29T03:08:10.626+0000] {logging_mixin.py:188} INFO - [2026-07-29T03:08:10.626+0000] {dagbag.py:545} INFO - Filling up the DagBag from /opt/airflow/dags/football_etl_dag.py
[2026-07-29T03:08:10.657+0000] {processor.py:840} INFO - DAG(s) 'football_etl' retrieved from /opt/airflow/dags/football_etl_dag.py
[2026-07-29T03:08:10.703+0000] {logging_mixin.py:188} INFO - [2026-07-29T03:08:10.703+0000] {dag.py:3089} INFO - Sync 1 DAGs
[2026-07-29T03:08:10.738+0000] {logging_mixin.py:188} INFO - [2026-07-29T03:08:10.738+0000] {dag.py:3947} INFO - Setting next_dagrun for football_etl to 2026-07-29 03:08:00+00:00, run_after=2026-07-29 03:10:00+00:00
[2026-07-29T03:08:10.763+0000] {processor.py:183} INFO - Processing /opt/airflow/dags/football_etl_dag.py took 0.153 seconds
[2026-07-29T03:08:40.937+0000] {processor.py:161} INFO - Started process (PID=280) to work on /opt/airflow/dags/football_etl_dag.py
[2026-07-29T03:08:40.939+0000] {processor.py:830} INFO - Processing file /opt/airflow/dags/football_etl_dag.py for tasks to queue
[2026-07-29T03:08:40.942+0000] {logging_mixin.py:188} INFO - [2026-07-29T03:08:40.942+0000] {dagbag.py:545} INFO - Filling up the DagBag from /opt/airflow/dags/football_etl_dag.py
[2026-07-29T03:08:40.970+0000] {processor.py:840} INFO - DAG(s) 'football_etl' retrieved from /opt/airflow/dags/football_etl_dag.py
[2026-07-29T03:08:41.011+0000] {logging_mixin.py:188} INFO - [2026-07-29T03:08:41.011+0000] {dag.py:3089} INFO - Sync 1 DAGs
[2026-07-29T03:08:41.043+0000] {logging_mixin.py:188} INFO - [2026-07-29T03:08:41.042+0000] {dag.py:3947} INFO - Setting next_dagrun for football_etl to 2026-07-29 03:08:00+00:00, run_after=2026-07-29 03:10:00+00:00
[2026-07-29T03:08:41.064+0000] {processor.py:183} INFO - Processing /opt/airflow/dags/football_etl_dag.py took 0.138 seconds
[2026-07-29T03:09:11.190+0000] {processor.py:161} INFO - Started process (PID=285) to work on /opt/airflow/dags/football_etl_dag.py
[2026-07-29T03:09:11.192+0000] {processor.py:830} INFO - Processing file /opt/airflow/dags/football_etl_dag.py for tasks to queue
[2026-07-29T03:09:11.195+0000] {logging_mixin.py:188} INFO - [2026-07-29T03:09:11.194+0000] {dagbag.py:545} INFO - Filling up the DagBag from /opt/airflow/dags/football_etl_dag.py
[2026-07-29T03:09:11.221+0000] {processor.py:840} INFO - DAG(s) 'football_etl' retrieved from /opt/airflow/dags/football_etl_dag.py
[2026-07-29T03:09:11.280+0000] {logging_mixin.py:188} INFO - [2026-07-29T03:09:11.280+0000] {dag.py:3089} INFO - Sync 1 DAGs
[2026-07-29T03:09:11.309+0000] {logging_mixin.py:188} INFO - [2026-07-29T03:09:11.309+0000] {dag.py:3947} INFO - Setting next_dagrun for football_etl to 2026-07-29 03:08:00+00:00, run_after=2026-07-29 03:10:00+00:00
[2026-07-29T03:09:11.330+0000] {processor.py:183} INFO - Processing /opt/airflow/dags/football_etl_dag.py took 0.148 seconds
[2026-07-29T03:09:41.529+0000] {processor.py:161} INFO - Started process (PID=290) to work on /opt/airflow/dags/football_etl_dag.py
[2026-07-29T03:09:41.531+0000] {processor.py:830} INFO - Processing file /opt/airflow/dags/football_etl_dag.py for tasks to queue
[2026-07-29T03:09:41.534+0000] {logging_mixin.py:188} INFO - [2026-07-29T03:09:41.533+0000] {dagbag.py:545} INFO - Filling up the DagBag from /opt/airflow/dags/football_etl_dag.py
[2026-07-29T03:09:41.559+0000] {processor.py:840} INFO - DAG(s) 'football_etl' retrieved from /opt/airflow/dags/football_etl_dag.py
[2026-07-29T03:09:41.598+0000] {logging_mixin.py:188} INFO - [2026-07-29T03:09:41.597+0000] {dag.py:3089} INFO - Sync 1 DAGs
[2026-07-29T03:09:41.628+0000] {logging_mixin.py:188} INFO - [2026-07-29T03:09:41.628+0000] {dag.py:3947} INFO - Setting next_dagrun for football_etl to 2026-07-29 03:08:00+00:00, run_after=2026-07-29 03:10:00+00:00
[2026-07-29T03:09:41.654+0000] {processor.py:183} INFO - Processing /opt/airflow/dags/football_etl_dag.py took 0.132 seconds
[2026-07-29T03:10:11.760+0000] {processor.py:161} INFO - Started process (PID=301) to work on /opt/airflow/dags/football_etl_dag.py
[2026-07-29T03:10:11.761+0000] {processor.py:830} INFO - Processing file /opt/airflow/dags/football_etl_dag.py for tasks to queue
[2026-07-29T03:10:11.764+0000] {logging_mixin.py:188} INFO - [2026-07-29T03:10:11.764+0000] {dagbag.py:545} INFO - Filling up the DagBag from /opt/airflow/dags/football_etl_dag.py
[2026-07-29T03:10:11.795+0000] {processor.py:840} INFO - DAG(s) 'football_etl' retrieved from /opt/airflow/dags/football_etl_dag.py
[2026-07-29T03:10:11.850+0000] {logging_mixin.py:188} INFO - [2026-07-29T03:10:11.850+0000] {dag.py:3089} INFO - Sync 1 DAGs
[2026-07-29T03:10:11.922+0000] {logging_mixin.py:188} INFO - [2026-07-29T03:10:11.921+0000] {dag.py:3947} INFO - Setting next_dagrun for football_etl to 2026-07-29 03:10:00+00:00, run_after=2026-07-29 03:12:00+00:00
[2026-07-29T03:10:11.957+0000] {processor.py:183} INFO - Processing /opt/airflow/dags/football_etl_dag.py took 0.205 seconds
[2026-07-29T03:10:42.107+0000] {processor.py:161} INFO - Started process (PID=308) to work on /opt/airflow/dags/football_etl_dag.py
[2026-07-29T03:10:42.110+0000] {processor.py:830} INFO - Processing file /opt/airflow/dags/football_etl_dag.py for tasks to queue
[2026-07-29T03:10:42.117+0000] {logging_mixin.py:188} INFO - [2026-07-29T03:10:42.116+0000] {dagbag.py:545} INFO - Filling up the DagBag from /opt/airflow/dags/football_etl_dag.py
[2026-07-29T03:10:42.190+0000] {processor.py:840} INFO - DAG(s) 'football_etl' retrieved from /opt/airflow/dags/football_etl_dag.py
[2026-07-29T03:10:42.323+0000] {logging_mixin.py:188} INFO - [2026-07-29T03:10:42.323+0000] {dag.py:3089} INFO - Sync 1 DAGs
[2026-07-29T03:10:42.373+0000] {logging_mixin.py:188} INFO - [2026-07-29T03:10:42.372+0000] {dag.py:3947} INFO - Setting next_dagrun for football_etl to 2026-07-29 03:10:00+00:00, run_after=2026-07-29 03:12:00+00:00
[2026-07-29T03:10:42.413+0000] {processor.py:183} INFO - Processing /opt/airflow/dags/football_etl_dag.py took 0.327 seconds
[2026-07-29T03:11:12.703+0000] {processor.py:161} INFO - Started process (PID=313) to work on /opt/airflow/dags/football_etl_dag.py
[2026-07-29T03:11:12.705+0000] {processor.py:830} INFO - Processing file /opt/airflow/dags/football_etl_dag.py for tasks to queue
[2026-07-29T03:11:12.708+0000] {logging_mixin.py:188} INFO - [2026-07-29T03:11:12.707+0000] {dagbag.py:545} INFO - Filling up the DagBag from /opt/airflow/dags/football_etl_dag.py
[2026-07-29T03:11:12.733+0000] {processor.py:840} INFO - DAG(s) 'football_etl' retrieved from /opt/airflow/dags/football_etl_dag.py
[2026-07-29T03:11:12.773+0000] {logging_mixin.py:188} INFO - [2026-07-29T03:11:12.773+0000] {dag.py:3089} INFO - Sync 1 DAGs
[2026-07-29T03:11:12.826+0000] {logging_mixin.py:188} INFO - [2026-07-29T03:11:12.825+0000] {dag.py:3947} INFO - Setting next_dagrun for football_etl to 2026-07-29 03:10:00+00:00, run_after=2026-07-29 03:12:00+00:00
[2026-07-29T03:11:12.852+0000] {processor.py:183} INFO - Processing /opt/airflow/dags/football_etl_dag.py took 0.157 seconds
[2026-07-29T03:11:42.958+0000] {processor.py:161} INFO - Started process (PID=318) to work on /opt/airflow/dags/football_etl_dag.py
[2026-07-29T03:11:42.959+0000] {processor.py:830} INFO - Processing file /opt/airflow/dags/football_etl_dag.py for tasks to queue
[2026-07-29T03:11:42.962+0000] {logging_mixin.py:188} INFO - [2026-07-29T03:11:42.961+0000] {dagbag.py:545} INFO - Filling up the DagBag from /opt/airflow/dags/football_etl_dag.py
[2026-07-29T03:11:42.995+0000] {processor.py:840} INFO - DAG(s) 'football_etl' retrieved from /opt/airflow/dags/football_etl_dag.py
[2026-07-29T03:11:43.033+0000] {logging_mixin.py:188} INFO - [2026-07-29T03:11:43.032+0000] {dag.py:3089} INFO - Sync 1 DAGs
[2026-07-29T03:11:43.060+0000] {logging_mixin.py:188} INFO - [2026-07-29T03:11:43.060+0000] {dag.py:3947} INFO - Setting next_dagrun for football_etl to 2026-07-29 03:10:00+00:00, run_after=2026-07-29 03:12:00+00:00
[2026-07-29T03:11:43.080+0000] {processor.py:183} INFO - Processing /opt/airflow/dags/football_etl_dag.py took 0.129 seconds
[2026-07-29T03:12:13.311+0000] {processor.py:161} INFO - Started process (PID=329) to work on /opt/airflow/dags/football_etl_dag.py
[2026-07-29T03:12:13.314+0000] {processor.py:830} INFO - Processing file /opt/airflow/dags/football_etl_dag.py for tasks to queue
[2026-07-29T03:12:13.318+0000] {logging_mixin.py:188} INFO - [2026-07-29T03:12:13.317+0000] {dagbag.py:545} INFO - Filling up the DagBag from /opt/airflow/dags/football_etl_dag.py
[2026-07-29T03:12:13.354+0000] {processor.py:840} INFO - DAG(s) 'football_etl' retrieved from /opt/airflow/dags/football_etl_dag.py
[2026-07-29T03:12:13.397+0000] {logging_mixin.py:188} INFO - [2026-07-29T03:12:13.397+0000] {dag.py:3089} INFO - Sync 1 DAGs
[2026-07-29T03:12:13.433+0000] {logging_mixin.py:188} INFO - [2026-07-29T03:12:13.433+0000] {dag.py:3947} INFO - Setting next_dagrun for football_etl to 2026-07-29 03:12:00+00:00, run_after=2026-07-29 03:14:00+00:00
[2026-07-29T03:12:13.463+0000] {processor.py:183} INFO - Processing /opt/airflow/dags/football_etl_dag.py took 0.161 seconds
[2026-07-29T03:12:43.658+0000] {processor.py:161} INFO - Started process (PID=336) to work on /opt/airflow/dags/football_etl_dag.py
[2026-07-29T03:12:43.659+0000] {processor.py:830} INFO - Processing file /opt/airflow/dags/football_etl_dag.py for tasks to queue
[2026-07-29T03:12:43.662+0000] {logging_mixin.py:188} INFO - [2026-07-29T03:12:43.661+0000] {dagbag.py:545} INFO - Filling up the DagBag from /opt/airflow/dags/football_etl_dag.py
[2026-07-29T03:12:43.694+0000] {processor.py:840} INFO - DAG(s) 'football_etl' retrieved from /opt/airflow/dags/football_etl_dag.py
[2026-07-29T03:12:43.757+0000] {logging_mixin.py:188} INFO - [2026-07-29T03:12:43.757+0000] {dag.py:3089} INFO - Sync 1 DAGs
[2026-07-29T03:12:43.798+0000] {logging_mixin.py:188} INFO - [2026-07-29T03:12:43.798+0000] {dag.py:3947} INFO - Setting next_dagrun for football_etl to 2026-07-29 03:12:00+00:00, run_after=2026-07-29 03:14:00+00:00
[2026-07-29T03:12:43.829+0000] {processor.py:183} INFO - Processing /opt/airflow/dags/football_etl_dag.py took 0.180 seconds
[2026-07-29T03:13:14.047+0000] {processor.py:161} INFO - Started process (PID=341) to work on /opt/airflow/dags/football_etl_dag.py
[2026-07-29T03:13:14.052+0000] {processor.py:830} INFO - Processing file /opt/airflow/dags/football_etl_dag.py for tasks to queue
[2026-07-29T03:13:14.056+0000] {logging_mixin.py:188} INFO - [2026-07-29T03:13:14.055+0000] {dagbag.py:545} INFO - Filling up the DagBag from /opt/airflow/dags/football_etl_dag.py
[2026-07-29T03:13:14.085+0000] {processor.py:840} INFO - DAG(s) 'football_etl' retrieved from /opt/airflow/dags/football_etl_dag.py
[2026-07-29T03:13:14.124+0000] {logging_mixin.py:188} INFO - [2026-07-29T03:13:14.124+0000] {dag.py:3089} INFO - Sync 1 DAGs
[2026-07-29T03:13:14.153+0000] {logging_mixin.py:188} INFO - [2026-07-29T03:13:14.152+0000] {dag.py:3947} INFO - Setting next_dagrun for football_etl to 2026-07-29 03:12:00+00:00, run_after=2026-07-29 03:14:00+00:00
[2026-07-29T03:13:14.177+0000] {processor.py:183} INFO - Processing /opt/airflow/dags/football_etl_dag.py took 0.144 seconds
[2026-07-29T03:13:44.441+0000] {processor.py:161} INFO - Started process (PID=346) to work on /opt/airflow/dags/football_etl_dag.py
[2026-07-29T03:13:44.443+0000] {processor.py:830} INFO - Processing file /opt/airflow/dags/football_etl_dag.py for tasks to queue
[2026-07-29T03:13:44.446+0000] {logging_mixin.py:188} INFO - [2026-07-29T03:13:44.445+0000] {dagbag.py:545} INFO - Filling up the DagBag from /opt/airflow/dags/football_etl_dag.py
[2026-07-29T03:13:44.469+0000] {processor.py:840} INFO - DAG(s) 'football_etl' retrieved from /opt/airflow/dags/football_etl_dag.py
[2026-07-29T03:13:44.510+0000] {logging_mixin.py:188} INFO - [2026-07-29T03:13:44.509+0000] {dag.py:3089} INFO - Sync 1 DAGs
[2026-07-29T03:13:44.538+0000] {logging_mixin.py:188} INFO - [2026-07-29T03:13:44.538+0000] {dag.py:3947} INFO - Setting next_dagrun for football_etl to 2026-07-29 03:12:00+00:00, run_after=2026-07-29 03:14:00+00:00
[2026-07-29T03:13:44.559+0000] {processor.py:183} INFO - Processing /opt/airflow/dags/football_etl_dag.py took 0.124 seconds
[2026-07-29T16:32:11.672+0000] {processor.py:161} INFO - Started process (PID=164) to work on /opt/airflow/dags/football_etl_dag.py
[2026-07-29T16:32:11.676+0000] {processor.py:830} INFO - Processing file /opt/airflow/dags/football_etl_dag.py for tasks to queue
[2026-07-29T16:32:11.683+0000] {logging_mixin.py:188} INFO - [2026-07-29T16:32:11.683+0000] {dagbag.py:545} INFO - Filling up the DagBag from /opt/airflow/dags/football_etl_dag.py
[2026-07-29T16:32:11.740+0000] {processor.py:840} INFO - DAG(s) 'football_etl' retrieved from /opt/airflow/dags/football_etl_dag.py
[2026-07-29T16:32:11.836+0000] {logging_mixin.py:188} INFO - [2026-07-29T16:32:11.836+0000] {dag.py:3089} INFO - Sync 1 DAGs
[2026-07-29T16:32:11.912+0000] {logging_mixin.py:188} INFO - [2026-07-29T16:32:11.911+0000] {dag.py:3947} INFO - Setting next_dagrun for football_etl to 2026-07-29 16:32:00+00:00, run_after=2026-07-29 16:34:00+00:00
[2026-07-29T16:32:11.963+0000] {processor.py:183} INFO - Processing /opt/airflow/dags/football_etl_dag.py took 0.308 seconds
[2026-07-29T16:32:42.444+0000] {processor.py:161} INFO - Started process (PID=182) to work on /opt/airflow/dags/football_etl_dag.py
[2026-07-29T16:32:42.453+0000] {processor.py:830} INFO - Processing file /opt/airflow/dags/football_etl_dag.py for tasks to queue
[2026-07-29T16:32:42.471+0000] {logging_mixin.py:188} INFO - [2026-07-29T16:32:42.470+0000] {dagbag.py:545} INFO - Filling up the DagBag from /opt/airflow/dags/football_etl_dag.py
[2026-07-29T16:32:42.575+0000] {processor.py:840} INFO - DAG(s) 'football_etl' retrieved from /opt/airflow/dags/football_etl_dag.py
[2026-07-29T16:32:43.896+0000] {logging_mixin.py:188} INFO - [2026-07-29T16:32:43.893+0000] {dag.py:3089} INFO - Sync 1 DAGs
[2026-07-29T16:32:44.070+0000] {logging_mixin.py:188} INFO - [2026-07-29T16:32:44.059+0000] {dag.py:3947} INFO - Setting next_dagrun for football_etl to 2026-07-29 16:32:00+00:00, run_after=2026-07-29 16:34:00+00:00
[2026-07-29T16:32:44.220+0000] {processor.py:183} INFO - Processing /opt/airflow/dags/football_etl_dag.py took 1.826 seconds
[2026-07-29T16:33:14.746+0000] {processor.py:161} INFO - Started process (PID=191) to work on /opt/airflow/dags/football_etl_dag.py
[2026-07-29T16:33:14.749+0000] {processor.py:830} INFO - Processing file /opt/airflow/dags/football_etl_dag.py for tasks to queue
[2026-07-29T16:33:14.754+0000] {logging_mixin.py:188} INFO - [2026-07-29T16:33:14.753+0000] {dagbag.py:545} INFO - Filling up the DagBag from /opt/airflow/dags/football_etl_dag.py
[2026-07-29T16:33:14.801+0000] {processor.py:840} INFO - DAG(s) 'football_etl' retrieved from /opt/airflow/dags/football_etl_dag.py
[2026-07-29T16:33:14.882+0000] {logging_mixin.py:188} INFO - [2026-07-29T16:33:14.882+0000] {dag.py:3089} INFO - Sync 1 DAGs
[2026-07-29T16:33:14.935+0000] {logging_mixin.py:188} INFO - [2026-07-29T16:33:14.935+0000] {dag.py:3947} INFO - Setting next_dagrun for football_etl to 2026-07-29 16:32:00+00:00, run_after=2026-07-29 16:34:00+00:00
[2026-07-29T16:33:14.988+0000] {processor.py:183} INFO - Processing /opt/airflow/dags/football_etl_dag.py took 0.259 seconds
[2026-07-29T16:33:45.295+0000] {processor.py:161} INFO - Started process (PID=196) to work on /opt/airflow/dags/football_etl_dag.py
[2026-07-29T16:33:45.298+0000] {processor.py:830} INFO - Processing file /opt/airflow/dags/football_etl_dag.py for tasks to queue
[2026-07-29T16:33:45.305+0000] {logging_mixin.py:188} INFO - [2026-07-29T16:33:45.304+0000] {dagbag.py:545} INFO - Filling up the DagBag from /opt/airflow/dags/football_etl_dag.py
[2026-07-29T16:33:45.367+0000] {processor.py:840} INFO - DAG(s) 'football_etl' retrieved from /opt/airflow/dags/football_etl_dag.py
[2026-07-29T16:33:45.457+0000] {logging_mixin.py:188} INFO - [2026-07-29T16:33:45.457+0000] {dag.py:3089} INFO - Sync 1 DAGs
[2026-07-29T16:33:45.537+0000] {logging_mixin.py:188} INFO - [2026-07-29T16:33:45.536+0000] {dag.py:3947} INFO - Setting next_dagrun for football_etl to 2026-07-29 16:32:00+00:00, run_after=2026-07-29 16:34:00+00:00
[2026-07-29T16:33:45.608+0000] {processor.py:183} INFO - Processing /opt/airflow/dags/football_etl_dag.py took 0.333 seconds
[2026-07-29T16:34:16.090+0000] {processor.py:161} INFO - Started process (PID=207) to work on /opt/airflow/dags/football_etl_dag.py
[2026-07-29T16:34:16.095+0000] {processor.py:830} INFO - Processing file /opt/airflow/dags/football_etl_dag.py for tasks to queue
[2026-07-29T16:34:16.104+0000] {logging_mixin.py:188} INFO - [2026-07-29T16:34:16.103+0000] {dagbag.py:545} INFO - Filling up the DagBag from /opt/airflow/dags/football_etl_dag.py
[2026-07-29T16:34:16.188+0000] {processor.py:840} INFO - DAG(s) 'football_etl' retrieved from /opt/airflow/dags/football_etl_dag.py
[2026-07-29T16:34:16.291+0000] {logging_mixin.py:188} INFO - [2026-07-29T16:34:16.290+0000] {dag.py:3089} INFO - Sync 1 DAGs
[2026-07-29T16:34:16.396+0000] {logging_mixin.py:188} INFO - [2026-07-29T16:34:16.396+0000] {dag.py:3947} INFO - Setting next_dagrun for football_etl to 2026-07-29 16:34:00+00:00, run_after=2026-07-29 16:36:00+00:00
[2026-07-29T16:34:16.451+0000] {processor.py:183} INFO - Processing /opt/airflow/dags/football_etl_dag.py took 0.377 seconds
[2026-07-29T16:34:46.900+0000] {processor.py:161} INFO - Started process (PID=214) to work on /opt/airflow/dags/football_etl_dag.py
[2026-07-29T16:34:46.903+0000] {processor.py:830} INFO - Processing file /opt/airflow/dags/football_etl_dag.py for tasks to queue
[2026-07-29T16:34:46.908+0000] {logging_mixin.py:188} INFO - [2026-07-29T16:34:46.907+0000] {dagbag.py:545} INFO - Filling up the DagBag from /opt/airflow/dags/football_etl_dag.py
[2026-07-29T16:34:46.951+0000] {processor.py:840} INFO - DAG(s) 'football_etl' retrieved from /opt/airflow/dags/football_etl_dag.py
[2026-07-29T16:34:47.021+0000] {logging_mixin.py:188} INFO - [2026-07-29T16:34:47.021+0000] {dag.py:3089} INFO - Sync 1 DAGs
[2026-07-29T16:34:47.075+0000] {logging_mixin.py:188} INFO - [2026-07-29T16:34:47.074+0000] {dag.py:3947} INFO - Setting next_dagrun for football_etl to 2026-07-29 16:34:00+00:00, run_after=2026-07-29 16:36:00+00:00
[2026-07-29T16:34:47.124+0000] {processor.py:183} INFO - Processing /opt/airflow/dags/football_etl_dag.py took 0.242 seconds
[2026-07-29T16:35:17.515+0000] {processor.py:161} INFO - Started process (PID=219) to work on /opt/airflow/dags/football_etl_dag.py
[2026-07-29T16:35:17.518+0000] {processor.py:830} INFO - Processing file /opt/airflow/dags/football_etl_dag.py for tasks to queue
[2026-07-29T16:35:17.526+0000] {logging_mixin.py:188} INFO - [2026-07-29T16:35:17.525+0000] {dagbag.py:545} INFO - Filling up the DagBag from /opt/airflow/dags/football_etl_dag.py
[2026-07-29T16:35:17.593+0000] {processor.py:840} INFO - DAG(s) 'football_etl' retrieved from /opt/airflow/dags/football_etl_dag.py
[2026-07-29T16:35:17.704+0000] {logging_mixin.py:188} INFO - [2026-07-29T16:35:17.703+0000] {dag.py:3089} INFO - Sync 1 DAGs
[2026-07-29T16:35:17.800+0000] {logging_mixin.py:188} INFO - [2026-07-29T16:35:17.799+0000] {dag.py:3947} INFO - Setting next_dagrun for football_etl to 2026-07-29 16:34:00+00:00, run_after=2026-07-29 16:36:00+00:00
[2026-07-29T16:35:17.856+0000] {processor.py:183} INFO - Processing /opt/airflow/dags/football_etl_dag.py took 0.373 seconds
[2026-07-29T16:35:48.210+0000] {processor.py:161} INFO - Started process (PID=224) to work on /opt/airflow/dags/football_etl_dag.py
[2026-07-29T16:35:48.215+0000] {processor.py:830} INFO - Processing file /opt/airflow/dags/football_etl_dag.py for tasks to queue
[2026-07-29T16:35:48.222+0000] {logging_mixin.py:188} INFO - [2026-07-29T16:35:48.221+0000] {dagbag.py:545} INFO - Filling up the DagBag from /opt/airflow/dags/football_etl_dag.py
[2026-07-29T16:35:48.293+0000] {processor.py:840} INFO - DAG(s) 'football_etl' retrieved from /opt/airflow/dags/football_etl_dag.py
[2026-07-29T16:35:48.413+0000] {logging_mixin.py:188} INFO - [2026-07-29T16:35:48.412+0000] {dag.py:3089} INFO - Sync 1 DAGs
[2026-07-29T16:35:48.494+0000] {logging_mixin.py:188} INFO - [2026-07-29T16:35:48.494+0000] {dag.py:3947} INFO - Setting next_dagrun for football_etl to 2026-07-29 16:34:00+00:00, run_after=2026-07-29 16:36:00+00:00
[2026-07-29T16:35:48.549+0000] {processor.py:183} INFO - Processing /opt/airflow/dags/football_etl_dag.py took 0.359 seconds
[2026-07-29T16:36:18.912+0000] {processor.py:161} INFO - Started process (PID=235) to work on /opt/airflow/dags/football_etl_dag.py
[2026-07-29T16:36:18.915+0000] {processor.py:830} INFO - Processing file /opt/airflow/dags/football_etl_dag.py for tasks to queue
[2026-07-29T16:36:18.920+0000] {logging_mixin.py:188} INFO - [2026-07-29T16:36:18.920+0000] {dagbag.py:545} INFO - Filling up the DagBag from /opt/airflow/dags/football_etl_dag.py
[2026-07-29T16:36:18.967+0000] {processor.py:840} INFO - DAG(s) 'football_etl' retrieved from /opt/airflow/dags/football_etl_dag.py
[2026-07-29T16:36:19.050+0000] {logging_mixin.py:188} INFO - [2026-07-29T16:36:19.049+0000] {dag.py:3089} INFO - Sync 1 DAGs
[2026-07-29T16:36:19.102+0000] {logging_mixin.py:188} INFO - [2026-07-29T16:36:19.102+0000] {dag.py:3947} INFO - Setting next_dagrun for football_etl to 2026-07-29 16:36:00+00:00, run_after=2026-07-29 16:38:00+00:00
[2026-07-29T16:36:19.144+0000] {processor.py:183} INFO - Processing /opt/airflow/dags/football_etl_dag.py took 0.259 seconds
[2026-07-29T16:36:49.413+0000] {processor.py:161} INFO - Started process (PID=242) to work on /opt/airflow/dags/football_etl_dag.py
[2026-07-29T16:36:49.415+0000] {processor.py:830} INFO - Processing file /opt/airflow/dags/football_etl_dag.py for tasks to queue
[2026-07-29T16:36:49.419+0000] {logging_mixin.py:188} INFO - [2026-07-29T16:36:49.418+0000] {dagbag.py:545} INFO - Filling up the DagBag from /opt/airflow/dags/football_etl_dag.py
[2026-07-29T16:36:49.456+0000] {processor.py:840} INFO - DAG(s) 'football_etl' retrieved from /opt/airflow/dags/football_etl_dag.py
[2026-07-29T16:36:49.517+0000] {logging_mixin.py:188} INFO - [2026-07-29T16:36:49.516+0000] {dag.py:3089} INFO - Sync 1 DAGs
[2026-07-29T16:36:49.560+0000] {logging_mixin.py:188} INFO - [2026-07-29T16:36:49.560+0000] {dag.py:3947} INFO - Setting next_dagrun for football_etl to 2026-07-29 16:36:00+00:00, run_after=2026-07-29 16:38:00+00:00
[2026-07-29T16:36:49.597+0000] {processor.py:183} INFO - Processing /opt/airflow/dags/football_etl_dag.py took 0.193 seconds
[2026-07-29T16:37:19.766+0000] {processor.py:161} INFO - Started process (PID=247) to work on /opt/airflow/dags/football_etl_dag.py
[2026-07-29T16:37:19.769+0000] {processor.py:830} INFO - Processing file /opt/airflow/dags/football_etl_dag.py for tasks to queue
[2026-07-29T16:37:19.775+0000] {logging_mixin.py:188} INFO - [2026-07-29T16:37:19.774+0000] {dagbag.py:545} INFO - Filling up the DagBag from /opt/airflow/dags/football_etl_dag.py
[2026-07-29T16:37:19.833+0000] {processor.py:840} INFO - DAG(s) 'football_etl' retrieved from /opt/airflow/dags/football_etl_dag.py
[2026-07-29T16:37:19.910+0000] {logging_mixin.py:188} INFO - [2026-07-29T16:37:19.910+0000] {dag.py:3089} INFO - Sync 1 DAGs
[2026-07-29T16:37:19.970+0000] {logging_mixin.py:188} INFO - [2026-07-29T16:37:19.970+0000] {dag.py:3947} INFO - Setting next_dagrun for football_etl to 2026-07-29 16:36:00+00:00, run_after=2026-07-29 16:38:00+00:00
[2026-07-29T16:37:20.019+0000] {processor.py:183} INFO - Processing /opt/airflow/dags/football_etl_dag.py took 0.274 seconds
[2026-07-29T16:37:50.199+0000] {processor.py:161} INFO - Started process (PID=252) to work on /opt/airflow/dags/football_etl_dag.py
[2026-07-29T16:37:50.201+0000] {processor.py:830} INFO - Processing file /opt/airflow/dags/football_etl_dag.py for tasks to queue
[2026-07-29T16:37:50.207+0000] {logging_mixin.py:188} INFO - [2026-07-29T16:37:50.207+0000] {dagbag.py:545} INFO - Filling up the DagBag from /opt/airflow/dags/football_etl_dag.py
[2026-07-29T16:37:50.258+0000] {processor.py:840} INFO - DAG(s) 'football_etl' retrieved from /opt/airflow/dags/football_etl_dag.py
[2026-07-29T16:37:50.336+0000] {logging_mixin.py:188} INFO - [2026-07-29T16:37:50.335+0000] {dag.py:3089} INFO - Sync 1 DAGs
[2026-07-29T16:37:50.415+0000] {logging_mixin.py:188} INFO - [2026-07-29T16:37:50.415+0000] {dag.py:3947} INFO - Setting next_dagrun for football_etl to 2026-07-29 16:36:00+00:00, run_after=2026-07-29 16:38:00+00:00
[2026-07-29T16:37:50.472+0000] {processor.py:183} INFO - Processing /opt/airflow/dags/football_etl_dag.py took 0.289 seconds
[2026-07-29T16:38:20.656+0000] {processor.py:161} INFO - Started process (PID=263) to work on /opt/airflow/dags/football_etl_dag.py
[2026-07-29T16:38:20.660+0000] {processor.py:830} INFO - Processing file /opt/airflow/dags/football_etl_dag.py for tasks to queue
[2026-07-29T16:38:20.666+0000] {logging_mixin.py:188} INFO - [2026-07-29T16:38:20.665+0000] {dagbag.py:545} INFO - Filling up the DagBag from /opt/airflow/dags/football_etl_dag.py
[2026-07-29T16:38:20.730+0000] {processor.py:840} INFO - DAG(s) 'football_etl' retrieved from /opt/airflow/dags/football_etl_dag.py
[2026-07-29T16:38:20.837+0000] {logging_mixin.py:188} INFO - [2026-07-29T16:38:20.836+0000] {dag.py:3089} INFO - Sync 1 DAGs
[2026-07-29T16:38:20.921+0000] {logging_mixin.py:188} INFO - [2026-07-29T16:38:20.920+0000] {dag.py:3947} INFO - Setting next_dagrun for football_etl to 2026-07-29 16:38:00+00:00, run_after=2026-07-29 16:40:00+00:00
[2026-07-29T16:38:20.974+0000] {processor.py:183} INFO - Processing /opt/airflow/dags/football_etl_dag.py took 0.333 seconds
[2026-07-29T16:38:51.102+0000] {processor.py:161} INFO - Started process (PID=276) to work on /opt/airflow/dags/football_etl_dag.py
[2026-07-29T16:38:51.105+0000] {processor.py:830} INFO - Processing file /opt/airflow/dags/football_etl_dag.py for tasks to queue
[2026-07-29T16:38:51.112+0000] {logging_mixin.py:188} INFO - [2026-07-29T16:38:51.110+0000] {dagbag.py:545} INFO - Filling up the DagBag from /opt/airflow/dags/football_etl_dag.py
[2026-07-29T16:38:51.176+0000] {processor.py:840} INFO - DAG(s) 'football_etl' retrieved from /opt/airflow/dags/football_etl_dag.py
[2026-07-29T16:38:51.269+0000] {logging_mixin.py:188} INFO - [2026-07-29T16:38:51.268+0000] {dag.py:3089} INFO - Sync 1 DAGs
[2026-07-29T16:38:51.331+0000] {logging_mixin.py:188} INFO - [2026-07-29T16:38:51.331+0000] {dag.py:3947} INFO - Setting next_dagrun for football_etl to 2026-07-29 16:38:00+00:00, run_after=2026-07-29 16:40:00+00:00
[2026-07-29T16:38:51.381+0000] {processor.py:183} INFO - Processing /opt/airflow/dags/football_etl_dag.py took 0.299 seconds
[2026-07-29T16:39:21.577+0000] {processor.py:161} INFO - Started process (PID=283) to work on /opt/airflow/dags/football_etl_dag.py
[2026-07-29T16:39:21.580+0000] {processor.py:830} INFO - Processing file /opt/airflow/dags/football_etl_dag.py for tasks to queue
[2026-07-29T16:39:21.585+0000] {logging_mixin.py:188} INFO - [2026-07-29T16:39:21.584+0000] {dagbag.py:545} INFO - Filling up the DagBag from /opt/airflow/dags/football_etl_dag.py
[2026-07-29T16:39:21.636+0000] {processor.py:840} INFO - DAG(s) 'football_etl' retrieved from /opt/airflow/dags/football_etl_dag.py
[2026-07-29T16:39:21.721+0000] {logging_mixin.py:188} INFO - [2026-07-29T16:39:21.720+0000] {dag.py:3089} INFO - Sync 1 DAGs
[2026-07-29T16:39:21.790+0000] {logging_mixin.py:188} INFO - [2026-07-29T16:39:21.790+0000] {dag.py:3947} INFO - Setting next_dagrun for football_etl to 2026-07-29 16:38:00+00:00, run_after=2026-07-29 16:40:00+00:00
[2026-07-29T16:39:21.842+0000] {processor.py:183} INFO - Processing /opt/airflow/dags/football_etl_dag.py took 0.280 seconds
[2026-07-29T16:39:51.993+0000] {processor.py:161} INFO - Started process (PID=288) to work on /opt/airflow/dags/football_etl_dag.py
[2026-07-29T16:39:51.997+0000] {processor.py:830} INFO - Processing file /opt/airflow/dags/football_etl_dag.py for tasks to queue
[2026-07-29T16:39:52.002+0000] {logging_mixin.py:188} INFO - [2026-07-29T16:39:52.001+0000] {dagbag.py:545} INFO - Filling up the DagBag from /opt/airflow/dags/football_etl_dag.py
[2026-07-29T16:39:52.059+0000] {processor.py:840} INFO - DAG(s) 'football_etl' retrieved from /opt/airflow/dags/football_etl_dag.py
[2026-07-29T16:39:52.186+0000] {logging_mixin.py:188} INFO - [2026-07-29T16:39:52.186+0000] {dag.py:3089} INFO - Sync 1 DAGs
[2026-07-29T16:39:52.252+0000] {logging_mixin.py:188} INFO - [2026-07-29T16:39:52.252+0000] {dag.py:3947} INFO - Setting next_dagrun for football_etl to 2026-07-29 16:38:00+00:00, run_after=2026-07-29 16:40:00+00:00
[2026-07-29T16:39:52.301+0000] {processor.py:183} INFO - Processing /opt/airflow/dags/football_etl_dag.py took 0.323 seconds
[2026-07-29T16:40:22.434+0000] {processor.py:161} INFO - Started process (PID=299) to work on /opt/airflow/dags/football_etl_dag.py
[2026-07-29T16:40:22.437+0000] {processor.py:830} INFO - Processing file /opt/airflow/dags/football_etl_dag.py for tasks to queue
[2026-07-29T16:40:22.444+0000] {logging_mixin.py:188} INFO - [2026-07-29T16:40:22.443+0000] {dagbag.py:545} INFO - Filling up the DagBag from /opt/airflow/dags/football_etl_dag.py
[2026-07-29T16:40:22.504+0000] {processor.py:840} INFO - DAG(s) 'football_etl' retrieved from /opt/airflow/dags/football_etl_dag.py
[2026-07-29T16:40:22.593+0000] {logging_mixin.py:188} INFO - [2026-07-29T16:40:22.593+0000] {dag.py:3089} INFO - Sync 1 DAGs
[2026-07-29T16:40:22.673+0000] {logging_mixin.py:188} INFO - [2026-07-29T16:40:22.673+0000] {dag.py:3947} INFO - Setting next_dagrun for football_etl to 2026-07-29 16:40:00+00:00, run_after=2026-07-29 16:42:00+00:00
[2026-07-29T16:40:22.723+0000] {processor.py:183} INFO - Processing /opt/airflow/dags/football_etl_dag.py took 0.305 seconds
[2026-07-29T16:40:52.843+0000] {processor.py:161} INFO - Started process (PID=306) to work on /opt/airflow/dags/football_etl_dag.py
[2026-07-29T16:40:52.846+0000] {processor.py:830} INFO - Processing file /opt/airflow/dags/football_etl_dag.py for tasks to queue
[2026-07-29T16:40:52.853+0000] {logging_mixin.py:188} INFO - [2026-07-29T16:40:52.851+0000] {dagbag.py:545} INFO - Filling up the DagBag from /opt/airflow/dags/football_etl_dag.py
[2026-07-29T16:40:52.904+0000] {processor.py:840} INFO - DAG(s) 'football_etl' retrieved from /opt/airflow/dags/football_etl_dag.py
[2026-07-29T16:40:52.974+0000] {logging_mixin.py:188} INFO - [2026-07-29T16:40:52.973+0000] {dag.py:3089} INFO - Sync 1 DAGs
[2026-07-29T16:40:53.024+0000] {logging_mixin.py:188} INFO - [2026-07-29T16:40:53.024+0000] {dag.py:3947} INFO - Setting next_dagrun for football_etl to 2026-07-29 16:40:00+00:00, run_after=2026-07-29 16:42:00+00:00
[2026-07-29T16:40:53.068+0000] {processor.py:183} INFO - Processing /opt/airflow/dags/football_etl_dag.py took 0.240 seconds
[2026-07-29T16:41:23.285+0000] {processor.py:161} INFO - Started process (PID=311) to work on /opt/airflow/dags/football_etl_dag.py
[2026-07-29T16:41:23.289+0000] {processor.py:830} INFO - Processing file /opt/airflow/dags/football_etl_dag.py for tasks to queue
[2026-07-29T16:41:23.299+0000] {logging_mixin.py:188} INFO - [2026-07-29T16:41:23.297+0000] {dagbag.py:545} INFO - Filling up the DagBag from /opt/airflow/dags/football_etl_dag.py
[2026-07-29T16:41:23.388+0000] {processor.py:840} INFO - DAG(s) 'football_etl' retrieved from /opt/airflow/dags/football_etl_dag.py
[2026-07-29T16:41:23.501+0000] {logging_mixin.py:188} INFO - [2026-07-29T16:41:23.501+0000] {dag.py:3089} INFO - Sync 1 DAGs
[2026-07-29T16:41:23.611+0000] {logging_mixin.py:188} INFO - [2026-07-29T16:41:23.611+0000] {dag.py:3947} INFO - Setting next_dagrun for football_etl to 2026-07-29 16:40:00+00:00, run_after=2026-07-29 16:42:00+00:00
[2026-07-29T16:41:23.667+0000] {processor.py:183} INFO - Processing /opt/airflow/dags/football_etl_dag.py took 0.406 seconds
[2026-07-29T16:41:54.150+0000] {processor.py:161} INFO - Started process (PID=316) to work on /opt/airflow/dags/football_etl_dag.py
[2026-07-29T16:41:54.152+0000] {processor.py:830} INFO - Processing file /opt/airflow/dags/football_etl_dag.py for tasks to queue
[2026-07-29T16:41:54.156+0000] {logging_mixin.py:188} INFO - [2026-07-29T16:41:54.156+0000] {dagbag.py:545} INFO - Filling up the DagBag from /opt/airflow/dags/football_etl_dag.py
[2026-07-29T16:41:54.191+0000] {processor.py:840} INFO - DAG(s) 'football_etl' retrieved from /opt/airflow/dags/football_etl_dag.py
[2026-07-29T16:41:54.271+0000] {logging_mixin.py:188} INFO - [2026-07-29T16:41:54.270+0000] {dag.py:3089} INFO - Sync 1 DAGs
[2026-07-29T16:41:54.337+0000] {logging_mixin.py:188} INFO - [2026-07-29T16:41:54.337+0000] {dag.py:3947} INFO - Setting next_dagrun for football_etl to 2026-07-29 16:40:00+00:00, run_after=2026-07-29 16:42:00+00:00
[2026-07-29T16:41:54.390+0000] {processor.py:183} INFO - Processing /opt/airflow/dags/football_etl_dag.py took 0.250 seconds
[2026-07-29T16:42:24.768+0000] {processor.py:161} INFO - Started process (PID=327) to work on /opt/airflow/dags/football_etl_dag.py
[2026-07-29T16:42:24.771+0000] {processor.py:830} INFO - Processing file /opt/airflow/dags/football_etl_dag.py for tasks to queue
[2026-07-29T16:42:24.776+0000] {logging_mixin.py:188} INFO - [2026-07-29T16:42:24.775+0000] {dagbag.py:545} INFO - Filling up the DagBag from /opt/airflow/dags/football_etl_dag.py
[2026-07-29T16:42:24.822+0000] {processor.py:840} INFO - DAG(s) 'football_etl' retrieved from /opt/airflow/dags/football_etl_dag.py
[2026-07-29T16:42:24.892+0000] {logging_mixin.py:188} INFO - [2026-07-29T16:42:24.891+0000] {dag.py:3089} INFO - Sync 1 DAGs
[2026-07-29T16:42:24.938+0000] {logging_mixin.py:188} INFO - [2026-07-29T16:42:24.938+0000] {dag.py:3947} INFO - Setting next_dagrun for football_etl to 2026-07-29 16:42:00+00:00, run_after=2026-07-29 16:44:00+00:00
[2026-07-29T16:42:24.973+0000] {processor.py:183} INFO - Processing /opt/airflow/dags/football_etl_dag.py took 0.221 seconds
[2026-07-29T16:42:55.220+0000] {processor.py:161} INFO - Started process (PID=334) to work on /opt/airflow/dags/football_etl_dag.py
[2026-07-29T16:42:55.223+0000] {processor.py:830} INFO - Processing file /opt/airflow/dags/football_etl_dag.py for tasks to queue
[2026-07-29T16:42:55.227+0000] {logging_mixin.py:188} INFO - [2026-07-29T16:42:55.227+0000] {dagbag.py:545} INFO - Filling up the DagBag from /opt/airflow/dags/football_etl_dag.py
[2026-07-29T16:42:55.270+0000] {processor.py:840} INFO - DAG(s) 'football_etl' retrieved from /opt/airflow/dags/football_etl_dag.py
[2026-07-29T16:42:55.334+0000] {logging_mixin.py:188} INFO - [2026-07-29T16:42:55.334+0000] {dag.py:3089} INFO - Sync 1 DAGs
[2026-07-29T16:42:55.377+0000] {logging_mixin.py:188} INFO - [2026-07-29T16:42:55.376+0000] {dag.py:3947} INFO - Setting next_dagrun for football_etl to 2026-07-29 16:42:00+00:00, run_after=2026-07-29 16:44:00+00:00
[2026-07-29T16:42:55.411+0000] {processor.py:183} INFO - Processing /opt/airflow/dags/football_etl_dag.py took 0.202 seconds
[2026-07-29T16:43:25.717+0000] {processor.py:161} INFO - Started process (PID=339) to work on /opt/airflow/dags/football_etl_dag.py
[2026-07-29T16:43:25.720+0000] {processor.py:830} INFO - Processing file /opt/airflow/dags/football_etl_dag.py for tasks to queue
[2026-07-29T16:43:25.726+0000] {logging_mixin.py:188} INFO - [2026-07-29T16:43:25.725+0000] {dagbag.py:545} INFO - Filling up the DagBag from /opt/airflow/dags/football_etl_dag.py
[2026-07-29T16:43:25.784+0000] {processor.py:840} INFO - DAG(s) 'football_etl' retrieved from /opt/airflow/dags/football_etl_dag.py
[2026-07-29T16:43:25.866+0000] {logging_mixin.py:188} INFO - [2026-07-29T16:43:25.866+0000] {dag.py:3089} INFO - Sync 1 DAGs
[2026-07-29T16:43:25.926+0000] {logging_mixin.py:188} INFO - [2026-07-29T16:43:25.925+0000] {dag.py:3947} INFO - Setting next_dagrun for football_etl to 2026-07-29 16:42:00+00:00, run_after=2026-07-29 16:44:00+00:00
[2026-07-29T16:43:25.977+0000] {processor.py:183} INFO - Processing /opt/airflow/dags/football_etl_dag.py took 0.274 seconds
[2026-07-29T16:43:56.376+0000] {processor.py:161} INFO - Started process (PID=344) to work on /opt/airflow/dags/football_etl_dag.py
[2026-07-29T16:43:56.379+0000] {processor.py:830} INFO - Processing file /opt/airflow/dags/football_etl_dag.py for tasks to queue
[2026-07-29T16:43:56.385+0000] {logging_mixin.py:188} INFO - [2026-07-29T16:43:56.384+0000] {dagbag.py:545} INFO - Filling up the DagBag from /opt/airflow/dags/football_etl_dag.py
[2026-07-29T16:43:56.424+0000] {processor.py:840} INFO - DAG(s) 'football_etl' retrieved from /opt/airflow/dags/football_etl_dag.py
[2026-07-29T16:43:56.487+0000] {logging_mixin.py:188} INFO - [2026-07-29T16:43:56.486+0000] {dag.py:3089} INFO - Sync 1 DAGs
[2026-07-29T16:43:56.534+0000] {logging_mixin.py:188} INFO - [2026-07-29T16:43:56.533+0000] {dag.py:3947} INFO - Setting next_dagrun for football_etl to 2026-07-29 16:42:00+00:00, run_after=2026-07-29 16:44:00+00:00
[2026-07-29T16:43:56.590+0000] {processor.py:183} INFO - Processing /opt/airflow/dags/football_etl_dag.py took 0.240 seconds
[2026-07-29T17:07:17.021+0000] {processor.py:161} INFO - Started process (PID=351) to work on /opt/airflow/dags/football_etl_dag.py
[2026-07-29T17:07:17.049+0000] {processor.py:830} INFO - Processing file /opt/airflow/dags/football_etl_dag.py for tasks to queue
[2026-07-29T17:07:17.109+0000] {logging_mixin.py:188} INFO - [2026-07-29T17:07:17.107+0000] {dagbag.py:545} INFO - Filling up the DagBag from /opt/airflow/dags/football_etl_dag.py
[2026-07-29T17:07:17.770+0000] {processor.py:840} INFO - DAG(s) 'football_etl' retrieved from /opt/airflow/dags/football_etl_dag.py
[2026-07-29T17:07:18.021+0000] {logging_mixin.py:188} INFO - [2026-07-29T17:07:18.020+0000] {dag.py:3089} INFO - Sync 1 DAGs
[2026-07-29T17:07:18.265+0000] {logging_mixin.py:188} INFO - [2026-07-29T17:07:18.264+0000] {dag.py:3947} INFO - Setting next_dagrun for football_etl to 2026-07-29 17:06:00+00:00, run_after=2026-07-29 17:08:00+00:00
[2026-07-29T17:07:18.465+0000] {processor.py:183} INFO - Processing /opt/airflow/dags/football_etl_dag.py took 1.497 seconds
[2026-07-29T17:07:48.915+0000] {processor.py:161} INFO - Started process (PID=366) to work on /opt/airflow/dags/football_etl_dag.py
[2026-07-29T17:07:48.918+0000] {processor.py:830} INFO - Processing file /opt/airflow/dags/football_etl_dag.py for tasks to queue
[2026-07-29T17:07:48.923+0000] {logging_mixin.py:188} INFO - [2026-07-29T17:07:48.922+0000] {dagbag.py:545} INFO - Filling up the DagBag from /opt/airflow/dags/football_etl_dag.py
[2026-07-29T17:07:48.965+0000] {processor.py:840} INFO - DAG(s) 'football_etl' retrieved from /opt/airflow/dags/football_etl_dag.py
[2026-07-29T17:07:49.034+0000] {logging_mixin.py:188} INFO - [2026-07-29T17:07:49.033+0000] {dag.py:3089} INFO - Sync 1 DAGs
[2026-07-29T17:07:49.083+0000] {logging_mixin.py:188} INFO - [2026-07-29T17:07:49.082+0000] {dag.py:3947} INFO - Setting next_dagrun for football_etl to 2026-07-29 17:06:00+00:00, run_after=2026-07-29 17:08:00+00:00
[2026-07-29T17:07:49.121+0000] {processor.py:183} INFO - Processing /opt/airflow/dags/football_etl_dag.py took 0.219 seconds
[2026-07-29T17:08:19.282+0000] {processor.py:161} INFO - Started process (PID=381) to work on /opt/airflow/dags/football_etl_dag.py
[2026-07-29T17:08:19.286+0000] {processor.py:830} INFO - Processing file /opt/airflow/dags/football_etl_dag.py for tasks to queue
[2026-07-29T17:08:19.293+0000] {logging_mixin.py:188} INFO - [2026-07-29T17:08:19.292+0000] {dagbag.py:545} INFO - Filling up the DagBag from /opt/airflow/dags/football_etl_dag.py
[2026-07-29T17:08:19.350+0000] {processor.py:840} INFO - DAG(s) 'football_etl' retrieved from /opt/airflow/dags/football_etl_dag.py
[2026-07-29T17:08:19.476+0000] {logging_mixin.py:188} INFO - [2026-07-29T17:08:19.475+0000] {dag.py:3089} INFO - Sync 1 DAGs
[2026-07-29T17:08:19.548+0000] {logging_mixin.py:188} INFO - [2026-07-29T17:08:19.548+0000] {dag.py:3947} INFO - Setting next_dagrun for football_etl to 2026-07-29 17:08:00+00:00, run_after=2026-07-29 17:10:00+00:00
[2026-07-29T17:08:19.597+0000] {processor.py:183} INFO - Processing /opt/airflow/dags/football_etl_dag.py took 0.333 seconds
[2026-07-29T17:08:49.785+0000] {processor.py:161} INFO - Started process (PID=388) to work on /opt/airflow/dags/football_etl_dag.py
[2026-07-29T17:08:49.787+0000] {processor.py:830} INFO - Processing file /opt/airflow/dags/football_etl_dag.py for tasks to queue
[2026-07-29T17:08:49.793+0000] {logging_mixin.py:188} INFO - [2026-07-29T17:08:49.793+0000] {dagbag.py:545} INFO - Filling up the DagBag from /opt/airflow/dags/football_etl_dag.py
[2026-07-29T17:08:49.846+0000] {processor.py:840} INFO - DAG(s) 'football_etl' retrieved from /opt/airflow/dags/football_etl_dag.py
[2026-07-29T17:08:49.905+0000] {logging_mixin.py:188} INFO - [2026-07-29T17:08:49.905+0000] {dag.py:3089} INFO - Sync 1 DAGs
[2026-07-29T17:08:49.949+0000] {logging_mixin.py:188} INFO - [2026-07-29T17:08:49.949+0000] {dag.py:3947} INFO - Setting next_dagrun for football_etl to 2026-07-29 17:08:00+00:00, run_after=2026-07-29 17:10:00+00:00
[2026-07-29T17:08:49.980+0000] {processor.py:183} INFO - Processing /opt/airflow/dags/football_etl_dag.py took 0.212 seconds
[2026-07-29T17:09:20.170+0000] {processor.py:161} INFO - Started process (PID=393) to work on /opt/airflow/dags/football_etl_dag.py
[2026-07-29T17:09:20.172+0000] {processor.py:830} INFO - Processing file /opt/airflow/dags/football_etl_dag.py for tasks to queue
[2026-07-29T17:09:20.174+0000] {logging_mixin.py:188} INFO - [2026-07-29T17:09:20.173+0000] {dagbag.py:545} INFO - Filling up the DagBag from /opt/airflow/dags/football_etl_dag.py
[2026-07-29T17:09:20.196+0000] {processor.py:840} INFO - DAG(s) 'football_etl' retrieved from /opt/airflow/dags/football_etl_dag.py
[2026-07-29T17:09:20.233+0000] {logging_mixin.py:188} INFO - [2026-07-29T17:09:20.232+0000] {dag.py:3089} INFO - Sync 1 DAGs
[2026-07-29T17:09:20.259+0000] {logging_mixin.py:188} INFO - [2026-07-29T17:09:20.258+0000] {dag.py:3947} INFO - Setting next_dagrun for football_etl to 2026-07-29 17:08:00+00:00, run_after=2026-07-29 17:10:00+00:00
[2026-07-29T17:09:20.279+0000] {processor.py:183} INFO - Processing /opt/airflow/dags/football_etl_dag.py took 0.115 seconds
[2026-07-29T17:09:50.374+0000] {processor.py:161} INFO - Started process (PID=398) to work on /opt/airflow/dags/football_etl_dag.py
[2026-07-29T17:09:50.376+0000] {processor.py:830} INFO - Processing file /opt/airflow/dags/football_etl_dag.py for tasks to queue
[2026-07-29T17:09:50.380+0000] {logging_mixin.py:188} INFO - [2026-07-29T17:09:50.379+0000] {dagbag.py:545} INFO - Filling up the DagBag from /opt/airflow/dags/football_etl_dag.py
[2026-07-29T17:09:50.408+0000] {processor.py:840} INFO - DAG(s) 'football_etl' retrieved from /opt/airflow/dags/football_etl_dag.py
[2026-07-29T17:09:50.450+0000] {logging_mixin.py:188} INFO - [2026-07-29T17:09:50.450+0000] {dag.py:3089} INFO - Sync 1 DAGs
[2026-07-29T17:09:50.477+0000] {logging_mixin.py:188} INFO - [2026-07-29T17:09:50.477+0000] {dag.py:3947} INFO - Setting next_dagrun for football_etl to 2026-07-29 17:08:00+00:00, run_after=2026-07-29 17:10:00+00:00
[2026-07-29T17:09:50.499+0000] {processor.py:183} INFO - Processing /opt/airflow/dags/football_etl_dag.py took 0.133 seconds
[2026-07-29T17:10:20.723+0000] {processor.py:161} INFO - Started process (PID=411) to work on /opt/airflow/dags/football_etl_dag.py
[2026-07-29T17:10:20.724+0000] {processor.py:830} INFO - Processing file /opt/airflow/dags/football_etl_dag.py for tasks to queue
[2026-07-29T17:10:20.727+0000] {logging_mixin.py:188} INFO - [2026-07-29T17:10:20.726+0000] {dagbag.py:545} INFO - Filling up the DagBag from /opt/airflow/dags/football_etl_dag.py
[2026-07-29T17:10:20.752+0000] {processor.py:840} INFO - DAG(s) 'football_etl' retrieved from /opt/airflow/dags/football_etl_dag.py
[2026-07-29T17:10:20.803+0000] {logging_mixin.py:188} INFO - [2026-07-29T17:10:20.803+0000] {dag.py:3089} INFO - Sync 1 DAGs
[2026-07-29T17:10:20.867+0000] {logging_mixin.py:188} INFO - [2026-07-29T17:10:20.867+0000] {dag.py:3947} INFO - Setting next_dagrun for football_etl to 2026-07-29 17:10:00+00:00, run_after=2026-07-29 17:12:00+00:00
[2026-07-29T17:10:20.908+0000] {processor.py:183} INFO - Processing /opt/airflow/dags/football_etl_dag.py took 0.199 seconds
[2026-07-29T17:10:51.358+0000] {processor.py:161} INFO - Started process (PID=416) to work on /opt/airflow/dags/football_etl_dag.py
[2026-07-29T17:10:51.362+0000] {processor.py:830} INFO - Processing file /opt/airflow/dags/football_etl_dag.py for tasks to queue
[2026-07-29T17:10:51.371+0000] {logging_mixin.py:188} INFO - [2026-07-29T17:10:51.369+0000] {dagbag.py:545} INFO - Filling up the DagBag from /opt/airflow/dags/football_etl_dag.py
[2026-07-29T17:10:51.450+0000] {processor.py:840} INFO - DAG(s) 'football_etl' retrieved from /opt/airflow/dags/football_etl_dag.py
[2026-07-29T17:10:51.754+0000] {logging_mixin.py:188} INFO - [2026-07-29T17:10:51.754+0000] {dag.py:3089} INFO - Sync 1 DAGs
[2026-07-29T17:10:51.831+0000] {logging_mixin.py:188} INFO - [2026-07-29T17:10:51.831+0000] {dag.py:3947} INFO - Setting next_dagrun for football_etl to 2026-07-29 17:10:00+00:00, run_after=2026-07-29 17:12:00+00:00
[2026-07-29T17:10:51.867+0000] {processor.py:183} INFO - Processing /opt/airflow/dags/football_etl_dag.py took 0.535 seconds
[2026-07-29T17:11:22.158+0000] {processor.py:161} INFO - Started process (PID=421) to work on /opt/airflow/dags/football_etl_dag.py
[2026-07-29T17:11:22.160+0000] {processor.py:830} INFO - Processing file /opt/airflow/dags/football_etl_dag.py for tasks to queue
[2026-07-29T17:11:22.164+0000] {logging_mixin.py:188} INFO - [2026-07-29T17:11:22.163+0000] {dagbag.py:545} INFO - Filling up the DagBag from /opt/airflow/dags/football_etl_dag.py
[2026-07-29T17:11:22.191+0000] {processor.py:840} INFO - DAG(s) 'football_etl' retrieved from /opt/airflow/dags/football_etl_dag.py
[2026-07-29T17:11:22.231+0000] {logging_mixin.py:188} INFO - [2026-07-29T17:11:22.231+0000] {dag.py:3089} INFO - Sync 1 DAGs
[2026-07-29T17:11:22.258+0000] {logging_mixin.py:188} INFO - [2026-07-29T17:11:22.258+0000] {dag.py:3947} INFO - Setting next_dagrun for football_etl to 2026-07-29 17:10:00+00:00, run_after=2026-07-29 17:12:00+00:00
[2026-07-29T17:11:22.281+0000] {processor.py:183} INFO - Processing /opt/airflow/dags/football_etl_dag.py took 0.132 seconds
[2026-07-29T17:11:52.391+0000] {processor.py:161} INFO - Started process (PID=426) to work on /opt/airflow/dags/football_etl_dag.py
[2026-07-29T17:11:52.392+0000] {processor.py:830} INFO - Processing file /opt/airflow/dags/football_etl_dag.py for tasks to queue
[2026-07-29T17:11:52.395+0000] {logging_mixin.py:188} INFO - [2026-07-29T17:11:52.395+0000] {dagbag.py:545} INFO - Filling up the DagBag from /opt/airflow/dags/football_etl_dag.py
[2026-07-29T17:11:52.417+0000] {processor.py:840} INFO - DAG(s) 'football_etl' retrieved from /opt/airflow/dags/football_etl_dag.py
[2026-07-29T17:11:52.453+0000] {logging_mixin.py:188} INFO - [2026-07-29T17:11:52.453+0000] {dag.py:3089} INFO - Sync 1 DAGs
[2026-07-29T17:11:52.482+0000] {logging_mixin.py:188} INFO - [2026-07-29T17:11:52.481+0000] {dag.py:3947} INFO - Setting next_dagrun for football_etl to 2026-07-29 17:10:00+00:00, run_after=2026-07-29 17:12:00+00:00
[2026-07-29T17:11:52.502+0000] {processor.py:183} INFO - Processing /opt/airflow/dags/football_etl_dag.py took 0.117 seconds
[2026-07-29T17:12:22.794+0000] {processor.py:161} INFO - Started process (PID=439) to work on /opt/airflow/dags/football_etl_dag.py
[2026-07-29T17:12:22.796+0000] {processor.py:830} INFO - Processing file /opt/airflow/dags/football_etl_dag.py for tasks to queue
[2026-07-29T17:12:22.799+0000] {logging_mixin.py:188} INFO - [2026-07-29T17:12:22.799+0000] {dagbag.py:545} INFO - Filling up the DagBag from /opt/airflow/dags/football_etl_dag.py
[2026-07-29T17:12:22.825+0000] {processor.py:840} INFO - DAG(s) 'football_etl' retrieved from /opt/airflow/dags/football_etl_dag.py
[2026-07-29T17:12:22.878+0000] {logging_mixin.py:188} INFO - [2026-07-29T17:12:22.877+0000] {dag.py:3089} INFO - Sync 1 DAGs
[2026-07-29T17:12:22.913+0000] {logging_mixin.py:188} INFO - [2026-07-29T17:12:22.913+0000] {dag.py:3947} INFO - Setting next_dagrun for football_etl to 2026-07-29 17:12:00+00:00, run_after=2026-07-29 17:14:00+00:00
[2026-07-29T17:12:22.945+0000] {processor.py:183} INFO - Processing /opt/airflow/dags/football_etl_dag.py took 0.162 seconds
[2026-07-29T17:12:53.062+0000] {processor.py:161} INFO - Started process (PID=444) to work on /opt/airflow/dags/football_etl_dag.py
[2026-07-29T17:12:53.064+0000] {processor.py:830} INFO - Processing file /opt/airflow/dags/football_etl_dag.py for tasks to queue
[2026-07-29T17:12:53.066+0000] {logging_mixin.py:188} INFO - [2026-07-29T17:12:53.066+0000] {dagbag.py:545} INFO - Filling up the DagBag from /opt/airflow/dags/football_etl_dag.py
[2026-07-29T17:12:53.088+0000] {processor.py:840} INFO - DAG(s) 'football_etl' retrieved from /opt/airflow/dags/football_etl_dag.py
[2026-07-29T17:12:53.122+0000] {logging_mixin.py:188} INFO - [2026-07-29T17:12:53.122+0000] {dag.py:3089} INFO - Sync 1 DAGs
[2026-07-29T17:12:53.149+0000] {logging_mixin.py:188} INFO - [2026-07-29T17:12:53.149+0000] {dag.py:3947} INFO - Setting next_dagrun for football_etl to 2026-07-29 17:12:00+00:00, run_after=2026-07-29 17:14:00+00:00
[2026-07-29T17:12:53.171+0000] {processor.py:183} INFO - Processing /opt/airflow/dags/football_etl_dag.py took 0.115 seconds
[2026-07-29T17:13:23.410+0000] {processor.py:161} INFO - Started process (PID=449) to work on /opt/airflow/dags/football_etl_dag.py
[2026-07-29T17:13:23.412+0000] {processor.py:830} INFO - Processing file /opt/airflow/dags/football_etl_dag.py for tasks to queue
[2026-07-29T17:13:23.415+0000] {logging_mixin.py:188} INFO - [2026-07-29T17:13:23.415+0000] {dagbag.py:545} INFO - Filling up the DagBag from /opt/airflow/dags/football_etl_dag.py
[2026-07-29T17:13:23.439+0000] {processor.py:840} INFO - DAG(s) 'football_etl' retrieved from /opt/airflow/dags/football_etl_dag.py
[2026-07-29T17:13:23.478+0000] {logging_mixin.py:188} INFO - [2026-07-29T17:13:23.478+0000] {dag.py:3089} INFO - Sync 1 DAGs
[2026-07-29T17:13:23.508+0000] {logging_mixin.py:188} INFO - [2026-07-29T17:13:23.508+0000] {dag.py:3947} INFO - Setting next_dagrun for football_etl to 2026-07-29 17:12:00+00:00, run_after=2026-07-29 17:14:00+00:00
[2026-07-29T17:13:23.529+0000] {processor.py:183} INFO - Processing /opt/airflow/dags/football_etl_dag.py took 0.125 seconds
[2026-07-29T17:13:53.661+0000] {processor.py:161} INFO - Started process (PID=454) to work on /opt/airflow/dags/football_etl_dag.py
[2026-07-29T17:13:53.663+0000] {processor.py:830} INFO - Processing file /opt/airflow/dags/football_etl_dag.py for tasks to queue
[2026-07-29T17:13:53.665+0000] {logging_mixin.py:188} INFO - [2026-07-29T17:13:53.665+0000] {dagbag.py:545} INFO - Filling up the DagBag from /opt/airflow/dags/football_etl_dag.py
[2026-07-29T17:13:53.693+0000] {processor.py:840} INFO - DAG(s) 'football_etl' retrieved from /opt/airflow/dags/football_etl_dag.py
[2026-07-29T17:13:53.733+0000] {logging_mixin.py:188} INFO - [2026-07-29T17:13:53.732+0000] {dag.py:3089} INFO - Sync 1 DAGs
[2026-07-29T17:13:53.762+0000] {logging_mixin.py:188} INFO - [2026-07-29T17:13:53.762+0000] {dag.py:3947} INFO - Setting next_dagrun for football_etl to 2026-07-29 17:12:00+00:00, run_after=2026-07-29 17:14:00+00:00
[2026-07-29T17:13:53.786+0000] {processor.py:183} INFO - Processing /opt/airflow/dags/football_etl_dag.py took 0.133 seconds
[2026-07-29T17:14:23.964+0000] {processor.py:161} INFO - Started process (PID=467) to work on /opt/airflow/dags/football_etl_dag.py
[2026-07-29T17:14:23.966+0000] {processor.py:830} INFO - Processing file /opt/airflow/dags/football_etl_dag.py for tasks to queue
[2026-07-29T17:14:23.970+0000] {logging_mixin.py:188} INFO - [2026-07-29T17:14:23.969+0000] {dagbag.py:545} INFO - Filling up the DagBag from /opt/airflow/dags/football_etl_dag.py
[2026-07-29T17:14:23.993+0000] {processor.py:840} INFO - DAG(s) 'football_etl' retrieved from /opt/airflow/dags/football_etl_dag.py
[2026-07-29T17:14:24.030+0000] {logging_mixin.py:188} INFO - [2026-07-29T17:14:24.029+0000] {dag.py:3089} INFO - Sync 1 DAGs
[2026-07-29T17:14:24.058+0000] {logging_mixin.py:188} INFO - [2026-07-29T17:14:24.058+0000] {dag.py:3947} INFO - Setting next_dagrun for football_etl to 2026-07-29 17:14:00+00:00, run_after=2026-07-29 17:16:00+00:00
[2026-07-29T17:14:24.082+0000] {processor.py:183} INFO - Processing /opt/airflow/dags/football_etl_dag.py took 0.126 seconds
[2026-07-29T17:14:54.185+0000] {processor.py:161} INFO - Started process (PID=472) to work on /opt/airflow/dags/football_etl_dag.py
[2026-07-29T17:14:54.187+0000] {processor.py:830} INFO - Processing file /opt/airflow/dags/football_etl_dag.py for tasks to queue
[2026-07-29T17:14:54.190+0000] {logging_mixin.py:188} INFO - [2026-07-29T17:14:54.190+0000] {dagbag.py:545} INFO - Filling up the DagBag from /opt/airflow/dags/football_etl_dag.py
[2026-07-29T17:14:54.215+0000] {processor.py:840} INFO - DAG(s) 'football_etl' retrieved from /opt/airflow/dags/football_etl_dag.py
[2026-07-29T17:14:54.253+0000] {logging_mixin.py:188} INFO - [2026-07-29T17:14:54.253+0000] {dag.py:3089} INFO - Sync 1 DAGs
[2026-07-29T17:14:54.281+0000] {logging_mixin.py:188} INFO - [2026-07-29T17:14:54.280+0000] {dag.py:3947} INFO - Setting next_dagrun for football_etl to 2026-07-29 17:14:00+00:00, run_after=2026-07-29 17:16:00+00:00
[2026-07-29T17:14:54.303+0000] {processor.py:183} INFO - Processing /opt/airflow/dags/football_etl_dag.py took 0.126 seconds
[2026-07-29T17:15:24.568+0000] {processor.py:161} INFO - Started process (PID=477) to work on /opt/airflow/dags/football_etl_dag.py
[2026-07-29T17:15:24.569+0000] {processor.py:830} INFO - Processing file /opt/airflow/dags/football_etl_dag.py for tasks to queue
[2026-07-29T17:15:24.572+0000] {logging_mixin.py:188} INFO - [2026-07-29T17:15:24.572+0000] {dagbag.py:545} INFO - Filling up the DagBag from /opt/airflow/dags/football_etl_dag.py
[2026-07-29T17:15:24.598+0000] {processor.py:840} INFO - DAG(s) 'football_etl' retrieved from /opt/airflow/dags/football_etl_dag.py
[2026-07-29T17:15:24.645+0000] {logging_mixin.py:188} INFO - [2026-07-29T17:15:24.644+0000] {dag.py:3089} INFO - Sync 1 DAGs
[2026-07-29T17:15:24.672+0000] {logging_mixin.py:188} INFO - [2026-07-29T17:15:24.671+0000] {dag.py:3947} INFO - Setting next_dagrun for football_etl to 2026-07-29 17:14:00+00:00, run_after=2026-07-29 17:16:00+00:00
[2026-07-29T17:15:24.696+0000] {processor.py:183} INFO - Processing /opt/airflow/dags/football_etl_dag.py took 0.135 seconds
[2026-07-29T17:15:54.837+0000] {processor.py:161} INFO - Started process (PID=482) to work on /opt/airflow/dags/football_etl_dag.py
[2026-07-29T17:15:54.839+0000] {processor.py:830} INFO - Processing file /opt/airflow/dags/football_etl_dag.py for tasks to queue
[2026-07-29T17:15:54.844+0000] {logging_mixin.py:188} INFO - [2026-07-29T17:15:54.843+0000] {dagbag.py:545} INFO - Filling up the DagBag from /opt/airflow/dags/football_etl_dag.py
[2026-07-29T17:15:54.890+0000] {processor.py:840} INFO - DAG(s) 'football_etl' retrieved from /opt/airflow/dags/football_etl_dag.py
[2026-07-29T17:15:54.931+0000] {logging_mixin.py:188} INFO - [2026-07-29T17:15:54.931+0000] {dag.py:3089} INFO - Sync 1 DAGs
[2026-07-29T17:15:54.960+0000] {logging_mixin.py:188} INFO - [2026-07-29T17:15:54.960+0000] {dag.py:3947} INFO - Setting next_dagrun for football_etl to 2026-07-29 17:14:00+00:00, run_after=2026-07-29 17:16:00+00:00
[2026-07-29T17:15:54.985+0000] {processor.py:183} INFO - Processing /opt/airflow/dags/football_etl_dag.py took 0.160 seconds
[2026-07-29T17:16:25.179+0000] {processor.py:161} INFO - Started process (PID=495) to work on /opt/airflow/dags/football_etl_dag.py
[2026-07-29T17:16:25.181+0000] {processor.py:830} INFO - Processing file /opt/airflow/dags/football_etl_dag.py for tasks to queue
[2026-07-29T17:16:25.184+0000] {logging_mixin.py:188} INFO - [2026-07-29T17:16:25.184+0000] {dagbag.py:545} INFO - Filling up the DagBag from /opt/airflow/dags/football_etl_dag.py
[2026-07-29T17:16:25.209+0000] {processor.py:840} INFO - DAG(s) 'football_etl' retrieved from /opt/airflow/dags/football_etl_dag.py
[2026-07-29T17:16:25.252+0000] {logging_mixin.py:188} INFO - [2026-07-29T17:16:25.252+0000] {dag.py:3089} INFO - Sync 1 DAGs
[2026-07-29T17:16:25.291+0000] {logging_mixin.py:188} INFO - [2026-07-29T17:16:25.291+0000] {dag.py:3947} INFO - Setting next_dagrun for football_etl to 2026-07-29 17:16:00+00:00, run_after=2026-07-29 17:18:00+00:00
[2026-07-29T17:16:25.316+0000] {processor.py:183} INFO - Processing /opt/airflow/dags/football_etl_dag.py took 0.151 seconds
[2026-07-29T17:16:55.432+0000] {processor.py:161} INFO - Started process (PID=500) to work on /opt/airflow/dags/football_etl_dag.py
[2026-07-29T17:16:55.434+0000] {processor.py:830} INFO - Processing file /opt/airflow/dags/football_etl_dag.py for tasks to queue
[2026-07-29T17:16:55.437+0000] {logging_mixin.py:188} INFO - [2026-07-29T17:16:55.436+0000] {dagbag.py:545} INFO - Filling up the DagBag from /opt/airflow/dags/football_etl_dag.py
[2026-07-29T17:16:55.468+0000] {processor.py:840} INFO - DAG(s) 'football_etl' retrieved from /opt/airflow/dags/football_etl_dag.py
[2026-07-29T17:16:55.514+0000] {logging_mixin.py:188} INFO - [2026-07-29T17:16:55.514+0000] {dag.py:3089} INFO - Sync 1 DAGs
[2026-07-29T17:16:55.546+0000] {logging_mixin.py:188} INFO - [2026-07-29T17:16:55.546+0000] {dag.py:3947} INFO - Setting next_dagrun for football_etl to 2026-07-29 17:16:00+00:00, run_after=2026-07-29 17:18:00+00:00
[2026-07-29T17:16:55.571+0000] {processor.py:183} INFO - Processing /opt/airflow/dags/football_etl_dag.py took 0.148 seconds
[2026-07-29T17:17:25.771+0000] {processor.py:161} INFO - Started process (PID=505) to work on /opt/airflow/dags/football_etl_dag.py
[2026-07-29T17:17:25.773+0000] {processor.py:830} INFO - Processing file /opt/airflow/dags/football_etl_dag.py for tasks to queue
[2026-07-29T17:17:25.776+0000] {logging_mixin.py:188} INFO - [2026-07-29T17:17:25.775+0000] {dagbag.py:545} INFO - Filling up the DagBag from /opt/airflow/dags/football_etl_dag.py
[2026-07-29T17:17:25.807+0000] {processor.py:840} INFO - DAG(s) 'football_etl' retrieved from /opt/airflow/dags/football_etl_dag.py
[2026-07-29T17:17:25.851+0000] {logging_mixin.py:188} INFO - [2026-07-29T17:17:25.851+0000] {dag.py:3089} INFO - Sync 1 DAGs
[2026-07-29T17:17:25.890+0000] {logging_mixin.py:188} INFO - [2026-07-29T17:17:25.890+0000] {dag.py:3947} INFO - Setting next_dagrun for football_etl to 2026-07-29 17:16:00+00:00, run_after=2026-07-29 17:18:00+00:00
[2026-07-29T17:17:25.915+0000] {processor.py:183} INFO - Processing /opt/airflow/dags/football_etl_dag.py took 0.169 seconds
[2026-07-29T17:17:55.995+0000] {processor.py:161} INFO - Started process (PID=510) to work on /opt/airflow/dags/football_etl_dag.py
[2026-07-29T17:17:55.997+0000] {processor.py:830} INFO - Processing file /opt/airflow/dags/football_etl_dag.py for tasks to queue
[2026-07-29T17:17:56.001+0000] {logging_mixin.py:188} INFO - [2026-07-29T17:17:56.001+0000] {dagbag.py:545} INFO - Filling up the DagBag from /opt/airflow/dags/football_etl_dag.py
[2026-07-29T17:17:56.031+0000] {processor.py:840} INFO - DAG(s) 'football_etl' retrieved from /opt/airflow/dags/football_etl_dag.py
[2026-07-29T17:17:56.085+0000] {logging_mixin.py:188} INFO - [2026-07-29T17:17:56.085+0000] {dag.py:3089} INFO - Sync 1 DAGs
[2026-07-29T17:17:56.118+0000] {logging_mixin.py:188} INFO - [2026-07-29T17:17:56.118+0000] {dag.py:3947} INFO - Setting next_dagrun for football_etl to 2026-07-29 17:16:00+00:00, run_after=2026-07-29 17:18:00+00:00
[2026-07-29T17:17:56.149+0000] {processor.py:183} INFO - Processing /opt/airflow/dags/football_etl_dag.py took 0.168 seconds
[2026-07-29T17:18:26.349+0000] {processor.py:161} INFO - Started process (PID=523) to work on /opt/airflow/dags/football_etl_dag.py
[2026-07-29T17:18:26.351+0000] {processor.py:830} INFO - Processing file /opt/airflow/dags/football_etl_dag.py for tasks to queue
[2026-07-29T17:18:26.354+0000] {logging_mixin.py:188} INFO - [2026-07-29T17:18:26.354+0000] {dagbag.py:545} INFO - Filling up the DagBag from /opt/airflow/dags/football_etl_dag.py
[2026-07-29T17:18:26.384+0000] {processor.py:840} INFO - DAG(s) 'football_etl' retrieved from /opt/airflow/dags/football_etl_dag.py
[2026-07-29T17:18:26.437+0000] {logging_mixin.py:188} INFO - [2026-07-29T17:18:26.436+0000] {dag.py:3089} INFO - Sync 1 DAGs
[2026-07-29T17:18:26.476+0000] {logging_mixin.py:188} INFO - [2026-07-29T17:18:26.476+0000] {dag.py:3947} INFO - Setting next_dagrun for football_etl to 2026-07-29 17:18:00+00:00, run_after=2026-07-29 17:20:00+00:00
[2026-07-29T17:18:26.510+0000] {processor.py:183} INFO - Processing /opt/airflow/dags/football_etl_dag.py took 0.170 seconds
[2026-07-29T17:18:56.736+0000] {processor.py:161} INFO - Started process (PID=528) to work on /opt/airflow/dags/football_etl_dag.py
[2026-07-29T17:18:56.738+0000] {processor.py:830} INFO - Processing file /opt/airflow/dags/football_etl_dag.py for tasks to queue
[2026-07-29T17:18:56.741+0000] {logging_mixin.py:188} INFO - [2026-07-29T17:18:56.741+0000] {dagbag.py:545} INFO - Filling up the DagBag from /opt/airflow/dags/football_etl_dag.py
[2026-07-29T17:18:56.772+0000] {processor.py:840} INFO - DAG(s) 'football_etl' retrieved from /opt/airflow/dags/football_etl_dag.py
[2026-07-29T17:18:56.810+0000] {logging_mixin.py:188} INFO - [2026-07-29T17:18:56.810+0000] {dag.py:3089} INFO - Sync 1 DAGs
[2026-07-29T17:18:56.838+0000] {logging_mixin.py:188} INFO - [2026-07-29T17:18:56.838+0000] {dag.py:3947} INFO - Setting next_dagrun for football_etl to 2026-07-29 17:18:00+00:00, run_after=2026-07-29 17:20:00+00:00
[2026-07-29T17:18:56.860+0000] {processor.py:183} INFO - Processing /opt/airflow/dags/football_etl_dag.py took 0.132 seconds
[2026-07-29T17:19:26.995+0000] {processor.py:161} INFO - Started process (PID=533) to work on /opt/airflow/dags/football_etl_dag.py
[2026-07-29T17:19:26.997+0000] {processor.py:830} INFO - Processing file /opt/airflow/dags/football_etl_dag.py for tasks to queue
[2026-07-29T17:19:27.002+0000] {logging_mixin.py:188} INFO - [2026-07-29T17:19:27.001+0000] {dagbag.py:545} INFO - Filling up the DagBag from /opt/airflow/dags/football_etl_dag.py
[2026-07-29T17:19:27.041+0000] {processor.py:840} INFO - DAG(s) 'football_etl' retrieved from /opt/airflow/dags/football_etl_dag.py
[2026-07-29T17:19:27.090+0000] {logging_mixin.py:188} INFO - [2026-07-29T17:19:27.090+0000] {dag.py:3089} INFO - Sync 1 DAGs
[2026-07-29T17:19:27.124+0000] {logging_mixin.py:188} INFO - [2026-07-29T17:19:27.124+0000] {dag.py:3947} INFO - Setting next_dagrun for football_etl to 2026-07-29 17:18:00+00:00, run_after=2026-07-29 17:20:00+00:00
[2026-07-29T17:19:27.145+0000] {processor.py:183} INFO - Processing /opt/airflow/dags/football_etl_dag.py took 0.164 seconds
[2026-07-29T17:19:57.406+0000] {processor.py:161} INFO - Started process (PID=538) to work on /opt/airflow/dags/football_etl_dag.py
[2026-07-29T17:19:57.407+0000] {processor.py:830} INFO - Processing file /opt/airflow/dags/football_etl_dag.py for tasks to queue
[2026-07-29T17:19:57.410+0000] {logging_mixin.py:188} INFO - [2026-07-29T17:19:57.409+0000] {dagbag.py:545} INFO - Filling up the DagBag from /opt/airflow/dags/football_etl_dag.py
[2026-07-29T17:19:57.435+0000] {processor.py:840} INFO - DAG(s) 'football_etl' retrieved from /opt/airflow/dags/football_etl_dag.py
[2026-07-29T17:19:57.471+0000] {logging_mixin.py:188} INFO - [2026-07-29T17:19:57.471+0000] {dag.py:3089} INFO - Sync 1 DAGs
[2026-07-29T17:19:57.499+0000] {logging_mixin.py:188} INFO - [2026-07-29T17:19:57.499+0000] {dag.py:3947} INFO - Setting next_dagrun for football_etl to 2026-07-29 17:18:00+00:00, run_after=2026-07-29 17:20:00+00:00
[2026-07-29T17:19:57.524+0000] {processor.py:183} INFO - Processing /opt/airflow/dags/football_etl_dag.py took 0.125 seconds
[2026-07-29T17:20:27.596+0000] {processor.py:161} INFO - Started process (PID=551) to work on /opt/airflow/dags/football_etl_dag.py
[2026-07-29T17:20:27.598+0000] {processor.py:830} INFO - Processing file /opt/airflow/dags/football_etl_dag.py for tasks to queue
[2026-07-29T17:20:27.602+0000] {logging_mixin.py:188} INFO - [2026-07-29T17:20:27.601+0000] {dagbag.py:545} INFO - Filling up the DagBag from /opt/airflow/dags/football_etl_dag.py
[2026-07-29T17:20:27.641+0000] {processor.py:840} INFO - DAG(s) 'football_etl' retrieved from /opt/airflow/dags/football_etl_dag.py
[2026-07-29T17:20:27.698+0000] {logging_mixin.py:188} INFO - [2026-07-29T17:20:27.697+0000] {dag.py:3089} INFO - Sync 1 DAGs
[2026-07-29T17:20:27.740+0000] {logging_mixin.py:188} INFO - [2026-07-29T17:20:27.739+0000] {dag.py:3947} INFO - Setting next_dagrun for football_etl to 2026-07-29 17:20:00+00:00, run_after=2026-07-29 17:22:00+00:00
[2026-07-29T17:20:27.770+0000] {processor.py:183} INFO - Processing /opt/airflow/dags/football_etl_dag.py took 0.185 seconds
[2026-07-29T17:20:57.903+0000] {processor.py:161} INFO - Started process (PID=556) to work on /opt/airflow/dags/football_etl_dag.py
[2026-07-29T17:20:57.904+0000] {processor.py:830} INFO - Processing file /opt/airflow/dags/football_etl_dag.py for tasks to queue
[2026-07-29T17:20:57.907+0000] {logging_mixin.py:188} INFO - [2026-07-29T17:20:57.906+0000] {dagbag.py:545} INFO - Filling up the DagBag from /opt/airflow/dags/football_etl_dag.py
[2026-07-29T17:20:57.929+0000] {processor.py:840} INFO - DAG(s) 'football_etl' retrieved from /opt/airflow/dags/football_etl_dag.py
[2026-07-29T17:20:57.964+0000] {logging_mixin.py:188} INFO - [2026-07-29T17:20:57.963+0000] {dag.py:3089} INFO - Sync 1 DAGs
[2026-07-29T17:20:57.991+0000] {logging_mixin.py:188} INFO - [2026-07-29T17:20:57.991+0000] {dag.py:3947} INFO - Setting next_dagrun for football_etl to 2026-07-29 17:20:00+00:00, run_after=2026-07-29 17:22:00+00:00
[2026-07-29T17:20:58.012+0000] {processor.py:183} INFO - Processing /opt/airflow/dags/football_etl_dag.py took 0.115 seconds
[2026-07-29T17:21:28.222+0000] {processor.py:161} INFO - Started process (PID=561) to work on /opt/airflow/dags/football_etl_dag.py
[2026-07-29T17:21:28.223+0000] {processor.py:830} INFO - Processing file /opt/airflow/dags/football_etl_dag.py for tasks to queue
[2026-07-29T17:21:28.226+0000] {logging_mixin.py:188} INFO - [2026-07-29T17:21:28.226+0000] {dagbag.py:545} INFO - Filling up the DagBag from /opt/airflow/dags/football_etl_dag.py
[2026-07-29T17:21:28.250+0000] {processor.py:840} INFO - DAG(s) 'football_etl' retrieved from /opt/airflow/dags/football_etl_dag.py
[2026-07-29T17:21:28.291+0000] {logging_mixin.py:188} INFO - [2026-07-29T17:21:28.291+0000] {dag.py:3089} INFO - Sync 1 DAGs
[2026-07-29T17:21:28.320+0000] {logging_mixin.py:188} INFO - [2026-07-29T17:21:28.319+0000] {dag.py:3947} INFO - Setting next_dagrun for football_etl to 2026-07-29 17:20:00+00:00, run_after=2026-07-29 17:22:00+00:00
[2026-07-29T17:21:28.343+0000] {processor.py:183} INFO - Processing /opt/airflow/dags/football_etl_dag.py took 0.130 seconds
[2026-07-29T17:21:58.484+0000] {processor.py:161} INFO - Started process (PID=566) to work on /opt/airflow/dags/football_etl_dag.py
[2026-07-29T17:21:58.486+0000] {processor.py:830} INFO - Processing file /opt/airflow/dags/football_etl_dag.py for tasks to queue
[2026-07-29T17:21:58.490+0000] {logging_mixin.py:188} INFO - [2026-07-29T17:21:58.489+0000] {dagbag.py:545} INFO - Filling up the DagBag from /opt/airflow/dags/football_etl_dag.py
[2026-07-29T17:21:58.514+0000] {processor.py:840} INFO - DAG(s) 'football_etl' retrieved from /opt/airflow/dags/football_etl_dag.py
[2026-07-29T17:21:58.553+0000] {logging_mixin.py:188} INFO - [2026-07-29T17:21:58.553+0000] {dag.py:3089} INFO - Sync 1 DAGs
[2026-07-29T17:21:58.584+0000] {logging_mixin.py:188} INFO - [2026-07-29T17:21:58.584+0000] {dag.py:3947} INFO - Setting next_dagrun for football_etl to 2026-07-29 17:20:00+00:00, run_after=2026-07-29 17:22:00+00:00
[2026-07-29T17:21:58.607+0000] {processor.py:183} INFO - Processing /opt/airflow/dags/football_etl_dag.py took 0.132 seconds
[2026-07-29T17:22:29.024+0000] {processor.py:161} INFO - Started process (PID=579) to work on /opt/airflow/dags/football_etl_dag.py
[2026-07-29T17:22:29.031+0000] {processor.py:830} INFO - Processing file /opt/airflow/dags/football_etl_dag.py for tasks to queue
[2026-07-29T17:22:29.049+0000] {logging_mixin.py:188} INFO - [2026-07-29T17:22:29.045+0000] {dagbag.py:545} INFO - Filling up the DagBag from /opt/airflow/dags/football_etl_dag.py
[2026-07-29T17:22:29.113+0000] {processor.py:840} INFO - DAG(s) 'football_etl' retrieved from /opt/airflow/dags/football_etl_dag.py
[2026-07-29T17:22:29.154+0000] {logging_mixin.py:188} INFO - [2026-07-29T17:22:29.154+0000] {dag.py:3089} INFO - Sync 1 DAGs
[2026-07-29T17:22:29.183+0000] {logging_mixin.py:188} INFO - [2026-07-29T17:22:29.183+0000] {dag.py:3947} INFO - Setting next_dagrun for football_etl to 2026-07-29 17:22:00+00:00, run_after=2026-07-29 17:24:00+00:00
[2026-07-29T17:22:29.205+0000] {processor.py:183} INFO - Processing /opt/airflow/dags/football_etl_dag.py took 0.218 seconds
[2026-07-29T17:22:59.415+0000] {processor.py:161} INFO - Started process (PID=584) to work on /opt/airflow/dags/football_etl_dag.py
[2026-07-29T17:22:59.417+0000] {processor.py:830} INFO - Processing file /opt/airflow/dags/football_etl_dag.py for tasks to queue
[2026-07-29T17:22:59.420+0000] {logging_mixin.py:188} INFO - [2026-07-29T17:22:59.419+0000] {dagbag.py:545} INFO - Filling up the DagBag from /opt/airflow/dags/football_etl_dag.py
[2026-07-29T17:22:59.444+0000] {processor.py:840} INFO - DAG(s) 'football_etl' retrieved from /opt/airflow/dags/football_etl_dag.py
[2026-07-29T17:22:59.481+0000] {logging_mixin.py:188} INFO - [2026-07-29T17:22:59.481+0000] {dag.py:3089} INFO - Sync 1 DAGs
[2026-07-29T17:22:59.509+0000] {logging_mixin.py:188} INFO - [2026-07-29T17:22:59.509+0000] {dag.py:3947} INFO - Setting next_dagrun for football_etl to 2026-07-29 17:22:00+00:00, run_after=2026-07-29 17:24:00+00:00
[2026-07-29T17:22:59.532+0000] {processor.py:183} INFO - Processing /opt/airflow/dags/football_etl_dag.py took 0.123 seconds
[2026-07-29T17:23:29.646+0000] {processor.py:161} INFO - Started process (PID=589) to work on /opt/airflow/dags/football_etl_dag.py
[2026-07-29T17:23:29.648+0000] {processor.py:830} INFO - Processing file /opt/airflow/dags/football_etl_dag.py for tasks to queue
[2026-07-29T17:23:29.651+0000] {logging_mixin.py:188} INFO - [2026-07-29T17:23:29.651+0000] {dagbag.py:545} INFO - Filling up the DagBag from /opt/airflow/dags/football_etl_dag.py
[2026-07-29T17:23:29.677+0000] {processor.py:840} INFO - DAG(s) 'football_etl' retrieved from /opt/airflow/dags/football_etl_dag.py
[2026-07-29T17:23:29.716+0000] {logging_mixin.py:188} INFO - [2026-07-29T17:23:29.716+0000] {dag.py:3089} INFO - Sync 1 DAGs
[2026-07-29T17:23:29.743+0000] {logging_mixin.py:188} INFO - [2026-07-29T17:23:29.743+0000] {dag.py:3947} INFO - Setting next_dagrun for football_etl to 2026-07-29 17:22:00+00:00, run_after=2026-07-29 17:24:00+00:00
[2026-07-29T17:23:29.763+0000] {processor.py:183} INFO - Processing /opt/airflow/dags/football_etl_dag.py took 0.125 seconds
[2026-07-29T17:23:59.969+0000] {processor.py:161} INFO - Started process (PID=594) to work on /opt/airflow/dags/football_etl_dag.py
[2026-07-29T17:23:59.971+0000] {processor.py:830} INFO - Processing file /opt/airflow/dags/football_etl_dag.py for tasks to queue
[2026-07-29T17:23:59.973+0000] {logging_mixin.py:188} INFO - [2026-07-29T17:23:59.973+0000] {dagbag.py:545} INFO - Filling up the DagBag from /opt/airflow/dags/football_etl_dag.py
[2026-07-29T17:23:59.997+0000] {processor.py:840} INFO - DAG(s) 'football_etl' retrieved from /opt/airflow/dags/football_etl_dag.py
[2026-07-29T17:24:00.043+0000] {logging_mixin.py:188} INFO - [2026-07-29T17:24:00.042+0000] {dag.py:3089} INFO - Sync 1 DAGs
[2026-07-29T17:24:00.076+0000] {logging_mixin.py:188} INFO - [2026-07-29T17:24:00.076+0000] {dag.py:3947} INFO - Setting next_dagrun for football_etl to 2026-07-29 17:22:00+00:00, run_after=2026-07-29 17:24:00+00:00
[2026-07-29T17:24:00.105+0000] {processor.py:183} INFO - Processing /opt/airflow/dags/football_etl_dag.py took 0.143 seconds
[2026-07-29T17:24:30.305+0000] {processor.py:161} INFO - Started process (PID=607) to work on /opt/airflow/dags/football_etl_dag.py
[2026-07-29T17:24:30.307+0000] {processor.py:830} INFO - Processing file /opt/airflow/dags/football_etl_dag.py for tasks to queue
[2026-07-29T17:24:30.309+0000] {logging_mixin.py:188} INFO - [2026-07-29T17:24:30.309+0000] {dagbag.py:545} INFO - Filling up the DagBag from /opt/airflow/dags/football_etl_dag.py
[2026-07-29T17:24:30.332+0000] {processor.py:840} INFO - DAG(s) 'football_etl' retrieved from /opt/airflow/dags/football_etl_dag.py
[2026-07-29T17:24:30.379+0000] {logging_mixin.py:188} INFO - [2026-07-29T17:24:30.379+0000] {dag.py:3089} INFO - Sync 1 DAGs
[2026-07-29T17:24:30.409+0000] {logging_mixin.py:188} INFO - [2026-07-29T17:24:30.408+0000] {dag.py:3947} INFO - Setting next_dagrun for football_etl to 2026-07-29 17:24:00+00:00, run_after=2026-07-29 17:26:00+00:00
[2026-07-29T17:24:30.435+0000] {processor.py:183} INFO - Processing /opt/airflow/dags/football_etl_dag.py took 0.138 seconds
[2026-07-29T17:25:00.536+0000] {processor.py:161} INFO - Started process (PID=612) to work on /opt/airflow/dags/football_etl_dag.py
[2026-07-29T17:25:00.538+0000] {processor.py:830} INFO - Processing file /opt/airflow/dags/football_etl_dag.py for tasks to queue
[2026-07-29T17:25:00.542+0000] {logging_mixin.py:188} INFO - [2026-07-29T17:25:00.541+0000] {dagbag.py:545} INFO - Filling up the DagBag from /opt/airflow/dags/football_etl_dag.py
[2026-07-29T17:25:00.593+0000] {processor.py:840} INFO - DAG(s) 'football_etl' retrieved from /opt/airflow/dags/football_etl_dag.py
[2026-07-29T17:25:00.655+0000] {logging_mixin.py:188} INFO - [2026-07-29T17:25:00.655+0000] {dag.py:3089} INFO - Sync 1 DAGs
[2026-07-29T17:25:00.693+0000] {logging_mixin.py:188} INFO - [2026-07-29T17:25:00.692+0000] {dag.py:3947} INFO - Setting next_dagrun for football_etl to 2026-07-29 17:24:00+00:00, run_after=2026-07-29 17:26:00+00:00
[2026-07-29T17:25:00.724+0000] {processor.py:183} INFO - Processing /opt/airflow/dags/football_etl_dag.py took 0.199 seconds
[2026-07-29T17:25:30.887+0000] {processor.py:161} INFO - Started process (PID=617) to work on /opt/airflow/dags/football_etl_dag.py
[2026-07-29T17:25:30.889+0000] {processor.py:830} INFO - Processing file /opt/airflow/dags/football_etl_dag.py for tasks to queue
[2026-07-29T17:25:30.892+0000] {logging_mixin.py:188} INFO - [2026-07-29T17:25:30.891+0000] {dagbag.py:545} INFO - Filling up the DagBag from /opt/airflow/dags/football_etl_dag.py
[2026-07-29T17:25:30.922+0000] {processor.py:840} INFO - DAG(s) 'football_etl' retrieved from /opt/airflow/dags/football_etl_dag.py
[2026-07-29T17:25:30.969+0000] {logging_mixin.py:188} INFO - [2026-07-29T17:25:30.969+0000] {dag.py:3089} INFO - Sync 1 DAGs
[2026-07-29T17:25:30.999+0000] {logging_mixin.py:188} INFO - [2026-07-29T17:25:30.999+0000] {dag.py:3947} INFO - Setting next_dagrun for football_etl to 2026-07-29 17:24:00+00:00, run_after=2026-07-29 17:26:00+00:00
[2026-07-29T17:25:31.025+0000] {processor.py:183} INFO - Processing /opt/airflow/dags/football_etl_dag.py took 0.149 seconds
[2026-07-29T17:26:01.150+0000] {processor.py:161} INFO - Started process (PID=624) to work on /opt/airflow/dags/football_etl_dag.py
[2026-07-29T17:26:01.151+0000] {processor.py:830} INFO - Processing file /opt/airflow/dags/football_etl_dag.py for tasks to queue
[2026-07-29T17:26:01.154+0000] {logging_mixin.py:188} INFO - [2026-07-29T17:26:01.154+0000] {dagbag.py:545} INFO - Filling up the DagBag from /opt/airflow/dags/football_etl_dag.py
[2026-07-29T17:26:01.184+0000] {processor.py:840} INFO - DAG(s) 'football_etl' retrieved from /opt/airflow/dags/football_etl_dag.py
[2026-07-29T17:26:01.228+0000] {logging_mixin.py:188} INFO - [2026-07-29T17:26:01.228+0000] {dag.py:3089} INFO - Sync 1 DAGs
[2026-07-29T17:26:01.256+0000] {logging_mixin.py:188} INFO - [2026-07-29T17:26:01.256+0000] {dag.py:3947} INFO - Setting next_dagrun for football_etl to 2026-07-29 17:26:00+00:00, run_after=2026-07-29 17:28:00+00:00
[2026-07-29T17:26:01.282+0000] {processor.py:183} INFO - Processing /opt/airflow/dags/football_etl_dag.py took 0.143 seconds
[2026-07-29T17:26:31.400+0000] {processor.py:161} INFO - Started process (PID=635) to work on /opt/airflow/dags/football_etl_dag.py
[2026-07-29T17:26:31.401+0000] {processor.py:830} INFO - Processing file /opt/airflow/dags/football_etl_dag.py for tasks to queue
[2026-07-29T17:26:31.404+0000] {logging_mixin.py:188} INFO - [2026-07-29T17:26:31.404+0000] {dagbag.py:545} INFO - Filling up the DagBag from /opt/airflow/dags/football_etl_dag.py
[2026-07-29T17:26:31.433+0000] {processor.py:840} INFO - DAG(s) 'football_etl' retrieved from /opt/airflow/dags/football_etl_dag.py
[2026-07-29T17:26:31.478+0000] {logging_mixin.py:188} INFO - [2026-07-29T17:26:31.478+0000] {dag.py:3089} INFO - Sync 1 DAGs
[2026-07-29T17:26:31.509+0000] {logging_mixin.py:188} INFO - [2026-07-29T17:26:31.509+0000] {dag.py:3947} INFO - Setting next_dagrun for football_etl to 2026-07-29 17:26:00+00:00, run_after=2026-07-29 17:28:00+00:00
[2026-07-29T17:26:31.532+0000] {processor.py:183} INFO - Processing /opt/airflow/dags/football_etl_dag.py took 0.140 seconds
[2026-07-29T17:27:01.669+0000] {processor.py:161} INFO - Started process (PID=640) to work on /opt/airflow/dags/football_etl_dag.py
[2026-07-29T17:27:01.671+0000] {processor.py:830} INFO - Processing file /opt/airflow/dags/football_etl_dag.py for tasks to queue
[2026-07-29T17:27:01.675+0000] {logging_mixin.py:188} INFO - [2026-07-29T17:27:01.674+0000] {dagbag.py:545} INFO - Filling up the DagBag from /opt/airflow/dags/football_etl_dag.py
[2026-07-29T17:27:01.699+0000] {processor.py:840} INFO - DAG(s) 'football_etl' retrieved from /opt/airflow/dags/football_etl_dag.py
[2026-07-29T17:27:01.743+0000] {logging_mixin.py:188} INFO - [2026-07-29T17:27:01.743+0000] {dag.py:3089} INFO - Sync 1 DAGs
[2026-07-29T17:27:01.771+0000] {logging_mixin.py:188} INFO - [2026-07-29T17:27:01.771+0000] {dag.py:3947} INFO - Setting next_dagrun for football_etl to 2026-07-29 17:26:00+00:00, run_after=2026-07-29 17:28:00+00:00
[2026-07-29T17:27:01.796+0000] {processor.py:183} INFO - Processing /opt/airflow/dags/football_etl_dag.py took 0.133 seconds
[2026-07-29T17:27:32.050+0000] {processor.py:161} INFO - Started process (PID=645) to work on /opt/airflow/dags/football_etl_dag.py
[2026-07-29T17:27:32.052+0000] {processor.py:830} INFO - Processing file /opt/airflow/dags/football_etl_dag.py for tasks to queue
[2026-07-29T17:27:32.055+0000] {logging_mixin.py:188} INFO - [2026-07-29T17:27:32.054+0000] {dagbag.py:545} INFO - Filling up the DagBag from /opt/airflow/dags/football_etl_dag.py
[2026-07-29T17:27:32.082+0000] {processor.py:840} INFO - DAG(s) 'football_etl' retrieved from /opt/airflow/dags/football_etl_dag.py
[2026-07-29T17:27:32.120+0000] {logging_mixin.py:188} INFO - [2026-07-29T17:27:32.120+0000] {dag.py:3089} INFO - Sync 1 DAGs
[2026-07-29T17:27:32.146+0000] {logging_mixin.py:188} INFO - [2026-07-29T17:27:32.146+0000] {dag.py:3947} INFO - Setting next_dagrun for football_etl to 2026-07-29 17:26:00+00:00, run_after=2026-07-29 17:28:00+00:00
[2026-07-29T17:27:32.169+0000] {processor.py:183} INFO - Processing /opt/airflow/dags/football_etl_dag.py took 0.125 seconds
[2026-07-29T17:28:02.815+0000] {processor.py:161} INFO - Started process (PID=654) to work on /opt/airflow/dags/football_etl_dag.py
[2026-07-29T17:28:02.831+0000] {processor.py:830} INFO - Processing file /opt/airflow/dags/football_etl_dag.py for tasks to queue
[2026-07-29T17:28:02.842+0000] {logging_mixin.py:188} INFO - [2026-07-29T17:28:02.841+0000] {dagbag.py:545} INFO - Filling up the DagBag from /opt/airflow/dags/football_etl_dag.py
[2026-07-29T17:28:02.907+0000] {processor.py:840} INFO - DAG(s) 'football_etl' retrieved from /opt/airflow/dags/football_etl_dag.py
[2026-07-29T17:28:02.988+0000] {logging_mixin.py:188} INFO - [2026-07-29T17:28:02.987+0000] {dag.py:3089} INFO - Sync 1 DAGs
[2026-07-29T17:28:03.046+0000] {logging_mixin.py:188} INFO - [2026-07-29T17:28:03.045+0000] {dag.py:3947} INFO - Setting next_dagrun for football_etl to 2026-07-29 17:28:00+00:00, run_after=2026-07-29 17:30:00+00:00
[2026-07-29T17:28:03.088+0000] {processor.py:183} INFO - Processing /opt/airflow/dags/football_etl_dag.py took 0.295 seconds
[2026-07-29T17:28:33.461+0000] {processor.py:161} INFO - Started process (PID=663) to work on /opt/airflow/dags/football_etl_dag.py
[2026-07-29T17:28:33.463+0000] {processor.py:830} INFO - Processing file /opt/airflow/dags/football_etl_dag.py for tasks to queue
[2026-07-29T17:28:33.466+0000] {logging_mixin.py:188} INFO - [2026-07-29T17:28:33.466+0000] {dagbag.py:545} INFO - Filling up the DagBag from /opt/airflow/dags/football_etl_dag.py
[2026-07-29T17:28:33.509+0000] {processor.py:840} INFO - DAG(s) 'football_etl' retrieved from /opt/airflow/dags/football_etl_dag.py
[2026-07-29T17:28:33.571+0000] {logging_mixin.py:188} INFO - [2026-07-29T17:28:33.570+0000] {dag.py:3089} INFO - Sync 1 DAGs
[2026-07-29T17:28:33.613+0000] {logging_mixin.py:188} INFO - [2026-07-29T17:28:33.613+0000] {dag.py:3947} INFO - Setting next_dagrun for football_etl to 2026-07-29 17:28:00+00:00, run_after=2026-07-29 17:30:00+00:00
[2026-07-29T17:28:33.644+0000] {processor.py:183} INFO - Processing /opt/airflow/dags/football_etl_dag.py took 0.196 seconds
[2026-07-29T17:29:03.770+0000] {processor.py:161} INFO - Started process (PID=668) to work on /opt/airflow/dags/football_etl_dag.py
[2026-07-29T17:29:03.772+0000] {processor.py:830} INFO - Processing file /opt/airflow/dags/football_etl_dag.py for tasks to queue
[2026-07-29T17:29:03.776+0000] {logging_mixin.py:188} INFO - [2026-07-29T17:29:03.775+0000] {dagbag.py:545} INFO - Filling up the DagBag from /opt/airflow/dags/football_etl_dag.py
[2026-07-29T17:29:03.806+0000] {processor.py:840} INFO - DAG(s) 'football_etl' retrieved from /opt/airflow/dags/football_etl_dag.py
[2026-07-29T17:29:03.856+0000] {logging_mixin.py:188} INFO - [2026-07-29T17:29:03.856+0000] {dag.py:3089} INFO - Sync 1 DAGs
[2026-07-29T17:29:03.890+0000] {logging_mixin.py:188} INFO - [2026-07-29T17:29:03.890+0000] {dag.py:3947} INFO - Setting next_dagrun for football_etl to 2026-07-29 17:28:00+00:00, run_after=2026-07-29 17:30:00+00:00
[2026-07-29T17:29:03.920+0000] {processor.py:183} INFO - Processing /opt/airflow/dags/football_etl_dag.py took 0.163 seconds
[2026-07-29T17:29:34.121+0000] {processor.py:161} INFO - Started process (PID=673) to work on /opt/airflow/dags/football_etl_dag.py
[2026-07-29T17:29:34.123+0000] {processor.py:830} INFO - Processing file /opt/airflow/dags/football_etl_dag.py for tasks to queue
[2026-07-29T17:29:34.126+0000] {logging_mixin.py:188} INFO - [2026-07-29T17:29:34.125+0000] {dagbag.py:545} INFO - Filling up the DagBag from /opt/airflow/dags/football_etl_dag.py
[2026-07-29T17:29:34.150+0000] {processor.py:840} INFO - DAG(s) 'football_etl' retrieved from /opt/airflow/dags/football_etl_dag.py
[2026-07-29T17:29:34.191+0000] {logging_mixin.py:188} INFO - [2026-07-29T17:29:34.191+0000] {dag.py:3089} INFO - Sync 1 DAGs
[2026-07-29T17:29:34.226+0000] {logging_mixin.py:188} INFO - [2026-07-29T17:29:34.226+0000] {dag.py:3947} INFO - Setting next_dagrun for football_etl to 2026-07-29 17:28:00+00:00, run_after=2026-07-29 17:30:00+00:00
[2026-07-29T17:29:34.252+0000] {processor.py:183} INFO - Processing /opt/airflow/dags/football_etl_dag.py took 0.138 seconds
[2026-07-29T17:30:04.317+0000] {processor.py:161} INFO - Started process (PID=684) to work on /opt/airflow/dags/football_etl_dag.py
[2026-07-29T17:30:04.320+0000] {processor.py:830} INFO - Processing file /opt/airflow/dags/football_etl_dag.py for tasks to queue
[2026-07-29T17:30:04.324+0000] {logging_mixin.py:188} INFO - [2026-07-29T17:30:04.323+0000] {dagbag.py:545} INFO - Filling up the DagBag from /opt/airflow/dags/football_etl_dag.py
[2026-07-29T17:30:04.362+0000] {processor.py:840} INFO - DAG(s) 'football_etl' retrieved from /opt/airflow/dags/football_etl_dag.py
[2026-07-29T17:30:04.427+0000] {logging_mixin.py:188} INFO - [2026-07-29T17:30:04.426+0000] {dag.py:3089} INFO - Sync 1 DAGs
[2026-07-29T17:30:04.457+0000] {logging_mixin.py:188} INFO - [2026-07-29T17:30:04.457+0000] {dag.py:3947} INFO - Setting next_dagrun for football_etl to 2026-07-29 17:30:00+00:00, run_after=2026-07-29 17:32:00+00:00
[2026-07-29T17:30:04.488+0000] {processor.py:183} INFO - Processing /opt/airflow/dags/football_etl_dag.py took 0.183 seconds
[2026-07-29T17:30:34.633+0000] {processor.py:161} INFO - Started process (PID=691) to work on /opt/airflow/dags/football_etl_dag.py
[2026-07-29T17:30:34.635+0000] {processor.py:830} INFO - Processing file /opt/airflow/dags/football_etl_dag.py for tasks to queue
[2026-07-29T17:30:34.639+0000] {logging_mixin.py:188} INFO - [2026-07-29T17:30:34.638+0000] {dagbag.py:545} INFO - Filling up the DagBag from /opt/airflow/dags/football_etl_dag.py
[2026-07-29T17:30:34.661+0000] {processor.py:840} INFO - DAG(s) 'football_etl' retrieved from /opt/airflow/dags/football_etl_dag.py
[2026-07-29T17:30:34.701+0000] {logging_mixin.py:188} INFO - [2026-07-29T17:30:34.701+0000] {dag.py:3089} INFO - Sync 1 DAGs
[2026-07-29T17:30:34.742+0000] {logging_mixin.py:188} INFO - [2026-07-29T17:30:34.742+0000] {dag.py:3947} INFO - Setting next_dagrun for football_etl to 2026-07-29 17:30:00+00:00, run_after=2026-07-29 17:32:00+00:00
[2026-07-29T17:30:34.765+0000] {processor.py:183} INFO - Processing /opt/airflow/dags/football_etl_dag.py took 0.139 seconds
[2026-07-29T17:31:04.893+0000] {processor.py:161} INFO - Started process (PID=696) to work on /opt/airflow/dags/football_etl_dag.py
[2026-07-29T17:31:04.895+0000] {processor.py:830} INFO - Processing file /opt/airflow/dags/football_etl_dag.py for tasks to queue
[2026-07-29T17:31:04.899+0000] {logging_mixin.py:188} INFO - [2026-07-29T17:31:04.898+0000] {dagbag.py:545} INFO - Filling up the DagBag from /opt/airflow/dags/football_etl_dag.py
[2026-07-29T17:31:04.928+0000] {processor.py:840} INFO - DAG(s) 'football_etl' retrieved from /opt/airflow/dags/football_etl_dag.py
[2026-07-29T17:31:04.978+0000] {logging_mixin.py:188} INFO - [2026-07-29T17:31:04.977+0000] {dag.py:3089} INFO - Sync 1 DAGs
[2026-07-29T17:31:05.008+0000] {logging_mixin.py:188} INFO - [2026-07-29T17:31:05.008+0000] {dag.py:3947} INFO - Setting next_dagrun for football_etl to 2026-07-29 17:30:00+00:00, run_after=2026-07-29 17:32:00+00:00
[2026-07-29T17:31:05.034+0000] {processor.py:183} INFO - Processing /opt/airflow/dags/football_etl_dag.py took 0.152 seconds
[2026-07-29T17:31:35.215+0000] {processor.py:161} INFO - Started process (PID=701) to work on /opt/airflow/dags/football_etl_dag.py
[2026-07-29T17:31:35.217+0000] {processor.py:830} INFO - Processing file /opt/airflow/dags/football_etl_dag.py for tasks to queue
[2026-07-29T17:31:35.220+0000] {logging_mixin.py:188} INFO - [2026-07-29T17:31:35.220+0000] {dagbag.py:545} INFO - Filling up the DagBag from /opt/airflow/dags/football_etl_dag.py
[2026-07-29T17:31:35.251+0000] {processor.py:840} INFO - DAG(s) 'football_etl' retrieved from /opt/airflow/dags/football_etl_dag.py
[2026-07-29T17:31:35.307+0000] {logging_mixin.py:188} INFO - [2026-07-29T17:31:35.306+0000] {dag.py:3089} INFO - Sync 1 DAGs
[2026-07-29T17:31:35.346+0000] {logging_mixin.py:188} INFO - [2026-07-29T17:31:35.345+0000] {dag.py:3947} INFO - Setting next_dagrun for football_etl to 2026-07-29 17:30:00+00:00, run_after=2026-07-29 17:32:00+00:00
[2026-07-29T17:31:35.373+0000] {processor.py:183} INFO - Processing /opt/airflow/dags/football_etl_dag.py took 0.165 seconds
[2026-07-29T17:32:05.749+0000] {processor.py:161} INFO - Started process (PID=712) to work on /opt/airflow/dags/football_etl_dag.py
[2026-07-29T17:32:05.761+0000] {processor.py:830} INFO - Processing file /opt/airflow/dags/football_etl_dag.py for tasks to queue
[2026-07-29T17:32:05.771+0000] {logging_mixin.py:188} INFO - [2026-07-29T17:32:05.770+0000] {dagbag.py:545} INFO - Filling up the DagBag from /opt/airflow/dags/football_etl_dag.py
[2026-07-29T17:32:05.810+0000] {processor.py:840} INFO - DAG(s) 'football_etl' retrieved from /opt/airflow/dags/football_etl_dag.py
[2026-07-29T17:32:05.889+0000] {logging_mixin.py:188} INFO - [2026-07-29T17:32:05.888+0000] {dag.py:3089} INFO - Sync 1 DAGs
[2026-07-29T17:32:05.936+0000] {logging_mixin.py:188} INFO - [2026-07-29T17:32:05.936+0000] {dag.py:3947} INFO - Setting next_dagrun for football_etl to 2026-07-29 17:32:00+00:00, run_after=2026-07-29 17:34:00+00:00
[2026-07-29T17:32:05.960+0000] {processor.py:183} INFO - Processing /opt/airflow/dags/football_etl_dag.py took 0.319 seconds
[2026-07-29T17:32:37.455+0000] {processor.py:161} INFO - Started process (PID=719) to work on /opt/airflow/dags/football_etl_dag.py
[2026-07-29T17:32:37.463+0000] {processor.py:830} INFO - Processing file /opt/airflow/dags/football_etl_dag.py for tasks to queue
[2026-07-29T17:32:37.486+0000] {logging_mixin.py:188} INFO - [2026-07-29T17:32:37.483+0000] {dagbag.py:545} INFO - Filling up the DagBag from /opt/airflow/dags/football_etl_dag.py
[2026-07-29T17:32:37.664+0000] {processor.py:840} INFO - DAG(s) 'football_etl' retrieved from /opt/airflow/dags/football_etl_dag.py
[2026-07-29T17:32:37.735+0000] {logging_mixin.py:188} INFO - [2026-07-29T17:32:37.734+0000] {dag.py:3089} INFO - Sync 1 DAGs
[2026-07-29T17:32:37.789+0000] {logging_mixin.py:188} INFO - [2026-07-29T17:32:37.788+0000] {dag.py:3947} INFO - Setting next_dagrun for football_etl to 2026-07-29 17:32:00+00:00, run_after=2026-07-29 17:34:00+00:00
[2026-07-29T17:32:37.832+0000] {processor.py:183} INFO - Processing /opt/airflow/dags/football_etl_dag.py took 0.434 seconds
[2026-07-29T17:33:08.078+0000] {processor.py:161} INFO - Started process (PID=724) to work on /opt/airflow/dags/football_etl_dag.py
[2026-07-29T17:33:08.080+0000] {processor.py:830} INFO - Processing file /opt/airflow/dags/football_etl_dag.py for tasks to queue
[2026-07-29T17:33:08.084+0000] {logging_mixin.py:188} INFO - [2026-07-29T17:33:08.083+0000] {dagbag.py:545} INFO - Filling up the DagBag from /opt/airflow/dags/football_etl_dag.py
[2026-07-29T17:33:08.117+0000] {processor.py:840} INFO - DAG(s) 'football_etl' retrieved from /opt/airflow/dags/football_etl_dag.py
[2026-07-29T17:33:08.173+0000] {logging_mixin.py:188} INFO - [2026-07-29T17:33:08.172+0000] {dag.py:3089} INFO - Sync 1 DAGs
[2026-07-29T17:33:08.211+0000] {logging_mixin.py:188} INFO - [2026-07-29T17:33:08.211+0000] {dag.py:3947} INFO - Setting next_dagrun for football_etl to 2026-07-29 17:32:00+00:00, run_after=2026-07-29 17:34:00+00:00
[2026-07-29T17:33:08.244+0000] {processor.py:183} INFO - Processing /opt/airflow/dags/football_etl_dag.py took 0.177 seconds
[2026-07-29T17:33:38.318+0000] {processor.py:161} INFO - Started process (PID=729) to work on /opt/airflow/dags/football_etl_dag.py
[2026-07-29T17:33:38.320+0000] {processor.py:830} INFO - Processing file /opt/airflow/dags/football_etl_dag.py for tasks to queue
[2026-07-29T17:33:38.323+0000] {logging_mixin.py:188} INFO - [2026-07-29T17:33:38.322+0000] {dagbag.py:545} INFO - Filling up the DagBag from /opt/airflow/dags/football_etl_dag.py
[2026-07-29T17:33:38.347+0000] {processor.py:840} INFO - DAG(s) 'football_etl' retrieved from /opt/airflow/dags/football_etl_dag.py
[2026-07-29T17:33:38.385+0000] {logging_mixin.py:188} INFO - [2026-07-29T17:33:38.385+0000] {dag.py:3089} INFO - Sync 1 DAGs
[2026-07-29T17:33:38.413+0000] {logging_mixin.py:188} INFO - [2026-07-29T17:33:38.413+0000] {dag.py:3947} INFO - Setting next_dagrun for football_etl to 2026-07-29 17:32:00+00:00, run_after=2026-07-29 17:34:00+00:00
[2026-07-29T17:33:38.434+0000] {processor.py:183} INFO - Processing /opt/airflow/dags/football_etl_dag.py took 0.122 seconds
[2026-07-29T17:34:08.640+0000] {processor.py:161} INFO - Started process (PID=740) to work on /opt/airflow/dags/football_etl_dag.py
[2026-07-29T17:34:08.642+0000] {processor.py:830} INFO - Processing file /opt/airflow/dags/football_etl_dag.py for tasks to queue
[2026-07-29T17:34:08.645+0000] {logging_mixin.py:188} INFO - [2026-07-29T17:34:08.645+0000] {dagbag.py:545} INFO - Filling up the DagBag from /opt/airflow/dags/football_etl_dag.py
[2026-07-29T17:34:08.676+0000] {processor.py:840} INFO - DAG(s) 'football_etl' retrieved from /opt/airflow/dags/football_etl_dag.py
[2026-07-29T17:34:08.731+0000] {logging_mixin.py:188} INFO - [2026-07-29T17:34:08.731+0000] {dag.py:3089} INFO - Sync 1 DAGs
[2026-07-29T17:34:08.768+0000] {logging_mixin.py:188} INFO - [2026-07-29T17:34:08.768+0000] {dag.py:3947} INFO - Setting next_dagrun for football_etl to 2026-07-29 17:34:00+00:00, run_after=2026-07-29 17:36:00+00:00
[2026-07-29T17:34:08.796+0000] {processor.py:183} INFO - Processing /opt/airflow/dags/football_etl_dag.py took 0.164 seconds
[2026-07-29T17:34:38.893+0000] {processor.py:161} INFO - Started process (PID=747) to work on /opt/airflow/dags/football_etl_dag.py
[2026-07-29T17:34:38.895+0000] {processor.py:830} INFO - Processing file /opt/airflow/dags/football_etl_dag.py for tasks to queue
[2026-07-29T17:34:38.898+0000] {logging_mixin.py:188} INFO - [2026-07-29T17:34:38.897+0000] {dagbag.py:545} INFO - Filling up the DagBag from /opt/airflow/dags/football_etl_dag.py
[2026-07-29T17:34:38.940+0000] {processor.py:840} INFO - DAG(s) 'football_etl' retrieved from /opt/airflow/dags/football_etl_dag.py
[2026-07-29T17:34:38.989+0000] {logging_mixin.py:188} INFO - [2026-07-29T17:34:38.988+0000] {dag.py:3089} INFO - Sync 1 DAGs
[2026-07-29T17:34:39.022+0000] {logging_mixin.py:188} INFO - [2026-07-29T17:34:39.021+0000] {dag.py:3947} INFO - Setting next_dagrun for football_etl to 2026-07-29 17:34:00+00:00, run_after=2026-07-29 17:36:00+00:00
[2026-07-29T17:34:39.051+0000] {processor.py:183} INFO - Processing /opt/airflow/dags/football_etl_dag.py took 0.168 seconds
[2026-07-29T17:35:09.244+0000] {processor.py:161} INFO - Started process (PID=752) to work on /opt/airflow/dags/football_etl_dag.py
[2026-07-29T17:35:09.245+0000] {processor.py:830} INFO - Processing file /opt/airflow/dags/football_etl_dag.py for tasks to queue
[2026-07-29T17:35:09.248+0000] {logging_mixin.py:188} INFO - [2026-07-29T17:35:09.247+0000] {dagbag.py:545} INFO - Filling up the DagBag from /opt/airflow/dags/football_etl_dag.py
[2026-07-29T17:35:09.269+0000] {processor.py:840} INFO - DAG(s) 'football_etl' retrieved from /opt/airflow/dags/football_etl_dag.py
[2026-07-29T17:35:09.303+0000] {logging_mixin.py:188} INFO - [2026-07-29T17:35:09.303+0000] {dag.py:3089} INFO - Sync 1 DAGs
[2026-07-29T17:35:09.329+0000] {logging_mixin.py:188} INFO - [2026-07-29T17:35:09.329+0000] {dag.py:3947} INFO - Setting next_dagrun for football_etl to 2026-07-29 17:34:00+00:00, run_after=2026-07-29 17:36:00+00:00
[2026-07-29T17:35:09.351+0000] {processor.py:183} INFO - Processing /opt/airflow/dags/football_etl_dag.py took 0.114 seconds
[2026-07-29T17:35:39.502+0000] {processor.py:161} INFO - Started process (PID=757) to work on /opt/airflow/dags/football_etl_dag.py
[2026-07-29T17:35:39.504+0000] {processor.py:830} INFO - Processing file /opt/airflow/dags/football_etl_dag.py for tasks to queue
[2026-07-29T17:35:39.507+0000] {logging_mixin.py:188} INFO - [2026-07-29T17:35:39.506+0000] {dagbag.py:545} INFO - Filling up the DagBag from /opt/airflow/dags/football_etl_dag.py
[2026-07-29T17:35:39.532+0000] {processor.py:840} INFO - DAG(s) 'football_etl' retrieved from /opt/airflow/dags/football_etl_dag.py
[2026-07-29T17:35:39.571+0000] {logging_mixin.py:188} INFO - [2026-07-29T17:35:39.570+0000] {dag.py:3089} INFO - Sync 1 DAGs
[2026-07-29T17:35:39.600+0000] {logging_mixin.py:188} INFO - [2026-07-29T17:35:39.600+0000] {dag.py:3947} INFO - Setting next_dagrun for football_etl to 2026-07-29 17:34:00+00:00, run_after=2026-07-29 17:36:00+00:00
[2026-07-29T17:35:39.621+0000] {processor.py:183} INFO - Processing /opt/airflow/dags/football_etl_dag.py took 0.125 seconds
[2026-07-29T17:36:09.797+0000] {processor.py:161} INFO - Started process (PID=768) to work on /opt/airflow/dags/football_etl_dag.py
[2026-07-29T17:36:09.800+0000] {processor.py:830} INFO - Processing file /opt/airflow/dags/football_etl_dag.py for tasks to queue
[2026-07-29T17:36:09.807+0000] {logging_mixin.py:188} INFO - [2026-07-29T17:36:09.806+0000] {dagbag.py:545} INFO - Filling up the DagBag from /opt/airflow/dags/football_etl_dag.py
[2026-07-29T17:36:09.849+0000] {processor.py:840} INFO - DAG(s) 'football_etl' retrieved from /opt/airflow/dags/football_etl_dag.py
[2026-07-29T17:36:09.919+0000] {logging_mixin.py:188} INFO - [2026-07-29T17:36:09.918+0000] {dag.py:3089} INFO - Sync 1 DAGs
[2026-07-29T17:36:09.982+0000] {logging_mixin.py:188} INFO - [2026-07-29T17:36:09.982+0000] {dag.py:3947} INFO - Setting next_dagrun for football_etl to 2026-07-29 17:36:00+00:00, run_after=2026-07-29 17:38:00+00:00
[2026-07-29T17:36:10.017+0000] {processor.py:183} INFO - Processing /opt/airflow/dags/football_etl_dag.py took 0.237 seconds
[2026-07-29T17:36:40.426+0000] {processor.py:161} INFO - Started process (PID=775) to work on /opt/airflow/dags/football_etl_dag.py
[2026-07-29T17:36:40.430+0000] {processor.py:830} INFO - Processing file /opt/airflow/dags/football_etl_dag.py for tasks to queue
[2026-07-29T17:36:40.437+0000] {logging_mixin.py:188} INFO - [2026-07-29T17:36:40.436+0000] {dagbag.py:545} INFO - Filling up the DagBag from /opt/airflow/dags/football_etl_dag.py
[2026-07-29T17:36:40.530+0000] {processor.py:840} INFO - DAG(s) 'football_etl' retrieved from /opt/airflow/dags/football_etl_dag.py
[2026-07-29T17:36:40.662+0000] {logging_mixin.py:188} INFO - [2026-07-29T17:36:40.661+0000] {dag.py:3089} INFO - Sync 1 DAGs
[2026-07-29T17:36:40.759+0000] {logging_mixin.py:188} INFO - [2026-07-29T17:36:40.758+0000] {dag.py:3947} INFO - Setting next_dagrun for football_etl to 2026-07-29 17:36:00+00:00, run_after=2026-07-29 17:38:00+00:00
[2026-07-29T17:36:40.829+0000] {processor.py:183} INFO - Processing /opt/airflow/dags/football_etl_dag.py took 0.430 seconds
[2026-07-29T17:37:11.285+0000] {processor.py:161} INFO - Started process (PID=780) to work on /opt/airflow/dags/football_etl_dag.py
[2026-07-29T17:37:11.290+0000] {processor.py:830} INFO - Processing file /opt/airflow/dags/football_etl_dag.py for tasks to queue
[2026-07-29T17:37:11.297+0000] {logging_mixin.py:188} INFO - [2026-07-29T17:37:11.296+0000] {dagbag.py:545} INFO - Filling up the DagBag from /opt/airflow/dags/football_etl_dag.py
[2026-07-29T17:37:11.371+0000] {processor.py:840} INFO - DAG(s) 'football_etl' retrieved from /opt/airflow/dags/football_etl_dag.py
[2026-07-29T17:37:11.492+0000] {logging_mixin.py:188} INFO - [2026-07-29T17:37:11.491+0000] {dag.py:3089} INFO - Sync 1 DAGs
[2026-07-29T17:37:11.572+0000] {logging_mixin.py:188} INFO - [2026-07-29T17:37:11.572+0000] {dag.py:3947} INFO - Setting next_dagrun for football_etl to 2026-07-29 17:36:00+00:00, run_after=2026-07-29 17:38:00+00:00
[2026-07-29T17:37:11.618+0000] {processor.py:183} INFO - Processing /opt/airflow/dags/football_etl_dag.py took 0.361 seconds
[2026-07-29T17:37:42.036+0000] {processor.py:161} INFO - Started process (PID=785) to work on /opt/airflow/dags/football_etl_dag.py
[2026-07-29T17:37:42.038+0000] {processor.py:830} INFO - Processing file /opt/airflow/dags/football_etl_dag.py for tasks to queue
[2026-07-29T17:37:42.042+0000] {logging_mixin.py:188} INFO - [2026-07-29T17:37:42.041+0000] {dagbag.py:545} INFO - Filling up the DagBag from /opt/airflow/dags/football_etl_dag.py
[2026-07-29T17:37:42.073+0000] {processor.py:840} INFO - DAG(s) 'football_etl' retrieved from /opt/airflow/dags/football_etl_dag.py
[2026-07-29T17:37:42.120+0000] {logging_mixin.py:188} INFO - [2026-07-29T17:37:42.119+0000] {dag.py:3089} INFO - Sync 1 DAGs
[2026-07-29T17:37:42.152+0000] {logging_mixin.py:188} INFO - [2026-07-29T17:37:42.152+0000] {dag.py:3947} INFO - Setting next_dagrun for football_etl to 2026-07-29 17:36:00+00:00, run_after=2026-07-29 17:38:00+00:00
[2026-07-29T17:37:42.176+0000] {processor.py:183} INFO - Processing /opt/airflow/dags/football_etl_dag.py took 0.150 seconds
[2026-07-29T17:38:12.260+0000] {processor.py:161} INFO - Started process (PID=796) to work on /opt/airflow/dags/football_etl_dag.py
[2026-07-29T17:38:12.263+0000] {processor.py:830} INFO - Processing file /opt/airflow/dags/football_etl_dag.py for tasks to queue
[2026-07-29T17:38:12.267+0000] {logging_mixin.py:188} INFO - [2026-07-29T17:38:12.266+0000] {dagbag.py:545} INFO - Filling up the DagBag from /opt/airflow/dags/football_etl_dag.py
[2026-07-29T17:38:12.314+0000] {processor.py:840} INFO - DAG(s) 'football_etl' retrieved from /opt/airflow/dags/football_etl_dag.py
[2026-07-29T17:38:12.398+0000] {logging_mixin.py:188} INFO - [2026-07-29T17:38:12.397+0000] {dag.py:3089} INFO - Sync 1 DAGs
[2026-07-29T17:38:12.448+0000] {logging_mixin.py:188} INFO - [2026-07-29T17:38:12.448+0000] {dag.py:3947} INFO - Setting next_dagrun for football_etl to 2026-07-29 17:38:00+00:00, run_after=2026-07-29 17:40:00+00:00
[2026-07-29T17:38:12.488+0000] {processor.py:183} INFO - Processing /opt/airflow/dags/football_etl_dag.py took 0.239 seconds
[2026-07-29T17:38:42.559+0000] {processor.py:161} INFO - Started process (PID=803) to work on /opt/airflow/dags/football_etl_dag.py
[2026-07-29T17:38:42.561+0000] {processor.py:830} INFO - Processing file /opt/airflow/dags/football_etl_dag.py for tasks to queue
[2026-07-29T17:38:42.565+0000] {logging_mixin.py:188} INFO - [2026-07-29T17:38:42.565+0000] {dagbag.py:545} INFO - Filling up the DagBag from /opt/airflow/dags/football_etl_dag.py
[2026-07-29T17:38:42.608+0000] {processor.py:840} INFO - DAG(s) 'football_etl' retrieved from /opt/airflow/dags/football_etl_dag.py
[2026-07-29T17:38:42.666+0000] {logging_mixin.py:188} INFO - [2026-07-29T17:38:42.666+0000] {dag.py:3089} INFO - Sync 1 DAGs
[2026-07-29T17:38:42.702+0000] {logging_mixin.py:188} INFO - [2026-07-29T17:38:42.702+0000] {dag.py:3947} INFO - Setting next_dagrun for football_etl to 2026-07-29 17:38:00+00:00, run_after=2026-07-29 17:40:00+00:00
[2026-07-29T17:38:42.728+0000] {processor.py:183} INFO - Processing /opt/airflow/dags/football_etl_dag.py took 0.178 seconds
[2026-07-29T17:39:12.817+0000] {processor.py:161} INFO - Started process (PID=808) to work on /opt/airflow/dags/football_etl_dag.py
[2026-07-29T17:39:12.819+0000] {processor.py:830} INFO - Processing file /opt/airflow/dags/football_etl_dag.py for tasks to queue
[2026-07-29T17:39:12.823+0000] {logging_mixin.py:188} INFO - [2026-07-29T17:39:12.822+0000] {dagbag.py:545} INFO - Filling up the DagBag from /opt/airflow/dags/football_etl_dag.py
[2026-07-29T17:39:12.850+0000] {processor.py:840} INFO - DAG(s) 'football_etl' retrieved from /opt/airflow/dags/football_etl_dag.py
[2026-07-29T17:39:12.891+0000] {logging_mixin.py:188} INFO - [2026-07-29T17:39:12.891+0000] {dag.py:3089} INFO - Sync 1 DAGs
[2026-07-29T17:39:12.919+0000] {logging_mixin.py:188} INFO - [2026-07-29T17:39:12.919+0000] {dag.py:3947} INFO - Setting next_dagrun for football_etl to 2026-07-29 17:38:00+00:00, run_after=2026-07-29 17:40:00+00:00
[2026-07-29T17:39:12.943+0000] {processor.py:183} INFO - Processing /opt/airflow/dags/football_etl_dag.py took 0.136 seconds
[2026-07-29T17:39:43.051+0000] {processor.py:161} INFO - Started process (PID=813) to work on /opt/airflow/dags/football_etl_dag.py
[2026-07-29T17:39:43.053+0000] {processor.py:830} INFO - Processing file /opt/airflow/dags/football_etl_dag.py for tasks to queue
[2026-07-29T17:39:43.056+0000] {logging_mixin.py:188} INFO - [2026-07-29T17:39:43.056+0000] {dagbag.py:545} INFO - Filling up the DagBag from /opt/airflow/dags/football_etl_dag.py
[2026-07-29T17:39:43.086+0000] {processor.py:840} INFO - DAG(s) 'football_etl' retrieved from /opt/airflow/dags/football_etl_dag.py
[2026-07-29T17:39:43.123+0000] {logging_mixin.py:188} INFO - [2026-07-29T17:39:43.122+0000] {dag.py:3089} INFO - Sync 1 DAGs
[2026-07-29T17:39:43.151+0000] {logging_mixin.py:188} INFO - [2026-07-29T17:39:43.151+0000] {dag.py:3947} INFO - Setting next_dagrun for football_etl to 2026-07-29 17:38:00+00:00, run_after=2026-07-29 17:40:00+00:00
[2026-07-29T17:39:43.174+0000] {processor.py:183} INFO - Processing /opt/airflow/dags/football_etl_dag.py took 0.133 seconds
[2026-07-29T17:40:13.322+0000] {processor.py:161} INFO - Started process (PID=824) to work on /opt/airflow/dags/football_etl_dag.py
[2026-07-29T17:40:13.323+0000] {processor.py:830} INFO - Processing file /opt/airflow/dags/football_etl_dag.py for tasks to queue
[2026-07-29T17:40:13.327+0000] {logging_mixin.py:188} INFO - [2026-07-29T17:40:13.326+0000] {dagbag.py:545} INFO - Filling up the DagBag from /opt/airflow/dags/football_etl_dag.py
[2026-07-29T17:40:13.358+0000] {processor.py:840} INFO - DAG(s) 'football_etl' retrieved from /opt/airflow/dags/football_etl_dag.py
[2026-07-29T17:40:13.418+0000] {logging_mixin.py:188} INFO - [2026-07-29T17:40:13.417+0000] {dag.py:3089} INFO - Sync 1 DAGs
[2026-07-29T17:40:13.455+0000] {logging_mixin.py:188} INFO - [2026-07-29T17:40:13.454+0000] {dag.py:3947} INFO - Setting next_dagrun for football_etl to 2026-07-29 17:40:00+00:00, run_after=2026-07-29 17:42:00+00:00
[2026-07-29T17:40:13.483+0000] {processor.py:183} INFO - Processing /opt/airflow/dags/football_etl_dag.py took 0.169 seconds
[2026-07-29T17:40:43.578+0000] {processor.py:161} INFO - Started process (PID=831) to work on /opt/airflow/dags/football_etl_dag.py
[2026-07-29T17:40:43.579+0000] {processor.py:830} INFO - Processing file /opt/airflow/dags/football_etl_dag.py for tasks to queue
[2026-07-29T17:40:43.582+0000] {logging_mixin.py:188} INFO - [2026-07-29T17:40:43.582+0000] {dagbag.py:545} INFO - Filling up the DagBag from /opt/airflow/dags/football_etl_dag.py
[2026-07-29T17:40:43.611+0000] {processor.py:840} INFO - DAG(s) 'football_etl' retrieved from /opt/airflow/dags/football_etl_dag.py
[2026-07-29T17:40:43.661+0000] {logging_mixin.py:188} INFO - [2026-07-29T17:40:43.661+0000] {dag.py:3089} INFO - Sync 1 DAGs
[2026-07-29T17:40:43.701+0000] {logging_mixin.py:188} INFO - [2026-07-29T17:40:43.700+0000] {dag.py:3947} INFO - Setting next_dagrun for football_etl to 2026-07-29 17:40:00+00:00, run_after=2026-07-29 17:42:00+00:00
[2026-07-29T17:40:43.730+0000] {processor.py:183} INFO - Processing /opt/airflow/dags/football_etl_dag.py took 0.162 seconds
[2026-07-29T17:41:13.828+0000] {processor.py:161} INFO - Started process (PID=836) to work on /opt/airflow/dags/football_etl_dag.py
[2026-07-29T17:41:13.830+0000] {processor.py:830} INFO - Processing file /opt/airflow/dags/football_etl_dag.py for tasks to queue
[2026-07-29T17:41:13.833+0000] {logging_mixin.py:188} INFO - [2026-07-29T17:41:13.832+0000] {dagbag.py:545} INFO - Filling up the DagBag from /opt/airflow/dags/football_etl_dag.py
[2026-07-29T17:41:13.861+0000] {processor.py:840} INFO - DAG(s) 'football_etl' retrieved from /opt/airflow/dags/football_etl_dag.py
[2026-07-29T17:41:13.903+0000] {logging_mixin.py:188} INFO - [2026-07-29T17:41:13.903+0000] {dag.py:3089} INFO - Sync 1 DAGs
[2026-07-29T17:41:13.933+0000] {logging_mixin.py:188} INFO - [2026-07-29T17:41:13.932+0000] {dag.py:3947} INFO - Setting next_dagrun for football_etl to 2026-07-29 17:40:00+00:00, run_after=2026-07-29 17:42:00+00:00
[2026-07-29T17:41:13.956+0000] {processor.py:183} INFO - Processing /opt/airflow/dags/football_etl_dag.py took 0.135 seconds
[2026-07-29T17:41:44.121+0000] {processor.py:161} INFO - Started process (PID=841) to work on /opt/airflow/dags/football_etl_dag.py
[2026-07-29T17:41:44.122+0000] {processor.py:830} INFO - Processing file /opt/airflow/dags/football_etl_dag.py for tasks to queue
[2026-07-29T17:41:44.125+0000] {logging_mixin.py:188} INFO - [2026-07-29T17:41:44.125+0000] {dagbag.py:545} INFO - Filling up the DagBag from /opt/airflow/dags/football_etl_dag.py
[2026-07-29T17:41:44.151+0000] {processor.py:840} INFO - DAG(s) 'football_etl' retrieved from /opt/airflow/dags/football_etl_dag.py
[2026-07-29T17:41:44.189+0000] {logging_mixin.py:188} INFO - [2026-07-29T17:41:44.188+0000] {dag.py:3089} INFO - Sync 1 DAGs
[2026-07-29T17:41:44.221+0000] {logging_mixin.py:188} INFO - [2026-07-29T17:41:44.220+0000] {dag.py:3947} INFO - Setting next_dagrun for football_etl to 2026-07-29 17:40:00+00:00, run_after=2026-07-29 17:42:00+00:00
[2026-07-29T17:41:44.244+0000] {processor.py:183} INFO - Processing /opt/airflow/dags/football_etl_dag.py took 0.129 seconds
[2026-07-29T17:42:14.330+0000] {processor.py:161} INFO - Started process (PID=852) to work on /opt/airflow/dags/football_etl_dag.py
[2026-07-29T17:42:14.332+0000] {processor.py:830} INFO - Processing file /opt/airflow/dags/football_etl_dag.py for tasks to queue
[2026-07-29T17:42:14.335+0000] {logging_mixin.py:188} INFO - [2026-07-29T17:42:14.335+0000] {dagbag.py:545} INFO - Filling up the DagBag from /opt/airflow/dags/football_etl_dag.py
[2026-07-29T17:42:14.365+0000] {processor.py:840} INFO - DAG(s) 'football_etl' retrieved from /opt/airflow/dags/football_etl_dag.py
[2026-07-29T17:42:14.423+0000] {logging_mixin.py:188} INFO - [2026-07-29T17:42:14.423+0000] {dag.py:3089} INFO - Sync 1 DAGs
[2026-07-29T17:42:14.457+0000] {logging_mixin.py:188} INFO - [2026-07-29T17:42:14.457+0000] {dag.py:3947} INFO - Setting next_dagrun for football_etl to 2026-07-29 17:42:00+00:00, run_after=2026-07-29 17:44:00+00:00
[2026-07-29T17:42:14.486+0000] {processor.py:183} INFO - Processing /opt/airflow/dags/football_etl_dag.py took 0.165 seconds
[2026-07-29T17:42:44.745+0000] {processor.py:161} INFO - Started process (PID=859) to work on /opt/airflow/dags/football_etl_dag.py
[2026-07-29T17:42:44.747+0000] {processor.py:830} INFO - Processing file /opt/airflow/dags/football_etl_dag.py for tasks to queue
[2026-07-29T17:42:44.751+0000] {logging_mixin.py:188} INFO - [2026-07-29T17:42:44.750+0000] {dagbag.py:545} INFO - Filling up the DagBag from /opt/airflow/dags/football_etl_dag.py
[2026-07-29T17:42:44.779+0000] {processor.py:840} INFO - DAG(s) 'football_etl' retrieved from /opt/airflow/dags/football_etl_dag.py
[2026-07-29T17:42:44.827+0000] {logging_mixin.py:188} INFO - [2026-07-29T17:42:44.827+0000] {dag.py:3089} INFO - Sync 1 DAGs
[2026-07-29T17:42:44.858+0000] {logging_mixin.py:188} INFO - [2026-07-29T17:42:44.858+0000] {dag.py:3947} INFO - Setting next_dagrun for football_etl to 2026-07-29 17:42:00+00:00, run_after=2026-07-29 17:44:00+00:00
[2026-07-29T17:42:44.887+0000] {processor.py:183} INFO - Processing /opt/airflow/dags/football_etl_dag.py took 0.152 seconds
[2026-07-29T17:43:15.076+0000] {processor.py:161} INFO - Started process (PID=864) to work on /opt/airflow/dags/football_etl_dag.py
[2026-07-29T17:43:15.078+0000] {processor.py:830} INFO - Processing file /opt/airflow/dags/football_etl_dag.py for tasks to queue
[2026-07-29T17:43:15.081+0000] {logging_mixin.py:188} INFO - [2026-07-29T17:43:15.081+0000] {dagbag.py:545} INFO - Filling up the DagBag from /opt/airflow/dags/football_etl_dag.py
[2026-07-29T17:43:15.105+0000] {processor.py:840} INFO - DAG(s) 'football_etl' retrieved from /opt/airflow/dags/football_etl_dag.py
[2026-07-29T17:43:15.146+0000] {logging_mixin.py:188} INFO - [2026-07-29T17:43:15.145+0000] {dag.py:3089} INFO - Sync 1 DAGs
[2026-07-29T17:43:15.178+0000] {logging_mixin.py:188} INFO - [2026-07-29T17:43:15.178+0000] {dag.py:3947} INFO - Setting next_dagrun for football_etl to 2026-07-29 17:42:00+00:00, run_after=2026-07-29 17:44:00+00:00
[2026-07-29T17:43:15.202+0000] {processor.py:183} INFO - Processing /opt/airflow/dags/football_etl_dag.py took 0.135 seconds
[2026-07-29T17:43:45.267+0000] {processor.py:161} INFO - Started process (PID=869) to work on /opt/airflow/dags/football_etl_dag.py
[2026-07-29T17:43:45.269+0000] {processor.py:830} INFO - Processing file /opt/airflow/dags/football_etl_dag.py for tasks to queue
[2026-07-29T17:43:45.271+0000] {logging_mixin.py:188} INFO - [2026-07-29T17:43:45.271+0000] {dagbag.py:545} INFO - Filling up the DagBag from /opt/airflow/dags/football_etl_dag.py
[2026-07-29T17:43:45.294+0000] {processor.py:840} INFO - DAG(s) 'football_etl' retrieved from /opt/airflow/dags/football_etl_dag.py
[2026-07-29T17:43:45.329+0000] {logging_mixin.py:188} INFO - [2026-07-29T17:43:45.329+0000] {dag.py:3089} INFO - Sync 1 DAGs
[2026-07-29T17:43:45.357+0000] {logging_mixin.py:188} INFO - [2026-07-29T17:43:45.357+0000] {dag.py:3947} INFO - Setting next_dagrun for football_etl to 2026-07-29 17:42:00+00:00, run_after=2026-07-29 17:44:00+00:00
[2026-07-29T17:43:45.376+0000] {processor.py:183} INFO - Processing /opt/airflow/dags/football_etl_dag.py took 0.114 seconds
[2026-07-29T17:44:15.623+0000] {processor.py:161} INFO - Started process (PID=880) to work on /opt/airflow/dags/football_etl_dag.py
[2026-07-29T17:44:15.625+0000] {processor.py:830} INFO - Processing file /opt/airflow/dags/football_etl_dag.py for tasks to queue
[2026-07-29T17:44:15.629+0000] {logging_mixin.py:188} INFO - [2026-07-29T17:44:15.628+0000] {dagbag.py:545} INFO - Filling up the DagBag from /opt/airflow/dags/football_etl_dag.py
[2026-07-29T17:44:15.655+0000] {processor.py:840} INFO - DAG(s) 'football_etl' retrieved from /opt/airflow/dags/football_etl_dag.py
[2026-07-29T17:44:15.699+0000] {logging_mixin.py:188} INFO - [2026-07-29T17:44:15.699+0000] {dag.py:3089} INFO - Sync 1 DAGs
[2026-07-29T17:44:15.734+0000] {logging_mixin.py:188} INFO - [2026-07-29T17:44:15.734+0000] {dag.py:3947} INFO - Setting next_dagrun for football_etl to 2026-07-29 17:44:00+00:00, run_after=2026-07-29 17:46:00+00:00
[2026-07-29T17:44:15.759+0000] {processor.py:183} INFO - Processing /opt/airflow/dags/football_etl_dag.py took 0.144 seconds
[2026-07-29T17:44:45.863+0000] {processor.py:161} INFO - Started process (PID=887) to work on /opt/airflow/dags/football_etl_dag.py
[2026-07-29T17:44:45.866+0000] {processor.py:830} INFO - Processing file /opt/airflow/dags/football_etl_dag.py for tasks to queue
[2026-07-29T17:44:45.870+0000] {logging_mixin.py:188} INFO - [2026-07-29T17:44:45.869+0000] {dagbag.py:545} INFO - Filling up the DagBag from /opt/airflow/dags/football_etl_dag.py
[2026-07-29T17:44:45.906+0000] {processor.py:840} INFO - DAG(s) 'football_etl' retrieved from /opt/airflow/dags/football_etl_dag.py
[2026-07-29T17:44:45.960+0000] {logging_mixin.py:188} INFO - [2026-07-29T17:44:45.960+0000] {dag.py:3089} INFO - Sync 1 DAGs
[2026-07-29T17:44:46.004+0000] {logging_mixin.py:188} INFO - [2026-07-29T17:44:46.004+0000] {dag.py:3947} INFO - Setting next_dagrun for football_etl to 2026-07-29 17:44:00+00:00, run_after=2026-07-29 17:46:00+00:00
[2026-07-29T17:44:46.040+0000] {processor.py:183} INFO - Processing /opt/airflow/dags/football_etl_dag.py took 0.189 seconds
[2026-07-29T17:45:16.139+0000] {processor.py:161} INFO - Started process (PID=892) to work on /opt/airflow/dags/football_etl_dag.py
[2026-07-29T17:45:16.141+0000] {processor.py:830} INFO - Processing file /opt/airflow/dags/football_etl_dag.py for tasks to queue
[2026-07-29T17:45:16.143+0000] {logging_mixin.py:188} INFO - [2026-07-29T17:45:16.143+0000] {dagbag.py:545} INFO - Filling up the DagBag from /opt/airflow/dags/football_etl_dag.py
[2026-07-29T17:45:16.169+0000] {processor.py:840} INFO - DAG(s) 'football_etl' retrieved from /opt/airflow/dags/football_etl_dag.py
[2026-07-29T17:45:16.210+0000] {logging_mixin.py:188} INFO - [2026-07-29T17:45:16.210+0000] {dag.py:3089} INFO - Sync 1 DAGs
[2026-07-29T17:45:16.239+0000] {logging_mixin.py:188} INFO - [2026-07-29T17:45:16.238+0000] {dag.py:3947} INFO - Setting next_dagrun for football_etl to 2026-07-29 17:44:00+00:00, run_after=2026-07-29 17:46:00+00:00
[2026-07-29T17:45:16.260+0000] {processor.py:183} INFO - Processing /opt/airflow/dags/football_etl_dag.py took 0.128 seconds
[2026-07-29T17:45:46.399+0000] {processor.py:161} INFO - Started process (PID=897) to work on /opt/airflow/dags/football_etl_dag.py
[2026-07-29T17:45:46.401+0000] {processor.py:830} INFO - Processing file /opt/airflow/dags/football_etl_dag.py for tasks to queue
[2026-07-29T17:45:46.407+0000] {logging_mixin.py:188} INFO - [2026-07-29T17:45:46.406+0000] {dagbag.py:545} INFO - Filling up the DagBag from /opt/airflow/dags/football_etl_dag.py
[2026-07-29T17:45:46.450+0000] {processor.py:840} INFO - DAG(s) 'football_etl' retrieved from /opt/airflow/dags/football_etl_dag.py
[2026-07-29T17:45:46.492+0000] {logging_mixin.py:188} INFO - [2026-07-29T17:45:46.492+0000] {dag.py:3089} INFO - Sync 1 DAGs
[2026-07-29T17:45:46.520+0000] {logging_mixin.py:188} INFO - [2026-07-29T17:45:46.520+0000] {dag.py:3947} INFO - Setting next_dagrun for football_etl to 2026-07-29 17:44:00+00:00, run_after=2026-07-29 17:46:00+00:00
[2026-07-29T17:45:46.541+0000] {processor.py:183} INFO - Processing /opt/airflow/dags/football_etl_dag.py took 0.158 seconds
[2026-07-29T17:46:16.610+0000] {processor.py:161} INFO - Started process (PID=908) to work on /opt/airflow/dags/football_etl_dag.py
[2026-07-29T17:46:16.612+0000] {processor.py:830} INFO - Processing file /opt/airflow/dags/football_etl_dag.py for tasks to queue
[2026-07-29T17:46:16.616+0000] {logging_mixin.py:188} INFO - [2026-07-29T17:46:16.615+0000] {dagbag.py:545} INFO - Filling up the DagBag from /opt/airflow/dags/football_etl_dag.py
[2026-07-29T17:46:16.655+0000] {processor.py:840} INFO - DAG(s) 'football_etl' retrieved from /opt/airflow/dags/football_etl_dag.py
[2026-07-29T17:46:16.710+0000] {logging_mixin.py:188} INFO - [2026-07-29T17:46:16.710+0000] {dag.py:3089} INFO - Sync 1 DAGs
[2026-07-29T17:46:16.746+0000] {logging_mixin.py:188} INFO - [2026-07-29T17:46:16.746+0000] {dag.py:3947} INFO - Setting next_dagrun for football_etl to 2026-07-29 17:46:00+00:00, run_after=2026-07-29 17:48:00+00:00
[2026-07-29T17:46:16.775+0000] {processor.py:183} INFO - Processing /opt/airflow/dags/football_etl_dag.py took 0.174 seconds
[2026-07-29T17:46:46.897+0000] {processor.py:161} INFO - Started process (PID=915) to work on /opt/airflow/dags/football_etl_dag.py
[2026-07-29T17:46:46.899+0000] {processor.py:830} INFO - Processing file /opt/airflow/dags/football_etl_dag.py for tasks to queue
[2026-07-29T17:46:46.903+0000] {logging_mixin.py:188} INFO - [2026-07-29T17:46:46.903+0000] {dagbag.py:545} INFO - Filling up the DagBag from /opt/airflow/dags/football_etl_dag.py
[2026-07-29T17:46:46.937+0000] {processor.py:840} INFO - DAG(s) 'football_etl' retrieved from /opt/airflow/dags/football_etl_dag.py
[2026-07-29T17:46:46.988+0000] {logging_mixin.py:188} INFO - [2026-07-29T17:46:46.987+0000] {dag.py:3089} INFO - Sync 1 DAGs
[2026-07-29T17:46:47.028+0000] {logging_mixin.py:188} INFO - [2026-07-29T17:46:47.027+0000] {dag.py:3947} INFO - Setting next_dagrun for football_etl to 2026-07-29 17:46:00+00:00, run_after=2026-07-29 17:48:00+00:00
[2026-07-29T17:46:47.053+0000] {processor.py:183} INFO - Processing /opt/airflow/dags/football_etl_dag.py took 0.164 seconds
[2026-07-29T17:47:17.141+0000] {processor.py:161} INFO - Started process (PID=920) to work on /opt/airflow/dags/football_etl_dag.py
[2026-07-29T17:47:17.143+0000] {processor.py:830} INFO - Processing file /opt/airflow/dags/football_etl_dag.py for tasks to queue
[2026-07-29T17:47:17.146+0000] {logging_mixin.py:188} INFO - [2026-07-29T17:47:17.146+0000] {dagbag.py:545} INFO - Filling up the DagBag from /opt/airflow/dags/football_etl_dag.py
[2026-07-29T17:47:17.180+0000] {processor.py:840} INFO - DAG(s) 'football_etl' retrieved from /opt/airflow/dags/football_etl_dag.py
[2026-07-29T17:47:17.219+0000] {logging_mixin.py:188} INFO - [2026-07-29T17:47:17.219+0000] {dag.py:3089} INFO - Sync 1 DAGs
[2026-07-29T17:47:17.251+0000] {logging_mixin.py:188} INFO - [2026-07-29T17:47:17.251+0000] {dag.py:3947} INFO - Setting next_dagrun for football_etl to 2026-07-29 17:46:00+00:00, run_after=2026-07-29 17:48:00+00:00
[2026-07-29T17:47:17.278+0000] {processor.py:183} INFO - Processing /opt/airflow/dags/football_etl_dag.py took 0.145 seconds
[2026-07-29T17:47:48.017+0000] {processor.py:161} INFO - Started process (PID=925) to work on /opt/airflow/dags/football_etl_dag.py
[2026-07-29T17:47:48.019+0000] {processor.py:830} INFO - Processing file /opt/airflow/dags/football_etl_dag.py for tasks to queue
[2026-07-29T17:47:48.022+0000] {logging_mixin.py:188} INFO - [2026-07-29T17:47:48.021+0000] {dagbag.py:545} INFO - Filling up the DagBag from /opt/airflow/dags/football_etl_dag.py
[2026-07-29T17:47:48.049+0000] {processor.py:840} INFO - DAG(s) 'football_etl' retrieved from /opt/airflow/dags/football_etl_dag.py
[2026-07-29T17:47:48.091+0000] {logging_mixin.py:188} INFO - [2026-07-29T17:47:48.090+0000] {dag.py:3089} INFO - Sync 1 DAGs
[2026-07-29T17:47:48.121+0000] {logging_mixin.py:188} INFO - [2026-07-29T17:47:48.121+0000] {dag.py:3947} INFO - Setting next_dagrun for football_etl to 2026-07-29 17:46:00+00:00, run_after=2026-07-29 17:48:00+00:00
[2026-07-29T17:47:48.145+0000] {processor.py:183} INFO - Processing /opt/airflow/dags/football_etl_dag.py took 0.135 seconds
[2026-07-29T17:48:18.321+0000] {processor.py:161} INFO - Started process (PID=936) to work on /opt/airflow/dags/football_etl_dag.py
[2026-07-29T17:48:18.323+0000] {processor.py:830} INFO - Processing file /opt/airflow/dags/football_etl_dag.py for tasks to queue
[2026-07-29T17:48:18.327+0000] {logging_mixin.py:188} INFO - [2026-07-29T17:48:18.326+0000] {dagbag.py:545} INFO - Filling up the DagBag from /opt/airflow/dags/football_etl_dag.py
[2026-07-29T17:48:18.365+0000] {processor.py:840} INFO - DAG(s) 'football_etl' retrieved from /opt/airflow/dags/football_etl_dag.py
[2026-07-29T17:48:18.481+0000] {logging_mixin.py:188} INFO - [2026-07-29T17:48:18.480+0000] {dag.py:3089} INFO - Sync 1 DAGs
[2026-07-29T17:48:18.557+0000] {logging_mixin.py:188} INFO - [2026-07-29T17:48:18.557+0000] {dag.py:3947} INFO - Setting next_dagrun for football_etl to 2026-07-29 17:48:00+00:00, run_after=2026-07-29 17:50:00+00:00
[2026-07-29T17:48:18.608+0000] {processor.py:183} INFO - Processing /opt/airflow/dags/football_etl_dag.py took 0.296 seconds
[2026-07-29T17:48:48.883+0000] {processor.py:161} INFO - Started process (PID=943) to work on /opt/airflow/dags/football_etl_dag.py
[2026-07-29T17:48:48.885+0000] {processor.py:830} INFO - Processing file /opt/airflow/dags/football_etl_dag.py for tasks to queue
[2026-07-29T17:48:48.888+0000] {logging_mixin.py:188} INFO - [2026-07-29T17:48:48.888+0000] {dagbag.py:545} INFO - Filling up the DagBag from /opt/airflow/dags/football_etl_dag.py
[2026-07-29T17:48:48.919+0000] {processor.py:840} INFO - DAG(s) 'football_etl' retrieved from /opt/airflow/dags/football_etl_dag.py
[2026-07-29T17:48:48.967+0000] {logging_mixin.py:188} INFO - [2026-07-29T17:48:48.966+0000] {dag.py:3089} INFO - Sync 1 DAGs
[2026-07-29T17:48:48.999+0000] {logging_mixin.py:188} INFO - [2026-07-29T17:48:48.999+0000] {dag.py:3947} INFO - Setting next_dagrun for football_etl to 2026-07-29 17:48:00+00:00, run_after=2026-07-29 17:50:00+00:00
[2026-07-29T17:48:49.025+0000] {processor.py:183} INFO - Processing /opt/airflow/dags/football_etl_dag.py took 0.151 seconds
[2026-07-29T17:49:19.227+0000] {processor.py:161} INFO - Started process (PID=948) to work on /opt/airflow/dags/football_etl_dag.py
[2026-07-29T17:49:19.229+0000] {processor.py:830} INFO - Processing file /opt/airflow/dags/football_etl_dag.py for tasks to queue
[2026-07-29T17:49:19.232+0000] {logging_mixin.py:188} INFO - [2026-07-29T17:49:19.232+0000] {dagbag.py:545} INFO - Filling up the DagBag from /opt/airflow/dags/football_etl_dag.py
[2026-07-29T17:49:19.257+0000] {processor.py:840} INFO - DAG(s) 'football_etl' retrieved from /opt/airflow/dags/football_etl_dag.py
[2026-07-29T17:49:19.294+0000] {logging_mixin.py:188} INFO - [2026-07-29T17:49:19.294+0000] {dag.py:3089} INFO - Sync 1 DAGs
[2026-07-29T17:49:19.321+0000] {logging_mixin.py:188} INFO - [2026-07-29T17:49:19.321+0000] {dag.py:3947} INFO - Setting next_dagrun for football_etl to 2026-07-29 17:48:00+00:00, run_after=2026-07-29 17:50:00+00:00
[2026-07-29T17:49:19.343+0000] {processor.py:183} INFO - Processing /opt/airflow/dags/football_etl_dag.py took 0.123 seconds
[2026-07-29T17:49:49.414+0000] {processor.py:161} INFO - Started process (PID=953) to work on /opt/airflow/dags/football_etl_dag.py
[2026-07-29T17:49:49.416+0000] {processor.py:830} INFO - Processing file /opt/airflow/dags/football_etl_dag.py for tasks to queue
[2026-07-29T17:49:49.420+0000] {logging_mixin.py:188} INFO - [2026-07-29T17:49:49.419+0000] {dagbag.py:545} INFO - Filling up the DagBag from /opt/airflow/dags/football_etl_dag.py
[2026-07-29T17:49:49.448+0000] {processor.py:840} INFO - DAG(s) 'football_etl' retrieved from /opt/airflow/dags/football_etl_dag.py
[2026-07-29T17:49:49.496+0000] {logging_mixin.py:188} INFO - [2026-07-29T17:49:49.495+0000] {dag.py:3089} INFO - Sync 1 DAGs
[2026-07-29T17:49:49.526+0000] {logging_mixin.py:188} INFO - [2026-07-29T17:49:49.526+0000] {dag.py:3947} INFO - Setting next_dagrun for football_etl to 2026-07-29 17:48:00+00:00, run_after=2026-07-29 17:50:00+00:00
[2026-07-29T17:49:49.547+0000] {processor.py:183} INFO - Processing /opt/airflow/dags/football_etl_dag.py took 0.141 seconds
[2026-07-29T17:50:19.771+0000] {processor.py:161} INFO - Started process (PID=964) to work on /opt/airflow/dags/football_etl_dag.py
[2026-07-29T17:50:19.772+0000] {processor.py:830} INFO - Processing file /opt/airflow/dags/football_etl_dag.py for tasks to queue
[2026-07-29T17:50:19.774+0000] {logging_mixin.py:188} INFO - [2026-07-29T17:50:19.774+0000] {dagbag.py:545} INFO - Filling up the DagBag from /opt/airflow/dags/football_etl_dag.py
[2026-07-29T17:50:19.796+0000] {processor.py:840} INFO - DAG(s) 'football_etl' retrieved from /opt/airflow/dags/football_etl_dag.py
[2026-07-29T17:50:19.836+0000] {logging_mixin.py:188} INFO - [2026-07-29T17:50:19.836+0000] {dag.py:3089} INFO - Sync 1 DAGs
[2026-07-29T17:50:19.908+0000] {logging_mixin.py:188} INFO - [2026-07-29T17:50:19.908+0000] {dag.py:3947} INFO - Setting next_dagrun for football_etl to 2026-07-29 17:50:00+00:00, run_after=2026-07-29 17:52:00+00:00
[2026-07-29T17:50:20.016+0000] {processor.py:183} INFO - Processing /opt/airflow/dags/football_etl_dag.py took 0.251 seconds
[2026-07-29T17:50:50.105+0000] {processor.py:161} INFO - Started process (PID=971) to work on /opt/airflow/dags/football_etl_dag.py
[2026-07-29T17:50:50.107+0000] {processor.py:830} INFO - Processing file /opt/airflow/dags/football_etl_dag.py for tasks to queue
[2026-07-29T17:50:50.110+0000] {logging_mixin.py:188} INFO - [2026-07-29T17:50:50.110+0000] {dagbag.py:545} INFO - Filling up the DagBag from /opt/airflow/dags/football_etl_dag.py
[2026-07-29T17:50:50.143+0000] {processor.py:840} INFO - DAG(s) 'football_etl' retrieved from /opt/airflow/dags/football_etl_dag.py
[2026-07-29T17:50:50.194+0000] {logging_mixin.py:188} INFO - [2026-07-29T17:50:50.194+0000] {dag.py:3089} INFO - Sync 1 DAGs
[2026-07-29T17:50:50.226+0000] {logging_mixin.py:188} INFO - [2026-07-29T17:50:50.226+0000] {dag.py:3947} INFO - Setting next_dagrun for football_etl to 2026-07-29 17:50:00+00:00, run_after=2026-07-29 17:52:00+00:00
[2026-07-29T17:50:50.274+0000] {processor.py:183} INFO - Processing /opt/airflow/dags/football_etl_dag.py took 0.178 seconds
[2026-07-29T17:51:20.468+0000] {processor.py:161} INFO - Started process (PID=976) to work on /opt/airflow/dags/football_etl_dag.py
[2026-07-29T17:51:20.470+0000] {processor.py:830} INFO - Processing file /opt/airflow/dags/football_etl_dag.py for tasks to queue
[2026-07-29T17:51:20.473+0000] {logging_mixin.py:188} INFO - [2026-07-29T17:51:20.473+0000] {dagbag.py:545} INFO - Filling up the DagBag from /opt/airflow/dags/football_etl_dag.py
[2026-07-29T17:51:20.507+0000] {processor.py:840} INFO - DAG(s) 'football_etl' retrieved from /opt/airflow/dags/football_etl_dag.py
[2026-07-29T17:51:20.573+0000] {logging_mixin.py:188} INFO - [2026-07-29T17:51:20.572+0000] {dag.py:3089} INFO - Sync 1 DAGs
[2026-07-29T17:51:20.606+0000] {logging_mixin.py:188} INFO - [2026-07-29T17:51:20.606+0000] {dag.py:3947} INFO - Setting next_dagrun for football_etl to 2026-07-29 17:50:00+00:00, run_after=2026-07-29 17:52:00+00:00
[2026-07-29T17:51:20.637+0000] {processor.py:183} INFO - Processing /opt/airflow/dags/football_etl_dag.py took 0.177 seconds
[2026-07-29T17:51:50.734+0000] {processor.py:161} INFO - Started process (PID=981) to work on /opt/airflow/dags/football_etl_dag.py
[2026-07-29T17:51:50.737+0000] {processor.py:830} INFO - Processing file /opt/airflow/dags/football_etl_dag.py for tasks to queue
[2026-07-29T17:51:50.740+0000] {logging_mixin.py:188} INFO - [2026-07-29T17:51:50.740+0000] {dagbag.py:545} INFO - Filling up the DagBag from /opt/airflow/dags/football_etl_dag.py
[2026-07-29T17:51:50.774+0000] {processor.py:840} INFO - DAG(s) 'football_etl' retrieved from /opt/airflow/dags/football_etl_dag.py
[2026-07-29T17:51:50.859+0000] {logging_mixin.py:188} INFO - [2026-07-29T17:51:50.858+0000] {dag.py:3089} INFO - Sync 1 DAGs
[2026-07-29T17:51:50.918+0000] {logging_mixin.py:188} INFO - [2026-07-29T17:51:50.918+0000] {dag.py:3947} INFO - Setting next_dagrun for football_etl to 2026-07-29 17:50:00+00:00, run_after=2026-07-29 17:52:00+00:00
[2026-07-29T17:51:50.961+0000] {processor.py:183} INFO - Processing /opt/airflow/dags/football_etl_dag.py took 0.237 seconds
[2026-07-29T17:52:21.269+0000] {processor.py:161} INFO - Started process (PID=992) to work on /opt/airflow/dags/football_etl_dag.py
[2026-07-29T17:52:21.273+0000] {processor.py:830} INFO - Processing file /opt/airflow/dags/football_etl_dag.py for tasks to queue
[2026-07-29T17:52:21.282+0000] {logging_mixin.py:188} INFO - [2026-07-29T17:52:21.281+0000] {dagbag.py:545} INFO - Filling up the DagBag from /opt/airflow/dags/football_etl_dag.py
[2026-07-29T17:52:21.341+0000] {processor.py:840} INFO - DAG(s) 'football_etl' retrieved from /opt/airflow/dags/football_etl_dag.py
[2026-07-29T17:52:21.444+0000] {logging_mixin.py:188} INFO - [2026-07-29T17:52:21.443+0000] {dag.py:3089} INFO - Sync 1 DAGs
[2026-07-29T17:52:21.561+0000] {logging_mixin.py:188} INFO - [2026-07-29T17:52:21.560+0000] {dag.py:3947} INFO - Setting next_dagrun for football_etl to 2026-07-29 17:52:00+00:00, run_after=2026-07-29 17:54:00+00:00
[2026-07-29T17:52:21.651+0000] {processor.py:183} INFO - Processing /opt/airflow/dags/football_etl_dag.py took 0.401 seconds
[2026-07-29T17:52:51.935+0000] {processor.py:161} INFO - Started process (PID=999) to work on /opt/airflow/dags/football_etl_dag.py
[2026-07-29T17:52:51.939+0000] {processor.py:830} INFO - Processing file /opt/airflow/dags/football_etl_dag.py for tasks to queue
[2026-07-29T17:52:51.945+0000] {logging_mixin.py:188} INFO - [2026-07-29T17:52:51.945+0000] {dagbag.py:545} INFO - Filling up the DagBag from /opt/airflow/dags/football_etl_dag.py
[2026-07-29T17:52:51.989+0000] {processor.py:840} INFO - DAG(s) 'football_etl' retrieved from /opt/airflow/dags/football_etl_dag.py
[2026-07-29T17:52:52.063+0000] {logging_mixin.py:188} INFO - [2026-07-29T17:52:52.062+0000] {dag.py:3089} INFO - Sync 1 DAGs
[2026-07-29T17:52:52.116+0000] {logging_mixin.py:188} INFO - [2026-07-29T17:52:52.114+0000] {dag.py:3947} INFO - Setting next_dagrun for football_etl to 2026-07-29 17:52:00+00:00, run_after=2026-07-29 17:54:00+00:00
[2026-07-29T17:52:52.156+0000] {processor.py:183} INFO - Processing /opt/airflow/dags/football_etl_dag.py took 0.240 seconds
[2026-07-29T17:53:22.371+0000] {processor.py:161} INFO - Started process (PID=1004) to work on /opt/airflow/dags/football_etl_dag.py
[2026-07-29T17:53:22.374+0000] {processor.py:830} INFO - Processing file /opt/airflow/dags/football_etl_dag.py for tasks to queue
[2026-07-29T17:53:22.378+0000] {logging_mixin.py:188} INFO - [2026-07-29T17:53:22.378+0000] {dagbag.py:545} INFO - Filling up the DagBag from /opt/airflow/dags/football_etl_dag.py
[2026-07-29T17:53:22.405+0000] {processor.py:840} INFO - DAG(s) 'football_etl' retrieved from /opt/airflow/dags/football_etl_dag.py
[2026-07-29T17:53:22.451+0000] {logging_mixin.py:188} INFO - [2026-07-29T17:53:22.450+0000] {dag.py:3089} INFO - Sync 1 DAGs
[2026-07-29T17:53:22.481+0000] {logging_mixin.py:188} INFO - [2026-07-29T17:53:22.481+0000] {dag.py:3947} INFO - Setting next_dagrun for football_etl to 2026-07-29 17:52:00+00:00, run_after=2026-07-29 17:54:00+00:00
[2026-07-29T17:53:22.504+0000] {processor.py:183} INFO - Processing /opt/airflow/dags/football_etl_dag.py took 0.142 seconds
[2026-07-29T17:53:52.558+0000] {processor.py:161} INFO - Started process (PID=1009) to work on /opt/airflow/dags/football_etl_dag.py
[2026-07-29T17:53:52.560+0000] {processor.py:830} INFO - Processing file /opt/airflow/dags/football_etl_dag.py for tasks to queue
[2026-07-29T17:53:52.563+0000] {logging_mixin.py:188} INFO - [2026-07-29T17:53:52.563+0000] {dagbag.py:545} INFO - Filling up the DagBag from /opt/airflow/dags/football_etl_dag.py
[2026-07-29T17:53:52.588+0000] {processor.py:840} INFO - DAG(s) 'football_etl' retrieved from /opt/airflow/dags/football_etl_dag.py
[2026-07-29T17:53:52.633+0000] {logging_mixin.py:188} INFO - [2026-07-29T17:53:52.633+0000] {dag.py:3089} INFO - Sync 1 DAGs
[2026-07-29T17:53:52.672+0000] {logging_mixin.py:188} INFO - [2026-07-29T17:53:52.672+0000] {dag.py:3947} INFO - Setting next_dagrun for football_etl to 2026-07-29 17:52:00+00:00, run_after=2026-07-29 17:54:00+00:00
[2026-07-29T17:53:52.701+0000] {processor.py:183} INFO - Processing /opt/airflow/dags/football_etl_dag.py took 0.150 seconds
[2026-07-29T17:54:23.027+0000] {processor.py:161} INFO - Started process (PID=1020) to work on /opt/airflow/dags/football_etl_dag.py
[2026-07-29T17:54:23.029+0000] {processor.py:830} INFO - Processing file /opt/airflow/dags/football_etl_dag.py for tasks to queue
[2026-07-29T17:54:23.036+0000] {logging_mixin.py:188} INFO - [2026-07-29T17:54:23.035+0000] {dagbag.py:545} INFO - Filling up the DagBag from /opt/airflow/dags/football_etl_dag.py
[2026-07-29T17:54:23.083+0000] {processor.py:840} INFO - DAG(s) 'football_etl' retrieved from /opt/airflow/dags/football_etl_dag.py
[2026-07-29T17:54:23.141+0000] {logging_mixin.py:188} INFO - [2026-07-29T17:54:23.141+0000] {dag.py:3089} INFO - Sync 1 DAGs
[2026-07-29T17:54:23.186+0000] {logging_mixin.py:188} INFO - [2026-07-29T17:54:23.186+0000] {dag.py:3947} INFO - Setting next_dagrun for football_etl to 2026-07-29 17:54:00+00:00, run_after=2026-07-29 17:56:00+00:00
[2026-07-29T17:54:23.225+0000] {processor.py:183} INFO - Processing /opt/airflow/dags/football_etl_dag.py took 0.213 seconds
[2026-07-29T17:54:53.309+0000] {processor.py:161} INFO - Started process (PID=1027) to work on /opt/airflow/dags/football_etl_dag.py
[2026-07-29T17:54:53.311+0000] {processor.py:830} INFO - Processing file /opt/airflow/dags/football_etl_dag.py for tasks to queue
[2026-07-29T17:54:53.316+0000] {logging_mixin.py:188} INFO - [2026-07-29T17:54:53.316+0000] {dagbag.py:545} INFO - Filling up the DagBag from /opt/airflow/dags/football_etl_dag.py
[2026-07-29T17:54:53.348+0000] {processor.py:840} INFO - DAG(s) 'football_etl' retrieved from /opt/airflow/dags/football_etl_dag.py
[2026-07-29T17:54:53.399+0000] {logging_mixin.py:188} INFO - [2026-07-29T17:54:53.399+0000] {dag.py:3089} INFO - Sync 1 DAGs
[2026-07-29T17:54:53.441+0000] {logging_mixin.py:188} INFO - [2026-07-29T17:54:53.441+0000] {dag.py:3947} INFO - Setting next_dagrun for football_etl to 2026-07-29 17:54:00+00:00, run_after=2026-07-29 17:56:00+00:00
[2026-07-29T17:54:53.468+0000] {processor.py:183} INFO - Processing /opt/airflow/dags/football_etl_dag.py took 0.172 seconds
[2026-07-29T17:55:23.659+0000] {processor.py:161} INFO - Started process (PID=1032) to work on /opt/airflow/dags/football_etl_dag.py
[2026-07-29T17:55:23.660+0000] {processor.py:830} INFO - Processing file /opt/airflow/dags/football_etl_dag.py for tasks to queue
[2026-07-29T17:55:23.663+0000] {logging_mixin.py:188} INFO - [2026-07-29T17:55:23.663+0000] {dagbag.py:545} INFO - Filling up the DagBag from /opt/airflow/dags/football_etl_dag.py
[2026-07-29T17:55:23.689+0000] {processor.py:840} INFO - DAG(s) 'football_etl' retrieved from /opt/airflow/dags/football_etl_dag.py
[2026-07-29T17:55:23.746+0000] {logging_mixin.py:188} INFO - [2026-07-29T17:55:23.745+0000] {dag.py:3089} INFO - Sync 1 DAGs
[2026-07-29T17:55:23.803+0000] {logging_mixin.py:188} INFO - [2026-07-29T17:55:23.802+0000] {dag.py:3947} INFO - Setting next_dagrun for football_etl to 2026-07-29 17:54:00+00:00, run_after=2026-07-29 17:56:00+00:00
[2026-07-29T17:55:23.835+0000] {processor.py:183} INFO - Processing /opt/airflow/dags/football_etl_dag.py took 0.184 seconds
[2026-07-29T17:55:54.053+0000] {processor.py:161} INFO - Started process (PID=1037) to work on /opt/airflow/dags/football_etl_dag.py
[2026-07-29T17:55:54.058+0000] {processor.py:830} INFO - Processing file /opt/airflow/dags/football_etl_dag.py for tasks to queue
[2026-07-29T17:55:54.063+0000] {logging_mixin.py:188} INFO - [2026-07-29T17:55:54.062+0000] {dagbag.py:545} INFO - Filling up the DagBag from /opt/airflow/dags/football_etl_dag.py
[2026-07-29T17:55:54.101+0000] {processor.py:840} INFO - DAG(s) 'football_etl' retrieved from /opt/airflow/dags/football_etl_dag.py
[2026-07-29T17:55:54.170+0000] {logging_mixin.py:188} INFO - [2026-07-29T17:55:54.169+0000] {dag.py:3089} INFO - Sync 1 DAGs
[2026-07-29T17:55:54.219+0000] {logging_mixin.py:188} INFO - [2026-07-29T17:55:54.218+0000] {dag.py:3947} INFO - Setting next_dagrun for football_etl to 2026-07-29 17:54:00+00:00, run_after=2026-07-29 17:56:00+00:00
[2026-07-29T17:55:54.256+0000] {processor.py:183} INFO - Processing /opt/airflow/dags/football_etl_dag.py took 0.215 seconds
[2026-07-29T17:56:24.415+0000] {processor.py:161} INFO - Started process (PID=1048) to work on /opt/airflow/dags/football_etl_dag.py
[2026-07-29T17:56:24.417+0000] {processor.py:830} INFO - Processing file /opt/airflow/dags/football_etl_dag.py for tasks to queue
[2026-07-29T17:56:24.530+0000] {logging_mixin.py:188} INFO - [2026-07-29T17:56:24.529+0000] {dagbag.py:545} INFO - Filling up the DagBag from /opt/airflow/dags/football_etl_dag.py
[2026-07-29T17:56:24.566+0000] {processor.py:840} INFO - DAG(s) 'football_etl' retrieved from /opt/airflow/dags/football_etl_dag.py
[2026-07-29T17:56:24.644+0000] {logging_mixin.py:188} INFO - [2026-07-29T17:56:24.643+0000] {dag.py:3089} INFO - Sync 1 DAGs
[2026-07-29T17:56:24.713+0000] {logging_mixin.py:188} INFO - [2026-07-29T17:56:24.713+0000] {dag.py:3947} INFO - Setting next_dagrun for football_etl to 2026-07-29 17:56:00+00:00, run_after=2026-07-29 17:58:00+00:00
[2026-07-29T17:56:24.769+0000] {processor.py:183} INFO - Processing /opt/airflow/dags/football_etl_dag.py took 0.364 seconds
[2026-07-29T17:56:54.898+0000] {processor.py:161} INFO - Started process (PID=1055) to work on /opt/airflow/dags/football_etl_dag.py
[2026-07-29T17:56:54.900+0000] {processor.py:830} INFO - Processing file /opt/airflow/dags/football_etl_dag.py for tasks to queue
[2026-07-29T17:56:54.903+0000] {logging_mixin.py:188} INFO - [2026-07-29T17:56:54.903+0000] {dagbag.py:545} INFO - Filling up the DagBag from /opt/airflow/dags/football_etl_dag.py
[2026-07-29T17:56:54.946+0000] {processor.py:840} INFO - DAG(s) 'football_etl' retrieved from /opt/airflow/dags/football_etl_dag.py
[2026-07-29T17:56:55.005+0000] {logging_mixin.py:188} INFO - [2026-07-29T17:56:55.004+0000] {dag.py:3089} INFO - Sync 1 DAGs
[2026-07-29T17:56:55.042+0000] {logging_mixin.py:188} INFO - [2026-07-29T17:56:55.041+0000] {dag.py:3947} INFO - Setting next_dagrun for football_etl to 2026-07-29 17:56:00+00:00, run_after=2026-07-29 17:58:00+00:00
[2026-07-29T17:56:55.080+0000] {processor.py:183} INFO - Processing /opt/airflow/dags/football_etl_dag.py took 0.195 seconds
[2026-07-29T17:57:25.390+0000] {processor.py:161} INFO - Started process (PID=1060) to work on /opt/airflow/dags/football_etl_dag.py
[2026-07-29T17:57:25.392+0000] {processor.py:830} INFO - Processing file /opt/airflow/dags/football_etl_dag.py for tasks to queue
[2026-07-29T17:57:25.396+0000] {logging_mixin.py:188} INFO - [2026-07-29T17:57:25.395+0000] {dagbag.py:545} INFO - Filling up the DagBag from /opt/airflow/dags/football_etl_dag.py
[2026-07-29T17:57:25.432+0000] {processor.py:840} INFO - DAG(s) 'football_etl' retrieved from /opt/airflow/dags/football_etl_dag.py
[2026-07-29T17:57:25.492+0000] {logging_mixin.py:188} INFO - [2026-07-29T17:57:25.492+0000] {dag.py:3089} INFO - Sync 1 DAGs
[2026-07-29T17:57:25.538+0000] {logging_mixin.py:188} INFO - [2026-07-29T17:57:25.537+0000] {dag.py:3947} INFO - Setting next_dagrun for football_etl to 2026-07-29 17:56:00+00:00, run_after=2026-07-29 17:58:00+00:00
[2026-07-29T17:57:25.574+0000] {processor.py:183} INFO - Processing /opt/airflow/dags/football_etl_dag.py took 0.194 seconds
[2026-07-29T17:57:55.803+0000] {processor.py:161} INFO - Started process (PID=1065) to work on /opt/airflow/dags/football_etl_dag.py
[2026-07-29T17:57:55.805+0000] {processor.py:830} INFO - Processing file /opt/airflow/dags/football_etl_dag.py for tasks to queue
[2026-07-29T17:57:55.809+0000] {logging_mixin.py:188} INFO - [2026-07-29T17:57:55.808+0000] {dagbag.py:545} INFO - Filling up the DagBag from /opt/airflow/dags/football_etl_dag.py
[2026-07-29T17:57:55.835+0000] {processor.py:840} INFO - DAG(s) 'football_etl' retrieved from /opt/airflow/dags/football_etl_dag.py
[2026-07-29T17:57:55.877+0000] {logging_mixin.py:188} INFO - [2026-07-29T17:57:55.877+0000] {dag.py:3089} INFO - Sync 1 DAGs
[2026-07-29T17:57:55.909+0000] {logging_mixin.py:188} INFO - [2026-07-29T17:57:55.908+0000] {dag.py:3947} INFO - Setting next_dagrun for football_etl to 2026-07-29 17:56:00+00:00, run_after=2026-07-29 17:58:00+00:00
[2026-07-29T17:57:55.934+0000] {processor.py:183} INFO - Processing /opt/airflow/dags/football_etl_dag.py took 0.140 seconds
[2026-07-29T17:58:26.010+0000] {processor.py:161} INFO - Started process (PID=1078) to work on /opt/airflow/dags/football_etl_dag.py
[2026-07-29T17:58:26.013+0000] {processor.py:830} INFO - Processing file /opt/airflow/dags/football_etl_dag.py for tasks to queue
[2026-07-29T17:58:26.021+0000] {logging_mixin.py:188} INFO - [2026-07-29T17:58:26.020+0000] {dagbag.py:545} INFO - Filling up the DagBag from /opt/airflow/dags/football_etl_dag.py
[2026-07-29T17:58:26.071+0000] {processor.py:840} INFO - DAG(s) 'football_etl' retrieved from /opt/airflow/dags/football_etl_dag.py
[2026-07-29T17:58:26.155+0000] {logging_mixin.py:188} INFO - [2026-07-29T17:58:26.153+0000] {dag.py:3089} INFO - Sync 1 DAGs
[2026-07-29T17:58:26.202+0000] {logging_mixin.py:188} INFO - [2026-07-29T17:58:26.201+0000] {dag.py:3947} INFO - Setting next_dagrun for football_etl to 2026-07-29 17:58:00+00:00, run_after=2026-07-29 18:00:00+00:00
[2026-07-29T17:58:26.233+0000] {processor.py:183} INFO - Processing /opt/airflow/dags/football_etl_dag.py took 0.237 seconds
[2026-07-29T17:58:56.724+0000] {processor.py:161} INFO - Started process (PID=1083) to work on /opt/airflow/dags/football_etl_dag.py
[2026-07-29T17:58:56.731+0000] {processor.py:830} INFO - Processing file /opt/airflow/dags/football_etl_dag.py for tasks to queue
[2026-07-29T17:58:56.747+0000] {logging_mixin.py:188} INFO - [2026-07-29T17:58:56.746+0000] {dagbag.py:545} INFO - Filling up the DagBag from /opt/airflow/dags/football_etl_dag.py
[2026-07-29T17:58:56.839+0000] {processor.py:840} INFO - DAG(s) 'football_etl' retrieved from /opt/airflow/dags/football_etl_dag.py
[2026-07-29T17:58:56.971+0000] {logging_mixin.py:188} INFO - [2026-07-29T17:58:56.969+0000] {dag.py:3089} INFO - Sync 1 DAGs
[2026-07-29T17:58:57.050+0000] {logging_mixin.py:188} INFO - [2026-07-29T17:58:57.049+0000] {dag.py:3947} INFO - Setting next_dagrun for football_etl to 2026-07-29 17:58:00+00:00, run_after=2026-07-29 18:00:00+00:00
[2026-07-29T17:58:57.144+0000] {processor.py:183} INFO - Processing /opt/airflow/dags/football_etl_dag.py took 0.449 seconds
[2026-07-29T17:59:27.412+0000] {processor.py:161} INFO - Started process (PID=1088) to work on /opt/airflow/dags/football_etl_dag.py
[2026-07-29T17:59:27.414+0000] {processor.py:830} INFO - Processing file /opt/airflow/dags/football_etl_dag.py for tasks to queue
[2026-07-29T17:59:27.417+0000] {logging_mixin.py:188} INFO - [2026-07-29T17:59:27.417+0000] {dagbag.py:545} INFO - Filling up the DagBag from /opt/airflow/dags/football_etl_dag.py
[2026-07-29T17:59:27.450+0000] {processor.py:840} INFO - DAG(s) 'football_etl' retrieved from /opt/airflow/dags/football_etl_dag.py
[2026-07-29T17:59:27.506+0000] {logging_mixin.py:188} INFO - [2026-07-29T17:59:27.506+0000] {dag.py:3089} INFO - Sync 1 DAGs
[2026-07-29T17:59:27.543+0000] {logging_mixin.py:188} INFO - [2026-07-29T17:59:27.543+0000] {dag.py:3947} INFO - Setting next_dagrun for football_etl to 2026-07-29 17:58:00+00:00, run_after=2026-07-29 18:00:00+00:00
[2026-07-29T17:59:27.572+0000] {processor.py:183} INFO - Processing /opt/airflow/dags/football_etl_dag.py took 0.170 seconds
[2026-07-29T17:59:57.831+0000] {processor.py:161} INFO - Started process (PID=1093) to work on /opt/airflow/dags/football_etl_dag.py
[2026-07-29T17:59:57.833+0000] {processor.py:830} INFO - Processing file /opt/airflow/dags/football_etl_dag.py for tasks to queue
[2026-07-29T17:59:57.837+0000] {logging_mixin.py:188} INFO - [2026-07-29T17:59:57.836+0000] {dagbag.py:545} INFO - Filling up the DagBag from /opt/airflow/dags/football_etl_dag.py
[2026-07-29T17:59:57.865+0000] {processor.py:840} INFO - DAG(s) 'football_etl' retrieved from /opt/airflow/dags/football_etl_dag.py
[2026-07-29T17:59:57.904+0000] {logging_mixin.py:188} INFO - [2026-07-29T17:59:57.903+0000] {dag.py:3089} INFO - Sync 1 DAGs
[2026-07-29T17:59:57.930+0000] {logging_mixin.py:188} INFO - [2026-07-29T17:59:57.930+0000] {dag.py:3947} INFO - Setting next_dagrun for football_etl to 2026-07-29 17:58:00+00:00, run_after=2026-07-29 18:00:00+00:00
[2026-07-29T17:59:57.955+0000] {processor.py:183} INFO - Processing /opt/airflow/dags/football_etl_dag.py took 0.130 seconds
[2026-07-29T18:00:28.036+0000] {processor.py:161} INFO - Started process (PID=1106) to work on /opt/airflow/dags/football_etl_dag.py
[2026-07-29T18:00:28.039+0000] {processor.py:830} INFO - Processing file /opt/airflow/dags/football_etl_dag.py for tasks to queue
[2026-07-29T18:00:28.043+0000] {logging_mixin.py:188} INFO - [2026-07-29T18:00:28.042+0000] {dagbag.py:545} INFO - Filling up the DagBag from /opt/airflow/dags/football_etl_dag.py
[2026-07-29T18:00:28.077+0000] {processor.py:840} INFO - DAG(s) 'football_etl' retrieved from /opt/airflow/dags/football_etl_dag.py
[2026-07-29T18:00:28.129+0000] {logging_mixin.py:188} INFO - [2026-07-29T18:00:28.129+0000] {dag.py:3089} INFO - Sync 1 DAGs
[2026-07-29T18:00:28.175+0000] {logging_mixin.py:188} INFO - [2026-07-29T18:00:28.174+0000] {dag.py:3947} INFO - Setting next_dagrun for football_etl to 2026-07-29 18:00:00+00:00, run_after=2026-07-29 18:02:00+00:00
[2026-07-29T18:00:28.212+0000] {processor.py:183} INFO - Processing /opt/airflow/dags/football_etl_dag.py took 0.187 seconds
[2026-07-29T18:00:58.463+0000] {processor.py:161} INFO - Started process (PID=1111) to work on /opt/airflow/dags/football_etl_dag.py
[2026-07-29T18:00:58.465+0000] {processor.py:830} INFO - Processing file /opt/airflow/dags/football_etl_dag.py for tasks to queue
[2026-07-29T18:00:58.468+0000] {logging_mixin.py:188} INFO - [2026-07-29T18:00:58.468+0000] {dagbag.py:545} INFO - Filling up the DagBag from /opt/airflow/dags/football_etl_dag.py
[2026-07-29T18:00:58.493+0000] {processor.py:840} INFO - DAG(s) 'football_etl' retrieved from /opt/airflow/dags/football_etl_dag.py
[2026-07-29T18:00:58.547+0000] {logging_mixin.py:188} INFO - [2026-07-29T18:00:58.546+0000] {dag.py:3089} INFO - Sync 1 DAGs
[2026-07-29T18:00:58.595+0000] {logging_mixin.py:188} INFO - [2026-07-29T18:00:58.594+0000] {dag.py:3947} INFO - Setting next_dagrun for football_etl to 2026-07-29 18:00:00+00:00, run_after=2026-07-29 18:02:00+00:00
[2026-07-29T18:00:58.631+0000] {processor.py:183} INFO - Processing /opt/airflow/dags/football_etl_dag.py took 0.177 seconds
[2026-07-29T18:01:28.869+0000] {processor.py:161} INFO - Started process (PID=1116) to work on /opt/airflow/dags/football_etl_dag.py
[2026-07-29T18:01:28.871+0000] {processor.py:830} INFO - Processing file /opt/airflow/dags/football_etl_dag.py for tasks to queue
[2026-07-29T18:01:28.874+0000] {logging_mixin.py:188} INFO - [2026-07-29T18:01:28.873+0000] {dagbag.py:545} INFO - Filling up the DagBag from /opt/airflow/dags/football_etl_dag.py
[2026-07-29T18:01:28.898+0000] {processor.py:840} INFO - DAG(s) 'football_etl' retrieved from /opt/airflow/dags/football_etl_dag.py
[2026-07-29T18:01:28.936+0000] {logging_mixin.py:188} INFO - [2026-07-29T18:01:28.936+0000] {dag.py:3089} INFO - Sync 1 DAGs
[2026-07-29T18:01:28.973+0000] {logging_mixin.py:188} INFO - [2026-07-29T18:01:28.972+0000] {dag.py:3947} INFO - Setting next_dagrun for football_etl to 2026-07-29 18:00:00+00:00, run_after=2026-07-29 18:02:00+00:00
[2026-07-29T18:01:28.996+0000] {processor.py:183} INFO - Processing /opt/airflow/dags/football_etl_dag.py took 0.136 seconds
[2026-07-29T18:01:59.208+0000] {processor.py:161} INFO - Started process (PID=1121) to work on /opt/airflow/dags/football_etl_dag.py
[2026-07-29T18:01:59.212+0000] {processor.py:830} INFO - Processing file /opt/airflow/dags/football_etl_dag.py for tasks to queue
[2026-07-29T18:01:59.226+0000] {logging_mixin.py:188} INFO - [2026-07-29T18:01:59.226+0000] {dagbag.py:545} INFO - Filling up the DagBag from /opt/airflow/dags/football_etl_dag.py
[2026-07-29T18:01:59.293+0000] {processor.py:840} INFO - DAG(s) 'football_etl' retrieved from /opt/airflow/dags/football_etl_dag.py
[2026-07-29T18:01:59.392+0000] {logging_mixin.py:188} INFO - [2026-07-29T18:01:59.392+0000] {dag.py:3089} INFO - Sync 1 DAGs
[2026-07-29T18:01:59.433+0000] {logging_mixin.py:188} INFO - [2026-07-29T18:01:59.433+0000] {dag.py:3947} INFO - Setting next_dagrun for football_etl to 2026-07-29 18:00:00+00:00, run_after=2026-07-29 18:02:00+00:00
[2026-07-29T18:01:59.455+0000] {processor.py:183} INFO - Processing /opt/airflow/dags/football_etl_dag.py took 0.257 seconds
[2026-07-29T18:02:29.653+0000] {processor.py:161} INFO - Started process (PID=1134) to work on /opt/airflow/dags/football_etl_dag.py
[2026-07-29T18:02:29.654+0000] {processor.py:830} INFO - Processing file /opt/airflow/dags/football_etl_dag.py for tasks to queue
[2026-07-29T18:02:29.657+0000] {logging_mixin.py:188} INFO - [2026-07-29T18:02:29.656+0000] {dagbag.py:545} INFO - Filling up the DagBag from /opt/airflow/dags/football_etl_dag.py
[2026-07-29T18:02:29.684+0000] {processor.py:840} INFO - DAG(s) 'football_etl' retrieved from /opt/airflow/dags/football_etl_dag.py
[2026-07-29T18:02:29.733+0000] {logging_mixin.py:188} INFO - [2026-07-29T18:02:29.733+0000] {dag.py:3089} INFO - Sync 1 DAGs
[2026-07-29T18:02:29.779+0000] {logging_mixin.py:188} INFO - [2026-07-29T18:02:29.779+0000] {dag.py:3947} INFO - Setting next_dagrun for football_etl to 2026-07-29 18:02:00+00:00, run_after=2026-07-29 18:04:00+00:00
[2026-07-29T18:02:29.813+0000] {processor.py:183} INFO - Processing /opt/airflow/dags/football_etl_dag.py took 0.167 seconds
[2026-07-29T18:03:00.057+0000] {processor.py:161} INFO - Started process (PID=1139) to work on /opt/airflow/dags/football_etl_dag.py
[2026-07-29T18:03:00.059+0000] {processor.py:830} INFO - Processing file /opt/airflow/dags/football_etl_dag.py for tasks to queue
[2026-07-29T18:03:00.064+0000] {logging_mixin.py:188} INFO - [2026-07-29T18:03:00.063+0000] {dagbag.py:545} INFO - Filling up the DagBag from /opt/airflow/dags/football_etl_dag.py
[2026-07-29T18:03:00.105+0000] {processor.py:840} INFO - DAG(s) 'football_etl' retrieved from /opt/airflow/dags/football_etl_dag.py
[2026-07-29T18:03:00.161+0000] {logging_mixin.py:188} INFO - [2026-07-29T18:03:00.161+0000] {dag.py:3089} INFO - Sync 1 DAGs
[2026-07-29T18:03:00.199+0000] {logging_mixin.py:188} INFO - [2026-07-29T18:03:00.199+0000] {dag.py:3947} INFO - Setting next_dagrun for football_etl to 2026-07-29 18:02:00+00:00, run_after=2026-07-29 18:04:00+00:00
[2026-07-29T18:03:00.231+0000] {processor.py:183} INFO - Processing /opt/airflow/dags/football_etl_dag.py took 0.190 seconds
