[2026-08-10T00:04:47.934+0000] {processor.py:161} INFO - Started process (PID=163) to work on /opt/airflow/dags/football_etl_dag.py
[2026-08-10T00:04:47.937+0000] {processor.py:830} INFO - Processing file /opt/airflow/dags/football_etl_dag.py for tasks to queue
[2026-08-10T00:04:47.942+0000] {logging_mixin.py:188} INFO - [2026-08-10T00:04:47.941+0000] {dagbag.py:545} INFO - Filling up the DagBag from /opt/airflow/dags/football_etl_dag.py
[2026-08-10T00:04:48.034+0000] {processor.py:840} INFO - DAG(s) 'football_etl' retrieved from /opt/airflow/dags/football_etl_dag.py
[2026-08-10T00:04:48.155+0000] {logging_mixin.py:188} INFO - [2026-08-10T00:04:48.154+0000] {dag.py:3089} INFO - Sync 1 DAGs
[2026-08-10T00:04:48.275+0000] {logging_mixin.py:188} INFO - [2026-08-10T00:04:48.274+0000] {dag.py:3947} INFO - Setting next_dagrun for football_etl to 2026-08-10 00:04:00+00:00, run_after=2026-08-10 00:06:00+00:00
[2026-08-10T00:04:48.356+0000] {processor.py:183} INFO - Processing /opt/airflow/dags/football_etl_dag.py took 0.436 seconds
[2026-08-10T00:05:18.792+0000] {processor.py:161} INFO - Started process (PID=179) to work on /opt/airflow/dags/football_etl_dag.py
[2026-08-10T00:05:18.795+0000] {processor.py:830} INFO - Processing file /opt/airflow/dags/football_etl_dag.py for tasks to queue
[2026-08-10T00:05:18.804+0000] {logging_mixin.py:188} INFO - [2026-08-10T00:05:18.801+0000] {dagbag.py:545} INFO - Filling up the DagBag from /opt/airflow/dags/football_etl_dag.py
[2026-08-10T00:05:18.867+0000] {processor.py:840} INFO - DAG(s) 'football_etl' retrieved from /opt/airflow/dags/football_etl_dag.py
[2026-08-10T00:05:20.293+0000] {logging_mixin.py:188} INFO - [2026-08-10T00:05:20.293+0000] {dag.py:3089} INFO - Sync 1 DAGs
[2026-08-10T00:05:20.382+0000] {logging_mixin.py:188} INFO - [2026-08-10T00:05:20.381+0000] {dag.py:3947} INFO - Setting next_dagrun for football_etl to 2026-08-10 00:04:00+00:00, run_after=2026-08-10 00:06:00+00:00
[2026-08-10T00:05:20.485+0000] {processor.py:183} INFO - Processing /opt/airflow/dags/football_etl_dag.py took 1.715 seconds
[2026-08-10T00:05:50.601+0000] {processor.py:161} INFO - Started process (PID=184) to work on /opt/airflow/dags/football_etl_dag.py
[2026-08-10T00:05:50.603+0000] {processor.py:830} INFO - Processing file /opt/airflow/dags/football_etl_dag.py for tasks to queue
[2026-08-10T00:05:50.605+0000] {logging_mixin.py:188} INFO - [2026-08-10T00:05:50.605+0000] {dagbag.py:545} INFO - Filling up the DagBag from /opt/airflow/dags/football_etl_dag.py
[2026-08-10T00:05:50.628+0000] {processor.py:840} INFO - DAG(s) 'football_etl' retrieved from /opt/airflow/dags/football_etl_dag.py
[2026-08-10T00:05:50.668+0000] {logging_mixin.py:188} INFO - [2026-08-10T00:05:50.667+0000] {dag.py:3089} INFO - Sync 1 DAGs
[2026-08-10T00:05:50.695+0000] {logging_mixin.py:188} INFO - [2026-08-10T00:05:50.695+0000] {dag.py:3947} INFO - Setting next_dagrun for football_etl to 2026-08-10 00:04:00+00:00, run_after=2026-08-10 00:06:00+00:00
[2026-08-10T00:05:50.718+0000] {processor.py:183} INFO - Processing /opt/airflow/dags/football_etl_dag.py took 0.124 seconds
[2026-08-10T00:06:20.926+0000] {processor.py:161} INFO - Started process (PID=197) to work on /opt/airflow/dags/football_etl_dag.py
[2026-08-10T00:06:20.927+0000] {processor.py:830} INFO - Processing file /opt/airflow/dags/football_etl_dag.py for tasks to queue
[2026-08-10T00:06:20.930+0000] {logging_mixin.py:188} INFO - [2026-08-10T00:06:20.930+0000] {dagbag.py:545} INFO - Filling up the DagBag from /opt/airflow/dags/football_etl_dag.py
[2026-08-10T00:06:20.957+0000] {processor.py:840} INFO - DAG(s) 'football_etl' retrieved from /opt/airflow/dags/football_etl_dag.py
[2026-08-10T00:06:21.005+0000] {logging_mixin.py:188} INFO - [2026-08-10T00:06:21.004+0000] {dag.py:3089} INFO - Sync 1 DAGs
[2026-08-10T00:06:21.034+0000] {logging_mixin.py:188} INFO - [2026-08-10T00:06:21.034+0000] {dag.py:3947} INFO - Setting next_dagrun for football_etl to 2026-08-10 00:06:00+00:00, run_after=2026-08-10 00:08:00+00:00
[2026-08-10T00:06:21.058+0000] {processor.py:183} INFO - Processing /opt/airflow/dags/football_etl_dag.py took 0.139 seconds
[2026-08-10T00:06:51.252+0000] {processor.py:161} INFO - Started process (PID=202) to work on /opt/airflow/dags/football_etl_dag.py
[2026-08-10T00:06:51.254+0000] {processor.py:830} INFO - Processing file /opt/airflow/dags/football_etl_dag.py for tasks to queue
[2026-08-10T00:06:51.257+0000] {logging_mixin.py:188} INFO - [2026-08-10T00:06:51.256+0000] {dagbag.py:545} INFO - Filling up the DagBag from /opt/airflow/dags/football_etl_dag.py
[2026-08-10T00:06:51.285+0000] {processor.py:840} INFO - DAG(s) 'football_etl' retrieved from /opt/airflow/dags/football_etl_dag.py
[2026-08-10T00:06:51.326+0000] {logging_mixin.py:188} INFO - [2026-08-10T00:06:51.326+0000] {dag.py:3089} INFO - Sync 1 DAGs
[2026-08-10T00:06:51.356+0000] {logging_mixin.py:188} INFO - [2026-08-10T00:06:51.356+0000] {dag.py:3947} INFO - Setting next_dagrun for football_etl to 2026-08-10 00:06:00+00:00, run_after=2026-08-10 00:08:00+00:00
[2026-08-10T00:06:51.380+0000] {processor.py:183} INFO - Processing /opt/airflow/dags/football_etl_dag.py took 0.134 seconds
[2026-08-10T00:07:21.628+0000] {processor.py:161} INFO - Started process (PID=207) to work on /opt/airflow/dags/football_etl_dag.py
[2026-08-10T00:07:21.630+0000] {processor.py:830} INFO - Processing file /opt/airflow/dags/football_etl_dag.py for tasks to queue
[2026-08-10T00:07:21.633+0000] {logging_mixin.py:188} INFO - [2026-08-10T00:07:21.633+0000] {dagbag.py:545} INFO - Filling up the DagBag from /opt/airflow/dags/football_etl_dag.py
[2026-08-10T00:07:21.659+0000] {processor.py:840} INFO - DAG(s) 'football_etl' retrieved from /opt/airflow/dags/football_etl_dag.py
[2026-08-10T00:07:21.702+0000] {logging_mixin.py:188} INFO - [2026-08-10T00:07:21.701+0000] {dag.py:3089} INFO - Sync 1 DAGs
[2026-08-10T00:07:21.731+0000] {logging_mixin.py:188} INFO - [2026-08-10T00:07:21.731+0000] {dag.py:3947} INFO - Setting next_dagrun for football_etl to 2026-08-10 00:06:00+00:00, run_after=2026-08-10 00:08:00+00:00
[2026-08-10T00:07:21.755+0000] {processor.py:183} INFO - Processing /opt/airflow/dags/football_etl_dag.py took 0.135 seconds
[2026-08-10T00:07:51.906+0000] {processor.py:161} INFO - Started process (PID=212) to work on /opt/airflow/dags/football_etl_dag.py
[2026-08-10T00:07:51.908+0000] {processor.py:830} INFO - Processing file /opt/airflow/dags/football_etl_dag.py for tasks to queue
[2026-08-10T00:07:51.912+0000] {logging_mixin.py:188} INFO - [2026-08-10T00:07:51.911+0000] {dagbag.py:545} INFO - Filling up the DagBag from /opt/airflow/dags/football_etl_dag.py
[2026-08-10T00:07:51.939+0000] {processor.py:840} INFO - DAG(s) 'football_etl' retrieved from /opt/airflow/dags/football_etl_dag.py
[2026-08-10T00:07:51.984+0000] {logging_mixin.py:188} INFO - [2026-08-10T00:07:51.984+0000] {dag.py:3089} INFO - Sync 1 DAGs
[2026-08-10T00:07:52.052+0000] {logging_mixin.py:188} INFO - [2026-08-10T00:07:52.052+0000] {dag.py:3947} INFO - Setting next_dagrun for football_etl to 2026-08-10 00:06:00+00:00, run_after=2026-08-10 00:08:00+00:00
[2026-08-10T00:07:52.074+0000] {processor.py:183} INFO - Processing /opt/airflow/dags/football_etl_dag.py took 0.177 seconds
[2026-08-10T00:08:22.190+0000] {processor.py:161} INFO - Started process (PID=225) to work on /opt/airflow/dags/football_etl_dag.py
[2026-08-10T00:08:22.192+0000] {processor.py:830} INFO - Processing file /opt/airflow/dags/football_etl_dag.py for tasks to queue
[2026-08-10T00:08:22.195+0000] {logging_mixin.py:188} INFO - [2026-08-10T00:08:22.194+0000] {dagbag.py:545} INFO - Filling up the DagBag from /opt/airflow/dags/football_etl_dag.py
[2026-08-10T00:08:22.222+0000] {processor.py:840} INFO - DAG(s) 'football_etl' retrieved from /opt/airflow/dags/football_etl_dag.py
[2026-08-10T00:08:22.281+0000] {logging_mixin.py:188} INFO - [2026-08-10T00:08:22.281+0000] {dag.py:3089} INFO - Sync 1 DAGs
[2026-08-10T00:08:22.321+0000] {logging_mixin.py:188} INFO - [2026-08-10T00:08:22.321+0000] {dag.py:3947} INFO - Setting next_dagrun for football_etl to 2026-08-10 00:08:00+00:00, run_after=2026-08-10 00:10:00+00:00
[2026-08-10T00:08:22.345+0000] {processor.py:183} INFO - Processing /opt/airflow/dags/football_etl_dag.py took 0.165 seconds
[2026-08-10T00:08:52.496+0000] {processor.py:161} INFO - Started process (PID=230) to work on /opt/airflow/dags/football_etl_dag.py
[2026-08-10T00:08:52.498+0000] {processor.py:830} INFO - Processing file /opt/airflow/dags/football_etl_dag.py for tasks to queue
[2026-08-10T00:08:52.501+0000] {logging_mixin.py:188} INFO - [2026-08-10T00:08:52.501+0000] {dagbag.py:545} INFO - Filling up the DagBag from /opt/airflow/dags/football_etl_dag.py
[2026-08-10T00:08:52.525+0000] {processor.py:840} INFO - DAG(s) 'football_etl' retrieved from /opt/airflow/dags/football_etl_dag.py
[2026-08-10T00:08:52.592+0000] {logging_mixin.py:188} INFO - [2026-08-10T00:08:52.591+0000] {dag.py:3089} INFO - Sync 1 DAGs
[2026-08-10T00:08:52.633+0000] {logging_mixin.py:188} INFO - [2026-08-10T00:08:52.633+0000] {dag.py:3947} INFO - Setting next_dagrun for football_etl to 2026-08-10 00:08:00+00:00, run_after=2026-08-10 00:10:00+00:00
[2026-08-10T00:08:52.680+0000] {processor.py:183} INFO - Processing /opt/airflow/dags/football_etl_dag.py took 0.191 seconds
[2026-08-10T00:09:22.783+0000] {processor.py:161} INFO - Started process (PID=235) to work on /opt/airflow/dags/football_etl_dag.py
[2026-08-10T00:09:22.785+0000] {processor.py:830} INFO - Processing file /opt/airflow/dags/football_etl_dag.py for tasks to queue
[2026-08-10T00:09:22.787+0000] {logging_mixin.py:188} INFO - [2026-08-10T00:09:22.786+0000] {dagbag.py:545} INFO - Filling up the DagBag from /opt/airflow/dags/football_etl_dag.py
[2026-08-10T00:09:22.809+0000] {processor.py:840} INFO - DAG(s) 'football_etl' retrieved from /opt/airflow/dags/football_etl_dag.py
[2026-08-10T00:09:22.842+0000] {logging_mixin.py:188} INFO - [2026-08-10T00:09:22.841+0000] {dag.py:3089} INFO - Sync 1 DAGs
[2026-08-10T00:09:22.865+0000] {logging_mixin.py:188} INFO - [2026-08-10T00:09:22.865+0000] {dag.py:3947} INFO - Setting next_dagrun for football_etl to 2026-08-10 00:08:00+00:00, run_after=2026-08-10 00:10:00+00:00
[2026-08-10T00:09:22.884+0000] {processor.py:183} INFO - Processing /opt/airflow/dags/football_etl_dag.py took 0.107 seconds
[2026-08-10T00:09:53.070+0000] {processor.py:161} INFO - Started process (PID=240) to work on /opt/airflow/dags/football_etl_dag.py
[2026-08-10T00:09:53.071+0000] {processor.py:830} INFO - Processing file /opt/airflow/dags/football_etl_dag.py for tasks to queue
[2026-08-10T00:09:53.075+0000] {logging_mixin.py:188} INFO - [2026-08-10T00:09:53.075+0000] {dagbag.py:545} INFO - Filling up the DagBag from /opt/airflow/dags/football_etl_dag.py
[2026-08-10T00:09:53.106+0000] {processor.py:840} INFO - DAG(s) 'football_etl' retrieved from /opt/airflow/dags/football_etl_dag.py
[2026-08-10T00:09:53.149+0000] {logging_mixin.py:188} INFO - [2026-08-10T00:09:53.148+0000] {dag.py:3089} INFO - Sync 1 DAGs
[2026-08-10T00:09:53.186+0000] {logging_mixin.py:188} INFO - [2026-08-10T00:09:53.185+0000] {dag.py:3947} INFO - Setting next_dagrun for football_etl to 2026-08-10 00:08:00+00:00, run_after=2026-08-10 00:10:00+00:00
[2026-08-10T00:09:53.222+0000] {processor.py:183} INFO - Processing /opt/airflow/dags/football_etl_dag.py took 0.164 seconds
[2026-08-10T00:10:23.353+0000] {processor.py:161} INFO - Started process (PID=253) to work on /opt/airflow/dags/football_etl_dag.py
[2026-08-10T00:10:23.356+0000] {processor.py:830} INFO - Processing file /opt/airflow/dags/football_etl_dag.py for tasks to queue
[2026-08-10T00:10:23.363+0000] {logging_mixin.py:188} INFO - [2026-08-10T00:10:23.362+0000] {dagbag.py:545} INFO - Filling up the DagBag from /opt/airflow/dags/football_etl_dag.py
[2026-08-10T00:10:23.395+0000] {processor.py:840} INFO - DAG(s) 'football_etl' retrieved from /opt/airflow/dags/football_etl_dag.py
[2026-08-10T00:10:23.439+0000] {logging_mixin.py:188} INFO - [2026-08-10T00:10:23.439+0000] {dag.py:3089} INFO - Sync 1 DAGs
[2026-08-10T00:10:23.474+0000] {logging_mixin.py:188} INFO - [2026-08-10T00:10:23.474+0000] {dag.py:3947} INFO - Setting next_dagrun for football_etl to 2026-08-10 00:10:00+00:00, run_after=2026-08-10 00:12:00+00:00
[2026-08-10T00:10:23.501+0000] {processor.py:183} INFO - Processing /opt/airflow/dags/football_etl_dag.py took 0.166 seconds
[2026-08-10T00:10:53.662+0000] {processor.py:161} INFO - Started process (PID=258) to work on /opt/airflow/dags/football_etl_dag.py
[2026-08-10T00:10:53.663+0000] {processor.py:830} INFO - Processing file /opt/airflow/dags/football_etl_dag.py for tasks to queue
[2026-08-10T00:10:53.666+0000] {logging_mixin.py:188} INFO - [2026-08-10T00:10:53.666+0000] {dagbag.py:545} INFO - Filling up the DagBag from /opt/airflow/dags/football_etl_dag.py
[2026-08-10T00:10:53.691+0000] {processor.py:840} INFO - DAG(s) 'football_etl' retrieved from /opt/airflow/dags/football_etl_dag.py
[2026-08-10T00:10:53.730+0000] {logging_mixin.py:188} INFO - [2026-08-10T00:10:53.730+0000] {dag.py:3089} INFO - Sync 1 DAGs
[2026-08-10T00:10:53.758+0000] {logging_mixin.py:188} INFO - [2026-08-10T00:10:53.758+0000] {dag.py:3947} INFO - Setting next_dagrun for football_etl to 2026-08-10 00:10:00+00:00, run_after=2026-08-10 00:12:00+00:00
[2026-08-10T00:10:53.779+0000] {processor.py:183} INFO - Processing /opt/airflow/dags/football_etl_dag.py took 0.124 seconds
[2026-08-10T00:11:24.056+0000] {processor.py:161} INFO - Started process (PID=263) to work on /opt/airflow/dags/football_etl_dag.py
[2026-08-10T00:11:24.058+0000] {processor.py:830} INFO - Processing file /opt/airflow/dags/football_etl_dag.py for tasks to queue
[2026-08-10T00:11:24.060+0000] {logging_mixin.py:188} INFO - [2026-08-10T00:11:24.060+0000] {dagbag.py:545} INFO - Filling up the DagBag from /opt/airflow/dags/football_etl_dag.py
[2026-08-10T00:11:24.088+0000] {processor.py:840} INFO - DAG(s) 'football_etl' retrieved from /opt/airflow/dags/football_etl_dag.py
[2026-08-10T00:11:24.127+0000] {logging_mixin.py:188} INFO - [2026-08-10T00:11:24.126+0000] {dag.py:3089} INFO - Sync 1 DAGs
[2026-08-10T00:11:24.155+0000] {logging_mixin.py:188} INFO - [2026-08-10T00:11:24.155+0000] {dag.py:3947} INFO - Setting next_dagrun for football_etl to 2026-08-10 00:10:00+00:00, run_after=2026-08-10 00:12:00+00:00
[2026-08-10T00:11:24.177+0000] {processor.py:183} INFO - Processing /opt/airflow/dags/football_etl_dag.py took 0.127 seconds
[2026-08-10T00:11:54.336+0000] {processor.py:161} INFO - Started process (PID=268) to work on /opt/airflow/dags/football_etl_dag.py
[2026-08-10T00:11:54.338+0000] {processor.py:830} INFO - Processing file /opt/airflow/dags/football_etl_dag.py for tasks to queue
[2026-08-10T00:11:54.341+0000] {logging_mixin.py:188} INFO - [2026-08-10T00:11:54.340+0000] {dagbag.py:545} INFO - Filling up the DagBag from /opt/airflow/dags/football_etl_dag.py
[2026-08-10T00:11:54.366+0000] {processor.py:840} INFO - DAG(s) 'football_etl' retrieved from /opt/airflow/dags/football_etl_dag.py
[2026-08-10T00:11:54.407+0000] {logging_mixin.py:188} INFO - [2026-08-10T00:11:54.407+0000] {dag.py:3089} INFO - Sync 1 DAGs
[2026-08-10T00:11:54.445+0000] {logging_mixin.py:188} INFO - [2026-08-10T00:11:54.444+0000] {dag.py:3947} INFO - Setting next_dagrun for football_etl to 2026-08-10 00:10:00+00:00, run_after=2026-08-10 00:12:00+00:00
[2026-08-10T00:11:54.471+0000] {processor.py:183} INFO - Processing /opt/airflow/dags/football_etl_dag.py took 0.145 seconds
[2026-08-10T00:12:24.633+0000] {processor.py:161} INFO - Started process (PID=281) to work on /opt/airflow/dags/football_etl_dag.py
[2026-08-10T00:12:24.635+0000] {processor.py:830} INFO - Processing file /opt/airflow/dags/football_etl_dag.py for tasks to queue
[2026-08-10T00:12:24.638+0000] {logging_mixin.py:188} INFO - [2026-08-10T00:12:24.637+0000] {dagbag.py:545} INFO - Filling up the DagBag from /opt/airflow/dags/football_etl_dag.py
[2026-08-10T00:12:24.663+0000] {processor.py:840} INFO - DAG(s) 'football_etl' retrieved from /opt/airflow/dags/football_etl_dag.py
[2026-08-10T00:12:24.703+0000] {logging_mixin.py:188} INFO - [2026-08-10T00:12:24.702+0000] {dag.py:3089} INFO - Sync 1 DAGs
[2026-08-10T00:12:24.732+0000] {logging_mixin.py:188} INFO - [2026-08-10T00:12:24.732+0000] {dag.py:3947} INFO - Setting next_dagrun for football_etl to 2026-08-10 00:12:00+00:00, run_after=2026-08-10 00:14:00+00:00
[2026-08-10T00:12:24.754+0000] {processor.py:183} INFO - Processing /opt/airflow/dags/football_etl_dag.py took 0.130 seconds
[2026-08-10T00:12:54.915+0000] {processor.py:161} INFO - Started process (PID=286) to work on /opt/airflow/dags/football_etl_dag.py
[2026-08-10T00:12:54.917+0000] {processor.py:830} INFO - Processing file /opt/airflow/dags/football_etl_dag.py for tasks to queue
[2026-08-10T00:12:54.921+0000] {logging_mixin.py:188} INFO - [2026-08-10T00:12:54.919+0000] {dagbag.py:545} INFO - Filling up the DagBag from /opt/airflow/dags/football_etl_dag.py
[2026-08-10T00:12:54.947+0000] {processor.py:840} INFO - DAG(s) 'football_etl' retrieved from /opt/airflow/dags/football_etl_dag.py
[2026-08-10T00:12:54.984+0000] {logging_mixin.py:188} INFO - [2026-08-10T00:12:54.984+0000] {dag.py:3089} INFO - Sync 1 DAGs
[2026-08-10T00:12:55.009+0000] {logging_mixin.py:188} INFO - [2026-08-10T00:12:55.009+0000] {dag.py:3947} INFO - Setting next_dagrun for football_etl to 2026-08-10 00:12:00+00:00, run_after=2026-08-10 00:14:00+00:00
[2026-08-10T00:12:55.030+0000] {processor.py:183} INFO - Processing /opt/airflow/dags/football_etl_dag.py took 0.122 seconds
[2026-08-10T00:13:25.296+0000] {processor.py:161} INFO - Started process (PID=291) to work on /opt/airflow/dags/football_etl_dag.py
[2026-08-10T00:13:25.298+0000] {processor.py:830} INFO - Processing file /opt/airflow/dags/football_etl_dag.py for tasks to queue
[2026-08-10T00:13:25.301+0000] {logging_mixin.py:188} INFO - [2026-08-10T00:13:25.301+0000] {dagbag.py:545} INFO - Filling up the DagBag from /opt/airflow/dags/football_etl_dag.py
[2026-08-10T00:13:25.326+0000] {processor.py:840} INFO - DAG(s) 'football_etl' retrieved from /opt/airflow/dags/football_etl_dag.py
[2026-08-10T00:13:25.365+0000] {logging_mixin.py:188} INFO - [2026-08-10T00:13:25.365+0000] {dag.py:3089} INFO - Sync 1 DAGs
[2026-08-10T00:13:25.393+0000] {logging_mixin.py:188} INFO - [2026-08-10T00:13:25.393+0000] {dag.py:3947} INFO - Setting next_dagrun for football_etl to 2026-08-10 00:12:00+00:00, run_after=2026-08-10 00:14:00+00:00
[2026-08-10T00:13:25.416+0000] {processor.py:183} INFO - Processing /opt/airflow/dags/football_etl_dag.py took 0.128 seconds
[2026-08-10T00:13:55.596+0000] {processor.py:161} INFO - Started process (PID=296) to work on /opt/airflow/dags/football_etl_dag.py
[2026-08-10T00:13:55.598+0000] {processor.py:830} INFO - Processing file /opt/airflow/dags/football_etl_dag.py for tasks to queue
[2026-08-10T00:13:55.601+0000] {logging_mixin.py:188} INFO - [2026-08-10T00:13:55.601+0000] {dagbag.py:545} INFO - Filling up the DagBag from /opt/airflow/dags/football_etl_dag.py
[2026-08-10T00:13:55.630+0000] {processor.py:840} INFO - DAG(s) 'football_etl' retrieved from /opt/airflow/dags/football_etl_dag.py
[2026-08-10T00:13:55.677+0000] {logging_mixin.py:188} INFO - [2026-08-10T00:13:55.676+0000] {dag.py:3089} INFO - Sync 1 DAGs
[2026-08-10T00:13:55.716+0000] {logging_mixin.py:188} INFO - [2026-08-10T00:13:55.716+0000] {dag.py:3947} INFO - Setting next_dagrun for football_etl to 2026-08-10 00:12:00+00:00, run_after=2026-08-10 00:14:00+00:00
[2026-08-10T00:13:55.740+0000] {processor.py:183} INFO - Processing /opt/airflow/dags/football_etl_dag.py took 0.151 seconds
[2026-08-10T00:14:25.843+0000] {processor.py:161} INFO - Started process (PID=309) to work on /opt/airflow/dags/football_etl_dag.py
[2026-08-10T00:14:25.844+0000] {processor.py:830} INFO - Processing file /opt/airflow/dags/football_etl_dag.py for tasks to queue
[2026-08-10T00:14:25.847+0000] {logging_mixin.py:188} INFO - [2026-08-10T00:14:25.847+0000] {dagbag.py:545} INFO - Filling up the DagBag from /opt/airflow/dags/football_etl_dag.py
[2026-08-10T00:14:25.868+0000] {processor.py:840} INFO - DAG(s) 'football_etl' retrieved from /opt/airflow/dags/football_etl_dag.py
[2026-08-10T00:14:25.907+0000] {logging_mixin.py:188} INFO - [2026-08-10T00:14:25.907+0000] {dag.py:3089} INFO - Sync 1 DAGs
[2026-08-10T00:14:25.936+0000] {logging_mixin.py:188} INFO - [2026-08-10T00:14:25.936+0000] {dag.py:3947} INFO - Setting next_dagrun for football_etl to 2026-08-10 00:14:00+00:00, run_after=2026-08-10 00:16:00+00:00
[2026-08-10T00:14:25.956+0000] {processor.py:183} INFO - Processing /opt/airflow/dags/football_etl_dag.py took 0.121 seconds
[2026-08-10T00:14:56.196+0000] {processor.py:161} INFO - Started process (PID=314) to work on /opt/airflow/dags/football_etl_dag.py
[2026-08-10T00:14:56.197+0000] {processor.py:830} INFO - Processing file /opt/airflow/dags/football_etl_dag.py for tasks to queue
[2026-08-10T00:14:56.200+0000] {logging_mixin.py:188} INFO - [2026-08-10T00:14:56.200+0000] {dagbag.py:545} INFO - Filling up the DagBag from /opt/airflow/dags/football_etl_dag.py
[2026-08-10T00:14:56.222+0000] {processor.py:840} INFO - DAG(s) 'football_etl' retrieved from /opt/airflow/dags/football_etl_dag.py
[2026-08-10T00:14:56.258+0000] {logging_mixin.py:188} INFO - [2026-08-10T00:14:56.258+0000] {dag.py:3089} INFO - Sync 1 DAGs
[2026-08-10T00:14:56.285+0000] {logging_mixin.py:188} INFO - [2026-08-10T00:14:56.285+0000] {dag.py:3947} INFO - Setting next_dagrun for football_etl to 2026-08-10 00:14:00+00:00, run_after=2026-08-10 00:16:00+00:00
[2026-08-10T00:14:56.306+0000] {processor.py:183} INFO - Processing /opt/airflow/dags/football_etl_dag.py took 0.117 seconds
[2026-08-10T00:15:26.520+0000] {processor.py:161} INFO - Started process (PID=319) to work on /opt/airflow/dags/football_etl_dag.py
[2026-08-10T00:15:26.523+0000] {processor.py:830} INFO - Processing file /opt/airflow/dags/football_etl_dag.py for tasks to queue
[2026-08-10T00:15:26.526+0000] {logging_mixin.py:188} INFO - [2026-08-10T00:15:26.525+0000] {dagbag.py:545} INFO - Filling up the DagBag from /opt/airflow/dags/football_etl_dag.py
[2026-08-10T00:15:26.556+0000] {processor.py:840} INFO - DAG(s) 'football_etl' retrieved from /opt/airflow/dags/football_etl_dag.py
[2026-08-10T00:15:26.597+0000] {logging_mixin.py:188} INFO - [2026-08-10T00:15:26.597+0000] {dag.py:3089} INFO - Sync 1 DAGs
[2026-08-10T00:15:26.623+0000] {logging_mixin.py:188} INFO - [2026-08-10T00:15:26.623+0000] {dag.py:3947} INFO - Setting next_dagrun for football_etl to 2026-08-10 00:14:00+00:00, run_after=2026-08-10 00:16:00+00:00
[2026-08-10T00:15:26.644+0000] {processor.py:183} INFO - Processing /opt/airflow/dags/football_etl_dag.py took 0.131 seconds
[2026-08-10T00:15:56.904+0000] {processor.py:161} INFO - Started process (PID=324) to work on /opt/airflow/dags/football_etl_dag.py
[2026-08-10T00:15:56.906+0000] {processor.py:830} INFO - Processing file /opt/airflow/dags/football_etl_dag.py for tasks to queue
[2026-08-10T00:15:56.909+0000] {logging_mixin.py:188} INFO - [2026-08-10T00:15:56.909+0000] {dagbag.py:545} INFO - Filling up the DagBag from /opt/airflow/dags/football_etl_dag.py
[2026-08-10T00:15:56.935+0000] {processor.py:840} INFO - DAG(s) 'football_etl' retrieved from /opt/airflow/dags/football_etl_dag.py
[2026-08-10T00:15:56.975+0000] {logging_mixin.py:188} INFO - [2026-08-10T00:15:56.975+0000] {dag.py:3089} INFO - Sync 1 DAGs
[2026-08-10T00:15:57.003+0000] {logging_mixin.py:188} INFO - [2026-08-10T00:15:57.003+0000] {dag.py:3947} INFO - Setting next_dagrun for football_etl to 2026-08-10 00:14:00+00:00, run_after=2026-08-10 00:16:00+00:00
[2026-08-10T00:15:57.026+0000] {processor.py:183} INFO - Processing /opt/airflow/dags/football_etl_dag.py took 0.129 seconds
[2026-08-10T00:16:27.199+0000] {processor.py:161} INFO - Started process (PID=337) to work on /opt/airflow/dags/football_etl_dag.py
[2026-08-10T00:16:27.201+0000] {processor.py:830} INFO - Processing file /opt/airflow/dags/football_etl_dag.py for tasks to queue
[2026-08-10T00:16:27.205+0000] {logging_mixin.py:188} INFO - [2026-08-10T00:16:27.204+0000] {dagbag.py:545} INFO - Filling up the DagBag from /opt/airflow/dags/football_etl_dag.py
[2026-08-10T00:16:27.232+0000] {processor.py:840} INFO - DAG(s) 'football_etl' retrieved from /opt/airflow/dags/football_etl_dag.py
[2026-08-10T00:16:27.275+0000] {logging_mixin.py:188} INFO - [2026-08-10T00:16:27.275+0000] {dag.py:3089} INFO - Sync 1 DAGs
[2026-08-10T00:16:27.305+0000] {logging_mixin.py:188} INFO - [2026-08-10T00:16:27.304+0000] {dag.py:3947} INFO - Setting next_dagrun for football_etl to 2026-08-10 00:16:00+00:00, run_after=2026-08-10 00:18:00+00:00
[2026-08-10T00:16:27.327+0000] {processor.py:183} INFO - Processing /opt/airflow/dags/football_etl_dag.py took 0.137 seconds
[2026-08-10T00:16:57.430+0000] {processor.py:161} INFO - Started process (PID=342) to work on /opt/airflow/dags/football_etl_dag.py
[2026-08-10T00:16:57.431+0000] {processor.py:830} INFO - Processing file /opt/airflow/dags/football_etl_dag.py for tasks to queue
[2026-08-10T00:16:57.433+0000] {logging_mixin.py:188} INFO - [2026-08-10T00:16:57.433+0000] {dagbag.py:545} INFO - Filling up the DagBag from /opt/airflow/dags/football_etl_dag.py
[2026-08-10T00:16:57.458+0000] {processor.py:840} INFO - DAG(s) 'football_etl' retrieved from /opt/airflow/dags/football_etl_dag.py
[2026-08-10T00:16:57.499+0000] {logging_mixin.py:188} INFO - [2026-08-10T00:16:57.499+0000] {dag.py:3089} INFO - Sync 1 DAGs
[2026-08-10T00:16:57.528+0000] {logging_mixin.py:188} INFO - [2026-08-10T00:16:57.528+0000] {dag.py:3947} INFO - Setting next_dagrun for football_etl to 2026-08-10 00:16:00+00:00, run_after=2026-08-10 00:18:00+00:00
[2026-08-10T00:16:57.549+0000] {processor.py:183} INFO - Processing /opt/airflow/dags/football_etl_dag.py took 0.124 seconds
[2026-08-10T00:17:27.787+0000] {processor.py:161} INFO - Started process (PID=347) to work on /opt/airflow/dags/football_etl_dag.py
[2026-08-10T00:17:27.789+0000] {processor.py:830} INFO - Processing file /opt/airflow/dags/football_etl_dag.py for tasks to queue
[2026-08-10T00:17:27.792+0000] {logging_mixin.py:188} INFO - [2026-08-10T00:17:27.791+0000] {dagbag.py:545} INFO - Filling up the DagBag from /opt/airflow/dags/football_etl_dag.py
[2026-08-10T00:17:27.818+0000] {processor.py:840} INFO - DAG(s) 'football_etl' retrieved from /opt/airflow/dags/football_etl_dag.py
[2026-08-10T00:17:27.869+0000] {logging_mixin.py:188} INFO - [2026-08-10T00:17:27.869+0000] {dag.py:3089} INFO - Sync 1 DAGs
[2026-08-10T00:17:27.899+0000] {logging_mixin.py:188} INFO - [2026-08-10T00:17:27.898+0000] {dag.py:3947} INFO - Setting next_dagrun for football_etl to 2026-08-10 00:16:00+00:00, run_after=2026-08-10 00:18:00+00:00
[2026-08-10T00:17:27.921+0000] {processor.py:183} INFO - Processing /opt/airflow/dags/football_etl_dag.py took 0.142 seconds
[2026-08-10T00:17:58.040+0000] {processor.py:161} INFO - Started process (PID=352) to work on /opt/airflow/dags/football_etl_dag.py
[2026-08-10T00:17:58.042+0000] {processor.py:830} INFO - Processing file /opt/airflow/dags/football_etl_dag.py for tasks to queue
[2026-08-10T00:17:58.045+0000] {logging_mixin.py:188} INFO - [2026-08-10T00:17:58.045+0000] {dagbag.py:545} INFO - Filling up the DagBag from /opt/airflow/dags/football_etl_dag.py
[2026-08-10T00:17:58.074+0000] {processor.py:840} INFO - DAG(s) 'football_etl' retrieved from /opt/airflow/dags/football_etl_dag.py
[2026-08-10T00:17:58.142+0000] {logging_mixin.py:188} INFO - [2026-08-10T00:17:58.141+0000] {dag.py:3089} INFO - Sync 1 DAGs
[2026-08-10T00:17:58.181+0000] {logging_mixin.py:188} INFO - [2026-08-10T00:17:58.181+0000] {dag.py:3947} INFO - Setting next_dagrun for football_etl to 2026-08-10 00:16:00+00:00, run_after=2026-08-10 00:18:00+00:00
[2026-08-10T00:17:58.246+0000] {processor.py:183} INFO - Processing /opt/airflow/dags/football_etl_dag.py took 0.214 seconds
[2026-08-10T00:18:28.311+0000] {processor.py:161} INFO - Started process (PID=365) to work on /opt/airflow/dags/football_etl_dag.py
[2026-08-10T00:18:28.313+0000] {processor.py:830} INFO - Processing file /opt/airflow/dags/football_etl_dag.py for tasks to queue
[2026-08-10T00:18:28.315+0000] {logging_mixin.py:188} INFO - [2026-08-10T00:18:28.315+0000] {dagbag.py:545} INFO - Filling up the DagBag from /opt/airflow/dags/football_etl_dag.py
[2026-08-10T00:18:28.335+0000] {processor.py:840} INFO - DAG(s) 'football_etl' retrieved from /opt/airflow/dags/football_etl_dag.py
[2026-08-10T00:18:28.368+0000] {logging_mixin.py:188} INFO - [2026-08-10T00:18:28.368+0000] {dag.py:3089} INFO - Sync 1 DAGs
[2026-08-10T00:18:28.391+0000] {logging_mixin.py:188} INFO - [2026-08-10T00:18:28.391+0000] {dag.py:3947} INFO - Setting next_dagrun for football_etl to 2026-08-10 00:18:00+00:00, run_after=2026-08-10 00:20:00+00:00
[2026-08-10T00:18:28.411+0000] {processor.py:183} INFO - Processing /opt/airflow/dags/football_etl_dag.py took 0.106 seconds
[2026-08-10T00:18:58.717+0000] {processor.py:161} INFO - Started process (PID=370) to work on /opt/airflow/dags/football_etl_dag.py
[2026-08-10T00:18:58.719+0000] {processor.py:830} INFO - Processing file /opt/airflow/dags/football_etl_dag.py for tasks to queue
[2026-08-10T00:18:58.721+0000] {logging_mixin.py:188} INFO - [2026-08-10T00:18:58.720+0000] {dagbag.py:545} INFO - Filling up the DagBag from /opt/airflow/dags/football_etl_dag.py
[2026-08-10T00:18:58.742+0000] {processor.py:840} INFO - DAG(s) 'football_etl' retrieved from /opt/airflow/dags/football_etl_dag.py
[2026-08-10T00:18:58.778+0000] {logging_mixin.py:188} INFO - [2026-08-10T00:18:58.778+0000] {dag.py:3089} INFO - Sync 1 DAGs
[2026-08-10T00:18:58.804+0000] {logging_mixin.py:188} INFO - [2026-08-10T00:18:58.804+0000] {dag.py:3947} INFO - Setting next_dagrun for football_etl to 2026-08-10 00:18:00+00:00, run_after=2026-08-10 00:20:00+00:00
[2026-08-10T00:18:58.824+0000] {processor.py:183} INFO - Processing /opt/airflow/dags/football_etl_dag.py took 0.113 seconds
[2026-08-10T00:19:28.968+0000] {processor.py:161} INFO - Started process (PID=375) to work on /opt/airflow/dags/football_etl_dag.py
[2026-08-10T00:19:28.970+0000] {processor.py:830} INFO - Processing file /opt/airflow/dags/football_etl_dag.py for tasks to queue
[2026-08-10T00:19:28.972+0000] {logging_mixin.py:188} INFO - [2026-08-10T00:19:28.972+0000] {dagbag.py:545} INFO - Filling up the DagBag from /opt/airflow/dags/football_etl_dag.py
[2026-08-10T00:19:28.999+0000] {processor.py:840} INFO - DAG(s) 'football_etl' retrieved from /opt/airflow/dags/football_etl_dag.py
[2026-08-10T00:19:29.038+0000] {logging_mixin.py:188} INFO - [2026-08-10T00:19:29.037+0000] {dag.py:3089} INFO - Sync 1 DAGs
[2026-08-10T00:19:29.065+0000] {logging_mixin.py:188} INFO - [2026-08-10T00:19:29.065+0000] {dag.py:3947} INFO - Setting next_dagrun for football_etl to 2026-08-10 00:18:00+00:00, run_after=2026-08-10 00:20:00+00:00
[2026-08-10T00:19:29.094+0000] {processor.py:183} INFO - Processing /opt/airflow/dags/football_etl_dag.py took 0.134 seconds
[2026-08-10T00:19:59.408+0000] {processor.py:161} INFO - Started process (PID=380) to work on /opt/airflow/dags/football_etl_dag.py
[2026-08-10T00:19:59.410+0000] {processor.py:830} INFO - Processing file /opt/airflow/dags/football_etl_dag.py for tasks to queue
[2026-08-10T00:19:59.413+0000] {logging_mixin.py:188} INFO - [2026-08-10T00:19:59.412+0000] {dagbag.py:545} INFO - Filling up the DagBag from /opt/airflow/dags/football_etl_dag.py
[2026-08-10T00:19:59.437+0000] {processor.py:840} INFO - DAG(s) 'football_etl' retrieved from /opt/airflow/dags/football_etl_dag.py
[2026-08-10T00:19:59.473+0000] {logging_mixin.py:188} INFO - [2026-08-10T00:19:59.473+0000] {dag.py:3089} INFO - Sync 1 DAGs
[2026-08-10T00:19:59.500+0000] {logging_mixin.py:188} INFO - [2026-08-10T00:19:59.500+0000] {dag.py:3947} INFO - Setting next_dagrun for football_etl to 2026-08-10 00:18:00+00:00, run_after=2026-08-10 00:20:00+00:00
[2026-08-10T00:19:59.522+0000] {processor.py:183} INFO - Processing /opt/airflow/dags/football_etl_dag.py took 0.120 seconds
[2026-08-10T00:20:29.625+0000] {processor.py:161} INFO - Started process (PID=393) to work on /opt/airflow/dags/football_etl_dag.py
[2026-08-10T00:20:29.628+0000] {processor.py:830} INFO - Processing file /opt/airflow/dags/football_etl_dag.py for tasks to queue
[2026-08-10T00:20:29.632+0000] {logging_mixin.py:188} INFO - [2026-08-10T00:20:29.632+0000] {dagbag.py:545} INFO - Filling up the DagBag from /opt/airflow/dags/football_etl_dag.py
[2026-08-10T00:20:29.681+0000] {processor.py:840} INFO - DAG(s) 'football_etl' retrieved from /opt/airflow/dags/football_etl_dag.py
[2026-08-10T00:20:29.744+0000] {logging_mixin.py:188} INFO - [2026-08-10T00:20:29.744+0000] {dag.py:3089} INFO - Sync 1 DAGs
[2026-08-10T00:20:29.780+0000] {logging_mixin.py:188} INFO - [2026-08-10T00:20:29.780+0000] {dag.py:3947} INFO - Setting next_dagrun for football_etl to 2026-08-10 00:20:00+00:00, run_after=2026-08-10 00:22:00+00:00
[2026-08-10T00:20:29.806+0000] {processor.py:183} INFO - Processing /opt/airflow/dags/football_etl_dag.py took 0.198 seconds
[2026-08-10T00:20:59.908+0000] {processor.py:161} INFO - Started process (PID=398) to work on /opt/airflow/dags/football_etl_dag.py
[2026-08-10T00:20:59.910+0000] {processor.py:830} INFO - Processing file /opt/airflow/dags/football_etl_dag.py for tasks to queue
[2026-08-10T00:20:59.913+0000] {logging_mixin.py:188} INFO - [2026-08-10T00:20:59.912+0000] {dagbag.py:545} INFO - Filling up the DagBag from /opt/airflow/dags/football_etl_dag.py
[2026-08-10T00:20:59.938+0000] {processor.py:840} INFO - DAG(s) 'football_etl' retrieved from /opt/airflow/dags/football_etl_dag.py
[2026-08-10T00:20:59.979+0000] {logging_mixin.py:188} INFO - [2026-08-10T00:20:59.979+0000] {dag.py:3089} INFO - Sync 1 DAGs
[2026-08-10T00:21:00.009+0000] {logging_mixin.py:188} INFO - [2026-08-10T00:21:00.008+0000] {dag.py:3947} INFO - Setting next_dagrun for football_etl to 2026-08-10 00:20:00+00:00, run_after=2026-08-10 00:22:00+00:00
[2026-08-10T00:21:00.044+0000] {processor.py:183} INFO - Processing /opt/airflow/dags/football_etl_dag.py took 0.143 seconds
[2026-08-10T00:21:30.198+0000] {processor.py:161} INFO - Started process (PID=403) to work on /opt/airflow/dags/football_etl_dag.py
[2026-08-10T00:21:30.199+0000] {processor.py:830} INFO - Processing file /opt/airflow/dags/football_etl_dag.py for tasks to queue
[2026-08-10T00:21:30.203+0000] {logging_mixin.py:188} INFO - [2026-08-10T00:21:30.203+0000] {dagbag.py:545} INFO - Filling up the DagBag from /opt/airflow/dags/football_etl_dag.py
[2026-08-10T00:21:30.231+0000] {processor.py:840} INFO - DAG(s) 'football_etl' retrieved from /opt/airflow/dags/football_etl_dag.py
[2026-08-10T00:21:30.287+0000] {logging_mixin.py:188} INFO - [2026-08-10T00:21:30.286+0000] {dag.py:3089} INFO - Sync 1 DAGs
[2026-08-10T00:21:30.327+0000] {logging_mixin.py:188} INFO - [2026-08-10T00:21:30.327+0000] {dag.py:3947} INFO - Setting next_dagrun for football_etl to 2026-08-10 00:20:00+00:00, run_after=2026-08-10 00:22:00+00:00
[2026-08-10T00:21:30.351+0000] {processor.py:183} INFO - Processing /opt/airflow/dags/football_etl_dag.py took 0.162 seconds
[2026-08-10T00:22:00.430+0000] {processor.py:161} INFO - Started process (PID=408) to work on /opt/airflow/dags/football_etl_dag.py
[2026-08-10T00:22:00.432+0000] {processor.py:830} INFO - Processing file /opt/airflow/dags/football_etl_dag.py for tasks to queue
[2026-08-10T00:22:00.434+0000] {logging_mixin.py:188} INFO - [2026-08-10T00:22:00.434+0000] {dagbag.py:545} INFO - Filling up the DagBag from /opt/airflow/dags/football_etl_dag.py
[2026-08-10T00:22:00.460+0000] {processor.py:840} INFO - DAG(s) 'football_etl' retrieved from /opt/airflow/dags/football_etl_dag.py
[2026-08-10T00:22:00.500+0000] {logging_mixin.py:188} INFO - [2026-08-10T00:22:00.500+0000] {dag.py:3089} INFO - Sync 1 DAGs
[2026-08-10T00:22:00.527+0000] {logging_mixin.py:188} INFO - [2026-08-10T00:22:00.527+0000] {dag.py:3947} INFO - Setting next_dagrun for football_etl to 2026-08-10 00:20:00+00:00, run_after=2026-08-10 00:22:00+00:00
[2026-08-10T00:22:00.548+0000] {processor.py:183} INFO - Processing /opt/airflow/dags/football_etl_dag.py took 0.124 seconds
[2026-08-10T00:22:30.658+0000] {processor.py:161} INFO - Started process (PID=421) to work on /opt/airflow/dags/football_etl_dag.py
[2026-08-10T00:22:30.659+0000] {processor.py:830} INFO - Processing file /opt/airflow/dags/football_etl_dag.py for tasks to queue
[2026-08-10T00:22:30.662+0000] {logging_mixin.py:188} INFO - [2026-08-10T00:22:30.662+0000] {dagbag.py:545} INFO - Filling up the DagBag from /opt/airflow/dags/football_etl_dag.py
[2026-08-10T00:22:30.689+0000] {processor.py:840} INFO - DAG(s) 'football_etl' retrieved from /opt/airflow/dags/football_etl_dag.py
[2026-08-10T00:22:30.743+0000] {logging_mixin.py:188} INFO - [2026-08-10T00:22:30.743+0000] {dag.py:3089} INFO - Sync 1 DAGs
[2026-08-10T00:22:30.793+0000] {logging_mixin.py:188} INFO - [2026-08-10T00:22:30.793+0000] {dag.py:3947} INFO - Setting next_dagrun for football_etl to 2026-08-10 00:22:00+00:00, run_after=2026-08-10 00:24:00+00:00
[2026-08-10T00:22:30.819+0000] {processor.py:183} INFO - Processing /opt/airflow/dags/football_etl_dag.py took 0.169 seconds
[2026-08-10T00:23:00.972+0000] {processor.py:161} INFO - Started process (PID=426) to work on /opt/airflow/dags/football_etl_dag.py
[2026-08-10T00:23:00.973+0000] {processor.py:830} INFO - Processing file /opt/airflow/dags/football_etl_dag.py for tasks to queue
[2026-08-10T00:23:00.975+0000] {logging_mixin.py:188} INFO - [2026-08-10T00:23:00.975+0000] {dagbag.py:545} INFO - Filling up the DagBag from /opt/airflow/dags/football_etl_dag.py
[2026-08-10T00:23:00.998+0000] {processor.py:840} INFO - DAG(s) 'football_etl' retrieved from /opt/airflow/dags/football_etl_dag.py
[2026-08-10T00:23:01.032+0000] {logging_mixin.py:188} INFO - [2026-08-10T00:23:01.032+0000] {dag.py:3089} INFO - Sync 1 DAGs
[2026-08-10T00:23:01.057+0000] {logging_mixin.py:188} INFO - [2026-08-10T00:23:01.057+0000] {dag.py:3947} INFO - Setting next_dagrun for football_etl to 2026-08-10 00:22:00+00:00, run_after=2026-08-10 00:24:00+00:00
[2026-08-10T00:23:01.077+0000] {processor.py:183} INFO - Processing /opt/airflow/dags/football_etl_dag.py took 0.113 seconds
[2026-08-10T00:23:31.251+0000] {processor.py:161} INFO - Started process (PID=439) to work on /opt/airflow/dags/football_etl_dag.py
[2026-08-10T00:23:31.253+0000] {processor.py:830} INFO - Processing file /opt/airflow/dags/football_etl_dag.py for tasks to queue
[2026-08-10T00:23:31.255+0000] {logging_mixin.py:188} INFO - [2026-08-10T00:23:31.255+0000] {dagbag.py:545} INFO - Filling up the DagBag from /opt/airflow/dags/football_etl_dag.py
[2026-08-10T00:23:31.281+0000] {processor.py:840} INFO - DAG(s) 'football_etl' retrieved from /opt/airflow/dags/football_etl_dag.py
[2026-08-10T00:23:31.326+0000] {logging_mixin.py:188} INFO - [2026-08-10T00:23:31.326+0000] {dag.py:3089} INFO - Sync 1 DAGs
[2026-08-10T00:23:31.360+0000] {logging_mixin.py:188} INFO - [2026-08-10T00:23:31.360+0000] {dag.py:3947} INFO - Setting next_dagrun for football_etl to 2026-08-10 00:22:00+00:00, run_after=2026-08-10 00:24:00+00:00
[2026-08-10T00:23:31.382+0000] {processor.py:183} INFO - Processing /opt/airflow/dags/football_etl_dag.py took 0.139 seconds
[2026-08-10T00:24:01.458+0000] {processor.py:161} INFO - Started process (PID=447) to work on /opt/airflow/dags/football_etl_dag.py
[2026-08-10T00:24:01.459+0000] {processor.py:830} INFO - Processing file /opt/airflow/dags/football_etl_dag.py for tasks to queue
[2026-08-10T00:24:01.462+0000] {logging_mixin.py:188} INFO - [2026-08-10T00:24:01.462+0000] {dagbag.py:545} INFO - Filling up the DagBag from /opt/airflow/dags/football_etl_dag.py
[2026-08-10T00:24:01.485+0000] {processor.py:840} INFO - DAG(s) 'football_etl' retrieved from /opt/airflow/dags/football_etl_dag.py
[2026-08-10T00:24:01.522+0000] {logging_mixin.py:188} INFO - [2026-08-10T00:24:01.522+0000] {dag.py:3089} INFO - Sync 1 DAGs
[2026-08-10T00:24:01.549+0000] {logging_mixin.py:188} INFO - [2026-08-10T00:24:01.548+0000] {dag.py:3947} INFO - Setting next_dagrun for football_etl to 2026-08-10 00:24:00+00:00, run_after=2026-08-10 00:26:00+00:00
[2026-08-10T00:24:01.571+0000] {processor.py:183} INFO - Processing /opt/airflow/dags/football_etl_dag.py took 0.120 seconds
[2026-08-10T00:24:31.716+0000] {processor.py:161} INFO - Started process (PID=457) to work on /opt/airflow/dags/football_etl_dag.py
[2026-08-10T00:24:31.717+0000] {processor.py:830} INFO - Processing file /opt/airflow/dags/football_etl_dag.py for tasks to queue
[2026-08-10T00:24:31.720+0000] {logging_mixin.py:188} INFO - [2026-08-10T00:24:31.720+0000] {dagbag.py:545} INFO - Filling up the DagBag from /opt/airflow/dags/football_etl_dag.py
[2026-08-10T00:24:31.745+0000] {processor.py:840} INFO - DAG(s) 'football_etl' retrieved from /opt/airflow/dags/football_etl_dag.py
[2026-08-10T00:24:31.781+0000] {logging_mixin.py:188} INFO - [2026-08-10T00:24:31.781+0000] {dag.py:3089} INFO - Sync 1 DAGs
[2026-08-10T00:24:31.809+0000] {logging_mixin.py:188} INFO - [2026-08-10T00:24:31.809+0000] {dag.py:3947} INFO - Setting next_dagrun for football_etl to 2026-08-10 00:24:00+00:00, run_after=2026-08-10 00:26:00+00:00
[2026-08-10T00:24:31.830+0000] {processor.py:183} INFO - Processing /opt/airflow/dags/football_etl_dag.py took 0.122 seconds
[2026-08-10T00:25:02.039+0000] {processor.py:161} INFO - Started process (PID=462) to work on /opt/airflow/dags/football_etl_dag.py
[2026-08-10T00:25:02.041+0000] {processor.py:830} INFO - Processing file /opt/airflow/dags/football_etl_dag.py for tasks to queue
[2026-08-10T00:25:02.044+0000] {logging_mixin.py:188} INFO - [2026-08-10T00:25:02.043+0000] {dagbag.py:545} INFO - Filling up the DagBag from /opt/airflow/dags/football_etl_dag.py
[2026-08-10T00:25:02.069+0000] {processor.py:840} INFO - DAG(s) 'football_etl' retrieved from /opt/airflow/dags/football_etl_dag.py
[2026-08-10T00:25:02.106+0000] {logging_mixin.py:188} INFO - [2026-08-10T00:25:02.105+0000] {dag.py:3089} INFO - Sync 1 DAGs
[2026-08-10T00:25:02.132+0000] {logging_mixin.py:188} INFO - [2026-08-10T00:25:02.132+0000] {dag.py:3947} INFO - Setting next_dagrun for football_etl to 2026-08-10 00:24:00+00:00, run_after=2026-08-10 00:26:00+00:00
[2026-08-10T00:25:02.153+0000] {processor.py:183} INFO - Processing /opt/airflow/dags/football_etl_dag.py took 0.122 seconds
[2026-08-10T00:25:32.346+0000] {processor.py:161} INFO - Started process (PID=467) to work on /opt/airflow/dags/football_etl_dag.py
[2026-08-10T00:25:32.348+0000] {processor.py:830} INFO - Processing file /opt/airflow/dags/football_etl_dag.py for tasks to queue
[2026-08-10T00:25:32.354+0000] {logging_mixin.py:188} INFO - [2026-08-10T00:25:32.353+0000] {dagbag.py:545} INFO - Filling up the DagBag from /opt/airflow/dags/football_etl_dag.py
[2026-08-10T00:25:32.384+0000] {processor.py:840} INFO - DAG(s) 'football_etl' retrieved from /opt/airflow/dags/football_etl_dag.py
[2026-08-10T00:25:32.424+0000] {logging_mixin.py:188} INFO - [2026-08-10T00:25:32.424+0000] {dag.py:3089} INFO - Sync 1 DAGs
[2026-08-10T00:25:32.452+0000] {logging_mixin.py:188} INFO - [2026-08-10T00:25:32.452+0000] {dag.py:3947} INFO - Setting next_dagrun for football_etl to 2026-08-10 00:24:00+00:00, run_after=2026-08-10 00:26:00+00:00
[2026-08-10T00:25:32.474+0000] {processor.py:183} INFO - Processing /opt/airflow/dags/football_etl_dag.py took 0.137 seconds
[2026-08-10T00:26:02.729+0000] {processor.py:161} INFO - Started process (PID=478) to work on /opt/airflow/dags/football_etl_dag.py
[2026-08-10T00:26:02.730+0000] {processor.py:830} INFO - Processing file /opt/airflow/dags/football_etl_dag.py for tasks to queue
[2026-08-10T00:26:02.734+0000] {logging_mixin.py:188} INFO - [2026-08-10T00:26:02.733+0000] {dagbag.py:545} INFO - Filling up the DagBag from /opt/airflow/dags/football_etl_dag.py
[2026-08-10T00:26:02.759+0000] {processor.py:840} INFO - DAG(s) 'football_etl' retrieved from /opt/airflow/dags/football_etl_dag.py
[2026-08-10T00:26:02.795+0000] {logging_mixin.py:188} INFO - [2026-08-10T00:26:02.795+0000] {dag.py:3089} INFO - Sync 1 DAGs
[2026-08-10T00:26:02.827+0000] {logging_mixin.py:188} INFO - [2026-08-10T00:26:02.827+0000] {dag.py:3947} INFO - Setting next_dagrun for football_etl to 2026-08-10 00:26:00+00:00, run_after=2026-08-10 00:28:00+00:00
[2026-08-10T00:26:02.852+0000] {processor.py:183} INFO - Processing /opt/airflow/dags/football_etl_dag.py took 0.132 seconds
[2026-08-10T00:26:32.909+0000] {processor.py:161} INFO - Started process (PID=485) to work on /opt/airflow/dags/football_etl_dag.py
[2026-08-10T00:26:32.910+0000] {processor.py:830} INFO - Processing file /opt/airflow/dags/football_etl_dag.py for tasks to queue
[2026-08-10T00:26:32.913+0000] {logging_mixin.py:188} INFO - [2026-08-10T00:26:32.912+0000] {dagbag.py:545} INFO - Filling up the DagBag from /opt/airflow/dags/football_etl_dag.py
[2026-08-10T00:26:32.932+0000] {processor.py:840} INFO - DAG(s) 'football_etl' retrieved from /opt/airflow/dags/football_etl_dag.py
[2026-08-10T00:26:32.966+0000] {logging_mixin.py:188} INFO - [2026-08-10T00:26:32.966+0000] {dag.py:3089} INFO - Sync 1 DAGs
[2026-08-10T00:26:32.992+0000] {logging_mixin.py:188} INFO - [2026-08-10T00:26:32.992+0000] {dag.py:3947} INFO - Setting next_dagrun for football_etl to 2026-08-10 00:26:00+00:00, run_after=2026-08-10 00:28:00+00:00
[2026-08-10T00:26:33.014+0000] {processor.py:183} INFO - Processing /opt/airflow/dags/football_etl_dag.py took 0.111 seconds
[2026-08-10T00:27:03.329+0000] {processor.py:161} INFO - Started process (PID=490) to work on /opt/airflow/dags/football_etl_dag.py
[2026-08-10T00:27:03.331+0000] {processor.py:830} INFO - Processing file /opt/airflow/dags/football_etl_dag.py for tasks to queue
[2026-08-10T00:27:03.333+0000] {logging_mixin.py:188} INFO - [2026-08-10T00:27:03.333+0000] {dagbag.py:545} INFO - Filling up the DagBag from /opt/airflow/dags/football_etl_dag.py
[2026-08-10T00:27:03.361+0000] {processor.py:840} INFO - DAG(s) 'football_etl' retrieved from /opt/airflow/dags/football_etl_dag.py
[2026-08-10T00:27:03.397+0000] {logging_mixin.py:188} INFO - [2026-08-10T00:27:03.397+0000] {dag.py:3089} INFO - Sync 1 DAGs
[2026-08-10T00:27:03.424+0000] {logging_mixin.py:188} INFO - [2026-08-10T00:27:03.424+0000] {dag.py:3947} INFO - Setting next_dagrun for football_etl to 2026-08-10 00:26:00+00:00, run_after=2026-08-10 00:28:00+00:00
[2026-08-10T00:27:03.446+0000] {processor.py:183} INFO - Processing /opt/airflow/dags/football_etl_dag.py took 0.124 seconds
[2026-08-10T00:27:33.566+0000] {processor.py:161} INFO - Started process (PID=495) to work on /opt/airflow/dags/football_etl_dag.py
[2026-08-10T00:27:33.567+0000] {processor.py:830} INFO - Processing file /opt/airflow/dags/football_etl_dag.py for tasks to queue
[2026-08-10T00:27:33.570+0000] {logging_mixin.py:188} INFO - [2026-08-10T00:27:33.570+0000] {dagbag.py:545} INFO - Filling up the DagBag from /opt/airflow/dags/football_etl_dag.py
[2026-08-10T00:27:33.594+0000] {processor.py:840} INFO - DAG(s) 'football_etl' retrieved from /opt/airflow/dags/football_etl_dag.py
[2026-08-10T00:27:33.634+0000] {logging_mixin.py:188} INFO - [2026-08-10T00:27:33.634+0000] {dag.py:3089} INFO - Sync 1 DAGs
[2026-08-10T00:27:33.662+0000] {logging_mixin.py:188} INFO - [2026-08-10T00:27:33.662+0000] {dag.py:3947} INFO - Setting next_dagrun for football_etl to 2026-08-10 00:26:00+00:00, run_after=2026-08-10 00:28:00+00:00
[2026-08-10T00:27:33.716+0000] {processor.py:183} INFO - Processing /opt/airflow/dags/football_etl_dag.py took 0.157 seconds
[2026-08-10T00:28:03.934+0000] {processor.py:161} INFO - Started process (PID=506) to work on /opt/airflow/dags/football_etl_dag.py
[2026-08-10T00:28:03.936+0000] {processor.py:830} INFO - Processing file /opt/airflow/dags/football_etl_dag.py for tasks to queue
[2026-08-10T00:28:03.940+0000] {logging_mixin.py:188} INFO - [2026-08-10T00:28:03.939+0000] {dagbag.py:545} INFO - Filling up the DagBag from /opt/airflow/dags/football_etl_dag.py
[2026-08-10T00:28:03.964+0000] {processor.py:840} INFO - DAG(s) 'football_etl' retrieved from /opt/airflow/dags/football_etl_dag.py
[2026-08-10T00:28:04.000+0000] {logging_mixin.py:188} INFO - [2026-08-10T00:28:04.000+0000] {dag.py:3089} INFO - Sync 1 DAGs
[2026-08-10T00:28:04.026+0000] {logging_mixin.py:188} INFO - [2026-08-10T00:28:04.026+0000] {dag.py:3947} INFO - Setting next_dagrun for football_etl to 2026-08-10 00:28:00+00:00, run_after=2026-08-10 00:30:00+00:00
[2026-08-10T00:28:04.055+0000] {processor.py:183} INFO - Processing /opt/airflow/dags/football_etl_dag.py took 0.132 seconds
[2026-08-10T00:28:34.194+0000] {processor.py:161} INFO - Started process (PID=513) to work on /opt/airflow/dags/football_etl_dag.py
[2026-08-10T00:28:34.197+0000] {processor.py:830} INFO - Processing file /opt/airflow/dags/football_etl_dag.py for tasks to queue
[2026-08-10T00:28:34.215+0000] {logging_mixin.py:188} INFO - [2026-08-10T00:28:34.213+0000] {dagbag.py:545} INFO - Filling up the DagBag from /opt/airflow/dags/football_etl_dag.py
[2026-08-10T00:28:34.299+0000] {processor.py:840} INFO - DAG(s) 'football_etl' retrieved from /opt/airflow/dags/football_etl_dag.py
[2026-08-10T00:28:34.393+0000] {logging_mixin.py:188} INFO - [2026-08-10T00:28:34.392+0000] {dag.py:3089} INFO - Sync 1 DAGs
[2026-08-10T00:28:34.435+0000] {logging_mixin.py:188} INFO - [2026-08-10T00:28:34.435+0000] {dag.py:3947} INFO - Setting next_dagrun for football_etl to 2026-08-10 00:28:00+00:00, run_after=2026-08-10 00:30:00+00:00
[2026-08-10T00:28:34.457+0000] {processor.py:183} INFO - Processing /opt/airflow/dags/football_etl_dag.py took 0.281 seconds
[2026-08-10T00:29:04.685+0000] {processor.py:161} INFO - Started process (PID=518) to work on /opt/airflow/dags/football_etl_dag.py
[2026-08-10T00:29:04.686+0000] {processor.py:830} INFO - Processing file /opt/airflow/dags/football_etl_dag.py for tasks to queue
[2026-08-10T00:29:04.688+0000] {logging_mixin.py:188} INFO - [2026-08-10T00:29:04.688+0000] {dagbag.py:545} INFO - Filling up the DagBag from /opt/airflow/dags/football_etl_dag.py
[2026-08-10T00:29:04.712+0000] {processor.py:840} INFO - DAG(s) 'football_etl' retrieved from /opt/airflow/dags/football_etl_dag.py
[2026-08-10T00:29:04.755+0000] {logging_mixin.py:188} INFO - [2026-08-10T00:29:04.755+0000] {dag.py:3089} INFO - Sync 1 DAGs
[2026-08-10T00:29:04.786+0000] {logging_mixin.py:188} INFO - [2026-08-10T00:29:04.786+0000] {dag.py:3947} INFO - Setting next_dagrun for football_etl to 2026-08-10 00:28:00+00:00, run_after=2026-08-10 00:30:00+00:00
[2026-08-10T00:29:04.808+0000] {processor.py:183} INFO - Processing /opt/airflow/dags/football_etl_dag.py took 0.131 seconds
[2026-08-10T00:29:34.982+0000] {processor.py:161} INFO - Started process (PID=523) to work on /opt/airflow/dags/football_etl_dag.py
[2026-08-10T00:29:34.986+0000] {processor.py:830} INFO - Processing file /opt/airflow/dags/football_etl_dag.py for tasks to queue
[2026-08-10T00:29:34.990+0000] {logging_mixin.py:188} INFO - [2026-08-10T00:29:34.990+0000] {dagbag.py:545} INFO - Filling up the DagBag from /opt/airflow/dags/football_etl_dag.py
[2026-08-10T00:29:35.017+0000] {processor.py:840} INFO - DAG(s) 'football_etl' retrieved from /opt/airflow/dags/football_etl_dag.py
[2026-08-10T00:29:35.054+0000] {logging_mixin.py:188} INFO - [2026-08-10T00:29:35.054+0000] {dag.py:3089} INFO - Sync 1 DAGs
[2026-08-10T00:29:35.081+0000] {logging_mixin.py:188} INFO - [2026-08-10T00:29:35.081+0000] {dag.py:3947} INFO - Setting next_dagrun for football_etl to 2026-08-10 00:28:00+00:00, run_after=2026-08-10 00:30:00+00:00
[2026-08-10T00:29:35.101+0000] {processor.py:183} INFO - Processing /opt/airflow/dags/football_etl_dag.py took 0.142 seconds
[2026-08-10T01:59:57.290+0000] {processor.py:161} INFO - Started process (PID=163) to work on /opt/airflow/dags/football_etl_dag.py
[2026-08-10T01:59:57.294+0000] {processor.py:830} INFO - Processing file /opt/airflow/dags/football_etl_dag.py for tasks to queue
[2026-08-10T01:59:57.302+0000] {logging_mixin.py:188} INFO - [2026-08-10T01:59:57.301+0000] {dagbag.py:545} INFO - Filling up the DagBag from /opt/airflow/dags/football_etl_dag.py
[2026-08-10T01:59:57.364+0000] {processor.py:840} INFO - DAG(s) 'football_etl' retrieved from /opt/airflow/dags/football_etl_dag.py
[2026-08-10T01:59:57.456+0000] {logging_mixin.py:188} INFO - [2026-08-10T01:59:57.455+0000] {dag.py:3089} INFO - Sync 1 DAGs
[2026-08-10T01:59:57.551+0000] {logging_mixin.py:188} INFO - [2026-08-10T01:59:57.551+0000] {dag.py:3947} INFO - Setting next_dagrun for football_etl to 2026-08-10 01:58:00+00:00, run_after=2026-08-10 02:00:00+00:00
[2026-08-10T01:59:57.596+0000] {processor.py:183} INFO - Processing /opt/airflow/dags/football_etl_dag.py took 0.326 seconds
[2026-08-10T02:00:28.052+0000] {processor.py:161} INFO - Started process (PID=185) to work on /opt/airflow/dags/football_etl_dag.py
[2026-08-10T02:00:28.069+0000] {processor.py:830} INFO - Processing file /opt/airflow/dags/football_etl_dag.py for tasks to queue
[2026-08-10T02:00:28.093+0000] {logging_mixin.py:188} INFO - [2026-08-10T02:00:28.083+0000] {dagbag.py:545} INFO - Filling up the DagBag from /opt/airflow/dags/football_etl_dag.py
[2026-08-10T02:00:28.207+0000] {processor.py:840} INFO - DAG(s) 'football_etl' retrieved from /opt/airflow/dags/football_etl_dag.py
[2026-08-10T02:00:28.745+0000] {logging_mixin.py:188} INFO - [2026-08-10T02:00:28.744+0000] {dag.py:3089} INFO - Sync 1 DAGs
[2026-08-10T02:00:28.811+0000] {logging_mixin.py:188} INFO - [2026-08-10T02:00:28.811+0000] {dag.py:3947} INFO - Setting next_dagrun for football_etl to 2026-08-10 02:00:00+00:00, run_after=2026-08-10 02:02:00+00:00
[2026-08-10T02:00:28.867+0000] {processor.py:183} INFO - Processing /opt/airflow/dags/football_etl_dag.py took 0.864 seconds
[2026-08-10T02:00:59.176+0000] {processor.py:161} INFO - Started process (PID=190) to work on /opt/airflow/dags/football_etl_dag.py
[2026-08-10T02:00:59.179+0000] {processor.py:830} INFO - Processing file /opt/airflow/dags/football_etl_dag.py for tasks to queue
[2026-08-10T02:00:59.184+0000] {logging_mixin.py:188} INFO - [2026-08-10T02:00:59.183+0000] {dagbag.py:545} INFO - Filling up the DagBag from /opt/airflow/dags/football_etl_dag.py
[2026-08-10T02:00:59.239+0000] {processor.py:840} INFO - DAG(s) 'football_etl' retrieved from /opt/airflow/dags/football_etl_dag.py
[2026-08-10T02:00:59.334+0000] {logging_mixin.py:188} INFO - [2026-08-10T02:00:59.334+0000] {dag.py:3089} INFO - Sync 1 DAGs
[2026-08-10T02:00:59.400+0000] {logging_mixin.py:188} INFO - [2026-08-10T02:00:59.399+0000] {dag.py:3947} INFO - Setting next_dagrun for football_etl to 2026-08-10 02:00:00+00:00, run_after=2026-08-10 02:02:00+00:00
[2026-08-10T02:00:59.448+0000] {processor.py:183} INFO - Processing /opt/airflow/dags/football_etl_dag.py took 0.288 seconds
[2026-08-10T02:01:29.789+0000] {processor.py:161} INFO - Started process (PID=195) to work on /opt/airflow/dags/football_etl_dag.py
[2026-08-10T02:01:29.792+0000] {processor.py:830} INFO - Processing file /opt/airflow/dags/football_etl_dag.py for tasks to queue
[2026-08-10T02:01:29.797+0000] {logging_mixin.py:188} INFO - [2026-08-10T02:01:29.796+0000] {dagbag.py:545} INFO - Filling up the DagBag from /opt/airflow/dags/football_etl_dag.py
[2026-08-10T02:01:29.860+0000] {processor.py:840} INFO - DAG(s) 'football_etl' retrieved from /opt/airflow/dags/football_etl_dag.py
[2026-08-10T02:01:29.932+0000] {logging_mixin.py:188} INFO - [2026-08-10T02:01:29.932+0000] {dag.py:3089} INFO - Sync 1 DAGs
[2026-08-10T02:01:29.979+0000] {logging_mixin.py:188} INFO - [2026-08-10T02:01:29.979+0000] {dag.py:3947} INFO - Setting next_dagrun for football_etl to 2026-08-10 02:00:00+00:00, run_after=2026-08-10 02:02:00+00:00
[2026-08-10T02:01:30.040+0000] {processor.py:183} INFO - Processing /opt/airflow/dags/football_etl_dag.py took 0.265 seconds
[2026-08-10T02:02:00.515+0000] {processor.py:161} INFO - Started process (PID=201) to work on /opt/airflow/dags/football_etl_dag.py
[2026-08-10T02:02:00.517+0000] {processor.py:830} INFO - Processing file /opt/airflow/dags/football_etl_dag.py for tasks to queue
[2026-08-10T02:02:00.523+0000] {logging_mixin.py:188} INFO - [2026-08-10T02:02:00.522+0000] {dagbag.py:545} INFO - Filling up the DagBag from /opt/airflow/dags/football_etl_dag.py
[2026-08-10T02:02:00.567+0000] {processor.py:840} INFO - DAG(s) 'football_etl' retrieved from /opt/airflow/dags/football_etl_dag.py
[2026-08-10T02:02:00.651+0000] {logging_mixin.py:188} INFO - [2026-08-10T02:02:00.651+0000] {dag.py:3089} INFO - Sync 1 DAGs
[2026-08-10T02:02:00.719+0000] {logging_mixin.py:188} INFO - [2026-08-10T02:02:00.719+0000] {dag.py:3947} INFO - Setting next_dagrun for football_etl to 2026-08-10 02:02:00+00:00, run_after=2026-08-10 02:04:00+00:00
[2026-08-10T02:02:00.766+0000] {processor.py:183} INFO - Processing /opt/airflow/dags/football_etl_dag.py took 0.267 seconds
[2026-08-10T02:02:31.058+0000] {processor.py:161} INFO - Started process (PID=213) to work on /opt/airflow/dags/football_etl_dag.py
[2026-08-10T02:02:31.062+0000] {processor.py:830} INFO - Processing file /opt/airflow/dags/football_etl_dag.py for tasks to queue
[2026-08-10T02:02:31.067+0000] {logging_mixin.py:188} INFO - [2026-08-10T02:02:31.066+0000] {dagbag.py:545} INFO - Filling up the DagBag from /opt/airflow/dags/football_etl_dag.py
[2026-08-10T02:02:31.115+0000] {processor.py:840} INFO - DAG(s) 'football_etl' retrieved from /opt/airflow/dags/football_etl_dag.py
[2026-08-10T02:02:31.185+0000] {logging_mixin.py:188} INFO - [2026-08-10T02:02:31.184+0000] {dag.py:3089} INFO - Sync 1 DAGs
[2026-08-10T02:02:31.233+0000] {logging_mixin.py:188} INFO - [2026-08-10T02:02:31.233+0000] {dag.py:3947} INFO - Setting next_dagrun for football_etl to 2026-08-10 02:02:00+00:00, run_after=2026-08-10 02:04:00+00:00
[2026-08-10T02:02:31.272+0000] {processor.py:183} INFO - Processing /opt/airflow/dags/football_etl_dag.py took 0.234 seconds
[2026-08-10T02:03:01.540+0000] {processor.py:161} INFO - Started process (PID=218) to work on /opt/airflow/dags/football_etl_dag.py
[2026-08-10T02:03:01.544+0000] {processor.py:830} INFO - Processing file /opt/airflow/dags/football_etl_dag.py for tasks to queue
[2026-08-10T02:03:01.552+0000] {logging_mixin.py:188} INFO - [2026-08-10T02:03:01.551+0000] {dagbag.py:545} INFO - Filling up the DagBag from /opt/airflow/dags/football_etl_dag.py
[2026-08-10T02:03:01.602+0000] {processor.py:840} INFO - DAG(s) 'football_etl' retrieved from /opt/airflow/dags/football_etl_dag.py
[2026-08-10T02:03:01.672+0000] {logging_mixin.py:188} INFO - [2026-08-10T02:03:01.672+0000] {dag.py:3089} INFO - Sync 1 DAGs
[2026-08-10T02:03:01.724+0000] {logging_mixin.py:188} INFO - [2026-08-10T02:03:01.723+0000] {dag.py:3947} INFO - Setting next_dagrun for football_etl to 2026-08-10 02:02:00+00:00, run_after=2026-08-10 02:04:00+00:00
[2026-08-10T02:03:01.762+0000] {processor.py:183} INFO - Processing /opt/airflow/dags/football_etl_dag.py took 0.240 seconds
[2026-08-10T02:03:31.876+0000] {processor.py:161} INFO - Started process (PID=223) to work on /opt/airflow/dags/football_etl_dag.py
[2026-08-10T02:03:31.879+0000] {processor.py:830} INFO - Processing file /opt/airflow/dags/football_etl_dag.py for tasks to queue
[2026-08-10T02:03:31.883+0000] {logging_mixin.py:188} INFO - [2026-08-10T02:03:31.882+0000] {dagbag.py:545} INFO - Filling up the DagBag from /opt/airflow/dags/football_etl_dag.py
[2026-08-10T02:03:31.941+0000] {processor.py:840} INFO - DAG(s) 'football_etl' retrieved from /opt/airflow/dags/football_etl_dag.py
[2026-08-10T02:03:32.013+0000] {logging_mixin.py:188} INFO - [2026-08-10T02:03:32.012+0000] {dag.py:3089} INFO - Sync 1 DAGs
[2026-08-10T02:03:32.060+0000] {logging_mixin.py:188} INFO - [2026-08-10T02:03:32.060+0000] {dag.py:3947} INFO - Setting next_dagrun for football_etl to 2026-08-10 02:02:00+00:00, run_after=2026-08-10 02:04:00+00:00
[2026-08-10T02:03:32.099+0000] {processor.py:183} INFO - Processing /opt/airflow/dags/football_etl_dag.py took 0.235 seconds
[2026-08-10T02:04:02.388+0000] {processor.py:161} INFO - Started process (PID=231) to work on /opt/airflow/dags/football_etl_dag.py
[2026-08-10T02:04:02.390+0000] {processor.py:830} INFO - Processing file /opt/airflow/dags/football_etl_dag.py for tasks to queue
[2026-08-10T02:04:02.395+0000] {logging_mixin.py:188} INFO - [2026-08-10T02:04:02.394+0000] {dagbag.py:545} INFO - Filling up the DagBag from /opt/airflow/dags/football_etl_dag.py
[2026-08-10T02:04:02.436+0000] {processor.py:840} INFO - DAG(s) 'football_etl' retrieved from /opt/airflow/dags/football_etl_dag.py
[2026-08-10T02:04:02.502+0000] {logging_mixin.py:188} INFO - [2026-08-10T02:04:02.501+0000] {dag.py:3089} INFO - Sync 1 DAGs
[2026-08-10T02:04:02.549+0000] {logging_mixin.py:188} INFO - [2026-08-10T02:04:02.548+0000] {dag.py:3947} INFO - Setting next_dagrun for football_etl to 2026-08-10 02:04:00+00:00, run_after=2026-08-10 02:06:00+00:00
[2026-08-10T02:04:02.587+0000] {processor.py:183} INFO - Processing /opt/airflow/dags/football_etl_dag.py took 0.211 seconds
[2026-08-10T02:04:32.927+0000] {processor.py:161} INFO - Started process (PID=241) to work on /opt/airflow/dags/football_etl_dag.py
[2026-08-10T02:04:32.932+0000] {processor.py:830} INFO - Processing file /opt/airflow/dags/football_etl_dag.py for tasks to queue
[2026-08-10T02:04:32.939+0000] {logging_mixin.py:188} INFO - [2026-08-10T02:04:32.938+0000] {dagbag.py:545} INFO - Filling up the DagBag from /opt/airflow/dags/football_etl_dag.py
[2026-08-10T02:04:32.997+0000] {processor.py:840} INFO - DAG(s) 'football_etl' retrieved from /opt/airflow/dags/football_etl_dag.py
[2026-08-10T02:04:33.129+0000] {logging_mixin.py:188} INFO - [2026-08-10T02:04:33.129+0000] {dag.py:3089} INFO - Sync 1 DAGs
[2026-08-10T02:04:33.201+0000] {logging_mixin.py:188} INFO - [2026-08-10T02:04:33.201+0000] {dag.py:3947} INFO - Setting next_dagrun for football_etl to 2026-08-10 02:04:00+00:00, run_after=2026-08-10 02:06:00+00:00
[2026-08-10T02:04:33.248+0000] {processor.py:183} INFO - Processing /opt/airflow/dags/football_etl_dag.py took 0.363 seconds
[2026-08-10T02:05:03.614+0000] {processor.py:161} INFO - Started process (PID=246) to work on /opt/airflow/dags/football_etl_dag.py
[2026-08-10T02:05:03.616+0000] {processor.py:830} INFO - Processing file /opt/airflow/dags/football_etl_dag.py for tasks to queue
[2026-08-10T02:05:03.621+0000] {logging_mixin.py:188} INFO - [2026-08-10T02:05:03.621+0000] {dagbag.py:545} INFO - Filling up the DagBag from /opt/airflow/dags/football_etl_dag.py
[2026-08-10T02:05:03.663+0000] {processor.py:840} INFO - DAG(s) 'football_etl' retrieved from /opt/airflow/dags/football_etl_dag.py
[2026-08-10T02:05:03.734+0000] {logging_mixin.py:188} INFO - [2026-08-10T02:05:03.733+0000] {dag.py:3089} INFO - Sync 1 DAGs
[2026-08-10T02:05:03.784+0000] {logging_mixin.py:188} INFO - [2026-08-10T02:05:03.783+0000] {dag.py:3947} INFO - Setting next_dagrun for football_etl to 2026-08-10 02:04:00+00:00, run_after=2026-08-10 02:06:00+00:00
[2026-08-10T02:05:03.923+0000] {processor.py:183} INFO - Processing /opt/airflow/dags/football_etl_dag.py took 0.322 seconds
[2026-08-10T02:08:23.094+0000] {processor.py:161} INFO - Started process (PID=251) to work on /opt/airflow/dags/football_etl_dag.py
[2026-08-10T02:08:23.112+0000] {processor.py:830} INFO - Processing file /opt/airflow/dags/football_etl_dag.py for tasks to queue
[2026-08-10T02:08:23.132+0000] {logging_mixin.py:188} INFO - [2026-08-10T02:08:23.131+0000] {dagbag.py:545} INFO - Filling up the DagBag from /opt/airflow/dags/football_etl_dag.py
[2026-08-10T02:08:23.306+0000] {processor.py:840} INFO - DAG(s) 'football_etl' retrieved from /opt/airflow/dags/football_etl_dag.py
[2026-08-10T02:08:23.547+0000] {logging_mixin.py:188} INFO - [2026-08-10T02:08:23.546+0000] {dag.py:3089} INFO - Sync 1 DAGs
[2026-08-10T02:08:23.839+0000] {logging_mixin.py:188} INFO - [2026-08-10T02:08:23.839+0000] {dag.py:3947} INFO - Setting next_dagrun for football_etl to 2026-08-10 02:08:00+00:00, run_after=2026-08-10 02:10:00+00:00
[2026-08-10T02:08:23.963+0000] {processor.py:183} INFO - Processing /opt/airflow/dags/football_etl_dag.py took 0.921 seconds
[2026-08-10T02:08:54.293+0000] {processor.py:161} INFO - Started process (PID=272) to work on /opt/airflow/dags/football_etl_dag.py
[2026-08-10T02:08:54.296+0000] {processor.py:830} INFO - Processing file /opt/airflow/dags/football_etl_dag.py for tasks to queue
[2026-08-10T02:08:54.302+0000] {logging_mixin.py:188} INFO - [2026-08-10T02:08:54.301+0000] {dagbag.py:545} INFO - Filling up the DagBag from /opt/airflow/dags/football_etl_dag.py
[2026-08-10T02:08:54.344+0000] {processor.py:840} INFO - DAG(s) 'football_etl' retrieved from /opt/airflow/dags/football_etl_dag.py
[2026-08-10T02:08:54.426+0000] {logging_mixin.py:188} INFO - [2026-08-10T02:08:54.426+0000] {dag.py:3089} INFO - Sync 1 DAGs
[2026-08-10T02:08:54.472+0000] {logging_mixin.py:188} INFO - [2026-08-10T02:08:54.472+0000] {dag.py:3947} INFO - Setting next_dagrun for football_etl to 2026-08-10 02:08:00+00:00, run_after=2026-08-10 02:10:00+00:00
[2026-08-10T02:08:54.508+0000] {processor.py:183} INFO - Processing /opt/airflow/dags/football_etl_dag.py took 0.229 seconds
[2026-08-10T02:09:24.634+0000] {processor.py:161} INFO - Started process (PID=277) to work on /opt/airflow/dags/football_etl_dag.py
[2026-08-10T02:09:24.637+0000] {processor.py:830} INFO - Processing file /opt/airflow/dags/football_etl_dag.py for tasks to queue
[2026-08-10T02:09:24.643+0000] {logging_mixin.py:188} INFO - [2026-08-10T02:09:24.642+0000] {dagbag.py:545} INFO - Filling up the DagBag from /opt/airflow/dags/football_etl_dag.py
[2026-08-10T02:09:24.693+0000] {processor.py:840} INFO - DAG(s) 'football_etl' retrieved from /opt/airflow/dags/football_etl_dag.py
[2026-08-10T02:09:24.768+0000] {logging_mixin.py:188} INFO - [2026-08-10T02:09:24.767+0000] {dag.py:3089} INFO - Sync 1 DAGs
[2026-08-10T02:09:24.824+0000] {logging_mixin.py:188} INFO - [2026-08-10T02:09:24.824+0000] {dag.py:3947} INFO - Setting next_dagrun for football_etl to 2026-08-10 02:08:00+00:00, run_after=2026-08-10 02:10:00+00:00
[2026-08-10T02:09:24.868+0000] {processor.py:183} INFO - Processing /opt/airflow/dags/football_etl_dag.py took 0.252 seconds
[2026-08-10T02:09:54.994+0000] {processor.py:161} INFO - Started process (PID=282) to work on /opt/airflow/dags/football_etl_dag.py
[2026-08-10T02:09:54.997+0000] {processor.py:830} INFO - Processing file /opt/airflow/dags/football_etl_dag.py for tasks to queue
[2026-08-10T02:09:55.001+0000] {logging_mixin.py:188} INFO - [2026-08-10T02:09:55.001+0000] {dagbag.py:545} INFO - Filling up the DagBag from /opt/airflow/dags/football_etl_dag.py
[2026-08-10T02:09:55.061+0000] {processor.py:840} INFO - DAG(s) 'football_etl' retrieved from /opt/airflow/dags/football_etl_dag.py
[2026-08-10T02:09:55.129+0000] {logging_mixin.py:188} INFO - [2026-08-10T02:09:55.129+0000] {dag.py:3089} INFO - Sync 1 DAGs
[2026-08-10T02:09:55.173+0000] {logging_mixin.py:188} INFO - [2026-08-10T02:09:55.173+0000] {dag.py:3947} INFO - Setting next_dagrun for football_etl to 2026-08-10 02:08:00+00:00, run_after=2026-08-10 02:10:00+00:00
[2026-08-10T02:09:55.218+0000] {processor.py:183} INFO - Processing /opt/airflow/dags/football_etl_dag.py took 0.236 seconds
[2026-08-10T02:10:25.442+0000] {processor.py:161} INFO - Started process (PID=295) to work on /opt/airflow/dags/football_etl_dag.py
[2026-08-10T02:10:25.446+0000] {processor.py:830} INFO - Processing file /opt/airflow/dags/football_etl_dag.py for tasks to queue
[2026-08-10T02:10:25.450+0000] {logging_mixin.py:188} INFO - [2026-08-10T02:10:25.449+0000] {dagbag.py:545} INFO - Filling up the DagBag from /opt/airflow/dags/football_etl_dag.py
[2026-08-10T02:10:25.496+0000] {processor.py:840} INFO - DAG(s) 'football_etl' retrieved from /opt/airflow/dags/football_etl_dag.py
[2026-08-10T02:10:25.558+0000] {logging_mixin.py:188} INFO - [2026-08-10T02:10:25.557+0000] {dag.py:3089} INFO - Sync 1 DAGs
[2026-08-10T02:10:25.603+0000] {logging_mixin.py:188} INFO - [2026-08-10T02:10:25.603+0000] {dag.py:3947} INFO - Setting next_dagrun for football_etl to 2026-08-10 02:10:00+00:00, run_after=2026-08-10 02:12:00+00:00
[2026-08-10T02:10:25.640+0000] {processor.py:183} INFO - Processing /opt/airflow/dags/football_etl_dag.py took 0.212 seconds
[2026-08-10T02:10:55.905+0000] {processor.py:161} INFO - Started process (PID=300) to work on /opt/airflow/dags/football_etl_dag.py
[2026-08-10T02:10:55.908+0000] {processor.py:830} INFO - Processing file /opt/airflow/dags/football_etl_dag.py for tasks to queue
[2026-08-10T02:10:55.914+0000] {logging_mixin.py:188} INFO - [2026-08-10T02:10:55.913+0000] {dagbag.py:545} INFO - Filling up the DagBag from /opt/airflow/dags/football_etl_dag.py
[2026-08-10T02:10:55.962+0000] {processor.py:840} INFO - DAG(s) 'football_etl' retrieved from /opt/airflow/dags/football_etl_dag.py
[2026-08-10T02:10:56.031+0000] {logging_mixin.py:188} INFO - [2026-08-10T02:10:56.031+0000] {dag.py:3089} INFO - Sync 1 DAGs
[2026-08-10T02:10:56.079+0000] {logging_mixin.py:188} INFO - [2026-08-10T02:10:56.078+0000] {dag.py:3947} INFO - Setting next_dagrun for football_etl to 2026-08-10 02:10:00+00:00, run_after=2026-08-10 02:12:00+00:00
[2026-08-10T02:10:56.115+0000] {processor.py:183} INFO - Processing /opt/airflow/dags/football_etl_dag.py took 0.226 seconds
[2026-08-10T02:11:26.241+0000] {processor.py:161} INFO - Started process (PID=305) to work on /opt/airflow/dags/football_etl_dag.py
[2026-08-10T02:11:26.245+0000] {processor.py:830} INFO - Processing file /opt/airflow/dags/football_etl_dag.py for tasks to queue
[2026-08-10T02:11:26.250+0000] {logging_mixin.py:188} INFO - [2026-08-10T02:11:26.249+0000] {dagbag.py:545} INFO - Filling up the DagBag from /opt/airflow/dags/football_etl_dag.py
[2026-08-10T02:11:26.291+0000] {processor.py:840} INFO - DAG(s) 'football_etl' retrieved from /opt/airflow/dags/football_etl_dag.py
[2026-08-10T02:11:26.348+0000] {logging_mixin.py:188} INFO - [2026-08-10T02:11:26.348+0000] {dag.py:3089} INFO - Sync 1 DAGs
[2026-08-10T02:11:26.402+0000] {logging_mixin.py:188} INFO - [2026-08-10T02:11:26.402+0000] {dag.py:3947} INFO - Setting next_dagrun for football_etl to 2026-08-10 02:10:00+00:00, run_after=2026-08-10 02:12:00+00:00
[2026-08-10T02:11:26.443+0000] {processor.py:183} INFO - Processing /opt/airflow/dags/football_etl_dag.py took 0.219 seconds
[2026-08-10T02:11:56.756+0000] {processor.py:161} INFO - Started process (PID=310) to work on /opt/airflow/dags/football_etl_dag.py
[2026-08-10T02:11:56.759+0000] {processor.py:830} INFO - Processing file /opt/airflow/dags/football_etl_dag.py for tasks to queue
[2026-08-10T02:11:56.762+0000] {logging_mixin.py:188} INFO - [2026-08-10T02:11:56.762+0000] {dagbag.py:545} INFO - Filling up the DagBag from /opt/airflow/dags/football_etl_dag.py
[2026-08-10T02:11:56.802+0000] {processor.py:840} INFO - DAG(s) 'football_etl' retrieved from /opt/airflow/dags/football_etl_dag.py
[2026-08-10T02:11:56.855+0000] {logging_mixin.py:188} INFO - [2026-08-10T02:11:56.855+0000] {dag.py:3089} INFO - Sync 1 DAGs
[2026-08-10T02:11:56.909+0000] {logging_mixin.py:188} INFO - [2026-08-10T02:11:56.909+0000] {dag.py:3947} INFO - Setting next_dagrun for football_etl to 2026-08-10 02:10:00+00:00, run_after=2026-08-10 02:12:00+00:00
[2026-08-10T02:11:56.957+0000] {processor.py:183} INFO - Processing /opt/airflow/dags/football_etl_dag.py took 0.210 seconds
[2026-08-10T02:12:27.235+0000] {processor.py:161} INFO - Started process (PID=323) to work on /opt/airflow/dags/football_etl_dag.py
[2026-08-10T02:12:27.238+0000] {processor.py:830} INFO - Processing file /opt/airflow/dags/football_etl_dag.py for tasks to queue
[2026-08-10T02:12:27.242+0000] {logging_mixin.py:188} INFO - [2026-08-10T02:12:27.241+0000] {dagbag.py:545} INFO - Filling up the DagBag from /opt/airflow/dags/football_etl_dag.py
[2026-08-10T02:12:27.283+0000] {processor.py:840} INFO - DAG(s) 'football_etl' retrieved from /opt/airflow/dags/football_etl_dag.py
[2026-08-10T02:12:27.346+0000] {logging_mixin.py:188} INFO - [2026-08-10T02:12:27.346+0000] {dag.py:3089} INFO - Sync 1 DAGs
[2026-08-10T02:12:27.390+0000] {logging_mixin.py:188} INFO - [2026-08-10T02:12:27.390+0000] {dag.py:3947} INFO - Setting next_dagrun for football_etl to 2026-08-10 02:12:00+00:00, run_after=2026-08-10 02:14:00+00:00
[2026-08-10T02:12:27.426+0000] {processor.py:183} INFO - Processing /opt/airflow/dags/football_etl_dag.py took 0.202 seconds
[2026-08-10T02:12:57.686+0000] {processor.py:161} INFO - Started process (PID=328) to work on /opt/airflow/dags/football_etl_dag.py
[2026-08-10T02:12:57.688+0000] {processor.py:830} INFO - Processing file /opt/airflow/dags/football_etl_dag.py for tasks to queue
[2026-08-10T02:12:57.693+0000] {logging_mixin.py:188} INFO - [2026-08-10T02:12:57.693+0000] {dagbag.py:545} INFO - Filling up the DagBag from /opt/airflow/dags/football_etl_dag.py
[2026-08-10T02:12:57.741+0000] {processor.py:840} INFO - DAG(s) 'football_etl' retrieved from /opt/airflow/dags/football_etl_dag.py
[2026-08-10T02:12:57.823+0000] {logging_mixin.py:188} INFO - [2026-08-10T02:12:57.822+0000] {dag.py:3089} INFO - Sync 1 DAGs
[2026-08-10T02:12:57.869+0000] {logging_mixin.py:188} INFO - [2026-08-10T02:12:57.868+0000] {dag.py:3947} INFO - Setting next_dagrun for football_etl to 2026-08-10 02:12:00+00:00, run_after=2026-08-10 02:14:00+00:00
[2026-08-10T02:12:57.906+0000] {processor.py:183} INFO - Processing /opt/airflow/dags/football_etl_dag.py took 0.233 seconds
[2026-08-10T02:13:28.241+0000] {processor.py:161} INFO - Started process (PID=333) to work on /opt/airflow/dags/football_etl_dag.py
[2026-08-10T02:13:28.244+0000] {processor.py:830} INFO - Processing file /opt/airflow/dags/football_etl_dag.py for tasks to queue
[2026-08-10T02:13:28.250+0000] {logging_mixin.py:188} INFO - [2026-08-10T02:13:28.249+0000] {dagbag.py:545} INFO - Filling up the DagBag from /opt/airflow/dags/football_etl_dag.py
[2026-08-10T02:13:28.304+0000] {processor.py:840} INFO - DAG(s) 'football_etl' retrieved from /opt/airflow/dags/football_etl_dag.py
[2026-08-10T02:13:28.375+0000] {logging_mixin.py:188} INFO - [2026-08-10T02:13:28.375+0000] {dag.py:3089} INFO - Sync 1 DAGs
[2026-08-10T02:13:28.443+0000] {logging_mixin.py:188} INFO - [2026-08-10T02:13:28.442+0000] {dag.py:3947} INFO - Setting next_dagrun for football_etl to 2026-08-10 02:12:00+00:00, run_after=2026-08-10 02:14:00+00:00
[2026-08-10T02:13:28.494+0000] {processor.py:183} INFO - Processing /opt/airflow/dags/football_etl_dag.py took 0.268 seconds
[2026-08-10T02:13:58.614+0000] {processor.py:161} INFO - Started process (PID=338) to work on /opt/airflow/dags/football_etl_dag.py
[2026-08-10T02:13:58.617+0000] {processor.py:830} INFO - Processing file /opt/airflow/dags/football_etl_dag.py for tasks to queue
[2026-08-10T02:13:58.622+0000] {logging_mixin.py:188} INFO - [2026-08-10T02:13:58.622+0000] {dagbag.py:545} INFO - Filling up the DagBag from /opt/airflow/dags/football_etl_dag.py
[2026-08-10T02:13:58.671+0000] {processor.py:840} INFO - DAG(s) 'football_etl' retrieved from /opt/airflow/dags/football_etl_dag.py
[2026-08-10T02:13:58.736+0000] {logging_mixin.py:188} INFO - [2026-08-10T02:13:58.735+0000] {dag.py:3089} INFO - Sync 1 DAGs
[2026-08-10T02:13:58.796+0000] {logging_mixin.py:188} INFO - [2026-08-10T02:13:58.795+0000] {dag.py:3947} INFO - Setting next_dagrun for football_etl to 2026-08-10 02:12:00+00:00, run_after=2026-08-10 02:14:00+00:00
[2026-08-10T02:13:58.836+0000] {processor.py:183} INFO - Processing /opt/airflow/dags/football_etl_dag.py took 0.238 seconds
[2026-08-10T02:14:29.069+0000] {processor.py:161} INFO - Started process (PID=351) to work on /opt/airflow/dags/football_etl_dag.py
[2026-08-10T02:14:29.072+0000] {processor.py:830} INFO - Processing file /opt/airflow/dags/football_etl_dag.py for tasks to queue
[2026-08-10T02:14:29.077+0000] {logging_mixin.py:188} INFO - [2026-08-10T02:14:29.077+0000] {dagbag.py:545} INFO - Filling up the DagBag from /opt/airflow/dags/football_etl_dag.py
[2026-08-10T02:14:29.120+0000] {processor.py:840} INFO - DAG(s) 'football_etl' retrieved from /opt/airflow/dags/football_etl_dag.py
[2026-08-10T02:14:29.184+0000] {logging_mixin.py:188} INFO - [2026-08-10T02:14:29.183+0000] {dag.py:3089} INFO - Sync 1 DAGs
[2026-08-10T02:14:29.232+0000] {logging_mixin.py:188} INFO - [2026-08-10T02:14:29.232+0000] {dag.py:3947} INFO - Setting next_dagrun for football_etl to 2026-08-10 02:14:00+00:00, run_after=2026-08-10 02:16:00+00:00
[2026-08-10T02:14:29.269+0000] {processor.py:183} INFO - Processing /opt/airflow/dags/football_etl_dag.py took 0.214 seconds
[2026-08-10T02:14:59.378+0000] {processor.py:161} INFO - Started process (PID=356) to work on /opt/airflow/dags/football_etl_dag.py
[2026-08-10T02:14:59.381+0000] {processor.py:830} INFO - Processing file /opt/airflow/dags/football_etl_dag.py for tasks to queue
[2026-08-10T02:14:59.386+0000] {logging_mixin.py:188} INFO - [2026-08-10T02:14:59.385+0000] {dagbag.py:545} INFO - Filling up the DagBag from /opt/airflow/dags/football_etl_dag.py
[2026-08-10T02:14:59.428+0000] {processor.py:840} INFO - DAG(s) 'football_etl' retrieved from /opt/airflow/dags/football_etl_dag.py
[2026-08-10T02:14:59.491+0000] {logging_mixin.py:188} INFO - [2026-08-10T02:14:59.491+0000] {dag.py:3089} INFO - Sync 1 DAGs
[2026-08-10T02:14:59.540+0000] {logging_mixin.py:188} INFO - [2026-08-10T02:14:59.540+0000] {dag.py:3947} INFO - Setting next_dagrun for football_etl to 2026-08-10 02:14:00+00:00, run_after=2026-08-10 02:16:00+00:00
[2026-08-10T02:14:59.576+0000] {processor.py:183} INFO - Processing /opt/airflow/dags/football_etl_dag.py took 0.210 seconds
[2026-08-10T02:17:51.857+0000] {processor.py:161} INFO - Started process (PID=361) to work on /opt/airflow/dags/football_etl_dag.py
[2026-08-10T02:17:51.865+0000] {processor.py:830} INFO - Processing file /opt/airflow/dags/football_etl_dag.py for tasks to queue
[2026-08-10T02:17:51.873+0000] {logging_mixin.py:188} INFO - [2026-08-10T02:17:51.872+0000] {dagbag.py:545} INFO - Filling up the DagBag from /opt/airflow/dags/football_etl_dag.py
[2026-08-10T02:17:51.958+0000] {processor.py:840} INFO - DAG(s) 'football_etl' retrieved from /opt/airflow/dags/football_etl_dag.py
[2026-08-10T02:17:52.121+0000] {logging_mixin.py:188} INFO - [2026-08-10T02:17:52.121+0000] {dag.py:3089} INFO - Sync 1 DAGs
[2026-08-10T02:17:52.277+0000] {logging_mixin.py:188} INFO - [2026-08-10T02:17:52.277+0000] {dag.py:3947} INFO - Setting next_dagrun for football_etl to 2026-08-10 02:16:00+00:00, run_after=2026-08-10 02:18:00+00:00
[2026-08-10T02:17:52.345+0000] {processor.py:183} INFO - Processing /opt/airflow/dags/football_etl_dag.py took 0.517 seconds
[2026-08-10T02:18:23.087+0000] {processor.py:161} INFO - Started process (PID=382) to work on /opt/airflow/dags/football_etl_dag.py
[2026-08-10T02:18:23.101+0000] {processor.py:830} INFO - Processing file /opt/airflow/dags/football_etl_dag.py for tasks to queue
[2026-08-10T02:18:23.108+0000] {logging_mixin.py:188} INFO - [2026-08-10T02:18:23.107+0000] {dagbag.py:545} INFO - Filling up the DagBag from /opt/airflow/dags/football_etl_dag.py
[2026-08-10T02:18:23.176+0000] {processor.py:840} INFO - DAG(s) 'football_etl' retrieved from /opt/airflow/dags/football_etl_dag.py
[2026-08-10T02:18:23.296+0000] {logging_mixin.py:188} INFO - [2026-08-10T02:18:23.295+0000] {dag.py:3089} INFO - Sync 1 DAGs
[2026-08-10T02:18:23.378+0000] {logging_mixin.py:188} INFO - [2026-08-10T02:18:23.377+0000] {dag.py:3947} INFO - Setting next_dagrun for football_etl to 2026-08-10 02:18:00+00:00, run_after=2026-08-10 02:20:00+00:00
[2026-08-10T02:18:23.450+0000] {processor.py:183} INFO - Processing /opt/airflow/dags/football_etl_dag.py took 0.393 seconds
[2026-08-10T02:18:53.733+0000] {processor.py:161} INFO - Started process (PID=387) to work on /opt/airflow/dags/football_etl_dag.py
[2026-08-10T02:18:53.736+0000] {processor.py:830} INFO - Processing file /opt/airflow/dags/football_etl_dag.py for tasks to queue
[2026-08-10T02:18:53.742+0000] {logging_mixin.py:188} INFO - [2026-08-10T02:18:53.741+0000] {dagbag.py:545} INFO - Filling up the DagBag from /opt/airflow/dags/football_etl_dag.py
[2026-08-10T02:18:53.792+0000] {processor.py:840} INFO - DAG(s) 'football_etl' retrieved from /opt/airflow/dags/football_etl_dag.py
[2026-08-10T02:18:53.865+0000] {logging_mixin.py:188} INFO - [2026-08-10T02:18:53.865+0000] {dag.py:3089} INFO - Sync 1 DAGs
[2026-08-10T02:18:53.926+0000] {logging_mixin.py:188} INFO - [2026-08-10T02:18:53.926+0000] {dag.py:3947} INFO - Setting next_dagrun for football_etl to 2026-08-10 02:18:00+00:00, run_after=2026-08-10 02:20:00+00:00
[2026-08-10T02:18:53.966+0000] {processor.py:183} INFO - Processing /opt/airflow/dags/football_etl_dag.py took 0.254 seconds
[2026-08-10T02:30:18.162+0000] {processor.py:161} INFO - Started process (PID=394) to work on /opt/airflow/dags/football_etl_dag.py
[2026-08-10T02:30:18.186+0000] {processor.py:830} INFO - Processing file /opt/airflow/dags/football_etl_dag.py for tasks to queue
[2026-08-10T02:30:18.232+0000] {logging_mixin.py:188} INFO - [2026-08-10T02:30:18.231+0000] {dagbag.py:545} INFO - Filling up the DagBag from /opt/airflow/dags/football_etl_dag.py
[2026-08-10T02:30:18.593+0000] {processor.py:840} INFO - DAG(s) 'football_etl' retrieved from /opt/airflow/dags/football_etl_dag.py
[2026-08-10T02:30:18.840+0000] {logging_mixin.py:188} INFO - [2026-08-10T02:30:18.839+0000] {dag.py:3089} INFO - Sync 1 DAGs
[2026-08-10T02:30:19.038+0000] {logging_mixin.py:188} INFO - [2026-08-10T02:30:19.037+0000] {dag.py:3947} INFO - Setting next_dagrun for football_etl to 2026-08-10 02:30:00+00:00, run_after=2026-08-10 02:32:00+00:00
[2026-08-10T02:30:19.240+0000] {processor.py:183} INFO - Processing /opt/airflow/dags/football_etl_dag.py took 1.122 seconds
[2026-08-10T02:30:49.561+0000] {processor.py:161} INFO - Started process (PID=413) to work on /opt/airflow/dags/football_etl_dag.py
[2026-08-10T02:30:49.564+0000] {processor.py:830} INFO - Processing file /opt/airflow/dags/football_etl_dag.py for tasks to queue
[2026-08-10T02:30:49.569+0000] {logging_mixin.py:188} INFO - [2026-08-10T02:30:49.567+0000] {dagbag.py:545} INFO - Filling up the DagBag from /opt/airflow/dags/football_etl_dag.py
[2026-08-10T02:30:49.611+0000] {processor.py:840} INFO - DAG(s) 'football_etl' retrieved from /opt/airflow/dags/football_etl_dag.py
[2026-08-10T02:30:49.678+0000] {logging_mixin.py:188} INFO - [2026-08-10T02:30:49.678+0000] {dag.py:3089} INFO - Sync 1 DAGs
[2026-08-10T02:30:49.740+0000] {logging_mixin.py:188} INFO - [2026-08-10T02:30:49.739+0000] {dag.py:3947} INFO - Setting next_dagrun for football_etl to 2026-08-10 02:30:00+00:00, run_after=2026-08-10 02:32:00+00:00
[2026-08-10T02:30:49.779+0000] {processor.py:183} INFO - Processing /opt/airflow/dags/football_etl_dag.py took 0.232 seconds
[2026-08-10T02:31:20.048+0000] {processor.py:161} INFO - Started process (PID=418) to work on /opt/airflow/dags/football_etl_dag.py
[2026-08-10T02:31:20.052+0000] {processor.py:830} INFO - Processing file /opt/airflow/dags/football_etl_dag.py for tasks to queue
[2026-08-10T02:31:20.059+0000] {logging_mixin.py:188} INFO - [2026-08-10T02:31:20.058+0000] {dagbag.py:545} INFO - Filling up the DagBag from /opt/airflow/dags/football_etl_dag.py
[2026-08-10T02:31:20.113+0000] {processor.py:840} INFO - DAG(s) 'football_etl' retrieved from /opt/airflow/dags/football_etl_dag.py
[2026-08-10T02:31:20.220+0000] {logging_mixin.py:188} INFO - [2026-08-10T02:31:20.219+0000] {dag.py:3089} INFO - Sync 1 DAGs
[2026-08-10T02:31:20.301+0000] {logging_mixin.py:188} INFO - [2026-08-10T02:31:20.301+0000] {dag.py:3947} INFO - Setting next_dagrun for football_etl to 2026-08-10 02:30:00+00:00, run_after=2026-08-10 02:32:00+00:00
[2026-08-10T02:31:20.345+0000] {processor.py:183} INFO - Processing /opt/airflow/dags/football_etl_dag.py took 0.318 seconds
[2026-08-10T02:31:50.647+0000] {processor.py:161} INFO - Started process (PID=423) to work on /opt/airflow/dags/football_etl_dag.py
[2026-08-10T02:31:50.650+0000] {processor.py:830} INFO - Processing file /opt/airflow/dags/football_etl_dag.py for tasks to queue
[2026-08-10T02:31:50.654+0000] {logging_mixin.py:188} INFO - [2026-08-10T02:31:50.654+0000] {dagbag.py:545} INFO - Filling up the DagBag from /opt/airflow/dags/football_etl_dag.py
[2026-08-10T02:31:50.703+0000] {processor.py:840} INFO - DAG(s) 'football_etl' retrieved from /opt/airflow/dags/football_etl_dag.py
[2026-08-10T02:31:50.781+0000] {logging_mixin.py:188} INFO - [2026-08-10T02:31:50.781+0000] {dag.py:3089} INFO - Sync 1 DAGs
[2026-08-10T02:31:50.836+0000] {logging_mixin.py:188} INFO - [2026-08-10T02:31:50.835+0000] {dag.py:3947} INFO - Setting next_dagrun for football_etl to 2026-08-10 02:30:00+00:00, run_after=2026-08-10 02:32:00+00:00
[2026-08-10T02:31:50.887+0000] {processor.py:183} INFO - Processing /opt/airflow/dags/football_etl_dag.py took 0.252 seconds
[2026-08-10T02:34:45.387+0000] {processor.py:161} INFO - Started process (PID=431) to work on /opt/airflow/dags/football_etl_dag.py
[2026-08-10T02:34:45.415+0000] {processor.py:830} INFO - Processing file /opt/airflow/dags/football_etl_dag.py for tasks to queue
[2026-08-10T02:34:45.587+0000] {logging_mixin.py:188} INFO - [2026-08-10T02:34:45.580+0000] {dagbag.py:545} INFO - Filling up the DagBag from /opt/airflow/dags/football_etl_dag.py
[2026-08-10T02:34:45.895+0000] {processor.py:840} INFO - DAG(s) 'football_etl' retrieved from /opt/airflow/dags/football_etl_dag.py
[2026-08-10T02:34:46.313+0000] {logging_mixin.py:188} INFO - [2026-08-10T02:34:46.312+0000] {dag.py:3089} INFO - Sync 1 DAGs
[2026-08-10T02:34:46.495+0000] {logging_mixin.py:188} INFO - [2026-08-10T02:34:46.491+0000] {dag.py:3947} INFO - Setting next_dagrun for football_etl to 2026-08-10 02:34:00+00:00, run_after=2026-08-10 02:36:00+00:00
[2026-08-10T02:34:46.632+0000] {processor.py:183} INFO - Processing /opt/airflow/dags/football_etl_dag.py took 1.279 seconds
[2026-08-10T02:40:20.363+0000] {processor.py:161} INFO - Started process (PID=451) to work on /opt/airflow/dags/football_etl_dag.py
[2026-08-10T02:40:20.402+0000] {processor.py:830} INFO - Processing file /opt/airflow/dags/football_etl_dag.py for tasks to queue
[2026-08-10T02:40:20.473+0000] {logging_mixin.py:188} INFO - [2026-08-10T02:40:20.458+0000] {dagbag.py:545} INFO - Filling up the DagBag from /opt/airflow/dags/football_etl_dag.py
[2026-08-10T02:40:20.905+0000] {processor.py:840} INFO - DAG(s) 'football_etl' retrieved from /opt/airflow/dags/football_etl_dag.py
[2026-08-10T02:40:21.176+0000] {logging_mixin.py:188} INFO - [2026-08-10T02:40:21.175+0000] {dag.py:3089} INFO - Sync 1 DAGs
[2026-08-10T02:40:21.422+0000] {logging_mixin.py:188} INFO - [2026-08-10T02:40:21.422+0000] {dag.py:3947} INFO - Setting next_dagrun for football_etl to 2026-08-10 02:40:00+00:00, run_after=2026-08-10 02:42:00+00:00
[2026-08-10T02:40:21.565+0000] {processor.py:183} INFO - Processing /opt/airflow/dags/football_etl_dag.py took 1.493 seconds
[2026-08-10T02:43:59.223+0000] {processor.py:161} INFO - Started process (PID=470) to work on /opt/airflow/dags/football_etl_dag.py
[2026-08-10T02:43:59.246+0000] {processor.py:830} INFO - Processing file /opt/airflow/dags/football_etl_dag.py for tasks to queue
[2026-08-10T02:43:59.264+0000] {logging_mixin.py:188} INFO - [2026-08-10T02:43:59.263+0000] {dagbag.py:545} INFO - Filling up the DagBag from /opt/airflow/dags/football_etl_dag.py
[2026-08-10T02:43:59.618+0000] {processor.py:840} INFO - DAG(s) 'football_etl' retrieved from /opt/airflow/dags/football_etl_dag.py
[2026-08-10T02:43:59.949+0000] {logging_mixin.py:188} INFO - [2026-08-10T02:43:59.948+0000] {dag.py:3089} INFO - Sync 1 DAGs
[2026-08-10T02:44:00.200+0000] {logging_mixin.py:188} INFO - [2026-08-10T02:44:00.200+0000] {dag.py:3947} INFO - Setting next_dagrun for football_etl to 2026-08-10 02:42:00+00:00, run_after=2026-08-10 02:44:00+00:00
[2026-08-10T02:44:00.509+0000] {processor.py:183} INFO - Processing /opt/airflow/dags/football_etl_dag.py took 1.320 seconds
[2026-08-10T03:02:29.176+0000] {processor.py:161} INFO - Started process (PID=493) to work on /opt/airflow/dags/football_etl_dag.py
[2026-08-10T03:02:29.209+0000] {processor.py:830} INFO - Processing file /opt/airflow/dags/football_etl_dag.py for tasks to queue
[2026-08-10T03:02:29.242+0000] {logging_mixin.py:188} INFO - [2026-08-10T03:02:29.241+0000] {dagbag.py:545} INFO - Filling up the DagBag from /opt/airflow/dags/football_etl_dag.py
[2026-08-10T03:02:29.775+0000] {processor.py:840} INFO - DAG(s) 'football_etl' retrieved from /opt/airflow/dags/football_etl_dag.py
[2026-08-10T03:02:30.269+0000] {logging_mixin.py:188} INFO - [2026-08-10T03:02:30.259+0000] {dag.py:3089} INFO - Sync 1 DAGs
[2026-08-10T03:02:30.561+0000] {logging_mixin.py:188} INFO - [2026-08-10T03:02:30.560+0000] {dag.py:3947} INFO - Setting next_dagrun for football_etl to 2026-08-10 03:02:00+00:00, run_after=2026-08-10 03:04:00+00:00
[2026-08-10T03:02:30.760+0000] {processor.py:183} INFO - Processing /opt/airflow/dags/football_etl_dag.py took 1.721 seconds
[2026-08-10T03:02:39.274+0000] {processor.py:161} INFO - Started process (PID=508) to work on /opt/airflow/dags/football_etl_dag.py
[2026-08-10T03:02:39.277+0000] {processor.py:830} INFO - Processing file /opt/airflow/dags/football_etl_dag.py for tasks to queue
[2026-08-10T03:02:39.284+0000] {logging_mixin.py:188} INFO - [2026-08-10T03:02:39.283+0000] {dagbag.py:545} INFO - Filling up the DagBag from /opt/airflow/dags/football_etl_dag.py
[2026-08-10T03:02:39.348+0000] {processor.py:840} INFO - DAG(s) 'football_etl' retrieved from /opt/airflow/dags/football_etl_dag.py
[2026-08-10T03:02:39.447+0000] {logging_mixin.py:188} INFO - [2026-08-10T03:02:39.446+0000] {taskinstance.py:2907} ERROR - {'DAG Id': 'football_etl', 'Task Id': 'warehouse_load', 'Run Id': 'scheduled__2026-08-10T02:30:00+00:00', 'Hostname': 'b478b38d86c0'}
[2026-08-10T03:02:39.514+0000] {logging_mixin.py:188} INFO - [2026-08-10T03:02:39.513+0000] {taskinstance.py:1206} INFO - Marking task as UP_FOR_RETRY. dag_id=football_etl, task_id=warehouse_load, run_id=scheduled__2026-08-10T02:30:00+00:00, execution_date=20260810T023000, start_date=20260810T023453, end_date=20260810T030239
[2026-08-10T03:02:39.563+0000] {processor.py:791} INFO - Executed failure callback for <TaskInstance: football_etl.warehouse_load scheduled__2026-08-10T02:30:00+00:00 [up_for_retry]> in state up_for_retry
[2026-08-10T03:02:39.606+0000] {logging_mixin.py:188} INFO - [2026-08-10T03:02:39.605+0000] {taskinstance.py:2907} ERROR - {'DAG Id': 'football_etl', 'Task Id': 'warehouse_load', 'Run Id': 'scheduled__2026-08-10T02:34:00+00:00', 'Hostname': 'b478b38d86c0'}
[2026-08-10T03:02:39.667+0000] {logging_mixin.py:188} INFO - [2026-08-10T03:02:39.667+0000] {taskinstance.py:1206} INFO - Marking task as UP_FOR_RETRY. dag_id=football_etl, task_id=warehouse_load, run_id=scheduled__2026-08-10T02:34:00+00:00, execution_date=20260810T023400, start_date=20260810T024031, end_date=20260810T030239
[2026-08-10T03:02:39.674+0000] {processor.py:791} INFO - Executed failure callback for <TaskInstance: football_etl.warehouse_load scheduled__2026-08-10T02:34:00+00:00 [up_for_retry]> in state up_for_retry
[2026-08-10T03:02:39.681+0000] {logging_mixin.py:188} INFO - [2026-08-10T03:02:39.680+0000] {taskinstance.py:2907} ERROR - {'DAG Id': 'football_etl', 'Task Id': 'warehouse_load', 'Run Id': 'scheduled__2026-08-10T02:42:00+00:00', 'Hostname': 'b478b38d86c0'}
[2026-08-10T03:02:39.713+0000] {logging_mixin.py:188} INFO - [2026-08-10T03:02:39.713+0000] {taskinstance.py:1206} INFO - Marking task as UP_FOR_RETRY. dag_id=football_etl, task_id=warehouse_load, run_id=scheduled__2026-08-10T02:42:00+00:00, execution_date=20260810T024200, start_date=20260810T024412, end_date=20260810T030239
[2026-08-10T03:02:39.721+0000] {processor.py:791} INFO - Executed failure callback for <TaskInstance: football_etl.warehouse_load scheduled__2026-08-10T02:42:00+00:00 [up_for_retry]> in state up_for_retry
[2026-08-10T03:02:39.727+0000] {logging_mixin.py:188} INFO - [2026-08-10T03:02:39.727+0000] {taskinstance.py:2907} ERROR - {'DAG Id': 'football_etl', 'Task Id': 'warehouse_load', 'Run Id': 'scheduled__2026-08-10T02:34:00+00:00', 'Hostname': 'b478b38d86c0'}
[2026-08-10T03:02:39.753+0000] {logging_mixin.py:188} INFO - [2026-08-10T03:02:39.753+0000] {taskinstance.py:1206} INFO - Marking task as UP_FOR_RETRY. dag_id=football_etl, task_id=warehouse_load, run_id=scheduled__2026-08-10T02:34:00+00:00, execution_date=20260810T023400, start_date=20260810T024031, end_date=20260810T030239
[2026-08-10T03:02:39.763+0000] {processor.py:791} INFO - Executed failure callback for <TaskInstance: football_etl.warehouse_load scheduled__2026-08-10T02:34:00+00:00 [up_for_retry]> in state up_for_retry
[2026-08-10T03:02:39.829+0000] {logging_mixin.py:188} INFO - [2026-08-10T03:02:39.829+0000] {dag.py:3089} INFO - Sync 1 DAGs
[2026-08-10T03:02:39.898+0000] {logging_mixin.py:188} INFO - [2026-08-10T03:02:39.897+0000] {dag.py:3947} INFO - Setting next_dagrun for football_etl to 2026-08-10 03:02:00+00:00, run_after=2026-08-10 03:04:00+00:00
[2026-08-10T03:02:39.960+0000] {processor.py:183} INFO - Processing /opt/airflow/dags/football_etl_dag.py took 0.713 seconds
[2026-08-10T03:48:04.691+0000] {processor.py:161} INFO - Started process (PID=517) to work on /opt/airflow/dags/football_etl_dag.py
[2026-08-10T03:48:04.718+0000] {processor.py:830} INFO - Processing file /opt/airflow/dags/football_etl_dag.py for tasks to queue
[2026-08-10T03:48:04.766+0000] {logging_mixin.py:188} INFO - [2026-08-10T03:48:04.765+0000] {dagbag.py:545} INFO - Filling up the DagBag from /opt/airflow/dags/football_etl_dag.py
[2026-08-10T03:48:05.056+0000] {processor.py:840} INFO - DAG(s) 'football_etl' retrieved from /opt/airflow/dags/football_etl_dag.py
[2026-08-10T03:48:06.049+0000] {logging_mixin.py:188} INFO - [2026-08-10T03:48:06.048+0000] {dag.py:3089} INFO - Sync 1 DAGs
[2026-08-10T03:48:06.221+0000] {logging_mixin.py:188} INFO - [2026-08-10T03:48:06.219+0000] {dag.py:3947} INFO - Setting next_dagrun for football_etl to 2026-08-10 03:48:00+00:00, run_after=2026-08-10 03:50:00+00:00
[2026-08-10T03:48:06.503+0000] {processor.py:183} INFO - Processing /opt/airflow/dags/football_etl_dag.py took 1.915 seconds
[2026-08-10T04:07:01.603+0000] {processor.py:161} INFO - Started process (PID=544) to work on /opt/airflow/dags/football_etl_dag.py
[2026-08-10T04:07:01.619+0000] {processor.py:830} INFO - Processing file /opt/airflow/dags/football_etl_dag.py for tasks to queue
[2026-08-10T04:07:01.699+0000] {logging_mixin.py:188} INFO - [2026-08-10T04:07:01.698+0000] {dagbag.py:545} INFO - Filling up the DagBag from /opt/airflow/dags/football_etl_dag.py
[2026-08-10T04:07:02.081+0000] {processor.py:840} INFO - DAG(s) 'football_etl' retrieved from /opt/airflow/dags/football_etl_dag.py
[2026-08-10T04:07:02.804+0000] {logging_mixin.py:188} INFO - [2026-08-10T04:07:02.803+0000] {dag.py:3089} INFO - Sync 1 DAGs
[2026-08-10T04:07:03.247+0000] {logging_mixin.py:188} INFO - [2026-08-10T04:07:03.247+0000] {dag.py:3947} INFO - Setting next_dagrun for football_etl to 2026-08-10 04:06:00+00:00, run_after=2026-08-10 04:08:00+00:00
[2026-08-10T04:07:03.867+0000] {processor.py:183} INFO - Processing /opt/airflow/dags/football_etl_dag.py took 2.384 seconds
[2026-08-10T04:07:34.108+0000] {processor.py:161} INFO - Started process (PID=565) to work on /opt/airflow/dags/football_etl_dag.py
[2026-08-10T04:07:34.115+0000] {processor.py:830} INFO - Processing file /opt/airflow/dags/football_etl_dag.py for tasks to queue
[2026-08-10T04:07:34.123+0000] {logging_mixin.py:188} INFO - [2026-08-10T04:07:34.122+0000] {dagbag.py:545} INFO - Filling up the DagBag from /opt/airflow/dags/football_etl_dag.py
[2026-08-10T04:07:34.236+0000] {processor.py:840} INFO - DAG(s) 'football_etl' retrieved from /opt/airflow/dags/football_etl_dag.py
[2026-08-10T04:07:34.424+0000] {logging_mixin.py:188} INFO - [2026-08-10T04:07:34.423+0000] {dag.py:3089} INFO - Sync 1 DAGs
[2026-08-10T04:07:34.609+0000] {logging_mixin.py:188} INFO - [2026-08-10T04:07:34.608+0000] {dag.py:3947} INFO - Setting next_dagrun for football_etl to 2026-08-10 04:06:00+00:00, run_after=2026-08-10 04:08:00+00:00
[2026-08-10T04:07:34.815+0000] {processor.py:183} INFO - Processing /opt/airflow/dags/football_etl_dag.py took 0.729 seconds
[2026-08-10T04:08:05.364+0000] {processor.py:161} INFO - Started process (PID=573) to work on /opt/airflow/dags/football_etl_dag.py
[2026-08-10T04:08:05.367+0000] {processor.py:830} INFO - Processing file /opt/airflow/dags/football_etl_dag.py for tasks to queue
[2026-08-10T04:08:05.374+0000] {logging_mixin.py:188} INFO - [2026-08-10T04:08:05.373+0000] {dagbag.py:545} INFO - Filling up the DagBag from /opt/airflow/dags/football_etl_dag.py
[2026-08-10T04:08:05.432+0000] {processor.py:840} INFO - DAG(s) 'football_etl' retrieved from /opt/airflow/dags/football_etl_dag.py
[2026-08-10T04:08:05.567+0000] {logging_mixin.py:188} INFO - [2026-08-10T04:08:05.566+0000] {dag.py:3089} INFO - Sync 1 DAGs
[2026-08-10T04:08:05.651+0000] {logging_mixin.py:188} INFO - [2026-08-10T04:08:05.650+0000] {dag.py:3947} INFO - Setting next_dagrun for football_etl to 2026-08-10 04:08:00+00:00, run_after=2026-08-10 04:10:00+00:00
[2026-08-10T04:08:05.714+0000] {processor.py:183} INFO - Processing /opt/airflow/dags/football_etl_dag.py took 0.371 seconds
[2026-08-10T04:08:36.015+0000] {processor.py:161} INFO - Started process (PID=583) to work on /opt/airflow/dags/football_etl_dag.py
[2026-08-10T04:08:36.017+0000] {processor.py:830} INFO - Processing file /opt/airflow/dags/football_etl_dag.py for tasks to queue
[2026-08-10T04:08:36.027+0000] {logging_mixin.py:188} INFO - [2026-08-10T04:08:36.026+0000] {dagbag.py:545} INFO - Filling up the DagBag from /opt/airflow/dags/football_etl_dag.py
[2026-08-10T04:08:36.079+0000] {processor.py:840} INFO - DAG(s) 'football_etl' retrieved from /opt/airflow/dags/football_etl_dag.py
[2026-08-10T04:08:36.199+0000] {logging_mixin.py:188} INFO - [2026-08-10T04:08:36.198+0000] {dag.py:3089} INFO - Sync 1 DAGs
[2026-08-10T04:08:36.310+0000] {logging_mixin.py:188} INFO - [2026-08-10T04:08:36.310+0000] {dag.py:3947} INFO - Setting next_dagrun for football_etl to 2026-08-10 04:08:00+00:00, run_after=2026-08-10 04:10:00+00:00
[2026-08-10T04:08:36.392+0000] {processor.py:183} INFO - Processing /opt/airflow/dags/football_etl_dag.py took 0.400 seconds
[2026-08-10T04:09:06.818+0000] {processor.py:161} INFO - Started process (PID=588) to work on /opt/airflow/dags/football_etl_dag.py
[2026-08-10T04:09:06.821+0000] {processor.py:830} INFO - Processing file /opt/airflow/dags/football_etl_dag.py for tasks to queue
[2026-08-10T04:09:06.826+0000] {logging_mixin.py:188} INFO - [2026-08-10T04:09:06.826+0000] {dagbag.py:545} INFO - Filling up the DagBag from /opt/airflow/dags/football_etl_dag.py
[2026-08-10T04:09:06.877+0000] {processor.py:840} INFO - DAG(s) 'football_etl' retrieved from /opt/airflow/dags/football_etl_dag.py
[2026-08-10T04:09:06.966+0000] {logging_mixin.py:188} INFO - [2026-08-10T04:09:06.965+0000] {dag.py:3089} INFO - Sync 1 DAGs
[2026-08-10T04:09:07.028+0000] {logging_mixin.py:188} INFO - [2026-08-10T04:09:07.028+0000] {dag.py:3947} INFO - Setting next_dagrun for football_etl to 2026-08-10 04:08:00+00:00, run_after=2026-08-10 04:10:00+00:00
[2026-08-10T04:09:07.108+0000] {processor.py:183} INFO - Processing /opt/airflow/dags/football_etl_dag.py took 0.308 seconds
[2026-08-10T04:09:37.387+0000] {processor.py:161} INFO - Started process (PID=593) to work on /opt/airflow/dags/football_etl_dag.py
[2026-08-10T04:09:37.390+0000] {processor.py:830} INFO - Processing file /opt/airflow/dags/football_etl_dag.py for tasks to queue
[2026-08-10T04:09:37.396+0000] {logging_mixin.py:188} INFO - [2026-08-10T04:09:37.395+0000] {dagbag.py:545} INFO - Filling up the DagBag from /opt/airflow/dags/football_etl_dag.py
[2026-08-10T04:09:37.444+0000] {processor.py:840} INFO - DAG(s) 'football_etl' retrieved from /opt/airflow/dags/football_etl_dag.py
[2026-08-10T04:09:37.509+0000] {logging_mixin.py:188} INFO - [2026-08-10T04:09:37.508+0000] {dag.py:3089} INFO - Sync 1 DAGs
[2026-08-10T04:09:37.556+0000] {logging_mixin.py:188} INFO - [2026-08-10T04:09:37.556+0000] {dag.py:3947} INFO - Setting next_dagrun for football_etl to 2026-08-10 04:08:00+00:00, run_after=2026-08-10 04:10:00+00:00
[2026-08-10T04:09:37.594+0000] {processor.py:183} INFO - Processing /opt/airflow/dags/football_etl_dag.py took 0.232 seconds
[2026-08-10T04:10:07.671+0000] {processor.py:161} INFO - Started process (PID=605) to work on /opt/airflow/dags/football_etl_dag.py
[2026-08-10T04:10:07.674+0000] {processor.py:830} INFO - Processing file /opt/airflow/dags/football_etl_dag.py for tasks to queue
[2026-08-10T04:10:07.678+0000] {logging_mixin.py:188} INFO - [2026-08-10T04:10:07.677+0000] {dagbag.py:545} INFO - Filling up the DagBag from /opt/airflow/dags/football_etl_dag.py
[2026-08-10T04:10:07.721+0000] {processor.py:840} INFO - DAG(s) 'football_etl' retrieved from /opt/airflow/dags/football_etl_dag.py
[2026-08-10T04:10:07.788+0000] {logging_mixin.py:188} INFO - [2026-08-10T04:10:07.787+0000] {dag.py:3089} INFO - Sync 1 DAGs
[2026-08-10T04:10:07.836+0000] {logging_mixin.py:188} INFO - [2026-08-10T04:10:07.836+0000] {dag.py:3947} INFO - Setting next_dagrun for football_etl to 2026-08-10 04:10:00+00:00, run_after=2026-08-10 04:12:00+00:00
[2026-08-10T04:10:07.873+0000] {processor.py:183} INFO - Processing /opt/airflow/dags/football_etl_dag.py took 0.215 seconds
[2026-08-10T04:10:38.181+0000] {processor.py:161} INFO - Started process (PID=611) to work on /opt/airflow/dags/football_etl_dag.py
[2026-08-10T04:10:38.185+0000] {processor.py:830} INFO - Processing file /opt/airflow/dags/football_etl_dag.py for tasks to queue
[2026-08-10T04:10:38.190+0000] {logging_mixin.py:188} INFO - [2026-08-10T04:10:38.189+0000] {dagbag.py:545} INFO - Filling up the DagBag from /opt/airflow/dags/football_etl_dag.py
[2026-08-10T04:10:38.236+0000] {processor.py:840} INFO - DAG(s) 'football_etl' retrieved from /opt/airflow/dags/football_etl_dag.py
[2026-08-10T04:10:38.311+0000] {logging_mixin.py:188} INFO - [2026-08-10T04:10:38.310+0000] {dag.py:3089} INFO - Sync 1 DAGs
[2026-08-10T04:10:38.368+0000] {logging_mixin.py:188} INFO - [2026-08-10T04:10:38.367+0000] {dag.py:3947} INFO - Setting next_dagrun for football_etl to 2026-08-10 04:10:00+00:00, run_after=2026-08-10 04:12:00+00:00
[2026-08-10T04:10:38.405+0000] {processor.py:183} INFO - Processing /opt/airflow/dags/football_etl_dag.py took 0.240 seconds
[2026-08-10T04:11:08.745+0000] {processor.py:161} INFO - Started process (PID=616) to work on /opt/airflow/dags/football_etl_dag.py
[2026-08-10T04:11:08.748+0000] {processor.py:830} INFO - Processing file /opt/airflow/dags/football_etl_dag.py for tasks to queue
[2026-08-10T04:11:08.753+0000] {logging_mixin.py:188} INFO - [2026-08-10T04:11:08.752+0000] {dagbag.py:545} INFO - Filling up the DagBag from /opt/airflow/dags/football_etl_dag.py
[2026-08-10T04:11:08.801+0000] {processor.py:840} INFO - DAG(s) 'football_etl' retrieved from /opt/airflow/dags/football_etl_dag.py
[2026-08-10T04:11:08.878+0000] {logging_mixin.py:188} INFO - [2026-08-10T04:11:08.877+0000] {dag.py:3089} INFO - Sync 1 DAGs
[2026-08-10T04:11:08.927+0000] {logging_mixin.py:188} INFO - [2026-08-10T04:11:08.927+0000] {dag.py:3947} INFO - Setting next_dagrun for football_etl to 2026-08-10 04:10:00+00:00, run_after=2026-08-10 04:12:00+00:00
[2026-08-10T04:11:08.967+0000] {processor.py:183} INFO - Processing /opt/airflow/dags/football_etl_dag.py took 0.236 seconds
[2026-08-10T04:11:39.324+0000] {processor.py:161} INFO - Started process (PID=621) to work on /opt/airflow/dags/football_etl_dag.py
[2026-08-10T04:11:39.327+0000] {processor.py:830} INFO - Processing file /opt/airflow/dags/football_etl_dag.py for tasks to queue
[2026-08-10T04:11:39.333+0000] {logging_mixin.py:188} INFO - [2026-08-10T04:11:39.332+0000] {dagbag.py:545} INFO - Filling up the DagBag from /opt/airflow/dags/football_etl_dag.py
[2026-08-10T04:11:39.378+0000] {processor.py:840} INFO - DAG(s) 'football_etl' retrieved from /opt/airflow/dags/football_etl_dag.py
[2026-08-10T04:11:39.449+0000] {logging_mixin.py:188} INFO - [2026-08-10T04:11:39.449+0000] {dag.py:3089} INFO - Sync 1 DAGs
[2026-08-10T04:11:39.510+0000] {logging_mixin.py:188} INFO - [2026-08-10T04:11:39.509+0000] {dag.py:3947} INFO - Setting next_dagrun for football_etl to 2026-08-10 04:10:00+00:00, run_after=2026-08-10 04:12:00+00:00
[2026-08-10T04:11:39.562+0000] {processor.py:183} INFO - Processing /opt/airflow/dags/football_etl_dag.py took 0.254 seconds
[2026-08-10T04:12:09.870+0000] {processor.py:161} INFO - Started process (PID=634) to work on /opt/airflow/dags/football_etl_dag.py
[2026-08-10T04:12:09.873+0000] {processor.py:830} INFO - Processing file /opt/airflow/dags/football_etl_dag.py for tasks to queue
[2026-08-10T04:12:09.880+0000] {logging_mixin.py:188} INFO - [2026-08-10T04:12:09.880+0000] {dagbag.py:545} INFO - Filling up the DagBag from /opt/airflow/dags/football_etl_dag.py
[2026-08-10T04:12:09.919+0000] {processor.py:840} INFO - DAG(s) 'football_etl' retrieved from /opt/airflow/dags/football_etl_dag.py
[2026-08-10T04:12:09.983+0000] {logging_mixin.py:188} INFO - [2026-08-10T04:12:09.983+0000] {dag.py:3089} INFO - Sync 1 DAGs
[2026-08-10T04:12:10.039+0000] {logging_mixin.py:188} INFO - [2026-08-10T04:12:10.038+0000] {dag.py:3947} INFO - Setting next_dagrun for football_etl to 2026-08-10 04:12:00+00:00, run_after=2026-08-10 04:14:00+00:00
[2026-08-10T04:12:10.084+0000] {processor.py:183} INFO - Processing /opt/airflow/dags/football_etl_dag.py took 0.229 seconds
[2026-08-10T04:12:40.371+0000] {processor.py:161} INFO - Started process (PID=639) to work on /opt/airflow/dags/football_etl_dag.py
[2026-08-10T04:12:40.373+0000] {processor.py:830} INFO - Processing file /opt/airflow/dags/football_etl_dag.py for tasks to queue
[2026-08-10T04:12:40.377+0000] {logging_mixin.py:188} INFO - [2026-08-10T04:12:40.377+0000] {dagbag.py:545} INFO - Filling up the DagBag from /opt/airflow/dags/football_etl_dag.py
[2026-08-10T04:12:40.422+0000] {processor.py:840} INFO - DAG(s) 'football_etl' retrieved from /opt/airflow/dags/football_etl_dag.py
[2026-08-10T04:12:40.504+0000] {logging_mixin.py:188} INFO - [2026-08-10T04:12:40.503+0000] {dag.py:3089} INFO - Sync 1 DAGs
[2026-08-10T04:12:40.569+0000] {logging_mixin.py:188} INFO - [2026-08-10T04:12:40.568+0000] {dag.py:3947} INFO - Setting next_dagrun for football_etl to 2026-08-10 04:12:00+00:00, run_after=2026-08-10 04:14:00+00:00
[2026-08-10T04:12:40.610+0000] {processor.py:183} INFO - Processing /opt/airflow/dags/football_etl_dag.py took 0.249 seconds
[2026-08-10T04:13:10.879+0000] {processor.py:161} INFO - Started process (PID=644) to work on /opt/airflow/dags/football_etl_dag.py
[2026-08-10T04:13:10.882+0000] {processor.py:830} INFO - Processing file /opt/airflow/dags/football_etl_dag.py for tasks to queue
[2026-08-10T04:13:10.888+0000] {logging_mixin.py:188} INFO - [2026-08-10T04:13:10.888+0000] {dagbag.py:545} INFO - Filling up the DagBag from /opt/airflow/dags/football_etl_dag.py
[2026-08-10T04:13:10.979+0000] {processor.py:840} INFO - DAG(s) 'football_etl' retrieved from /opt/airflow/dags/football_etl_dag.py
[2026-08-10T04:13:11.081+0000] {logging_mixin.py:188} INFO - [2026-08-10T04:13:11.080+0000] {dag.py:3089} INFO - Sync 1 DAGs
[2026-08-10T04:13:11.161+0000] {logging_mixin.py:188} INFO - [2026-08-10T04:13:11.160+0000] {dag.py:3947} INFO - Setting next_dagrun for football_etl to 2026-08-10 04:12:00+00:00, run_after=2026-08-10 04:14:00+00:00
[2026-08-10T04:13:11.217+0000] {processor.py:183} INFO - Processing /opt/airflow/dags/football_etl_dag.py took 0.356 seconds
[2026-08-10T04:13:41.496+0000] {processor.py:161} INFO - Started process (PID=657) to work on /opt/airflow/dags/football_etl_dag.py
[2026-08-10T04:13:41.499+0000] {processor.py:830} INFO - Processing file /opt/airflow/dags/football_etl_dag.py for tasks to queue
[2026-08-10T04:13:41.505+0000] {logging_mixin.py:188} INFO - [2026-08-10T04:13:41.504+0000] {dagbag.py:545} INFO - Filling up the DagBag from /opt/airflow/dags/football_etl_dag.py
[2026-08-10T04:13:41.553+0000] {processor.py:840} INFO - DAG(s) 'football_etl' retrieved from /opt/airflow/dags/football_etl_dag.py
[2026-08-10T04:13:41.629+0000] {logging_mixin.py:188} INFO - [2026-08-10T04:13:41.628+0000] {dag.py:3089} INFO - Sync 1 DAGs
[2026-08-10T04:13:41.683+0000] {logging_mixin.py:188} INFO - [2026-08-10T04:13:41.683+0000] {dag.py:3947} INFO - Setting next_dagrun for football_etl to 2026-08-10 04:12:00+00:00, run_after=2026-08-10 04:14:00+00:00
[2026-08-10T04:13:41.721+0000] {processor.py:183} INFO - Processing /opt/airflow/dags/football_etl_dag.py took 0.242 seconds
[2026-08-10T04:14:11.990+0000] {processor.py:161} INFO - Started process (PID=670) to work on /opt/airflow/dags/football_etl_dag.py
[2026-08-10T04:14:11.993+0000] {processor.py:830} INFO - Processing file /opt/airflow/dags/football_etl_dag.py for tasks to queue
[2026-08-10T04:14:11.999+0000] {logging_mixin.py:188} INFO - [2026-08-10T04:14:11.998+0000] {dagbag.py:545} INFO - Filling up the DagBag from /opt/airflow/dags/football_etl_dag.py
[2026-08-10T04:14:12.044+0000] {processor.py:840} INFO - DAG(s) 'football_etl' retrieved from /opt/airflow/dags/football_etl_dag.py
[2026-08-10T04:14:12.114+0000] {logging_mixin.py:188} INFO - [2026-08-10T04:14:12.114+0000] {dag.py:3089} INFO - Sync 1 DAGs
[2026-08-10T04:14:12.164+0000] {logging_mixin.py:188} INFO - [2026-08-10T04:14:12.163+0000] {dag.py:3947} INFO - Setting next_dagrun for football_etl to 2026-08-10 04:14:00+00:00, run_after=2026-08-10 04:16:00+00:00
[2026-08-10T04:14:12.204+0000] {processor.py:183} INFO - Processing /opt/airflow/dags/football_etl_dag.py took 0.228 seconds
[2026-08-10T04:14:42.440+0000] {processor.py:161} INFO - Started process (PID=675) to work on /opt/airflow/dags/football_etl_dag.py
[2026-08-10T04:14:42.442+0000] {processor.py:830} INFO - Processing file /opt/airflow/dags/football_etl_dag.py for tasks to queue
[2026-08-10T04:14:42.446+0000] {logging_mixin.py:188} INFO - [2026-08-10T04:14:42.445+0000] {dagbag.py:545} INFO - Filling up the DagBag from /opt/airflow/dags/football_etl_dag.py
[2026-08-10T04:14:42.496+0000] {processor.py:840} INFO - DAG(s) 'football_etl' retrieved from /opt/airflow/dags/football_etl_dag.py
[2026-08-10T04:14:42.569+0000] {logging_mixin.py:188} INFO - [2026-08-10T04:14:42.569+0000] {dag.py:3089} INFO - Sync 1 DAGs
[2026-08-10T04:14:42.616+0000] {logging_mixin.py:188} INFO - [2026-08-10T04:14:42.615+0000] {dag.py:3947} INFO - Setting next_dagrun for football_etl to 2026-08-10 04:14:00+00:00, run_after=2026-08-10 04:16:00+00:00
[2026-08-10T04:14:42.650+0000] {processor.py:183} INFO - Processing /opt/airflow/dags/football_etl_dag.py took 0.221 seconds
[2026-08-10T04:15:12.934+0000] {processor.py:161} INFO - Started process (PID=680) to work on /opt/airflow/dags/football_etl_dag.py
[2026-08-10T04:15:12.937+0000] {processor.py:830} INFO - Processing file /opt/airflow/dags/football_etl_dag.py for tasks to queue
[2026-08-10T04:15:12.942+0000] {logging_mixin.py:188} INFO - [2026-08-10T04:15:12.942+0000] {dagbag.py:545} INFO - Filling up the DagBag from /opt/airflow/dags/football_etl_dag.py
[2026-08-10T04:15:12.993+0000] {processor.py:840} INFO - DAG(s) 'football_etl' retrieved from /opt/airflow/dags/football_etl_dag.py
[2026-08-10T04:15:13.060+0000] {logging_mixin.py:188} INFO - [2026-08-10T04:15:13.059+0000] {dag.py:3089} INFO - Sync 1 DAGs
[2026-08-10T04:15:13.103+0000] {logging_mixin.py:188} INFO - [2026-08-10T04:15:13.103+0000] {dag.py:3947} INFO - Setting next_dagrun for football_etl to 2026-08-10 04:14:00+00:00, run_after=2026-08-10 04:16:00+00:00
[2026-08-10T04:15:13.140+0000] {processor.py:183} INFO - Processing /opt/airflow/dags/football_etl_dag.py took 0.221 seconds
[2026-08-10T04:15:43.292+0000] {processor.py:161} INFO - Started process (PID=685) to work on /opt/airflow/dags/football_etl_dag.py
[2026-08-10T04:15:43.294+0000] {processor.py:830} INFO - Processing file /opt/airflow/dags/football_etl_dag.py for tasks to queue
[2026-08-10T04:15:43.300+0000] {logging_mixin.py:188} INFO - [2026-08-10T04:15:43.299+0000] {dagbag.py:545} INFO - Filling up the DagBag from /opt/airflow/dags/football_etl_dag.py
[2026-08-10T04:15:43.362+0000] {processor.py:840} INFO - DAG(s) 'football_etl' retrieved from /opt/airflow/dags/football_etl_dag.py
[2026-08-10T04:15:43.423+0000] {logging_mixin.py:188} INFO - [2026-08-10T04:15:43.423+0000] {dag.py:3089} INFO - Sync 1 DAGs
[2026-08-10T04:15:43.470+0000] {logging_mixin.py:188} INFO - [2026-08-10T04:15:43.470+0000] {dag.py:3947} INFO - Setting next_dagrun for football_etl to 2026-08-10 04:14:00+00:00, run_after=2026-08-10 04:16:00+00:00
[2026-08-10T04:15:43.514+0000] {processor.py:183} INFO - Processing /opt/airflow/dags/football_etl_dag.py took 0.241 seconds
[2026-08-10T04:16:13.768+0000] {processor.py:161} INFO - Started process (PID=698) to work on /opt/airflow/dags/football_etl_dag.py
[2026-08-10T04:16:13.771+0000] {processor.py:830} INFO - Processing file /opt/airflow/dags/football_etl_dag.py for tasks to queue
[2026-08-10T04:16:13.776+0000] {logging_mixin.py:188} INFO - [2026-08-10T04:16:13.775+0000] {dagbag.py:545} INFO - Filling up the DagBag from /opt/airflow/dags/football_etl_dag.py
[2026-08-10T04:16:13.821+0000] {processor.py:840} INFO - DAG(s) 'football_etl' retrieved from /opt/airflow/dags/football_etl_dag.py
[2026-08-10T04:16:13.894+0000] {logging_mixin.py:188} INFO - [2026-08-10T04:16:13.894+0000] {dag.py:3089} INFO - Sync 1 DAGs
[2026-08-10T04:16:13.946+0000] {logging_mixin.py:188} INFO - [2026-08-10T04:16:13.946+0000] {dag.py:3947} INFO - Setting next_dagrun for football_etl to 2026-08-10 04:16:00+00:00, run_after=2026-08-10 04:18:00+00:00
[2026-08-10T04:16:13.982+0000] {processor.py:183} INFO - Processing /opt/airflow/dags/football_etl_dag.py took 0.228 seconds
[2026-08-10T04:16:44.258+0000] {processor.py:161} INFO - Started process (PID=703) to work on /opt/airflow/dags/football_etl_dag.py
[2026-08-10T04:16:44.261+0000] {processor.py:830} INFO - Processing file /opt/airflow/dags/football_etl_dag.py for tasks to queue
[2026-08-10T04:16:44.269+0000] {logging_mixin.py:188} INFO - [2026-08-10T04:16:44.268+0000] {dagbag.py:545} INFO - Filling up the DagBag from /opt/airflow/dags/football_etl_dag.py
[2026-08-10T04:16:44.329+0000] {processor.py:840} INFO - DAG(s) 'football_etl' retrieved from /opt/airflow/dags/football_etl_dag.py
[2026-08-10T04:16:44.436+0000] {logging_mixin.py:188} INFO - [2026-08-10T04:16:44.431+0000] {dag.py:3089} INFO - Sync 1 DAGs
[2026-08-10T04:16:44.560+0000] {logging_mixin.py:188} INFO - [2026-08-10T04:16:44.559+0000] {dag.py:3947} INFO - Setting next_dagrun for football_etl to 2026-08-10 04:16:00+00:00, run_after=2026-08-10 04:18:00+00:00
[2026-08-10T04:16:44.624+0000] {processor.py:183} INFO - Processing /opt/airflow/dags/football_etl_dag.py took 0.385 seconds
[2026-08-10T04:17:15.005+0000] {processor.py:161} INFO - Started process (PID=708) to work on /opt/airflow/dags/football_etl_dag.py
[2026-08-10T04:17:15.007+0000] {processor.py:830} INFO - Processing file /opt/airflow/dags/football_etl_dag.py for tasks to queue
[2026-08-10T04:17:15.011+0000] {logging_mixin.py:188} INFO - [2026-08-10T04:17:15.011+0000] {dagbag.py:545} INFO - Filling up the DagBag from /opt/airflow/dags/football_etl_dag.py
[2026-08-10T04:17:15.052+0000] {processor.py:840} INFO - DAG(s) 'football_etl' retrieved from /opt/airflow/dags/football_etl_dag.py
[2026-08-10T04:17:15.139+0000] {logging_mixin.py:188} INFO - [2026-08-10T04:17:15.138+0000] {dag.py:3089} INFO - Sync 1 DAGs
[2026-08-10T04:17:15.229+0000] {logging_mixin.py:188} INFO - [2026-08-10T04:17:15.229+0000] {dag.py:3947} INFO - Setting next_dagrun for football_etl to 2026-08-10 04:16:00+00:00, run_after=2026-08-10 04:18:00+00:00
[2026-08-10T04:17:15.286+0000] {processor.py:183} INFO - Processing /opt/airflow/dags/football_etl_dag.py took 0.291 seconds
[2026-08-10T04:17:45.741+0000] {processor.py:161} INFO - Started process (PID=713) to work on /opt/airflow/dags/football_etl_dag.py
[2026-08-10T04:17:45.744+0000] {processor.py:830} INFO - Processing file /opt/airflow/dags/football_etl_dag.py for tasks to queue
[2026-08-10T04:17:45.751+0000] {logging_mixin.py:188} INFO - [2026-08-10T04:17:45.750+0000] {dagbag.py:545} INFO - Filling up the DagBag from /opt/airflow/dags/football_etl_dag.py
[2026-08-10T04:17:45.813+0000] {processor.py:840} INFO - DAG(s) 'football_etl' retrieved from /opt/airflow/dags/football_etl_dag.py
[2026-08-10T04:17:45.898+0000] {logging_mixin.py:188} INFO - [2026-08-10T04:17:45.897+0000] {dag.py:3089} INFO - Sync 1 DAGs
[2026-08-10T04:17:45.947+0000] {logging_mixin.py:188} INFO - [2026-08-10T04:17:45.947+0000] {dag.py:3947} INFO - Setting next_dagrun for football_etl to 2026-08-10 04:16:00+00:00, run_after=2026-08-10 04:18:00+00:00
[2026-08-10T04:17:45.998+0000] {processor.py:183} INFO - Processing /opt/airflow/dags/football_etl_dag.py took 0.276 seconds
[2026-08-10T04:18:16.338+0000] {processor.py:161} INFO - Started process (PID=726) to work on /opt/airflow/dags/football_etl_dag.py
[2026-08-10T04:18:16.341+0000] {processor.py:830} INFO - Processing file /opt/airflow/dags/football_etl_dag.py for tasks to queue
[2026-08-10T04:18:16.348+0000] {logging_mixin.py:188} INFO - [2026-08-10T04:18:16.347+0000] {dagbag.py:545} INFO - Filling up the DagBag from /opt/airflow/dags/football_etl_dag.py
[2026-08-10T04:18:16.392+0000] {processor.py:840} INFO - DAG(s) 'football_etl' retrieved from /opt/airflow/dags/football_etl_dag.py
[2026-08-10T04:18:16.456+0000] {logging_mixin.py:188} INFO - [2026-08-10T04:18:16.456+0000] {dag.py:3089} INFO - Sync 1 DAGs
[2026-08-10T04:18:16.501+0000] {logging_mixin.py:188} INFO - [2026-08-10T04:18:16.501+0000] {dag.py:3947} INFO - Setting next_dagrun for football_etl to 2026-08-10 04:18:00+00:00, run_after=2026-08-10 04:20:00+00:00
[2026-08-10T04:18:16.538+0000] {processor.py:183} INFO - Processing /opt/airflow/dags/football_etl_dag.py took 0.211 seconds
[2026-08-10T04:18:46.785+0000] {processor.py:161} INFO - Started process (PID=731) to work on /opt/airflow/dags/football_etl_dag.py
[2026-08-10T04:18:46.788+0000] {processor.py:830} INFO - Processing file /opt/airflow/dags/football_etl_dag.py for tasks to queue
[2026-08-10T04:18:46.792+0000] {logging_mixin.py:188} INFO - [2026-08-10T04:18:46.791+0000] {dagbag.py:545} INFO - Filling up the DagBag from /opt/airflow/dags/football_etl_dag.py
[2026-08-10T04:18:46.835+0000] {processor.py:840} INFO - DAG(s) 'football_etl' retrieved from /opt/airflow/dags/football_etl_dag.py
[2026-08-10T04:18:46.898+0000] {logging_mixin.py:188} INFO - [2026-08-10T04:18:46.898+0000] {dag.py:3089} INFO - Sync 1 DAGs
[2026-08-10T04:18:46.943+0000] {logging_mixin.py:188} INFO - [2026-08-10T04:18:46.942+0000] {dag.py:3947} INFO - Setting next_dagrun for football_etl to 2026-08-10 04:18:00+00:00, run_after=2026-08-10 04:20:00+00:00
[2026-08-10T04:18:46.978+0000] {processor.py:183} INFO - Processing /opt/airflow/dags/football_etl_dag.py took 0.207 seconds
[2026-08-10T04:19:17.284+0000] {processor.py:161} INFO - Started process (PID=736) to work on /opt/airflow/dags/football_etl_dag.py
[2026-08-10T04:19:17.287+0000] {processor.py:830} INFO - Processing file /opt/airflow/dags/football_etl_dag.py for tasks to queue
[2026-08-10T04:19:17.292+0000] {logging_mixin.py:188} INFO - [2026-08-10T04:19:17.291+0000] {dagbag.py:545} INFO - Filling up the DagBag from /opt/airflow/dags/football_etl_dag.py
[2026-08-10T04:19:17.337+0000] {processor.py:840} INFO - DAG(s) 'football_etl' retrieved from /opt/airflow/dags/football_etl_dag.py
[2026-08-10T04:19:17.407+0000] {logging_mixin.py:188} INFO - [2026-08-10T04:19:17.407+0000] {dag.py:3089} INFO - Sync 1 DAGs
[2026-08-10T04:19:17.499+0000] {logging_mixin.py:188} INFO - [2026-08-10T04:19:17.499+0000] {dag.py:3947} INFO - Setting next_dagrun for football_etl to 2026-08-10 04:18:00+00:00, run_after=2026-08-10 04:20:00+00:00
[2026-08-10T04:19:17.549+0000] {processor.py:183} INFO - Processing /opt/airflow/dags/football_etl_dag.py took 0.284 seconds
[2026-08-10T04:19:47.942+0000] {processor.py:161} INFO - Started process (PID=741) to work on /opt/airflow/dags/football_etl_dag.py
[2026-08-10T04:19:47.944+0000] {processor.py:830} INFO - Processing file /opt/airflow/dags/football_etl_dag.py for tasks to queue
[2026-08-10T04:19:47.948+0000] {logging_mixin.py:188} INFO - [2026-08-10T04:19:47.947+0000] {dagbag.py:545} INFO - Filling up the DagBag from /opt/airflow/dags/football_etl_dag.py
[2026-08-10T04:19:47.989+0000] {processor.py:840} INFO - DAG(s) 'football_etl' retrieved from /opt/airflow/dags/football_etl_dag.py
[2026-08-10T04:19:48.045+0000] {logging_mixin.py:188} INFO - [2026-08-10T04:19:48.044+0000] {dag.py:3089} INFO - Sync 1 DAGs
[2026-08-10T04:19:48.090+0000] {logging_mixin.py:188} INFO - [2026-08-10T04:19:48.089+0000] {dag.py:3947} INFO - Setting next_dagrun for football_etl to 2026-08-10 04:18:00+00:00, run_after=2026-08-10 04:20:00+00:00
[2026-08-10T04:19:48.123+0000] {processor.py:183} INFO - Processing /opt/airflow/dags/football_etl_dag.py took 0.195 seconds
[2026-08-10T04:20:18.206+0000] {processor.py:161} INFO - Started process (PID=754) to work on /opt/airflow/dags/football_etl_dag.py
[2026-08-10T04:20:18.209+0000] {processor.py:830} INFO - Processing file /opt/airflow/dags/football_etl_dag.py for tasks to queue
[2026-08-10T04:20:18.213+0000] {logging_mixin.py:188} INFO - [2026-08-10T04:20:18.213+0000] {dagbag.py:545} INFO - Filling up the DagBag from /opt/airflow/dags/football_etl_dag.py
[2026-08-10T04:20:18.256+0000] {processor.py:840} INFO - DAG(s) 'football_etl' retrieved from /opt/airflow/dags/football_etl_dag.py
[2026-08-10T04:20:18.320+0000] {logging_mixin.py:188} INFO - [2026-08-10T04:20:18.319+0000] {dag.py:3089} INFO - Sync 1 DAGs
[2026-08-10T04:20:18.365+0000] {logging_mixin.py:188} INFO - [2026-08-10T04:20:18.364+0000] {dag.py:3947} INFO - Setting next_dagrun for football_etl to 2026-08-10 04:20:00+00:00, run_after=2026-08-10 04:22:00+00:00
[2026-08-10T04:20:18.400+0000] {processor.py:183} INFO - Processing /opt/airflow/dags/football_etl_dag.py took 0.208 seconds
[2026-08-10T04:20:48.627+0000] {processor.py:161} INFO - Started process (PID=759) to work on /opt/airflow/dags/football_etl_dag.py
[2026-08-10T04:20:48.630+0000] {processor.py:830} INFO - Processing file /opt/airflow/dags/football_etl_dag.py for tasks to queue
[2026-08-10T04:20:48.635+0000] {logging_mixin.py:188} INFO - [2026-08-10T04:20:48.634+0000] {dagbag.py:545} INFO - Filling up the DagBag from /opt/airflow/dags/football_etl_dag.py
[2026-08-10T04:20:48.679+0000] {processor.py:840} INFO - DAG(s) 'football_etl' retrieved from /opt/airflow/dags/football_etl_dag.py
[2026-08-10T04:20:48.741+0000] {logging_mixin.py:188} INFO - [2026-08-10T04:20:48.741+0000] {dag.py:3089} INFO - Sync 1 DAGs
[2026-08-10T04:20:48.785+0000] {logging_mixin.py:188} INFO - [2026-08-10T04:20:48.784+0000] {dag.py:3947} INFO - Setting next_dagrun for football_etl to 2026-08-10 04:20:00+00:00, run_after=2026-08-10 04:22:00+00:00
[2026-08-10T04:20:48.818+0000] {processor.py:183} INFO - Processing /opt/airflow/dags/football_etl_dag.py took 0.203 seconds
[2026-08-10T04:21:18.930+0000] {processor.py:161} INFO - Started process (PID=764) to work on /opt/airflow/dags/football_etl_dag.py
[2026-08-10T04:21:18.934+0000] {processor.py:830} INFO - Processing file /opt/airflow/dags/football_etl_dag.py for tasks to queue
[2026-08-10T04:21:18.939+0000] {logging_mixin.py:188} INFO - [2026-08-10T04:21:18.939+0000] {dagbag.py:545} INFO - Filling up the DagBag from /opt/airflow/dags/football_etl_dag.py
[2026-08-10T04:21:18.990+0000] {processor.py:840} INFO - DAG(s) 'football_etl' retrieved from /opt/airflow/dags/football_etl_dag.py
[2026-08-10T04:21:19.054+0000] {logging_mixin.py:188} INFO - [2026-08-10T04:21:19.054+0000] {dag.py:3089} INFO - Sync 1 DAGs
[2026-08-10T04:21:19.103+0000] {logging_mixin.py:188} INFO - [2026-08-10T04:21:19.103+0000] {dag.py:3947} INFO - Setting next_dagrun for football_etl to 2026-08-10 04:20:00+00:00, run_after=2026-08-10 04:22:00+00:00
[2026-08-10T04:21:19.155+0000] {processor.py:183} INFO - Processing /opt/airflow/dags/football_etl_dag.py took 0.238 seconds
[2026-08-10T04:21:49.450+0000] {processor.py:161} INFO - Started process (PID=769) to work on /opt/airflow/dags/football_etl_dag.py
[2026-08-10T04:21:49.452+0000] {processor.py:830} INFO - Processing file /opt/airflow/dags/football_etl_dag.py for tasks to queue
[2026-08-10T04:21:49.457+0000] {logging_mixin.py:188} INFO - [2026-08-10T04:21:49.456+0000] {dagbag.py:545} INFO - Filling up the DagBag from /opt/airflow/dags/football_etl_dag.py
[2026-08-10T04:21:49.504+0000] {processor.py:840} INFO - DAG(s) 'football_etl' retrieved from /opt/airflow/dags/football_etl_dag.py
[2026-08-10T04:21:49.581+0000] {logging_mixin.py:188} INFO - [2026-08-10T04:21:49.580+0000] {dag.py:3089} INFO - Sync 1 DAGs
[2026-08-10T04:21:49.626+0000] {logging_mixin.py:188} INFO - [2026-08-10T04:21:49.625+0000] {dag.py:3947} INFO - Setting next_dagrun for football_etl to 2026-08-10 04:20:00+00:00, run_after=2026-08-10 04:22:00+00:00
[2026-08-10T04:21:49.663+0000] {processor.py:183} INFO - Processing /opt/airflow/dags/football_etl_dag.py took 0.227 seconds
[2026-08-10T04:22:19.764+0000] {processor.py:161} INFO - Started process (PID=782) to work on /opt/airflow/dags/football_etl_dag.py
[2026-08-10T04:22:19.766+0000] {processor.py:830} INFO - Processing file /opt/airflow/dags/football_etl_dag.py for tasks to queue
[2026-08-10T04:22:19.772+0000] {logging_mixin.py:188} INFO - [2026-08-10T04:22:19.771+0000] {dagbag.py:545} INFO - Filling up the DagBag from /opt/airflow/dags/football_etl_dag.py
[2026-08-10T04:22:19.813+0000] {processor.py:840} INFO - DAG(s) 'football_etl' retrieved from /opt/airflow/dags/football_etl_dag.py
[2026-08-10T04:22:19.874+0000] {logging_mixin.py:188} INFO - [2026-08-10T04:22:19.874+0000] {dag.py:3089} INFO - Sync 1 DAGs
[2026-08-10T04:22:19.919+0000] {logging_mixin.py:188} INFO - [2026-08-10T04:22:19.919+0000] {dag.py:3947} INFO - Setting next_dagrun for football_etl to 2026-08-10 04:22:00+00:00, run_after=2026-08-10 04:24:00+00:00
[2026-08-10T04:22:23.307+0000] {processor.py:183} INFO - Processing /opt/airflow/dags/football_etl_dag.py took 3.555 seconds
[2026-08-10T04:22:53.561+0000] {processor.py:161} INFO - Started process (PID=787) to work on /opt/airflow/dags/football_etl_dag.py
[2026-08-10T04:22:53.564+0000] {processor.py:830} INFO - Processing file /opt/airflow/dags/football_etl_dag.py for tasks to queue
[2026-08-10T04:22:53.568+0000] {logging_mixin.py:188} INFO - [2026-08-10T04:22:53.568+0000] {dagbag.py:545} INFO - Filling up the DagBag from /opt/airflow/dags/football_etl_dag.py
[2026-08-10T04:22:53.611+0000] {processor.py:840} INFO - DAG(s) 'football_etl' retrieved from /opt/airflow/dags/football_etl_dag.py
[2026-08-10T04:22:53.676+0000] {logging_mixin.py:188} INFO - [2026-08-10T04:22:53.675+0000] {dag.py:3089} INFO - Sync 1 DAGs
[2026-08-10T04:22:53.721+0000] {logging_mixin.py:188} INFO - [2026-08-10T04:22:53.720+0000] {dag.py:3947} INFO - Setting next_dagrun for football_etl to 2026-08-10 04:22:00+00:00, run_after=2026-08-10 04:24:00+00:00
[2026-08-10T04:22:53.762+0000] {processor.py:183} INFO - Processing /opt/airflow/dags/football_etl_dag.py took 0.213 seconds
[2026-08-10T04:23:24.099+0000] {processor.py:161} INFO - Started process (PID=792) to work on /opt/airflow/dags/football_etl_dag.py
[2026-08-10T04:23:24.101+0000] {processor.py:830} INFO - Processing file /opt/airflow/dags/football_etl_dag.py for tasks to queue
[2026-08-10T04:23:24.107+0000] {logging_mixin.py:188} INFO - [2026-08-10T04:23:24.106+0000] {dagbag.py:545} INFO - Filling up the DagBag from /opt/airflow/dags/football_etl_dag.py
[2026-08-10T04:23:24.171+0000] {processor.py:840} INFO - DAG(s) 'football_etl' retrieved from /opt/airflow/dags/football_etl_dag.py
[2026-08-10T04:23:24.234+0000] {logging_mixin.py:188} INFO - [2026-08-10T04:23:24.234+0000] {dag.py:3089} INFO - Sync 1 DAGs
[2026-08-10T04:23:24.285+0000] {logging_mixin.py:188} INFO - [2026-08-10T04:23:24.284+0000] {dag.py:3947} INFO - Setting next_dagrun for football_etl to 2026-08-10 04:22:00+00:00, run_after=2026-08-10 04:24:00+00:00
[2026-08-10T04:23:24.323+0000] {processor.py:183} INFO - Processing /opt/airflow/dags/football_etl_dag.py took 0.237 seconds
[2026-08-10T04:23:54.700+0000] {processor.py:161} INFO - Started process (PID=797) to work on /opt/airflow/dags/football_etl_dag.py
[2026-08-10T04:23:54.703+0000] {processor.py:830} INFO - Processing file /opt/airflow/dags/football_etl_dag.py for tasks to queue
[2026-08-10T04:23:54.712+0000] {logging_mixin.py:188} INFO - [2026-08-10T04:23:54.711+0000] {dagbag.py:545} INFO - Filling up the DagBag from /opt/airflow/dags/football_etl_dag.py
[2026-08-10T04:23:54.766+0000] {processor.py:840} INFO - DAG(s) 'football_etl' retrieved from /opt/airflow/dags/football_etl_dag.py
[2026-08-10T04:23:54.857+0000] {logging_mixin.py:188} INFO - [2026-08-10T04:23:54.857+0000] {dag.py:3089} INFO - Sync 1 DAGs
[2026-08-10T04:23:54.933+0000] {logging_mixin.py:188} INFO - [2026-08-10T04:23:54.932+0000] {dag.py:3947} INFO - Setting next_dagrun for football_etl to 2026-08-10 04:22:00+00:00, run_after=2026-08-10 04:24:00+00:00
[2026-08-10T04:23:54.997+0000] {processor.py:183} INFO - Processing /opt/airflow/dags/football_etl_dag.py took 0.319 seconds
[2026-08-10T04:45:47.542+0000] {processor.py:161} INFO - Started process (PID=163) to work on /opt/airflow/dags/football_etl_dag.py
[2026-08-10T04:45:47.565+0000] {processor.py:830} INFO - Processing file /opt/airflow/dags/football_etl_dag.py for tasks to queue
[2026-08-10T04:45:47.574+0000] {logging_mixin.py:188} INFO - [2026-08-10T04:45:47.573+0000] {dagbag.py:545} INFO - Filling up the DagBag from /opt/airflow/dags/football_etl_dag.py
[2026-08-10T04:45:47.702+0000] {processor.py:840} INFO - DAG(s) 'football_etl' retrieved from /opt/airflow/dags/football_etl_dag.py
[2026-08-10T04:45:47.971+0000] {logging_mixin.py:188} INFO - [2026-08-10T04:45:47.970+0000] {dag.py:3089} INFO - Sync 1 DAGs
[2026-08-10T04:45:48.193+0000] {logging_mixin.py:188} INFO - [2026-08-10T04:45:48.193+0000] {dag.py:3947} INFO - Setting next_dagrun for football_etl to 2026-08-10 04:44:00+00:00, run_after=2026-08-10 04:46:00+00:00
[2026-08-10T04:45:48.303+0000] {processor.py:183} INFO - Processing /opt/airflow/dags/football_etl_dag.py took 0.808 seconds
[2026-08-10T04:46:18.578+0000] {processor.py:161} INFO - Started process (PID=186) to work on /opt/airflow/dags/football_etl_dag.py
[2026-08-10T04:46:18.604+0000] {processor.py:830} INFO - Processing file /opt/airflow/dags/football_etl_dag.py for tasks to queue
[2026-08-10T04:46:18.632+0000] {logging_mixin.py:188} INFO - [2026-08-10T04:46:18.631+0000] {dagbag.py:545} INFO - Filling up the DagBag from /opt/airflow/dags/football_etl_dag.py
[2026-08-10T04:46:18.821+0000] {processor.py:840} INFO - DAG(s) 'football_etl' retrieved from /opt/airflow/dags/football_etl_dag.py
[2026-08-10T04:46:19.723+0000] {logging_mixin.py:188} INFO - [2026-08-10T04:46:19.722+0000] {dag.py:3089} INFO - Sync 1 DAGs
[2026-08-10T04:46:19.814+0000] {logging_mixin.py:188} INFO - [2026-08-10T04:46:19.810+0000] {dag.py:3947} INFO - Setting next_dagrun for football_etl to 2026-08-10 04:46:00+00:00, run_after=2026-08-10 04:48:00+00:00
[2026-08-10T04:46:19.908+0000] {processor.py:183} INFO - Processing /opt/airflow/dags/football_etl_dag.py took 1.430 seconds
[2026-08-10T04:46:50.110+0000] {processor.py:161} INFO - Started process (PID=192) to work on /opt/airflow/dags/football_etl_dag.py
[2026-08-10T04:46:50.121+0000] {processor.py:830} INFO - Processing file /opt/airflow/dags/football_etl_dag.py for tasks to queue
[2026-08-10T04:46:50.142+0000] {logging_mixin.py:188} INFO - [2026-08-10T04:46:50.141+0000] {dagbag.py:545} INFO - Filling up the DagBag from /opt/airflow/dags/football_etl_dag.py
[2026-08-10T04:46:50.307+0000] {processor.py:840} INFO - DAG(s) 'football_etl' retrieved from /opt/airflow/dags/football_etl_dag.py
[2026-08-10T04:46:50.480+0000] {logging_mixin.py:188} INFO - [2026-08-10T04:46:50.479+0000] {dag.py:3089} INFO - Sync 1 DAGs
[2026-08-10T04:46:50.607+0000] {logging_mixin.py:188} INFO - [2026-08-10T04:46:50.607+0000] {dag.py:3947} INFO - Setting next_dagrun for football_etl to 2026-08-10 04:46:00+00:00, run_after=2026-08-10 04:48:00+00:00
[2026-08-10T04:46:50.770+0000] {processor.py:183} INFO - Processing /opt/airflow/dags/football_etl_dag.py took 0.690 seconds
[2026-08-10T04:47:20.990+0000] {processor.py:161} INFO - Started process (PID=197) to work on /opt/airflow/dags/football_etl_dag.py
[2026-08-10T04:47:20.994+0000] {processor.py:830} INFO - Processing file /opt/airflow/dags/football_etl_dag.py for tasks to queue
[2026-08-10T04:47:21.011+0000] {logging_mixin.py:188} INFO - [2026-08-10T04:47:21.010+0000] {dagbag.py:545} INFO - Filling up the DagBag from /opt/airflow/dags/football_etl_dag.py
[2026-08-10T04:47:21.120+0000] {processor.py:840} INFO - DAG(s) 'football_etl' retrieved from /opt/airflow/dags/football_etl_dag.py
[2026-08-10T04:47:21.298+0000] {logging_mixin.py:188} INFO - [2026-08-10T04:47:21.297+0000] {dag.py:3089} INFO - Sync 1 DAGs
[2026-08-10T04:47:21.465+0000] {logging_mixin.py:188} INFO - [2026-08-10T04:47:21.465+0000] {dag.py:3947} INFO - Setting next_dagrun for football_etl to 2026-08-10 04:46:00+00:00, run_after=2026-08-10 04:48:00+00:00
[2026-08-10T04:47:21.579+0000] {processor.py:183} INFO - Processing /opt/airflow/dags/football_etl_dag.py took 0.612 seconds
[2026-08-10T04:47:51.962+0000] {processor.py:161} INFO - Started process (PID=202) to work on /opt/airflow/dags/football_etl_dag.py
[2026-08-10T04:47:51.966+0000] {processor.py:830} INFO - Processing file /opt/airflow/dags/football_etl_dag.py for tasks to queue
[2026-08-10T04:47:51.974+0000] {logging_mixin.py:188} INFO - [2026-08-10T04:47:51.973+0000] {dagbag.py:545} INFO - Filling up the DagBag from /opt/airflow/dags/football_etl_dag.py
[2026-08-10T04:47:52.032+0000] {processor.py:840} INFO - DAG(s) 'football_etl' retrieved from /opt/airflow/dags/football_etl_dag.py
[2026-08-10T04:47:52.136+0000] {logging_mixin.py:188} INFO - [2026-08-10T04:47:52.135+0000] {dag.py:3089} INFO - Sync 1 DAGs
[2026-08-10T04:47:52.216+0000] {logging_mixin.py:188} INFO - [2026-08-10T04:47:52.216+0000] {dag.py:3947} INFO - Setting next_dagrun for football_etl to 2026-08-10 04:46:00+00:00, run_after=2026-08-10 04:48:00+00:00
[2026-08-10T04:47:52.266+0000] {processor.py:183} INFO - Processing /opt/airflow/dags/football_etl_dag.py took 0.327 seconds
[2026-08-10T04:48:22.571+0000] {processor.py:161} INFO - Started process (PID=215) to work on /opt/airflow/dags/football_etl_dag.py
[2026-08-10T04:48:22.573+0000] {processor.py:830} INFO - Processing file /opt/airflow/dags/football_etl_dag.py for tasks to queue
[2026-08-10T04:48:22.577+0000] {logging_mixin.py:188} INFO - [2026-08-10T04:48:22.576+0000] {dagbag.py:545} INFO - Filling up the DagBag from /opt/airflow/dags/football_etl_dag.py
[2026-08-10T04:48:22.625+0000] {processor.py:840} INFO - DAG(s) 'football_etl' retrieved from /opt/airflow/dags/football_etl_dag.py
[2026-08-10T04:48:22.698+0000] {logging_mixin.py:188} INFO - [2026-08-10T04:48:22.698+0000] {dag.py:3089} INFO - Sync 1 DAGs
[2026-08-10T04:48:22.753+0000] {logging_mixin.py:188} INFO - [2026-08-10T04:48:22.752+0000] {dag.py:3947} INFO - Setting next_dagrun for football_etl to 2026-08-10 04:48:00+00:00, run_after=2026-08-10 04:50:00+00:00
[2026-08-10T04:48:22.797+0000] {processor.py:183} INFO - Processing /opt/airflow/dags/football_etl_dag.py took 0.239 seconds
[2026-08-10T04:48:53.090+0000] {processor.py:161} INFO - Started process (PID=220) to work on /opt/airflow/dags/football_etl_dag.py
[2026-08-10T04:48:53.092+0000] {processor.py:830} INFO - Processing file /opt/airflow/dags/football_etl_dag.py for tasks to queue
[2026-08-10T04:48:53.097+0000] {logging_mixin.py:188} INFO - [2026-08-10T04:48:53.097+0000] {dagbag.py:545} INFO - Filling up the DagBag from /opt/airflow/dags/football_etl_dag.py
[2026-08-10T04:48:53.144+0000] {processor.py:840} INFO - DAG(s) 'football_etl' retrieved from /opt/airflow/dags/football_etl_dag.py
[2026-08-10T04:48:53.239+0000] {logging_mixin.py:188} INFO - [2026-08-10T04:48:53.239+0000] {dag.py:3089} INFO - Sync 1 DAGs
[2026-08-10T04:48:53.297+0000] {logging_mixin.py:188} INFO - [2026-08-10T04:48:53.296+0000] {dag.py:3947} INFO - Setting next_dagrun for football_etl to 2026-08-10 04:48:00+00:00, run_after=2026-08-10 04:50:00+00:00
[2026-08-10T04:48:53.348+0000] {processor.py:183} INFO - Processing /opt/airflow/dags/football_etl_dag.py took 0.274 seconds
[2026-08-10T04:49:23.515+0000] {processor.py:161} INFO - Started process (PID=225) to work on /opt/airflow/dags/football_etl_dag.py
[2026-08-10T04:49:23.518+0000] {processor.py:830} INFO - Processing file /opt/airflow/dags/football_etl_dag.py for tasks to queue
[2026-08-10T04:49:23.523+0000] {logging_mixin.py:188} INFO - [2026-08-10T04:49:23.522+0000] {dagbag.py:545} INFO - Filling up the DagBag from /opt/airflow/dags/football_etl_dag.py
[2026-08-10T04:49:23.571+0000] {processor.py:840} INFO - DAG(s) 'football_etl' retrieved from /opt/airflow/dags/football_etl_dag.py
[2026-08-10T04:49:23.653+0000] {logging_mixin.py:188} INFO - [2026-08-10T04:49:23.653+0000] {dag.py:3089} INFO - Sync 1 DAGs
[2026-08-10T04:49:23.717+0000] {logging_mixin.py:188} INFO - [2026-08-10T04:49:23.717+0000] {dag.py:3947} INFO - Setting next_dagrun for football_etl to 2026-08-10 04:48:00+00:00, run_after=2026-08-10 04:50:00+00:00
[2026-08-10T04:49:23.763+0000] {processor.py:183} INFO - Processing /opt/airflow/dags/football_etl_dag.py took 0.262 seconds
[2026-08-10T04:49:53.855+0000] {processor.py:161} INFO - Started process (PID=230) to work on /opt/airflow/dags/football_etl_dag.py
[2026-08-10T04:49:53.858+0000] {processor.py:830} INFO - Processing file /opt/airflow/dags/football_etl_dag.py for tasks to queue
[2026-08-10T04:49:53.863+0000] {logging_mixin.py:188} INFO - [2026-08-10T04:49:53.862+0000] {dagbag.py:545} INFO - Filling up the DagBag from /opt/airflow/dags/football_etl_dag.py
[2026-08-10T04:49:53.908+0000] {processor.py:840} INFO - DAG(s) 'football_etl' retrieved from /opt/airflow/dags/football_etl_dag.py
[2026-08-10T04:49:53.979+0000] {logging_mixin.py:188} INFO - [2026-08-10T04:49:53.979+0000] {dag.py:3089} INFO - Sync 1 DAGs
[2026-08-10T04:49:54.035+0000] {logging_mixin.py:188} INFO - [2026-08-10T04:49:54.035+0000] {dag.py:3947} INFO - Setting next_dagrun for football_etl to 2026-08-10 04:48:00+00:00, run_after=2026-08-10 04:50:00+00:00
[2026-08-10T04:49:54.078+0000] {processor.py:183} INFO - Processing /opt/airflow/dags/football_etl_dag.py took 0.236 seconds
[2026-08-10T04:50:24.262+0000] {processor.py:161} INFO - Started process (PID=243) to work on /opt/airflow/dags/football_etl_dag.py
[2026-08-10T04:50:24.265+0000] {processor.py:830} INFO - Processing file /opt/airflow/dags/football_etl_dag.py for tasks to queue
[2026-08-10T04:50:24.272+0000] {logging_mixin.py:188} INFO - [2026-08-10T04:50:24.271+0000] {dagbag.py:545} INFO - Filling up the DagBag from /opt/airflow/dags/football_etl_dag.py
[2026-08-10T04:50:24.319+0000] {processor.py:840} INFO - DAG(s) 'football_etl' retrieved from /opt/airflow/dags/football_etl_dag.py
[2026-08-10T04:50:24.431+0000] {logging_mixin.py:188} INFO - [2026-08-10T04:50:24.431+0000] {dag.py:3089} INFO - Sync 1 DAGs
[2026-08-10T04:50:24.556+0000] {logging_mixin.py:188} INFO - [2026-08-10T04:50:24.555+0000] {dag.py:3947} INFO - Setting next_dagrun for football_etl to 2026-08-10 04:50:00+00:00, run_after=2026-08-10 04:52:00+00:00
[2026-08-10T04:50:24.623+0000] {processor.py:183} INFO - Processing /opt/airflow/dags/football_etl_dag.py took 0.377 seconds
[2026-08-10T04:50:54.965+0000] {processor.py:161} INFO - Started process (PID=248) to work on /opt/airflow/dags/football_etl_dag.py
[2026-08-10T04:50:54.968+0000] {processor.py:830} INFO - Processing file /opt/airflow/dags/football_etl_dag.py for tasks to queue
[2026-08-10T04:50:54.974+0000] {logging_mixin.py:188} INFO - [2026-08-10T04:50:54.973+0000] {dagbag.py:545} INFO - Filling up the DagBag from /opt/airflow/dags/football_etl_dag.py
[2026-08-10T04:50:55.026+0000] {processor.py:840} INFO - DAG(s) 'football_etl' retrieved from /opt/airflow/dags/football_etl_dag.py
[2026-08-10T04:50:55.093+0000] {logging_mixin.py:188} INFO - [2026-08-10T04:50:55.093+0000] {dag.py:3089} INFO - Sync 1 DAGs
[2026-08-10T04:50:55.144+0000] {logging_mixin.py:188} INFO - [2026-08-10T04:50:55.143+0000] {dag.py:3947} INFO - Setting next_dagrun for football_etl to 2026-08-10 04:50:00+00:00, run_after=2026-08-10 04:52:00+00:00
[2026-08-10T04:50:55.182+0000] {processor.py:183} INFO - Processing /opt/airflow/dags/football_etl_dag.py took 0.238 seconds
[2026-08-10T04:51:25.497+0000] {processor.py:161} INFO - Started process (PID=253) to work on /opt/airflow/dags/football_etl_dag.py
[2026-08-10T04:51:25.501+0000] {processor.py:830} INFO - Processing file /opt/airflow/dags/football_etl_dag.py for tasks to queue
[2026-08-10T04:51:25.508+0000] {logging_mixin.py:188} INFO - [2026-08-10T04:51:25.507+0000] {dagbag.py:545} INFO - Filling up the DagBag from /opt/airflow/dags/football_etl_dag.py
[2026-08-10T04:51:25.564+0000] {processor.py:840} INFO - DAG(s) 'football_etl' retrieved from /opt/airflow/dags/football_etl_dag.py
[2026-08-10T04:51:25.639+0000] {logging_mixin.py:188} INFO - [2026-08-10T04:51:25.639+0000] {dag.py:3089} INFO - Sync 1 DAGs
[2026-08-10T04:51:25.698+0000] {logging_mixin.py:188} INFO - [2026-08-10T04:51:25.697+0000] {dag.py:3947} INFO - Setting next_dagrun for football_etl to 2026-08-10 04:50:00+00:00, run_after=2026-08-10 04:52:00+00:00
[2026-08-10T04:51:25.744+0000] {processor.py:183} INFO - Processing /opt/airflow/dags/football_etl_dag.py took 0.263 seconds
[2026-08-10T04:51:56.096+0000] {processor.py:161} INFO - Started process (PID=258) to work on /opt/airflow/dags/football_etl_dag.py
[2026-08-10T04:51:56.110+0000] {processor.py:830} INFO - Processing file /opt/airflow/dags/football_etl_dag.py for tasks to queue
[2026-08-10T04:51:56.128+0000] {logging_mixin.py:188} INFO - [2026-08-10T04:51:56.121+0000] {dagbag.py:545} INFO - Filling up the DagBag from /opt/airflow/dags/football_etl_dag.py
[2026-08-10T04:51:56.403+0000] {processor.py:840} INFO - DAG(s) 'football_etl' retrieved from /opt/airflow/dags/football_etl_dag.py
[2026-08-10T04:51:56.616+0000] {logging_mixin.py:188} INFO - [2026-08-10T04:51:56.615+0000] {dag.py:3089} INFO - Sync 1 DAGs
[2026-08-10T04:51:56.787+0000] {logging_mixin.py:188} INFO - [2026-08-10T04:51:56.786+0000] {dag.py:3947} INFO - Setting next_dagrun for football_etl to 2026-08-10 04:50:00+00:00, run_after=2026-08-10 04:52:00+00:00
[2026-08-10T04:51:56.912+0000] {processor.py:183} INFO - Processing /opt/airflow/dags/football_etl_dag.py took 0.866 seconds
[2026-08-10T04:52:27.241+0000] {processor.py:161} INFO - Started process (PID=271) to work on /opt/airflow/dags/football_etl_dag.py
[2026-08-10T04:52:27.244+0000] {processor.py:830} INFO - Processing file /opt/airflow/dags/football_etl_dag.py for tasks to queue
[2026-08-10T04:52:27.249+0000] {logging_mixin.py:188} INFO - [2026-08-10T04:52:27.248+0000] {dagbag.py:545} INFO - Filling up the DagBag from /opt/airflow/dags/football_etl_dag.py
[2026-08-10T04:52:27.300+0000] {processor.py:840} INFO - DAG(s) 'football_etl' retrieved from /opt/airflow/dags/football_etl_dag.py
[2026-08-10T04:52:27.378+0000] {logging_mixin.py:188} INFO - [2026-08-10T04:52:27.377+0000] {dag.py:3089} INFO - Sync 1 DAGs
[2026-08-10T04:52:27.439+0000] {logging_mixin.py:188} INFO - [2026-08-10T04:52:27.438+0000] {dag.py:3947} INFO - Setting next_dagrun for football_etl to 2026-08-10 04:52:00+00:00, run_after=2026-08-10 04:54:00+00:00
[2026-08-10T04:52:27.478+0000] {processor.py:183} INFO - Processing /opt/airflow/dags/football_etl_dag.py took 0.255 seconds
[2026-08-10T04:52:57.754+0000] {processor.py:161} INFO - Started process (PID=276) to work on /opt/airflow/dags/football_etl_dag.py
[2026-08-10T04:52:57.756+0000] {processor.py:830} INFO - Processing file /opt/airflow/dags/football_etl_dag.py for tasks to queue
[2026-08-10T04:52:57.762+0000] {logging_mixin.py:188} INFO - [2026-08-10T04:52:57.761+0000] {dagbag.py:545} INFO - Filling up the DagBag from /opt/airflow/dags/football_etl_dag.py
[2026-08-10T04:52:57.802+0000] {processor.py:840} INFO - DAG(s) 'football_etl' retrieved from /opt/airflow/dags/football_etl_dag.py
[2026-08-10T04:52:57.867+0000] {logging_mixin.py:188} INFO - [2026-08-10T04:52:57.867+0000] {dag.py:3089} INFO - Sync 1 DAGs
[2026-08-10T04:52:57.919+0000] {logging_mixin.py:188} INFO - [2026-08-10T04:52:57.919+0000] {dag.py:3947} INFO - Setting next_dagrun for football_etl to 2026-08-10 04:52:00+00:00, run_after=2026-08-10 04:54:00+00:00
[2026-08-10T04:52:57.956+0000] {processor.py:183} INFO - Processing /opt/airflow/dags/football_etl_dag.py took 0.216 seconds
