[2026-07-28T16:40:36.304+0000] {processor.py:161} INFO - Started process (PID=163) to work on /opt/airflow/dags/football_etl_dag.py
[2026-07-28T16:40:36.307+0000] {processor.py:830} INFO - Processing file /opt/airflow/dags/football_etl_dag.py for tasks to queue
[2026-07-28T16:40:36.311+0000] {logging_mixin.py:188} INFO - [2026-07-28T16:40:36.310+0000] {dagbag.py:545} INFO - Filling up the DagBag from /opt/airflow/dags/football_etl_dag.py
[2026-07-28T16:40:36.346+0000] {processor.py:840} INFO - DAG(s) 'football_etl' retrieved from /opt/airflow/dags/football_etl_dag.py
[2026-07-28T16:40:36.423+0000] {logging_mixin.py:188} INFO - [2026-07-28T16:40:36.423+0000] {dag.py:3089} INFO - Sync 1 DAGs
[2026-07-28T16:40:36.503+0000] {logging_mixin.py:188} INFO - [2026-07-28T16:40:36.503+0000] {dag.py:3947} INFO - Setting next_dagrun for football_etl to 2026-07-28 16:40:00+00:00, run_after=2026-07-28 16:42:00+00:00
[2026-07-28T16:40:36.548+0000] {processor.py:183} INFO - Processing /opt/airflow/dags/football_etl_dag.py took 0.254 seconds
[2026-07-28T16:41:06.781+0000] {processor.py:161} INFO - Started process (PID=189) to work on /opt/airflow/dags/football_etl_dag.py
[2026-07-28T16:41:06.784+0000] {processor.py:830} INFO - Processing file /opt/airflow/dags/football_etl_dag.py for tasks to queue
[2026-07-28T16:41:06.789+0000] {logging_mixin.py:188} INFO - [2026-07-28T16:41:06.788+0000] {dagbag.py:545} INFO - Filling up the DagBag from /opt/airflow/dags/football_etl_dag.py
[2026-07-28T16:41:06.832+0000] {processor.py:840} INFO - DAG(s) 'football_etl' retrieved from /opt/airflow/dags/football_etl_dag.py
[2026-07-28T16:41:07.150+0000] {logging_mixin.py:188} INFO - [2026-07-28T16:41:07.149+0000] {dag.py:3089} INFO - Sync 1 DAGs
[2026-07-28T16:41:07.192+0000] {logging_mixin.py:188} INFO - [2026-07-28T16:41:07.192+0000] {dag.py:3947} INFO - Setting next_dagrun for football_etl to 2026-07-28 16:40:00+00:00, run_after=2026-07-28 16:42:00+00:00
[2026-07-28T16:41:07.227+0000] {processor.py:183} INFO - Processing /opt/airflow/dags/football_etl_dag.py took 0.460 seconds
[2026-07-28T16:41:37.475+0000] {processor.py:161} INFO - Started process (PID=194) to work on /opt/airflow/dags/football_etl_dag.py
[2026-07-28T16:41:37.478+0000] {processor.py:830} INFO - Processing file /opt/airflow/dags/football_etl_dag.py for tasks to queue
[2026-07-28T16:41:37.483+0000] {logging_mixin.py:188} INFO - [2026-07-28T16:41:37.482+0000] {dagbag.py:545} INFO - Filling up the DagBag from /opt/airflow/dags/football_etl_dag.py
[2026-07-28T16:41:37.525+0000] {processor.py:840} INFO - DAG(s) 'football_etl' retrieved from /opt/airflow/dags/football_etl_dag.py
[2026-07-28T16:41:37.598+0000] {logging_mixin.py:188} INFO - [2026-07-28T16:41:37.598+0000] {dag.py:3089} INFO - Sync 1 DAGs
[2026-07-28T16:41:37.647+0000] {logging_mixin.py:188} INFO - [2026-07-28T16:41:37.647+0000] {dag.py:3947} INFO - Setting next_dagrun for football_etl to 2026-07-28 16:40:00+00:00, run_after=2026-07-28 16:42:00+00:00
[2026-07-28T16:41:37.679+0000] {processor.py:183} INFO - Processing /opt/airflow/dags/football_etl_dag.py took 0.219 seconds
[2026-07-28T16:42:07.914+0000] {processor.py:161} INFO - Started process (PID=205) to work on /opt/airflow/dags/football_etl_dag.py
[2026-07-28T16:42:07.916+0000] {processor.py:830} INFO - Processing file /opt/airflow/dags/football_etl_dag.py for tasks to queue
[2026-07-28T16:42:07.919+0000] {logging_mixin.py:188} INFO - [2026-07-28T16:42:07.918+0000] {dagbag.py:545} INFO - Filling up the DagBag from /opt/airflow/dags/football_etl_dag.py
[2026-07-28T16:42:07.942+0000] {processor.py:840} INFO - DAG(s) 'football_etl' retrieved from /opt/airflow/dags/football_etl_dag.py
[2026-07-28T16:42:07.977+0000] {logging_mixin.py:188} INFO - [2026-07-28T16:42:07.977+0000] {dag.py:3089} INFO - Sync 1 DAGs
[2026-07-28T16:42:08.005+0000] {logging_mixin.py:188} INFO - [2026-07-28T16:42:08.005+0000] {dag.py:3947} INFO - Setting next_dagrun for football_etl to 2026-07-28 16:42:00+00:00, run_after=2026-07-28 16:44:00+00:00
[2026-07-28T16:42:08.027+0000] {processor.py:183} INFO - Processing /opt/airflow/dags/football_etl_dag.py took 0.120 seconds
[2026-07-28T16:42:38.188+0000] {processor.py:161} INFO - Started process (PID=212) to work on /opt/airflow/dags/football_etl_dag.py
[2026-07-28T16:42:38.190+0000] {processor.py:830} INFO - Processing file /opt/airflow/dags/football_etl_dag.py for tasks to queue
[2026-07-28T16:42:38.192+0000] {logging_mixin.py:188} INFO - [2026-07-28T16:42:38.192+0000] {dagbag.py:545} INFO - Filling up the DagBag from /opt/airflow/dags/football_etl_dag.py
[2026-07-28T16:42:38.213+0000] {processor.py:840} INFO - DAG(s) 'football_etl' retrieved from /opt/airflow/dags/football_etl_dag.py
[2026-07-28T16:42:38.249+0000] {logging_mixin.py:188} INFO - [2026-07-28T16:42:38.249+0000] {dag.py:3089} INFO - Sync 1 DAGs
[2026-07-28T16:42:38.274+0000] {logging_mixin.py:188} INFO - [2026-07-28T16:42:38.274+0000] {dag.py:3947} INFO - Setting next_dagrun for football_etl to 2026-07-28 16:42:00+00:00, run_after=2026-07-28 16:44:00+00:00
[2026-07-28T16:42:38.293+0000] {processor.py:183} INFO - Processing /opt/airflow/dags/football_etl_dag.py took 0.112 seconds
[2026-07-28T16:43:08.435+0000] {processor.py:161} INFO - Started process (PID=217) to work on /opt/airflow/dags/football_etl_dag.py
[2026-07-28T16:43:08.437+0000] {processor.py:830} INFO - Processing file /opt/airflow/dags/football_etl_dag.py for tasks to queue
[2026-07-28T16:43:08.440+0000] {logging_mixin.py:188} INFO - [2026-07-28T16:43:08.440+0000] {dagbag.py:545} INFO - Filling up the DagBag from /opt/airflow/dags/football_etl_dag.py
[2026-07-28T16:43:08.469+0000] {processor.py:840} INFO - DAG(s) 'football_etl' retrieved from /opt/airflow/dags/football_etl_dag.py
[2026-07-28T16:43:08.558+0000] {logging_mixin.py:188} INFO - [2026-07-28T16:43:08.558+0000] {dag.py:3089} INFO - Sync 1 DAGs
[2026-07-28T16:43:08.595+0000] {logging_mixin.py:188} INFO - [2026-07-28T16:43:08.595+0000] {dag.py:3947} INFO - Setting next_dagrun for football_etl to 2026-07-28 16:42:00+00:00, run_after=2026-07-28 16:44:00+00:00
[2026-07-28T16:43:08.620+0000] {processor.py:183} INFO - Processing /opt/airflow/dags/football_etl_dag.py took 0.194 seconds
[2026-07-28T16:43:38.723+0000] {processor.py:161} INFO - Started process (PID=222) to work on /opt/airflow/dags/football_etl_dag.py
[2026-07-28T16:43:38.724+0000] {processor.py:830} INFO - Processing file /opt/airflow/dags/football_etl_dag.py for tasks to queue
[2026-07-28T16:43:38.727+0000] {logging_mixin.py:188} INFO - [2026-07-28T16:43:38.727+0000] {dagbag.py:545} INFO - Filling up the DagBag from /opt/airflow/dags/football_etl_dag.py
[2026-07-28T16:43:38.754+0000] {processor.py:840} INFO - DAG(s) 'football_etl' retrieved from /opt/airflow/dags/football_etl_dag.py
[2026-07-28T16:43:38.795+0000] {logging_mixin.py:188} INFO - [2026-07-28T16:43:38.795+0000] {dag.py:3089} INFO - Sync 1 DAGs
[2026-07-28T16:43:38.826+0000] {logging_mixin.py:188} INFO - [2026-07-28T16:43:38.826+0000] {dag.py:3947} INFO - Setting next_dagrun for football_etl to 2026-07-28 16:42:00+00:00, run_after=2026-07-28 16:44:00+00:00
[2026-07-28T16:43:38.856+0000] {processor.py:183} INFO - Processing /opt/airflow/dags/football_etl_dag.py took 0.141 seconds
[2026-07-28T16:44:09.010+0000] {processor.py:161} INFO - Started process (PID=233) to work on /opt/airflow/dags/football_etl_dag.py
[2026-07-28T16:44:09.011+0000] {processor.py:830} INFO - Processing file /opt/airflow/dags/football_etl_dag.py for tasks to queue
[2026-07-28T16:44:09.014+0000] {logging_mixin.py:188} INFO - [2026-07-28T16:44:09.014+0000] {dagbag.py:545} INFO - Filling up the DagBag from /opt/airflow/dags/football_etl_dag.py
[2026-07-28T16:44:09.042+0000] {processor.py:840} INFO - DAG(s) 'football_etl' retrieved from /opt/airflow/dags/football_etl_dag.py
[2026-07-28T16:44:09.090+0000] {logging_mixin.py:188} INFO - [2026-07-28T16:44:09.090+0000] {dag.py:3089} INFO - Sync 1 DAGs
[2026-07-28T16:44:09.125+0000] {logging_mixin.py:188} INFO - [2026-07-28T16:44:09.124+0000] {dag.py:3947} INFO - Setting next_dagrun for football_etl to 2026-07-28 16:44:00+00:00, run_after=2026-07-28 16:46:00+00:00
[2026-07-28T16:44:09.150+0000] {processor.py:183} INFO - Processing /opt/airflow/dags/football_etl_dag.py took 0.149 seconds
[2026-07-28T16:44:39.237+0000] {processor.py:161} INFO - Started process (PID=240) to work on /opt/airflow/dags/football_etl_dag.py
[2026-07-28T16:44:39.238+0000] {processor.py:830} INFO - Processing file /opt/airflow/dags/football_etl_dag.py for tasks to queue
[2026-07-28T16:44:39.241+0000] {logging_mixin.py:188} INFO - [2026-07-28T16:44:39.240+0000] {dagbag.py:545} INFO - Filling up the DagBag from /opt/airflow/dags/football_etl_dag.py
[2026-07-28T16:44:39.266+0000] {processor.py:840} INFO - DAG(s) 'football_etl' retrieved from /opt/airflow/dags/football_etl_dag.py
[2026-07-28T16:44:39.309+0000] {logging_mixin.py:188} INFO - [2026-07-28T16:44:39.308+0000] {dag.py:3089} INFO - Sync 1 DAGs
[2026-07-28T16:44:39.338+0000] {logging_mixin.py:188} INFO - [2026-07-28T16:44:39.338+0000] {dag.py:3947} INFO - Setting next_dagrun for football_etl to 2026-07-28 16:44:00+00:00, run_after=2026-07-28 16:46:00+00:00
[2026-07-28T16:44:39.364+0000] {processor.py:183} INFO - Processing /opt/airflow/dags/football_etl_dag.py took 0.137 seconds
[2026-07-28T16:45:09.546+0000] {processor.py:161} INFO - Started process (PID=245) to work on /opt/airflow/dags/football_etl_dag.py
[2026-07-28T16:45:09.548+0000] {processor.py:830} INFO - Processing file /opt/airflow/dags/football_etl_dag.py for tasks to queue
[2026-07-28T16:45:09.553+0000] {logging_mixin.py:188} INFO - [2026-07-28T16:45:09.552+0000] {dagbag.py:545} INFO - Filling up the DagBag from /opt/airflow/dags/football_etl_dag.py
[2026-07-28T16:45:09.584+0000] {processor.py:840} INFO - DAG(s) 'football_etl' retrieved from /opt/airflow/dags/football_etl_dag.py
[2026-07-28T16:45:09.635+0000] {logging_mixin.py:188} INFO - [2026-07-28T16:45:09.635+0000] {dag.py:3089} INFO - Sync 1 DAGs
[2026-07-28T16:45:09.684+0000] {logging_mixin.py:188} INFO - [2026-07-28T16:45:09.683+0000] {dag.py:3947} INFO - Setting next_dagrun for football_etl to 2026-07-28 16:44:00+00:00, run_after=2026-07-28 16:46:00+00:00
[2026-07-28T16:45:09.729+0000] {processor.py:183} INFO - Processing /opt/airflow/dags/football_etl_dag.py took 0.192 seconds
[2026-07-28T16:45:39.904+0000] {processor.py:161} INFO - Started process (PID=250) to work on /opt/airflow/dags/football_etl_dag.py
[2026-07-28T16:45:39.906+0000] {processor.py:830} INFO - Processing file /opt/airflow/dags/football_etl_dag.py for tasks to queue
[2026-07-28T16:45:39.910+0000] {logging_mixin.py:188} INFO - [2026-07-28T16:45:39.909+0000] {dagbag.py:545} INFO - Filling up the DagBag from /opt/airflow/dags/football_etl_dag.py
[2026-07-28T16:45:39.942+0000] {processor.py:840} INFO - DAG(s) 'football_etl' retrieved from /opt/airflow/dags/football_etl_dag.py
[2026-07-28T16:45:39.978+0000] {logging_mixin.py:188} INFO - [2026-07-28T16:45:39.978+0000] {dag.py:3089} INFO - Sync 1 DAGs
[2026-07-28T16:45:40.005+0000] {logging_mixin.py:188} INFO - [2026-07-28T16:45:40.004+0000] {dag.py:3947} INFO - Setting next_dagrun for football_etl to 2026-07-28 16:44:00+00:00, run_after=2026-07-28 16:46:00+00:00
[2026-07-28T16:45:40.028+0000] {processor.py:183} INFO - Processing /opt/airflow/dags/football_etl_dag.py took 0.129 seconds
[2026-07-28T16:46:10.175+0000] {processor.py:161} INFO - Started process (PID=261) to work on /opt/airflow/dags/football_etl_dag.py
[2026-07-28T16:46:10.176+0000] {processor.py:830} INFO - Processing file /opt/airflow/dags/football_etl_dag.py for tasks to queue
[2026-07-28T16:46:10.181+0000] {logging_mixin.py:188} INFO - [2026-07-28T16:46:10.180+0000] {dagbag.py:545} INFO - Filling up the DagBag from /opt/airflow/dags/football_etl_dag.py
[2026-07-28T16:46:10.212+0000] {processor.py:840} INFO - DAG(s) 'football_etl' retrieved from /opt/airflow/dags/football_etl_dag.py
[2026-07-28T16:46:10.262+0000] {logging_mixin.py:188} INFO - [2026-07-28T16:46:10.262+0000] {dag.py:3089} INFO - Sync 1 DAGs
[2026-07-28T16:46:10.294+0000] {logging_mixin.py:188} INFO - [2026-07-28T16:46:10.294+0000] {dag.py:3947} INFO - Setting next_dagrun for football_etl to 2026-07-28 16:46:00+00:00, run_after=2026-07-28 16:48:00+00:00
[2026-07-28T16:46:10.318+0000] {processor.py:183} INFO - Processing /opt/airflow/dags/football_etl_dag.py took 0.154 seconds
[2026-07-28T16:46:40.486+0000] {processor.py:161} INFO - Started process (PID=268) to work on /opt/airflow/dags/football_etl_dag.py
[2026-07-28T16:46:40.488+0000] {processor.py:830} INFO - Processing file /opt/airflow/dags/football_etl_dag.py for tasks to queue
[2026-07-28T16:46:40.490+0000] {logging_mixin.py:188} INFO - [2026-07-28T16:46:40.490+0000] {dagbag.py:545} INFO - Filling up the DagBag from /opt/airflow/dags/football_etl_dag.py
[2026-07-28T16:46:40.515+0000] {processor.py:840} INFO - DAG(s) 'football_etl' retrieved from /opt/airflow/dags/football_etl_dag.py
[2026-07-28T16:46:40.552+0000] {logging_mixin.py:188} INFO - [2026-07-28T16:46:40.552+0000] {dag.py:3089} INFO - Sync 1 DAGs
[2026-07-28T16:46:40.580+0000] {logging_mixin.py:188} INFO - [2026-07-28T16:46:40.580+0000] {dag.py:3947} INFO - Setting next_dagrun for football_etl to 2026-07-28 16:46:00+00:00, run_after=2026-07-28 16:48:00+00:00
[2026-07-28T16:46:40.601+0000] {processor.py:183} INFO - Processing /opt/airflow/dags/football_etl_dag.py took 0.123 seconds
[2026-07-28T16:47:10.750+0000] {processor.py:161} INFO - Started process (PID=273) to work on /opt/airflow/dags/football_etl_dag.py
[2026-07-28T16:47:10.752+0000] {processor.py:830} INFO - Processing file /opt/airflow/dags/football_etl_dag.py for tasks to queue
[2026-07-28T16:47:10.756+0000] {logging_mixin.py:188} INFO - [2026-07-28T16:47:10.756+0000] {dagbag.py:545} INFO - Filling up the DagBag from /opt/airflow/dags/football_etl_dag.py
[2026-07-28T16:47:10.799+0000] {processor.py:840} INFO - DAG(s) 'football_etl' retrieved from /opt/airflow/dags/football_etl_dag.py
[2026-07-28T16:47:10.845+0000] {logging_mixin.py:188} INFO - [2026-07-28T16:47:10.845+0000] {dag.py:3089} INFO - Sync 1 DAGs
[2026-07-28T16:47:10.872+0000] {logging_mixin.py:188} INFO - [2026-07-28T16:47:10.872+0000] {dag.py:3947} INFO - Setting next_dagrun for football_etl to 2026-07-28 16:46:00+00:00, run_after=2026-07-28 16:48:00+00:00
[2026-07-28T16:47:10.894+0000] {processor.py:183} INFO - Processing /opt/airflow/dags/football_etl_dag.py took 0.159 seconds
[2026-07-28T16:47:41.166+0000] {processor.py:161} INFO - Started process (PID=278) to work on /opt/airflow/dags/football_etl_dag.py
[2026-07-28T16:47:41.168+0000] {processor.py:830} INFO - Processing file /opt/airflow/dags/football_etl_dag.py for tasks to queue
[2026-07-28T16:47:41.171+0000] {logging_mixin.py:188} INFO - [2026-07-28T16:47:41.171+0000] {dagbag.py:545} INFO - Filling up the DagBag from /opt/airflow/dags/football_etl_dag.py
[2026-07-28T16:47:41.197+0000] {processor.py:840} INFO - DAG(s) 'football_etl' retrieved from /opt/airflow/dags/football_etl_dag.py
[2026-07-28T16:47:41.240+0000] {logging_mixin.py:188} INFO - [2026-07-28T16:47:41.240+0000] {dag.py:3089} INFO - Sync 1 DAGs
[2026-07-28T16:47:41.272+0000] {logging_mixin.py:188} INFO - [2026-07-28T16:47:41.272+0000] {dag.py:3947} INFO - Setting next_dagrun for football_etl to 2026-07-28 16:46:00+00:00, run_after=2026-07-28 16:48:00+00:00
[2026-07-28T16:47:41.294+0000] {processor.py:183} INFO - Processing /opt/airflow/dags/football_etl_dag.py took 0.136 seconds
[2026-07-28T16:48:11.382+0000] {processor.py:161} INFO - Started process (PID=289) to work on /opt/airflow/dags/football_etl_dag.py
[2026-07-28T16:48:11.383+0000] {processor.py:830} INFO - Processing file /opt/airflow/dags/football_etl_dag.py for tasks to queue
[2026-07-28T16:48:11.387+0000] {logging_mixin.py:188} INFO - [2026-07-28T16:48:11.386+0000] {dagbag.py:545} INFO - Filling up the DagBag from /opt/airflow/dags/football_etl_dag.py
[2026-07-28T16:48:11.413+0000] {processor.py:840} INFO - DAG(s) 'football_etl' retrieved from /opt/airflow/dags/football_etl_dag.py
[2026-07-28T16:48:11.461+0000] {logging_mixin.py:188} INFO - [2026-07-28T16:48:11.461+0000] {dag.py:3089} INFO - Sync 1 DAGs
[2026-07-28T16:48:11.502+0000] {logging_mixin.py:188} INFO - [2026-07-28T16:48:11.502+0000] {dag.py:3947} INFO - Setting next_dagrun for football_etl to 2026-07-28 16:48:00+00:00, run_after=2026-07-28 16:50:00+00:00
[2026-07-28T16:48:11.525+0000] {processor.py:183} INFO - Processing /opt/airflow/dags/football_etl_dag.py took 0.153 seconds
[2026-07-28T16:48:41.687+0000] {processor.py:161} INFO - Started process (PID=296) to work on /opt/airflow/dags/football_etl_dag.py
[2026-07-28T16:48:41.688+0000] {processor.py:830} INFO - Processing file /opt/airflow/dags/football_etl_dag.py for tasks to queue
[2026-07-28T16:48:41.690+0000] {logging_mixin.py:188} INFO - [2026-07-28T16:48:41.690+0000] {dagbag.py:545} INFO - Filling up the DagBag from /opt/airflow/dags/football_etl_dag.py
[2026-07-28T16:48:41.712+0000] {processor.py:840} INFO - DAG(s) 'football_etl' retrieved from /opt/airflow/dags/football_etl_dag.py
[2026-07-28T16:48:41.744+0000] {logging_mixin.py:188} INFO - [2026-07-28T16:48:41.744+0000] {dag.py:3089} INFO - Sync 1 DAGs
[2026-07-28T16:48:41.768+0000] {logging_mixin.py:188} INFO - [2026-07-28T16:48:41.767+0000] {dag.py:3947} INFO - Setting next_dagrun for football_etl to 2026-07-28 16:48:00+00:00, run_after=2026-07-28 16:50:00+00:00
[2026-07-28T16:48:41.788+0000] {processor.py:183} INFO - Processing /opt/airflow/dags/football_etl_dag.py took 0.106 seconds
[2026-07-28T16:49:11.945+0000] {processor.py:161} INFO - Started process (PID=301) to work on /opt/airflow/dags/football_etl_dag.py
[2026-07-28T16:49:11.947+0000] {processor.py:830} INFO - Processing file /opt/airflow/dags/football_etl_dag.py for tasks to queue
[2026-07-28T16:49:11.950+0000] {logging_mixin.py:188} INFO - [2026-07-28T16:49:11.949+0000] {dagbag.py:545} INFO - Filling up the DagBag from /opt/airflow/dags/football_etl_dag.py
[2026-07-28T16:49:11.975+0000] {processor.py:840} INFO - DAG(s) 'football_etl' retrieved from /opt/airflow/dags/football_etl_dag.py
[2026-07-28T16:49:12.014+0000] {logging_mixin.py:188} INFO - [2026-07-28T16:49:12.014+0000] {dag.py:3089} INFO - Sync 1 DAGs
[2026-07-28T16:49:12.045+0000] {logging_mixin.py:188} INFO - [2026-07-28T16:49:12.044+0000] {dag.py:3947} INFO - Setting next_dagrun for football_etl to 2026-07-28 16:48:00+00:00, run_after=2026-07-28 16:50:00+00:00
[2026-07-28T16:49:12.071+0000] {processor.py:183} INFO - Processing /opt/airflow/dags/football_etl_dag.py took 0.133 seconds
[2026-07-28T16:49:42.339+0000] {processor.py:161} INFO - Started process (PID=306) to work on /opt/airflow/dags/football_etl_dag.py
[2026-07-28T16:49:42.340+0000] {processor.py:830} INFO - Processing file /opt/airflow/dags/football_etl_dag.py for tasks to queue
[2026-07-28T16:49:42.343+0000] {logging_mixin.py:188} INFO - [2026-07-28T16:49:42.343+0000] {dagbag.py:545} INFO - Filling up the DagBag from /opt/airflow/dags/football_etl_dag.py
[2026-07-28T16:49:42.368+0000] {processor.py:840} INFO - DAG(s) 'football_etl' retrieved from /opt/airflow/dags/football_etl_dag.py
[2026-07-28T16:49:42.402+0000] {logging_mixin.py:188} INFO - [2026-07-28T16:49:42.402+0000] {dag.py:3089} INFO - Sync 1 DAGs
[2026-07-28T16:49:42.429+0000] {logging_mixin.py:188} INFO - [2026-07-28T16:49:42.429+0000] {dag.py:3947} INFO - Setting next_dagrun for football_etl to 2026-07-28 16:48:00+00:00, run_after=2026-07-28 16:50:00+00:00
[2026-07-28T16:49:42.448+0000] {processor.py:183} INFO - Processing /opt/airflow/dags/football_etl_dag.py took 0.116 seconds
[2026-07-28T16:50:12.574+0000] {processor.py:161} INFO - Started process (PID=317) to work on /opt/airflow/dags/football_etl_dag.py
[2026-07-28T16:50:12.575+0000] {processor.py:830} INFO - Processing file /opt/airflow/dags/football_etl_dag.py for tasks to queue
[2026-07-28T16:50:12.578+0000] {logging_mixin.py:188} INFO - [2026-07-28T16:50:12.578+0000] {dagbag.py:545} INFO - Filling up the DagBag from /opt/airflow/dags/football_etl_dag.py
[2026-07-28T16:50:12.607+0000] {processor.py:840} INFO - DAG(s) 'football_etl' retrieved from /opt/airflow/dags/football_etl_dag.py
[2026-07-28T16:50:12.651+0000] {logging_mixin.py:188} INFO - [2026-07-28T16:50:12.651+0000] {dag.py:3089} INFO - Sync 1 DAGs
[2026-07-28T16:50:12.679+0000] {logging_mixin.py:188} INFO - [2026-07-28T16:50:12.679+0000] {dag.py:3947} INFO - Setting next_dagrun for football_etl to 2026-07-28 16:50:00+00:00, run_after=2026-07-28 16:52:00+00:00
[2026-07-28T16:50:12.700+0000] {processor.py:183} INFO - Processing /opt/airflow/dags/football_etl_dag.py took 0.134 seconds
[2026-07-28T16:50:42.846+0000] {processor.py:161} INFO - Started process (PID=324) to work on /opt/airflow/dags/football_etl_dag.py
[2026-07-28T16:50:42.847+0000] {processor.py:830} INFO - Processing file /opt/airflow/dags/football_etl_dag.py for tasks to queue
[2026-07-28T16:50:42.849+0000] {logging_mixin.py:188} INFO - [2026-07-28T16:50:42.849+0000] {dagbag.py:545} INFO - Filling up the DagBag from /opt/airflow/dags/football_etl_dag.py
[2026-07-28T16:50:42.872+0000] {processor.py:840} INFO - DAG(s) 'football_etl' retrieved from /opt/airflow/dags/football_etl_dag.py
[2026-07-28T16:50:42.904+0000] {logging_mixin.py:188} INFO - [2026-07-28T16:50:42.903+0000] {dag.py:3089} INFO - Sync 1 DAGs
[2026-07-28T16:50:42.927+0000] {logging_mixin.py:188} INFO - [2026-07-28T16:50:42.927+0000] {dag.py:3947} INFO - Setting next_dagrun for football_etl to 2026-07-28 16:50:00+00:00, run_after=2026-07-28 16:52:00+00:00
[2026-07-28T16:50:42.946+0000] {processor.py:183} INFO - Processing /opt/airflow/dags/football_etl_dag.py took 0.107 seconds
[2026-07-28T16:51:13.151+0000] {processor.py:161} INFO - Started process (PID=329) to work on /opt/airflow/dags/football_etl_dag.py
[2026-07-28T16:51:13.152+0000] {processor.py:830} INFO - Processing file /opt/airflow/dags/football_etl_dag.py for tasks to queue
[2026-07-28T16:51:13.155+0000] {logging_mixin.py:188} INFO - [2026-07-28T16:51:13.154+0000] {dagbag.py:545} INFO - Filling up the DagBag from /opt/airflow/dags/football_etl_dag.py
[2026-07-28T16:51:13.182+0000] {processor.py:840} INFO - DAG(s) 'football_etl' retrieved from /opt/airflow/dags/football_etl_dag.py
[2026-07-28T16:51:13.221+0000] {logging_mixin.py:188} INFO - [2026-07-28T16:51:13.220+0000] {dag.py:3089} INFO - Sync 1 DAGs
[2026-07-28T16:51:13.250+0000] {logging_mixin.py:188} INFO - [2026-07-28T16:51:13.249+0000] {dag.py:3947} INFO - Setting next_dagrun for football_etl to 2026-07-28 16:50:00+00:00, run_after=2026-07-28 16:52:00+00:00
[2026-07-28T16:51:13.271+0000] {processor.py:183} INFO - Processing /opt/airflow/dags/football_etl_dag.py took 0.131 seconds
[2026-07-28T16:51:43.394+0000] {processor.py:161} INFO - Started process (PID=334) to work on /opt/airflow/dags/football_etl_dag.py
[2026-07-28T16:51:43.396+0000] {processor.py:830} INFO - Processing file /opt/airflow/dags/football_etl_dag.py for tasks to queue
[2026-07-28T16:51:43.402+0000] {logging_mixin.py:188} INFO - [2026-07-28T16:51:43.401+0000] {dagbag.py:545} INFO - Filling up the DagBag from /opt/airflow/dags/football_etl_dag.py
[2026-07-28T16:51:43.437+0000] {processor.py:840} INFO - DAG(s) 'football_etl' retrieved from /opt/airflow/dags/football_etl_dag.py
[2026-07-28T16:51:43.492+0000] {logging_mixin.py:188} INFO - [2026-07-28T16:51:43.491+0000] {dag.py:3089} INFO - Sync 1 DAGs
[2026-07-28T16:51:43.535+0000] {logging_mixin.py:188} INFO - [2026-07-28T16:51:43.534+0000] {dag.py:3947} INFO - Setting next_dagrun for football_etl to 2026-07-28 16:50:00+00:00, run_after=2026-07-28 16:52:00+00:00
[2026-07-28T16:51:43.561+0000] {processor.py:183} INFO - Processing /opt/airflow/dags/football_etl_dag.py took 0.177 seconds
[2026-07-28T16:52:13.757+0000] {processor.py:161} INFO - Started process (PID=345) to work on /opt/airflow/dags/football_etl_dag.py
[2026-07-28T16:52:13.759+0000] {processor.py:830} INFO - Processing file /opt/airflow/dags/football_etl_dag.py for tasks to queue
[2026-07-28T16:52:13.763+0000] {logging_mixin.py:188} INFO - [2026-07-28T16:52:13.763+0000] {dagbag.py:545} INFO - Filling up the DagBag from /opt/airflow/dags/football_etl_dag.py
[2026-07-28T16:52:13.794+0000] {processor.py:840} INFO - DAG(s) 'football_etl' retrieved from /opt/airflow/dags/football_etl_dag.py
[2026-07-28T16:52:13.846+0000] {logging_mixin.py:188} INFO - [2026-07-28T16:52:13.846+0000] {dag.py:3089} INFO - Sync 1 DAGs
[2026-07-28T16:52:13.884+0000] {logging_mixin.py:188} INFO - [2026-07-28T16:52:13.884+0000] {dag.py:3947} INFO - Setting next_dagrun for football_etl to 2026-07-28 16:52:00+00:00, run_after=2026-07-28 16:54:00+00:00
[2026-07-28T16:52:13.917+0000] {processor.py:183} INFO - Processing /opt/airflow/dags/football_etl_dag.py took 0.168 seconds
[2026-07-28T16:52:44.100+0000] {processor.py:161} INFO - Started process (PID=352) to work on /opt/airflow/dags/football_etl_dag.py
[2026-07-28T16:52:44.102+0000] {processor.py:830} INFO - Processing file /opt/airflow/dags/football_etl_dag.py for tasks to queue
[2026-07-28T16:52:44.105+0000] {logging_mixin.py:188} INFO - [2026-07-28T16:52:44.105+0000] {dagbag.py:545} INFO - Filling up the DagBag from /opt/airflow/dags/football_etl_dag.py
[2026-07-28T16:52:44.131+0000] {processor.py:840} INFO - DAG(s) 'football_etl' retrieved from /opt/airflow/dags/football_etl_dag.py
[2026-07-28T16:52:44.170+0000] {logging_mixin.py:188} INFO - [2026-07-28T16:52:44.170+0000] {dag.py:3089} INFO - Sync 1 DAGs
[2026-07-28T16:52:44.198+0000] {logging_mixin.py:188} INFO - [2026-07-28T16:52:44.198+0000] {dag.py:3947} INFO - Setting next_dagrun for football_etl to 2026-07-28 16:52:00+00:00, run_after=2026-07-28 16:54:00+00:00
[2026-07-28T16:52:44.219+0000] {processor.py:183} INFO - Processing /opt/airflow/dags/football_etl_dag.py took 0.127 seconds
[2026-07-28T16:53:14.332+0000] {processor.py:161} INFO - Started process (PID=357) to work on /opt/airflow/dags/football_etl_dag.py
[2026-07-28T16:53:14.333+0000] {processor.py:830} INFO - Processing file /opt/airflow/dags/football_etl_dag.py for tasks to queue
[2026-07-28T16:53:14.336+0000] {logging_mixin.py:188} INFO - [2026-07-28T16:53:14.335+0000] {dagbag.py:545} INFO - Filling up the DagBag from /opt/airflow/dags/football_etl_dag.py
[2026-07-28T16:53:14.357+0000] {processor.py:840} INFO - DAG(s) 'football_etl' retrieved from /opt/airflow/dags/football_etl_dag.py
[2026-07-28T16:53:14.391+0000] {logging_mixin.py:188} INFO - [2026-07-28T16:53:14.391+0000] {dag.py:3089} INFO - Sync 1 DAGs
[2026-07-28T16:53:14.416+0000] {logging_mixin.py:188} INFO - [2026-07-28T16:53:14.416+0000] {dag.py:3947} INFO - Setting next_dagrun for football_etl to 2026-07-28 16:52:00+00:00, run_after=2026-07-28 16:54:00+00:00
[2026-07-28T16:53:14.437+0000] {processor.py:183} INFO - Processing /opt/airflow/dags/football_etl_dag.py took 0.111 seconds
[2026-07-28T16:53:44.585+0000] {processor.py:161} INFO - Started process (PID=362) to work on /opt/airflow/dags/football_etl_dag.py
[2026-07-28T16:53:44.586+0000] {processor.py:830} INFO - Processing file /opt/airflow/dags/football_etl_dag.py for tasks to queue
[2026-07-28T16:53:44.589+0000] {logging_mixin.py:188} INFO - [2026-07-28T16:53:44.589+0000] {dagbag.py:545} INFO - Filling up the DagBag from /opt/airflow/dags/football_etl_dag.py
[2026-07-28T16:53:44.615+0000] {processor.py:840} INFO - DAG(s) 'football_etl' retrieved from /opt/airflow/dags/football_etl_dag.py
[2026-07-28T16:53:44.656+0000] {logging_mixin.py:188} INFO - [2026-07-28T16:53:44.656+0000] {dag.py:3089} INFO - Sync 1 DAGs
[2026-07-28T16:53:44.687+0000] {logging_mixin.py:188} INFO - [2026-07-28T16:53:44.687+0000] {dag.py:3947} INFO - Setting next_dagrun for football_etl to 2026-07-28 16:52:00+00:00, run_after=2026-07-28 16:54:00+00:00
[2026-07-28T16:53:44.710+0000] {processor.py:183} INFO - Processing /opt/airflow/dags/football_etl_dag.py took 0.132 seconds
[2026-07-28T16:54:14.903+0000] {processor.py:161} INFO - Started process (PID=373) to work on /opt/airflow/dags/football_etl_dag.py
[2026-07-28T16:54:14.904+0000] {processor.py:830} INFO - Processing file /opt/airflow/dags/football_etl_dag.py for tasks to queue
[2026-07-28T16:54:14.908+0000] {logging_mixin.py:188} INFO - [2026-07-28T16:54:14.907+0000] {dagbag.py:545} INFO - Filling up the DagBag from /opt/airflow/dags/football_etl_dag.py
[2026-07-28T16:54:14.942+0000] {processor.py:840} INFO - DAG(s) 'football_etl' retrieved from /opt/airflow/dags/football_etl_dag.py
[2026-07-28T16:54:15.004+0000] {logging_mixin.py:188} INFO - [2026-07-28T16:54:15.004+0000] {dag.py:3089} INFO - Sync 1 DAGs
[2026-07-28T16:54:15.042+0000] {logging_mixin.py:188} INFO - [2026-07-28T16:54:15.042+0000] {dag.py:3947} INFO - Setting next_dagrun for football_etl to 2026-07-28 16:54:00+00:00, run_after=2026-07-28 16:56:00+00:00
[2026-07-28T16:54:15.071+0000] {processor.py:183} INFO - Processing /opt/airflow/dags/football_etl_dag.py took 0.180 seconds
[2026-07-28T16:54:45.124+0000] {processor.py:161} INFO - Started process (PID=380) to work on /opt/airflow/dags/football_etl_dag.py
[2026-07-28T16:54:45.125+0000] {processor.py:830} INFO - Processing file /opt/airflow/dags/football_etl_dag.py for tasks to queue
[2026-07-28T16:54:45.128+0000] {logging_mixin.py:188} INFO - [2026-07-28T16:54:45.128+0000] {dagbag.py:545} INFO - Filling up the DagBag from /opt/airflow/dags/football_etl_dag.py
[2026-07-28T16:54:45.154+0000] {processor.py:840} INFO - DAG(s) 'football_etl' retrieved from /opt/airflow/dags/football_etl_dag.py
[2026-07-28T16:54:45.193+0000] {logging_mixin.py:188} INFO - [2026-07-28T16:54:45.193+0000] {dag.py:3089} INFO - Sync 1 DAGs
[2026-07-28T16:54:45.224+0000] {logging_mixin.py:188} INFO - [2026-07-28T16:54:45.223+0000] {dag.py:3947} INFO - Setting next_dagrun for football_etl to 2026-07-28 16:54:00+00:00, run_after=2026-07-28 16:56:00+00:00
[2026-07-28T16:54:45.247+0000] {processor.py:183} INFO - Processing /opt/airflow/dags/football_etl_dag.py took 0.134 seconds
[2026-07-28T16:55:15.363+0000] {processor.py:161} INFO - Started process (PID=385) to work on /opt/airflow/dags/football_etl_dag.py
[2026-07-28T16:55:15.364+0000] {processor.py:830} INFO - Processing file /opt/airflow/dags/football_etl_dag.py for tasks to queue
[2026-07-28T16:55:15.367+0000] {logging_mixin.py:188} INFO - [2026-07-28T16:55:15.367+0000] {dagbag.py:545} INFO - Filling up the DagBag from /opt/airflow/dags/football_etl_dag.py
[2026-07-28T16:55:15.396+0000] {processor.py:840} INFO - DAG(s) 'football_etl' retrieved from /opt/airflow/dags/football_etl_dag.py
[2026-07-28T16:55:15.437+0000] {logging_mixin.py:188} INFO - [2026-07-28T16:55:15.437+0000] {dag.py:3089} INFO - Sync 1 DAGs
[2026-07-28T16:55:15.467+0000] {logging_mixin.py:188} INFO - [2026-07-28T16:55:15.467+0000] {dag.py:3947} INFO - Setting next_dagrun for football_etl to 2026-07-28 16:54:00+00:00, run_after=2026-07-28 16:56:00+00:00
[2026-07-28T16:55:15.491+0000] {processor.py:183} INFO - Processing /opt/airflow/dags/football_etl_dag.py took 0.136 seconds
[2026-07-28T16:55:45.750+0000] {processor.py:161} INFO - Started process (PID=390) to work on /opt/airflow/dags/football_etl_dag.py
[2026-07-28T16:55:45.752+0000] {processor.py:830} INFO - Processing file /opt/airflow/dags/football_etl_dag.py for tasks to queue
[2026-07-28T16:55:45.755+0000] {logging_mixin.py:188} INFO - [2026-07-28T16:55:45.754+0000] {dagbag.py:545} INFO - Filling up the DagBag from /opt/airflow/dags/football_etl_dag.py
[2026-07-28T16:55:45.781+0000] {processor.py:840} INFO - DAG(s) 'football_etl' retrieved from /opt/airflow/dags/football_etl_dag.py
[2026-07-28T16:55:45.821+0000] {logging_mixin.py:188} INFO - [2026-07-28T16:55:45.820+0000] {dag.py:3089} INFO - Sync 1 DAGs
[2026-07-28T16:55:45.851+0000] {logging_mixin.py:188} INFO - [2026-07-28T16:55:45.850+0000] {dag.py:3947} INFO - Setting next_dagrun for football_etl to 2026-07-28 16:54:00+00:00, run_after=2026-07-28 16:56:00+00:00
[2026-07-28T16:55:45.874+0000] {processor.py:183} INFO - Processing /opt/airflow/dags/football_etl_dag.py took 0.131 seconds
[2026-07-28T16:56:15.966+0000] {processor.py:161} INFO - Started process (PID=401) to work on /opt/airflow/dags/football_etl_dag.py
[2026-07-28T16:56:15.967+0000] {processor.py:830} INFO - Processing file /opt/airflow/dags/football_etl_dag.py for tasks to queue
[2026-07-28T16:56:15.971+0000] {logging_mixin.py:188} INFO - [2026-07-28T16:56:15.970+0000] {dagbag.py:545} INFO - Filling up the DagBag from /opt/airflow/dags/football_etl_dag.py
[2026-07-28T16:56:16.000+0000] {processor.py:840} INFO - DAG(s) 'football_etl' retrieved from /opt/airflow/dags/football_etl_dag.py
[2026-07-28T16:56:16.046+0000] {logging_mixin.py:188} INFO - [2026-07-28T16:56:16.046+0000] {dag.py:3089} INFO - Sync 1 DAGs
[2026-07-28T16:56:16.082+0000] {logging_mixin.py:188} INFO - [2026-07-28T16:56:16.081+0000] {dag.py:3947} INFO - Setting next_dagrun for football_etl to 2026-07-28 16:56:00+00:00, run_after=2026-07-28 16:58:00+00:00
[2026-07-28T16:56:16.104+0000] {processor.py:183} INFO - Processing /opt/airflow/dags/football_etl_dag.py took 0.147 seconds
[2026-07-28T16:56:46.255+0000] {processor.py:161} INFO - Started process (PID=408) to work on /opt/airflow/dags/football_etl_dag.py
[2026-07-28T16:56:46.256+0000] {processor.py:830} INFO - Processing file /opt/airflow/dags/football_etl_dag.py for tasks to queue
[2026-07-28T16:56:46.259+0000] {logging_mixin.py:188} INFO - [2026-07-28T16:56:46.258+0000] {dagbag.py:545} INFO - Filling up the DagBag from /opt/airflow/dags/football_etl_dag.py
[2026-07-28T16:56:46.287+0000] {processor.py:840} INFO - DAG(s) 'football_etl' retrieved from /opt/airflow/dags/football_etl_dag.py
[2026-07-28T16:56:46.327+0000] {logging_mixin.py:188} INFO - [2026-07-28T16:56:46.326+0000] {dag.py:3089} INFO - Sync 1 DAGs
[2026-07-28T16:56:46.356+0000] {logging_mixin.py:188} INFO - [2026-07-28T16:56:46.356+0000] {dag.py:3947} INFO - Setting next_dagrun for football_etl to 2026-07-28 16:56:00+00:00, run_after=2026-07-28 16:58:00+00:00
[2026-07-28T16:56:46.376+0000] {processor.py:183} INFO - Processing /opt/airflow/dags/football_etl_dag.py took 0.130 seconds
[2026-07-28T16:57:16.515+0000] {processor.py:161} INFO - Started process (PID=413) to work on /opt/airflow/dags/football_etl_dag.py
[2026-07-28T16:57:16.517+0000] {processor.py:830} INFO - Processing file /opt/airflow/dags/football_etl_dag.py for tasks to queue
[2026-07-28T16:57:16.520+0000] {logging_mixin.py:188} INFO - [2026-07-28T16:57:16.520+0000] {dagbag.py:545} INFO - Filling up the DagBag from /opt/airflow/dags/football_etl_dag.py
[2026-07-28T16:57:16.543+0000] {processor.py:840} INFO - DAG(s) 'football_etl' retrieved from /opt/airflow/dags/football_etl_dag.py
[2026-07-28T16:57:16.580+0000] {logging_mixin.py:188} INFO - [2026-07-28T16:57:16.580+0000] {dag.py:3089} INFO - Sync 1 DAGs
[2026-07-28T16:57:16.609+0000] {logging_mixin.py:188} INFO - [2026-07-28T16:57:16.609+0000] {dag.py:3947} INFO - Setting next_dagrun for football_etl to 2026-07-28 16:56:00+00:00, run_after=2026-07-28 16:58:00+00:00
[2026-07-28T16:57:16.630+0000] {processor.py:183} INFO - Processing /opt/airflow/dags/football_etl_dag.py took 0.121 seconds
[2026-07-28T16:57:46.887+0000] {processor.py:161} INFO - Started process (PID=418) to work on /opt/airflow/dags/football_etl_dag.py
[2026-07-28T16:57:46.888+0000] {processor.py:830} INFO - Processing file /opt/airflow/dags/football_etl_dag.py for tasks to queue
[2026-07-28T16:57:46.890+0000] {logging_mixin.py:188} INFO - [2026-07-28T16:57:46.890+0000] {dagbag.py:545} INFO - Filling up the DagBag from /opt/airflow/dags/football_etl_dag.py
[2026-07-28T16:57:46.915+0000] {processor.py:840} INFO - DAG(s) 'football_etl' retrieved from /opt/airflow/dags/football_etl_dag.py
[2026-07-28T16:57:46.951+0000] {logging_mixin.py:188} INFO - [2026-07-28T16:57:46.951+0000] {dag.py:3089} INFO - Sync 1 DAGs
[2026-07-28T16:57:46.978+0000] {logging_mixin.py:188} INFO - [2026-07-28T16:57:46.977+0000] {dag.py:3947} INFO - Setting next_dagrun for football_etl to 2026-07-28 16:56:00+00:00, run_after=2026-07-28 16:58:00+00:00
[2026-07-28T16:57:47.000+0000] {processor.py:183} INFO - Processing /opt/airflow/dags/football_etl_dag.py took 0.119 seconds
[2026-07-28T16:58:17.082+0000] {processor.py:161} INFO - Started process (PID=431) to work on /opt/airflow/dags/football_etl_dag.py
[2026-07-28T16:58:17.083+0000] {processor.py:830} INFO - Processing file /opt/airflow/dags/football_etl_dag.py for tasks to queue
[2026-07-28T16:58:17.086+0000] {logging_mixin.py:188} INFO - [2026-07-28T16:58:17.086+0000] {dagbag.py:545} INFO - Filling up the DagBag from /opt/airflow/dags/football_etl_dag.py
[2026-07-28T16:58:17.111+0000] {processor.py:840} INFO - DAG(s) 'football_etl' retrieved from /opt/airflow/dags/football_etl_dag.py
[2026-07-28T16:58:17.148+0000] {logging_mixin.py:188} INFO - [2026-07-28T16:58:17.148+0000] {dag.py:3089} INFO - Sync 1 DAGs
[2026-07-28T16:58:17.179+0000] {logging_mixin.py:188} INFO - [2026-07-28T16:58:17.179+0000] {dag.py:3947} INFO - Setting next_dagrun for football_etl to 2026-07-28 16:58:00+00:00, run_after=2026-07-28 17:00:00+00:00
[2026-07-28T16:58:17.207+0000] {processor.py:183} INFO - Processing /opt/airflow/dags/football_etl_dag.py took 0.133 seconds
[2026-07-28T16:58:47.396+0000] {processor.py:161} INFO - Started process (PID=436) to work on /opt/airflow/dags/football_etl_dag.py
[2026-07-28T16:58:47.397+0000] {processor.py:830} INFO - Processing file /opt/airflow/dags/football_etl_dag.py for tasks to queue
[2026-07-28T16:58:47.400+0000] {logging_mixin.py:188} INFO - [2026-07-28T16:58:47.400+0000] {dagbag.py:545} INFO - Filling up the DagBag from /opt/airflow/dags/football_etl_dag.py
[2026-07-28T16:58:47.423+0000] {processor.py:840} INFO - DAG(s) 'football_etl' retrieved from /opt/airflow/dags/football_etl_dag.py
[2026-07-28T16:58:47.459+0000] {logging_mixin.py:188} INFO - [2026-07-28T16:58:47.459+0000] {dag.py:3089} INFO - Sync 1 DAGs
[2026-07-28T16:58:47.487+0000] {logging_mixin.py:188} INFO - [2026-07-28T16:58:47.486+0000] {dag.py:3947} INFO - Setting next_dagrun for football_etl to 2026-07-28 16:58:00+00:00, run_after=2026-07-28 17:00:00+00:00
[2026-07-28T16:58:47.507+0000] {processor.py:183} INFO - Processing /opt/airflow/dags/football_etl_dag.py took 0.118 seconds
[2026-07-28T16:59:17.667+0000] {processor.py:161} INFO - Started process (PID=441) to work on /opt/airflow/dags/football_etl_dag.py
[2026-07-28T16:59:17.668+0000] {processor.py:830} INFO - Processing file /opt/airflow/dags/football_etl_dag.py for tasks to queue
[2026-07-28T16:59:17.670+0000] {logging_mixin.py:188} INFO - [2026-07-28T16:59:17.670+0000] {dagbag.py:545} INFO - Filling up the DagBag from /opt/airflow/dags/football_etl_dag.py
[2026-07-28T16:59:17.694+0000] {processor.py:840} INFO - DAG(s) 'football_etl' retrieved from /opt/airflow/dags/football_etl_dag.py
[2026-07-28T16:59:17.731+0000] {logging_mixin.py:188} INFO - [2026-07-28T16:59:17.730+0000] {dag.py:3089} INFO - Sync 1 DAGs
[2026-07-28T16:59:17.793+0000] {logging_mixin.py:188} INFO - [2026-07-28T16:59:17.793+0000] {dag.py:3947} INFO - Setting next_dagrun for football_etl to 2026-07-28 16:58:00+00:00, run_after=2026-07-28 17:00:00+00:00
[2026-07-28T16:59:17.813+0000] {processor.py:183} INFO - Processing /opt/airflow/dags/football_etl_dag.py took 0.152 seconds
[2026-07-28T16:59:48.093+0000] {processor.py:161} INFO - Started process (PID=446) to work on /opt/airflow/dags/football_etl_dag.py
[2026-07-28T16:59:48.095+0000] {processor.py:830} INFO - Processing file /opt/airflow/dags/football_etl_dag.py for tasks to queue
[2026-07-28T16:59:48.097+0000] {logging_mixin.py:188} INFO - [2026-07-28T16:59:48.097+0000] {dagbag.py:545} INFO - Filling up the DagBag from /opt/airflow/dags/football_etl_dag.py
[2026-07-28T16:59:48.127+0000] {processor.py:840} INFO - DAG(s) 'football_etl' retrieved from /opt/airflow/dags/football_etl_dag.py
[2026-07-28T16:59:48.172+0000] {logging_mixin.py:188} INFO - [2026-07-28T16:59:48.171+0000] {dag.py:3089} INFO - Sync 1 DAGs
[2026-07-28T16:59:48.202+0000] {logging_mixin.py:188} INFO - [2026-07-28T16:59:48.202+0000] {dag.py:3947} INFO - Setting next_dagrun for football_etl to 2026-07-28 16:58:00+00:00, run_after=2026-07-28 17:00:00+00:00
[2026-07-28T16:59:48.228+0000] {processor.py:183} INFO - Processing /opt/airflow/dags/football_etl_dag.py took 0.143 seconds
[2026-07-28T17:00:18.320+0000] {processor.py:161} INFO - Started process (PID=459) to work on /opt/airflow/dags/football_etl_dag.py
[2026-07-28T17:00:18.321+0000] {processor.py:830} INFO - Processing file /opt/airflow/dags/football_etl_dag.py for tasks to queue
[2026-07-28T17:00:18.324+0000] {logging_mixin.py:188} INFO - [2026-07-28T17:00:18.323+0000] {dagbag.py:545} INFO - Filling up the DagBag from /opt/airflow/dags/football_etl_dag.py
[2026-07-28T17:00:18.347+0000] {processor.py:840} INFO - DAG(s) 'football_etl' retrieved from /opt/airflow/dags/football_etl_dag.py
[2026-07-28T17:00:18.387+0000] {logging_mixin.py:188} INFO - [2026-07-28T17:00:18.386+0000] {dag.py:3089} INFO - Sync 1 DAGs
[2026-07-28T17:00:18.426+0000] {logging_mixin.py:188} INFO - [2026-07-28T17:00:18.425+0000] {dag.py:3947} INFO - Setting next_dagrun for football_etl to 2026-07-28 17:00:00+00:00, run_after=2026-07-28 17:02:00+00:00
[2026-07-28T17:00:18.454+0000] {processor.py:183} INFO - Processing /opt/airflow/dags/football_etl_dag.py took 0.140 seconds
[2026-07-28T17:00:48.690+0000] {processor.py:161} INFO - Started process (PID=464) to work on /opt/airflow/dags/football_etl_dag.py
[2026-07-28T17:00:48.691+0000] {processor.py:830} INFO - Processing file /opt/airflow/dags/football_etl_dag.py for tasks to queue
[2026-07-28T17:00:48.694+0000] {logging_mixin.py:188} INFO - [2026-07-28T17:00:48.694+0000] {dagbag.py:545} INFO - Filling up the DagBag from /opt/airflow/dags/football_etl_dag.py
[2026-07-28T17:00:48.719+0000] {processor.py:840} INFO - DAG(s) 'football_etl' retrieved from /opt/airflow/dags/football_etl_dag.py
[2026-07-28T17:00:48.758+0000] {logging_mixin.py:188} INFO - [2026-07-28T17:00:48.757+0000] {dag.py:3089} INFO - Sync 1 DAGs
[2026-07-28T17:00:48.787+0000] {logging_mixin.py:188} INFO - [2026-07-28T17:00:48.787+0000] {dag.py:3947} INFO - Setting next_dagrun for football_etl to 2026-07-28 17:00:00+00:00, run_after=2026-07-28 17:02:00+00:00
[2026-07-28T17:00:48.811+0000] {processor.py:183} INFO - Processing /opt/airflow/dags/football_etl_dag.py took 0.128 seconds
[2026-07-28T17:01:18.934+0000] {processor.py:161} INFO - Started process (PID=469) to work on /opt/airflow/dags/football_etl_dag.py
[2026-07-28T17:01:18.936+0000] {processor.py:830} INFO - Processing file /opt/airflow/dags/football_etl_dag.py for tasks to queue
[2026-07-28T17:01:18.939+0000] {logging_mixin.py:188} INFO - [2026-07-28T17:01:18.939+0000] {dagbag.py:545} INFO - Filling up the DagBag from /opt/airflow/dags/football_etl_dag.py
[2026-07-28T17:01:18.965+0000] {processor.py:840} INFO - DAG(s) 'football_etl' retrieved from /opt/airflow/dags/football_etl_dag.py
[2026-07-28T17:01:19.010+0000] {logging_mixin.py:188} INFO - [2026-07-28T17:01:19.010+0000] {dag.py:3089} INFO - Sync 1 DAGs
[2026-07-28T17:01:19.041+0000] {logging_mixin.py:188} INFO - [2026-07-28T17:01:19.041+0000] {dag.py:3947} INFO - Setting next_dagrun for football_etl to 2026-07-28 17:00:00+00:00, run_after=2026-07-28 17:02:00+00:00
[2026-07-28T17:01:19.066+0000] {processor.py:183} INFO - Processing /opt/airflow/dags/football_etl_dag.py took 0.139 seconds
[2026-07-28T17:01:49.238+0000] {processor.py:161} INFO - Started process (PID=474) to work on /opt/airflow/dags/football_etl_dag.py
[2026-07-28T17:01:49.239+0000] {processor.py:830} INFO - Processing file /opt/airflow/dags/football_etl_dag.py for tasks to queue
[2026-07-28T17:01:49.242+0000] {logging_mixin.py:188} INFO - [2026-07-28T17:01:49.241+0000] {dagbag.py:545} INFO - Filling up the DagBag from /opt/airflow/dags/football_etl_dag.py
[2026-07-28T17:01:49.263+0000] {processor.py:840} INFO - DAG(s) 'football_etl' retrieved from /opt/airflow/dags/football_etl_dag.py
[2026-07-28T17:01:49.295+0000] {logging_mixin.py:188} INFO - [2026-07-28T17:01:49.295+0000] {dag.py:3089} INFO - Sync 1 DAGs
[2026-07-28T17:01:49.318+0000] {logging_mixin.py:188} INFO - [2026-07-28T17:01:49.318+0000] {dag.py:3947} INFO - Setting next_dagrun for football_etl to 2026-07-28 17:00:00+00:00, run_after=2026-07-28 17:02:00+00:00
[2026-07-28T17:01:49.338+0000] {processor.py:183} INFO - Processing /opt/airflow/dags/football_etl_dag.py took 0.106 seconds
[2026-07-28T17:02:19.498+0000] {processor.py:161} INFO - Started process (PID=487) to work on /opt/airflow/dags/football_etl_dag.py
[2026-07-28T17:02:19.499+0000] {processor.py:830} INFO - Processing file /opt/airflow/dags/football_etl_dag.py for tasks to queue
[2026-07-28T17:02:19.504+0000] {logging_mixin.py:188} INFO - [2026-07-28T17:02:19.504+0000] {dagbag.py:545} INFO - Filling up the DagBag from /opt/airflow/dags/football_etl_dag.py
[2026-07-28T17:02:19.535+0000] {processor.py:840} INFO - DAG(s) 'football_etl' retrieved from /opt/airflow/dags/football_etl_dag.py
[2026-07-28T17:02:19.586+0000] {logging_mixin.py:188} INFO - [2026-07-28T17:02:19.585+0000] {dag.py:3089} INFO - Sync 1 DAGs
[2026-07-28T17:02:19.615+0000] {logging_mixin.py:188} INFO - [2026-07-28T17:02:19.615+0000] {dag.py:3947} INFO - Setting next_dagrun for football_etl to 2026-07-28 17:02:00+00:00, run_after=2026-07-28 17:04:00+00:00
[2026-07-28T17:02:19.636+0000] {processor.py:183} INFO - Processing /opt/airflow/dags/football_etl_dag.py took 0.148 seconds
[2026-07-28T17:02:49.760+0000] {processor.py:161} INFO - Started process (PID=492) to work on /opt/airflow/dags/football_etl_dag.py
[2026-07-28T17:02:49.762+0000] {processor.py:830} INFO - Processing file /opt/airflow/dags/football_etl_dag.py for tasks to queue
[2026-07-28T17:02:49.765+0000] {logging_mixin.py:188} INFO - [2026-07-28T17:02:49.765+0000] {dagbag.py:545} INFO - Filling up the DagBag from /opt/airflow/dags/football_etl_dag.py
[2026-07-28T17:02:49.793+0000] {processor.py:840} INFO - DAG(s) 'football_etl' retrieved from /opt/airflow/dags/football_etl_dag.py
[2026-07-28T17:02:49.832+0000] {logging_mixin.py:188} INFO - [2026-07-28T17:02:49.832+0000] {dag.py:3089} INFO - Sync 1 DAGs
[2026-07-28T17:02:49.860+0000] {logging_mixin.py:188} INFO - [2026-07-28T17:02:49.860+0000] {dag.py:3947} INFO - Setting next_dagrun for football_etl to 2026-07-28 17:02:00+00:00, run_after=2026-07-28 17:04:00+00:00
[2026-07-28T17:02:49.882+0000] {processor.py:183} INFO - Processing /opt/airflow/dags/football_etl_dag.py took 0.130 seconds
[2026-07-28T17:03:20.071+0000] {processor.py:161} INFO - Started process (PID=497) to work on /opt/airflow/dags/football_etl_dag.py
[2026-07-28T17:03:20.072+0000] {processor.py:830} INFO - Processing file /opt/airflow/dags/football_etl_dag.py for tasks to queue
[2026-07-28T17:03:20.075+0000] {logging_mixin.py:188} INFO - [2026-07-28T17:03:20.075+0000] {dagbag.py:545} INFO - Filling up the DagBag from /opt/airflow/dags/football_etl_dag.py
[2026-07-28T17:03:20.100+0000] {processor.py:840} INFO - DAG(s) 'football_etl' retrieved from /opt/airflow/dags/football_etl_dag.py
[2026-07-28T17:03:20.138+0000] {logging_mixin.py:188} INFO - [2026-07-28T17:03:20.138+0000] {dag.py:3089} INFO - Sync 1 DAGs
[2026-07-28T17:03:20.164+0000] {logging_mixin.py:188} INFO - [2026-07-28T17:03:20.164+0000] {dag.py:3947} INFO - Setting next_dagrun for football_etl to 2026-07-28 17:02:00+00:00, run_after=2026-07-28 17:04:00+00:00
[2026-07-28T17:03:20.184+0000] {processor.py:183} INFO - Processing /opt/airflow/dags/football_etl_dag.py took 0.122 seconds
[2026-07-28T17:03:50.443+0000] {processor.py:161} INFO - Started process (PID=502) to work on /opt/airflow/dags/football_etl_dag.py
[2026-07-28T17:03:50.444+0000] {processor.py:830} INFO - Processing file /opt/airflow/dags/football_etl_dag.py for tasks to queue
[2026-07-28T17:03:50.447+0000] {logging_mixin.py:188} INFO - [2026-07-28T17:03:50.446+0000] {dagbag.py:545} INFO - Filling up the DagBag from /opt/airflow/dags/football_etl_dag.py
[2026-07-28T17:03:50.473+0000] {processor.py:840} INFO - DAG(s) 'football_etl' retrieved from /opt/airflow/dags/football_etl_dag.py
[2026-07-28T17:03:50.510+0000] {logging_mixin.py:188} INFO - [2026-07-28T17:03:50.509+0000] {dag.py:3089} INFO - Sync 1 DAGs
[2026-07-28T17:03:50.536+0000] {logging_mixin.py:188} INFO - [2026-07-28T17:03:50.536+0000] {dag.py:3947} INFO - Setting next_dagrun for football_etl to 2026-07-28 17:02:00+00:00, run_after=2026-07-28 17:04:00+00:00
[2026-07-28T17:03:50.559+0000] {processor.py:183} INFO - Processing /opt/airflow/dags/football_etl_dag.py took 0.122 seconds
[2026-07-28T17:04:20.643+0000] {processor.py:161} INFO - Started process (PID=515) to work on /opt/airflow/dags/football_etl_dag.py
[2026-07-28T17:04:20.644+0000] {processor.py:830} INFO - Processing file /opt/airflow/dags/football_etl_dag.py for tasks to queue
[2026-07-28T17:04:20.648+0000] {logging_mixin.py:188} INFO - [2026-07-28T17:04:20.647+0000] {dagbag.py:545} INFO - Filling up the DagBag from /opt/airflow/dags/football_etl_dag.py
[2026-07-28T17:04:20.673+0000] {processor.py:840} INFO - DAG(s) 'football_etl' retrieved from /opt/airflow/dags/football_etl_dag.py
[2026-07-28T17:04:20.712+0000] {logging_mixin.py:188} INFO - [2026-07-28T17:04:20.712+0000] {dag.py:3089} INFO - Sync 1 DAGs
[2026-07-28T17:04:20.739+0000] {logging_mixin.py:188} INFO - [2026-07-28T17:04:20.739+0000] {dag.py:3947} INFO - Setting next_dagrun for football_etl to 2026-07-28 17:04:00+00:00, run_after=2026-07-28 17:06:00+00:00
[2026-07-28T17:04:20.760+0000] {processor.py:183} INFO - Processing /opt/airflow/dags/football_etl_dag.py took 0.124 seconds
[2026-07-28T17:04:50.964+0000] {processor.py:161} INFO - Started process (PID=520) to work on /opt/airflow/dags/football_etl_dag.py
[2026-07-28T17:04:50.966+0000] {processor.py:830} INFO - Processing file /opt/airflow/dags/football_etl_dag.py for tasks to queue
[2026-07-28T17:04:50.968+0000] {logging_mixin.py:188} INFO - [2026-07-28T17:04:50.968+0000] {dagbag.py:545} INFO - Filling up the DagBag from /opt/airflow/dags/football_etl_dag.py
[2026-07-28T17:04:50.991+0000] {processor.py:840} INFO - DAG(s) 'football_etl' retrieved from /opt/airflow/dags/football_etl_dag.py
[2026-07-28T17:04:51.028+0000] {logging_mixin.py:188} INFO - [2026-07-28T17:04:51.028+0000] {dag.py:3089} INFO - Sync 1 DAGs
[2026-07-28T17:04:51.054+0000] {logging_mixin.py:188} INFO - [2026-07-28T17:04:51.054+0000] {dag.py:3947} INFO - Setting next_dagrun for football_etl to 2026-07-28 17:04:00+00:00, run_after=2026-07-28 17:06:00+00:00
[2026-07-28T17:04:51.074+0000] {processor.py:183} INFO - Processing /opt/airflow/dags/football_etl_dag.py took 0.117 seconds
[2026-07-28T17:05:21.233+0000] {processor.py:161} INFO - Started process (PID=525) to work on /opt/airflow/dags/football_etl_dag.py
[2026-07-28T17:05:21.234+0000] {processor.py:830} INFO - Processing file /opt/airflow/dags/football_etl_dag.py for tasks to queue
[2026-07-28T17:05:21.237+0000] {logging_mixin.py:188} INFO - [2026-07-28T17:05:21.237+0000] {dagbag.py:545} INFO - Filling up the DagBag from /opt/airflow/dags/football_etl_dag.py
[2026-07-28T17:05:21.260+0000] {processor.py:840} INFO - DAG(s) 'football_etl' retrieved from /opt/airflow/dags/football_etl_dag.py
[2026-07-28T17:05:21.299+0000] {logging_mixin.py:188} INFO - [2026-07-28T17:05:21.299+0000] {dag.py:3089} INFO - Sync 1 DAGs
[2026-07-28T17:05:21.326+0000] {logging_mixin.py:188} INFO - [2026-07-28T17:05:21.325+0000] {dag.py:3947} INFO - Setting next_dagrun for football_etl to 2026-07-28 17:04:00+00:00, run_after=2026-07-28 17:06:00+00:00
[2026-07-28T17:05:21.346+0000] {processor.py:183} INFO - Processing /opt/airflow/dags/football_etl_dag.py took 0.121 seconds
[2026-07-28T17:05:51.632+0000] {processor.py:161} INFO - Started process (PID=530) to work on /opt/airflow/dags/football_etl_dag.py
[2026-07-28T17:05:51.633+0000] {processor.py:830} INFO - Processing file /opt/airflow/dags/football_etl_dag.py for tasks to queue
[2026-07-28T17:05:51.637+0000] {logging_mixin.py:188} INFO - [2026-07-28T17:05:51.636+0000] {dagbag.py:545} INFO - Filling up the DagBag from /opt/airflow/dags/football_etl_dag.py
[2026-07-28T17:05:51.679+0000] {processor.py:840} INFO - DAG(s) 'football_etl' retrieved from /opt/airflow/dags/football_etl_dag.py
[2026-07-28T17:05:51.748+0000] {logging_mixin.py:188} INFO - [2026-07-28T17:05:51.748+0000] {dag.py:3089} INFO - Sync 1 DAGs
[2026-07-28T17:05:51.778+0000] {logging_mixin.py:188} INFO - [2026-07-28T17:05:51.778+0000] {dag.py:3947} INFO - Setting next_dagrun for football_etl to 2026-07-28 17:04:00+00:00, run_after=2026-07-28 17:06:00+00:00
[2026-07-28T17:05:51.798+0000] {processor.py:183} INFO - Processing /opt/airflow/dags/football_etl_dag.py took 0.180 seconds
[2026-07-28T17:06:22.003+0000] {processor.py:161} INFO - Started process (PID=543) to work on /opt/airflow/dags/football_etl_dag.py
[2026-07-28T17:06:22.006+0000] {processor.py:830} INFO - Processing file /opt/airflow/dags/football_etl_dag.py for tasks to queue
[2026-07-28T17:06:22.009+0000] {logging_mixin.py:188} INFO - [2026-07-28T17:06:22.009+0000] {dagbag.py:545} INFO - Filling up the DagBag from /opt/airflow/dags/football_etl_dag.py
[2026-07-28T17:06:22.043+0000] {processor.py:840} INFO - DAG(s) 'football_etl' retrieved from /opt/airflow/dags/football_etl_dag.py
[2026-07-28T17:06:22.084+0000] {logging_mixin.py:188} INFO - [2026-07-28T17:06:22.084+0000] {dag.py:3089} INFO - Sync 1 DAGs
[2026-07-28T17:06:22.112+0000] {logging_mixin.py:188} INFO - [2026-07-28T17:06:22.111+0000] {dag.py:3947} INFO - Setting next_dagrun for football_etl to 2026-07-28 17:06:00+00:00, run_after=2026-07-28 17:08:00+00:00
[2026-07-28T17:06:22.135+0000] {processor.py:183} INFO - Processing /opt/airflow/dags/football_etl_dag.py took 0.142 seconds
[2026-07-28T17:06:52.198+0000] {processor.py:161} INFO - Started process (PID=548) to work on /opt/airflow/dags/football_etl_dag.py
[2026-07-28T17:06:52.199+0000] {processor.py:830} INFO - Processing file /opt/airflow/dags/football_etl_dag.py for tasks to queue
[2026-07-28T17:06:52.202+0000] {logging_mixin.py:188} INFO - [2026-07-28T17:06:52.202+0000] {dagbag.py:545} INFO - Filling up the DagBag from /opt/airflow/dags/football_etl_dag.py
[2026-07-28T17:06:52.229+0000] {processor.py:840} INFO - DAG(s) 'football_etl' retrieved from /opt/airflow/dags/football_etl_dag.py
[2026-07-28T17:06:52.268+0000] {logging_mixin.py:188} INFO - [2026-07-28T17:06:52.267+0000] {dag.py:3089} INFO - Sync 1 DAGs
[2026-07-28T17:06:52.296+0000] {logging_mixin.py:188} INFO - [2026-07-28T17:06:52.296+0000] {dag.py:3947} INFO - Setting next_dagrun for football_etl to 2026-07-28 17:06:00+00:00, run_after=2026-07-28 17:08:00+00:00
[2026-07-28T17:06:52.319+0000] {processor.py:183} INFO - Processing /opt/airflow/dags/football_etl_dag.py took 0.128 seconds
[2026-07-28T17:07:22.604+0000] {processor.py:161} INFO - Started process (PID=553) to work on /opt/airflow/dags/football_etl_dag.py
[2026-07-28T17:07:22.605+0000] {processor.py:830} INFO - Processing file /opt/airflow/dags/football_etl_dag.py for tasks to queue
[2026-07-28T17:07:22.608+0000] {logging_mixin.py:188} INFO - [2026-07-28T17:07:22.607+0000] {dagbag.py:545} INFO - Filling up the DagBag from /opt/airflow/dags/football_etl_dag.py
[2026-07-28T17:07:22.630+0000] {processor.py:840} INFO - DAG(s) 'football_etl' retrieved from /opt/airflow/dags/football_etl_dag.py
[2026-07-28T17:07:22.668+0000] {logging_mixin.py:188} INFO - [2026-07-28T17:07:22.668+0000] {dag.py:3089} INFO - Sync 1 DAGs
[2026-07-28T17:07:22.697+0000] {logging_mixin.py:188} INFO - [2026-07-28T17:07:22.697+0000] {dag.py:3947} INFO - Setting next_dagrun for football_etl to 2026-07-28 17:06:00+00:00, run_after=2026-07-28 17:08:00+00:00
[2026-07-28T17:07:22.719+0000] {processor.py:183} INFO - Processing /opt/airflow/dags/football_etl_dag.py took 0.123 seconds
[2026-07-28T17:07:52.887+0000] {processor.py:161} INFO - Started process (PID=558) to work on /opt/airflow/dags/football_etl_dag.py
[2026-07-28T17:07:52.888+0000] {processor.py:830} INFO - Processing file /opt/airflow/dags/football_etl_dag.py for tasks to queue
[2026-07-28T17:07:52.891+0000] {logging_mixin.py:188} INFO - [2026-07-28T17:07:52.891+0000] {dagbag.py:545} INFO - Filling up the DagBag from /opt/airflow/dags/football_etl_dag.py
[2026-07-28T17:07:52.915+0000] {processor.py:840} INFO - DAG(s) 'football_etl' retrieved from /opt/airflow/dags/football_etl_dag.py
[2026-07-28T17:07:52.953+0000] {logging_mixin.py:188} INFO - [2026-07-28T17:07:52.953+0000] {dag.py:3089} INFO - Sync 1 DAGs
[2026-07-28T17:07:52.985+0000] {logging_mixin.py:188} INFO - [2026-07-28T17:07:52.985+0000] {dag.py:3947} INFO - Setting next_dagrun for football_etl to 2026-07-28 17:06:00+00:00, run_after=2026-07-28 17:08:00+00:00
[2026-07-28T17:07:53.006+0000] {processor.py:183} INFO - Processing /opt/airflow/dags/football_etl_dag.py took 0.126 seconds
[2026-07-28T17:08:23.171+0000] {processor.py:161} INFO - Started process (PID=571) to work on /opt/airflow/dags/football_etl_dag.py
[2026-07-28T17:08:23.172+0000] {processor.py:830} INFO - Processing file /opt/airflow/dags/football_etl_dag.py for tasks to queue
[2026-07-28T17:08:23.175+0000] {logging_mixin.py:188} INFO - [2026-07-28T17:08:23.175+0000] {dagbag.py:545} INFO - Filling up the DagBag from /opt/airflow/dags/football_etl_dag.py
[2026-07-28T17:08:23.201+0000] {processor.py:840} INFO - DAG(s) 'football_etl' retrieved from /opt/airflow/dags/football_etl_dag.py
[2026-07-28T17:08:23.238+0000] {logging_mixin.py:188} INFO - [2026-07-28T17:08:23.237+0000] {dag.py:3089} INFO - Sync 1 DAGs
[2026-07-28T17:08:23.263+0000] {logging_mixin.py:188} INFO - [2026-07-28T17:08:23.263+0000] {dag.py:3947} INFO - Setting next_dagrun for football_etl to 2026-07-28 17:08:00+00:00, run_after=2026-07-28 17:10:00+00:00
[2026-07-28T17:08:23.284+0000] {processor.py:183} INFO - Processing /opt/airflow/dags/football_etl_dag.py took 0.120 seconds
[2026-07-28T17:08:53.392+0000] {processor.py:161} INFO - Started process (PID=576) to work on /opt/airflow/dags/football_etl_dag.py
[2026-07-28T17:08:53.393+0000] {processor.py:830} INFO - Processing file /opt/airflow/dags/football_etl_dag.py for tasks to queue
[2026-07-28T17:08:53.396+0000] {logging_mixin.py:188} INFO - [2026-07-28T17:08:53.395+0000] {dagbag.py:545} INFO - Filling up the DagBag from /opt/airflow/dags/football_etl_dag.py
[2026-07-28T17:08:53.422+0000] {processor.py:840} INFO - DAG(s) 'football_etl' retrieved from /opt/airflow/dags/football_etl_dag.py
[2026-07-28T17:08:53.459+0000] {logging_mixin.py:188} INFO - [2026-07-28T17:08:53.459+0000] {dag.py:3089} INFO - Sync 1 DAGs
[2026-07-28T17:08:53.485+0000] {logging_mixin.py:188} INFO - [2026-07-28T17:08:53.485+0000] {dag.py:3947} INFO - Setting next_dagrun for football_etl to 2026-07-28 17:08:00+00:00, run_after=2026-07-28 17:10:00+00:00
[2026-07-28T17:08:53.506+0000] {processor.py:183} INFO - Processing /opt/airflow/dags/football_etl_dag.py took 0.121 seconds
[2026-07-28T17:09:23.765+0000] {processor.py:161} INFO - Started process (PID=581) to work on /opt/airflow/dags/football_etl_dag.py
[2026-07-28T17:09:23.767+0000] {processor.py:830} INFO - Processing file /opt/airflow/dags/football_etl_dag.py for tasks to queue
[2026-07-28T17:09:23.769+0000] {logging_mixin.py:188} INFO - [2026-07-28T17:09:23.769+0000] {dagbag.py:545} INFO - Filling up the DagBag from /opt/airflow/dags/football_etl_dag.py
[2026-07-28T17:09:23.791+0000] {processor.py:840} INFO - DAG(s) 'football_etl' retrieved from /opt/airflow/dags/football_etl_dag.py
[2026-07-28T17:09:23.827+0000] {logging_mixin.py:188} INFO - [2026-07-28T17:09:23.827+0000] {dag.py:3089} INFO - Sync 1 DAGs
[2026-07-28T17:09:23.852+0000] {logging_mixin.py:188} INFO - [2026-07-28T17:09:23.852+0000] {dag.py:3947} INFO - Setting next_dagrun for football_etl to 2026-07-28 17:08:00+00:00, run_after=2026-07-28 17:10:00+00:00
[2026-07-28T17:09:23.872+0000] {processor.py:183} INFO - Processing /opt/airflow/dags/football_etl_dag.py took 0.114 seconds
[2026-07-28T17:09:54.034+0000] {processor.py:161} INFO - Started process (PID=586) to work on /opt/airflow/dags/football_etl_dag.py
[2026-07-28T17:09:54.035+0000] {processor.py:830} INFO - Processing file /opt/airflow/dags/football_etl_dag.py for tasks to queue
[2026-07-28T17:09:54.037+0000] {logging_mixin.py:188} INFO - [2026-07-28T17:09:54.037+0000] {dagbag.py:545} INFO - Filling up the DagBag from /opt/airflow/dags/football_etl_dag.py
[2026-07-28T17:09:54.059+0000] {processor.py:840} INFO - DAG(s) 'football_etl' retrieved from /opt/airflow/dags/football_etl_dag.py
[2026-07-28T17:09:54.096+0000] {logging_mixin.py:188} INFO - [2026-07-28T17:09:54.096+0000] {dag.py:3089} INFO - Sync 1 DAGs
[2026-07-28T17:09:54.124+0000] {logging_mixin.py:188} INFO - [2026-07-28T17:09:54.124+0000] {dag.py:3947} INFO - Setting next_dagrun for football_etl to 2026-07-28 17:08:00+00:00, run_after=2026-07-28 17:10:00+00:00
[2026-07-28T17:09:54.148+0000] {processor.py:183} INFO - Processing /opt/airflow/dags/football_etl_dag.py took 0.120 seconds
[2026-07-28T17:10:24.354+0000] {processor.py:161} INFO - Started process (PID=599) to work on /opt/airflow/dags/football_etl_dag.py
[2026-07-28T17:10:24.355+0000] {processor.py:830} INFO - Processing file /opt/airflow/dags/football_etl_dag.py for tasks to queue
[2026-07-28T17:10:24.358+0000] {logging_mixin.py:188} INFO - [2026-07-28T17:10:24.358+0000] {dagbag.py:545} INFO - Filling up the DagBag from /opt/airflow/dags/football_etl_dag.py
[2026-07-28T17:10:24.387+0000] {processor.py:840} INFO - DAG(s) 'football_etl' retrieved from /opt/airflow/dags/football_etl_dag.py
[2026-07-28T17:10:24.429+0000] {logging_mixin.py:188} INFO - [2026-07-28T17:10:24.429+0000] {dag.py:3089} INFO - Sync 1 DAGs
[2026-07-28T17:10:24.457+0000] {logging_mixin.py:188} INFO - [2026-07-28T17:10:24.456+0000] {dag.py:3947} INFO - Setting next_dagrun for football_etl to 2026-07-28 17:10:00+00:00, run_after=2026-07-28 17:12:00+00:00
[2026-07-28T17:10:24.477+0000] {processor.py:183} INFO - Processing /opt/airflow/dags/football_etl_dag.py took 0.131 seconds
[2026-07-28T17:10:54.613+0000] {processor.py:161} INFO - Started process (PID=604) to work on /opt/airflow/dags/football_etl_dag.py
[2026-07-28T17:10:54.614+0000] {processor.py:830} INFO - Processing file /opt/airflow/dags/football_etl_dag.py for tasks to queue
[2026-07-28T17:10:54.618+0000] {logging_mixin.py:188} INFO - [2026-07-28T17:10:54.617+0000] {dagbag.py:545} INFO - Filling up the DagBag from /opt/airflow/dags/football_etl_dag.py
[2026-07-28T17:10:54.642+0000] {processor.py:840} INFO - DAG(s) 'football_etl' retrieved from /opt/airflow/dags/football_etl_dag.py
[2026-07-28T17:10:54.678+0000] {logging_mixin.py:188} INFO - [2026-07-28T17:10:54.678+0000] {dag.py:3089} INFO - Sync 1 DAGs
[2026-07-28T17:10:54.710+0000] {logging_mixin.py:188} INFO - [2026-07-28T17:10:54.710+0000] {dag.py:3947} INFO - Setting next_dagrun for football_etl to 2026-07-28 17:10:00+00:00, run_after=2026-07-28 17:12:00+00:00
[2026-07-28T17:10:54.731+0000] {processor.py:183} INFO - Processing /opt/airflow/dags/football_etl_dag.py took 0.125 seconds
[2026-07-28T17:11:25.024+0000] {processor.py:161} INFO - Started process (PID=609) to work on /opt/airflow/dags/football_etl_dag.py
[2026-07-28T17:11:25.025+0000] {processor.py:830} INFO - Processing file /opt/airflow/dags/football_etl_dag.py for tasks to queue
[2026-07-28T17:11:25.029+0000] {logging_mixin.py:188} INFO - [2026-07-28T17:11:25.028+0000] {dagbag.py:545} INFO - Filling up the DagBag from /opt/airflow/dags/football_etl_dag.py
[2026-07-28T17:11:25.051+0000] {processor.py:840} INFO - DAG(s) 'football_etl' retrieved from /opt/airflow/dags/football_etl_dag.py
[2026-07-28T17:11:25.086+0000] {logging_mixin.py:188} INFO - [2026-07-28T17:11:25.085+0000] {dag.py:3089} INFO - Sync 1 DAGs
[2026-07-28T17:11:25.113+0000] {logging_mixin.py:188} INFO - [2026-07-28T17:11:25.112+0000] {dag.py:3947} INFO - Setting next_dagrun for football_etl to 2026-07-28 17:10:00+00:00, run_after=2026-07-28 17:12:00+00:00
[2026-07-28T17:11:25.132+0000] {processor.py:183} INFO - Processing /opt/airflow/dags/football_etl_dag.py took 0.114 seconds
[2026-07-28T17:11:55.295+0000] {processor.py:161} INFO - Started process (PID=614) to work on /opt/airflow/dags/football_etl_dag.py
[2026-07-28T17:11:55.297+0000] {processor.py:830} INFO - Processing file /opt/airflow/dags/football_etl_dag.py for tasks to queue
[2026-07-28T17:11:55.300+0000] {logging_mixin.py:188} INFO - [2026-07-28T17:11:55.300+0000] {dagbag.py:545} INFO - Filling up the DagBag from /opt/airflow/dags/football_etl_dag.py
[2026-07-28T17:11:55.322+0000] {processor.py:840} INFO - DAG(s) 'football_etl' retrieved from /opt/airflow/dags/football_etl_dag.py
[2026-07-28T17:11:55.358+0000] {logging_mixin.py:188} INFO - [2026-07-28T17:11:55.357+0000] {dag.py:3089} INFO - Sync 1 DAGs
[2026-07-28T17:11:55.384+0000] {logging_mixin.py:188} INFO - [2026-07-28T17:11:55.384+0000] {dag.py:3947} INFO - Setting next_dagrun for football_etl to 2026-07-28 17:10:00+00:00, run_after=2026-07-28 17:12:00+00:00
[2026-07-28T17:11:55.404+0000] {processor.py:183} INFO - Processing /opt/airflow/dags/football_etl_dag.py took 0.116 seconds
[2026-07-28T17:12:25.625+0000] {processor.py:161} INFO - Started process (PID=627) to work on /opt/airflow/dags/football_etl_dag.py
[2026-07-28T17:12:25.627+0000] {processor.py:830} INFO - Processing file /opt/airflow/dags/football_etl_dag.py for tasks to queue
[2026-07-28T17:12:25.630+0000] {logging_mixin.py:188} INFO - [2026-07-28T17:12:25.630+0000] {dagbag.py:545} INFO - Filling up the DagBag from /opt/airflow/dags/football_etl_dag.py
[2026-07-28T17:12:25.661+0000] {processor.py:840} INFO - DAG(s) 'football_etl' retrieved from /opt/airflow/dags/football_etl_dag.py
[2026-07-28T17:12:25.705+0000] {logging_mixin.py:188} INFO - [2026-07-28T17:12:25.705+0000] {dag.py:3089} INFO - Sync 1 DAGs
[2026-07-28T17:12:25.731+0000] {logging_mixin.py:188} INFO - [2026-07-28T17:12:25.731+0000] {dag.py:3947} INFO - Setting next_dagrun for football_etl to 2026-07-28 17:12:00+00:00, run_after=2026-07-28 17:14:00+00:00
[2026-07-28T17:12:25.751+0000] {processor.py:183} INFO - Processing /opt/airflow/dags/football_etl_dag.py took 0.134 seconds
[2026-07-28T17:12:55.840+0000] {processor.py:161} INFO - Started process (PID=632) to work on /opt/airflow/dags/football_etl_dag.py
[2026-07-28T17:12:55.842+0000] {processor.py:830} INFO - Processing file /opt/airflow/dags/football_etl_dag.py for tasks to queue
[2026-07-28T17:12:55.845+0000] {logging_mixin.py:188} INFO - [2026-07-28T17:12:55.844+0000] {dagbag.py:545} INFO - Filling up the DagBag from /opt/airflow/dags/football_etl_dag.py
[2026-07-28T17:12:55.869+0000] {processor.py:840} INFO - DAG(s) 'football_etl' retrieved from /opt/airflow/dags/football_etl_dag.py
[2026-07-28T17:12:55.907+0000] {logging_mixin.py:188} INFO - [2026-07-28T17:12:55.907+0000] {dag.py:3089} INFO - Sync 1 DAGs
[2026-07-28T17:12:55.933+0000] {logging_mixin.py:188} INFO - [2026-07-28T17:12:55.933+0000] {dag.py:3947} INFO - Setting next_dagrun for football_etl to 2026-07-28 17:12:00+00:00, run_after=2026-07-28 17:14:00+00:00
[2026-07-28T17:12:55.955+0000] {processor.py:183} INFO - Processing /opt/airflow/dags/football_etl_dag.py took 0.122 seconds
[2026-07-28T17:13:26.223+0000] {processor.py:161} INFO - Started process (PID=637) to work on /opt/airflow/dags/football_etl_dag.py
[2026-07-28T17:13:26.224+0000] {processor.py:830} INFO - Processing file /opt/airflow/dags/football_etl_dag.py for tasks to queue
[2026-07-28T17:13:26.226+0000] {logging_mixin.py:188} INFO - [2026-07-28T17:13:26.226+0000] {dagbag.py:545} INFO - Filling up the DagBag from /opt/airflow/dags/football_etl_dag.py
[2026-07-28T17:13:26.247+0000] {processor.py:840} INFO - DAG(s) 'football_etl' retrieved from /opt/airflow/dags/football_etl_dag.py
[2026-07-28T17:13:26.279+0000] {logging_mixin.py:188} INFO - [2026-07-28T17:13:26.279+0000] {dag.py:3089} INFO - Sync 1 DAGs
[2026-07-28T17:13:26.304+0000] {logging_mixin.py:188} INFO - [2026-07-28T17:13:26.304+0000] {dag.py:3947} INFO - Setting next_dagrun for football_etl to 2026-07-28 17:12:00+00:00, run_after=2026-07-28 17:14:00+00:00
[2026-07-28T17:13:26.324+0000] {processor.py:183} INFO - Processing /opt/airflow/dags/football_etl_dag.py took 0.108 seconds
[2026-07-28T17:13:56.514+0000] {processor.py:161} INFO - Started process (PID=642) to work on /opt/airflow/dags/football_etl_dag.py
[2026-07-28T17:13:56.516+0000] {processor.py:830} INFO - Processing file /opt/airflow/dags/football_etl_dag.py for tasks to queue
[2026-07-28T17:13:56.518+0000] {logging_mixin.py:188} INFO - [2026-07-28T17:13:56.518+0000] {dagbag.py:545} INFO - Filling up the DagBag from /opt/airflow/dags/football_etl_dag.py
[2026-07-28T17:13:56.542+0000] {processor.py:840} INFO - DAG(s) 'football_etl' retrieved from /opt/airflow/dags/football_etl_dag.py
[2026-07-28T17:13:56.581+0000] {logging_mixin.py:188} INFO - [2026-07-28T17:13:56.581+0000] {dag.py:3089} INFO - Sync 1 DAGs
[2026-07-28T17:13:56.610+0000] {logging_mixin.py:188} INFO - [2026-07-28T17:13:56.609+0000] {dag.py:3947} INFO - Setting next_dagrun for football_etl to 2026-07-28 17:12:00+00:00, run_after=2026-07-28 17:14:00+00:00
[2026-07-28T17:13:56.632+0000] {processor.py:183} INFO - Processing /opt/airflow/dags/football_etl_dag.py took 0.125 seconds
[2026-07-28T17:14:26.734+0000] {processor.py:161} INFO - Started process (PID=655) to work on /opt/airflow/dags/football_etl_dag.py
[2026-07-28T17:14:26.735+0000] {processor.py:830} INFO - Processing file /opt/airflow/dags/football_etl_dag.py for tasks to queue
[2026-07-28T17:14:26.739+0000] {logging_mixin.py:188} INFO - [2026-07-28T17:14:26.738+0000] {dagbag.py:545} INFO - Filling up the DagBag from /opt/airflow/dags/football_etl_dag.py
[2026-07-28T17:14:26.763+0000] {processor.py:840} INFO - DAG(s) 'football_etl' retrieved from /opt/airflow/dags/football_etl_dag.py
[2026-07-28T17:14:26.804+0000] {logging_mixin.py:188} INFO - [2026-07-28T17:14:26.803+0000] {dag.py:3089} INFO - Sync 1 DAGs
[2026-07-28T17:14:26.830+0000] {logging_mixin.py:188} INFO - [2026-07-28T17:14:26.830+0000] {dag.py:3947} INFO - Setting next_dagrun for football_etl to 2026-07-28 17:14:00+00:00, run_after=2026-07-28 17:16:00+00:00
[2026-07-28T17:14:26.851+0000] {processor.py:183} INFO - Processing /opt/airflow/dags/football_etl_dag.py took 0.123 seconds
[2026-07-28T17:14:57.035+0000] {processor.py:161} INFO - Started process (PID=660) to work on /opt/airflow/dags/football_etl_dag.py
[2026-07-28T17:14:57.036+0000] {processor.py:830} INFO - Processing file /opt/airflow/dags/football_etl_dag.py for tasks to queue
[2026-07-28T17:14:57.039+0000] {logging_mixin.py:188} INFO - [2026-07-28T17:14:57.039+0000] {dagbag.py:545} INFO - Filling up the DagBag from /opt/airflow/dags/football_etl_dag.py
[2026-07-28T17:14:57.068+0000] {processor.py:840} INFO - DAG(s) 'football_etl' retrieved from /opt/airflow/dags/football_etl_dag.py
[2026-07-28T17:14:57.104+0000] {logging_mixin.py:188} INFO - [2026-07-28T17:14:57.104+0000] {dag.py:3089} INFO - Sync 1 DAGs
[2026-07-28T17:14:57.130+0000] {logging_mixin.py:188} INFO - [2026-07-28T17:14:57.130+0000] {dag.py:3947} INFO - Setting next_dagrun for football_etl to 2026-07-28 17:14:00+00:00, run_after=2026-07-28 17:16:00+00:00
[2026-07-28T17:14:57.150+0000] {processor.py:183} INFO - Processing /opt/airflow/dags/football_etl_dag.py took 0.123 seconds
[2026-07-28T17:15:27.320+0000] {processor.py:161} INFO - Started process (PID=665) to work on /opt/airflow/dags/football_etl_dag.py
[2026-07-28T17:15:27.321+0000] {processor.py:830} INFO - Processing file /opt/airflow/dags/football_etl_dag.py for tasks to queue
[2026-07-28T17:15:27.324+0000] {logging_mixin.py:188} INFO - [2026-07-28T17:15:27.324+0000] {dagbag.py:545} INFO - Filling up the DagBag from /opt/airflow/dags/football_etl_dag.py
[2026-07-28T17:15:27.348+0000] {processor.py:840} INFO - DAG(s) 'football_etl' retrieved from /opt/airflow/dags/football_etl_dag.py
[2026-07-28T17:15:27.385+0000] {logging_mixin.py:188} INFO - [2026-07-28T17:15:27.385+0000] {dag.py:3089} INFO - Sync 1 DAGs
[2026-07-28T17:15:27.411+0000] {logging_mixin.py:188} INFO - [2026-07-28T17:15:27.411+0000] {dag.py:3947} INFO - Setting next_dagrun for football_etl to 2026-07-28 17:14:00+00:00, run_after=2026-07-28 17:16:00+00:00
[2026-07-28T17:15:27.433+0000] {processor.py:183} INFO - Processing /opt/airflow/dags/football_etl_dag.py took 0.120 seconds
[2026-07-28T17:15:57.716+0000] {processor.py:161} INFO - Started process (PID=670) to work on /opt/airflow/dags/football_etl_dag.py
[2026-07-28T17:15:57.717+0000] {processor.py:830} INFO - Processing file /opt/airflow/dags/football_etl_dag.py for tasks to queue
[2026-07-28T17:15:57.720+0000] {logging_mixin.py:188} INFO - [2026-07-28T17:15:57.719+0000] {dagbag.py:545} INFO - Filling up the DagBag from /opt/airflow/dags/football_etl_dag.py
[2026-07-28T17:15:57.742+0000] {processor.py:840} INFO - DAG(s) 'football_etl' retrieved from /opt/airflow/dags/football_etl_dag.py
[2026-07-28T17:15:57.777+0000] {logging_mixin.py:188} INFO - [2026-07-28T17:15:57.777+0000] {dag.py:3089} INFO - Sync 1 DAGs
[2026-07-28T17:15:57.806+0000] {logging_mixin.py:188} INFO - [2026-07-28T17:15:57.805+0000] {dag.py:3947} INFO - Setting next_dagrun for football_etl to 2026-07-28 17:14:00+00:00, run_after=2026-07-28 17:16:00+00:00
[2026-07-28T17:15:57.828+0000] {processor.py:183} INFO - Processing /opt/airflow/dags/football_etl_dag.py took 0.117 seconds
[2026-07-28T17:16:27.958+0000] {processor.py:161} INFO - Started process (PID=683) to work on /opt/airflow/dags/football_etl_dag.py
[2026-07-28T17:16:27.959+0000] {processor.py:830} INFO - Processing file /opt/airflow/dags/football_etl_dag.py for tasks to queue
[2026-07-28T17:16:27.963+0000] {logging_mixin.py:188} INFO - [2026-07-28T17:16:27.963+0000] {dagbag.py:545} INFO - Filling up the DagBag from /opt/airflow/dags/football_etl_dag.py
[2026-07-28T17:16:27.994+0000] {processor.py:840} INFO - DAG(s) 'football_etl' retrieved from /opt/airflow/dags/football_etl_dag.py
[2026-07-28T17:16:28.043+0000] {logging_mixin.py:188} INFO - [2026-07-28T17:16:28.043+0000] {dag.py:3089} INFO - Sync 1 DAGs
[2026-07-28T17:16:28.074+0000] {logging_mixin.py:188} INFO - [2026-07-28T17:16:28.074+0000] {dag.py:3947} INFO - Setting next_dagrun for football_etl to 2026-07-28 17:16:00+00:00, run_after=2026-07-28 17:18:00+00:00
[2026-07-28T17:16:28.105+0000] {processor.py:183} INFO - Processing /opt/airflow/dags/football_etl_dag.py took 0.155 seconds
[2026-07-28T17:16:58.259+0000] {processor.py:161} INFO - Started process (PID=688) to work on /opt/airflow/dags/football_etl_dag.py
[2026-07-28T17:16:58.260+0000] {processor.py:830} INFO - Processing file /opt/airflow/dags/football_etl_dag.py for tasks to queue
[2026-07-28T17:16:58.263+0000] {logging_mixin.py:188} INFO - [2026-07-28T17:16:58.262+0000] {dagbag.py:545} INFO - Filling up the DagBag from /opt/airflow/dags/football_etl_dag.py
[2026-07-28T17:16:58.286+0000] {processor.py:840} INFO - DAG(s) 'football_etl' retrieved from /opt/airflow/dags/football_etl_dag.py
[2026-07-28T17:16:58.319+0000] {logging_mixin.py:188} INFO - [2026-07-28T17:16:58.319+0000] {dag.py:3089} INFO - Sync 1 DAGs
[2026-07-28T17:16:58.343+0000] {logging_mixin.py:188} INFO - [2026-07-28T17:16:58.343+0000] {dag.py:3947} INFO - Setting next_dagrun for football_etl to 2026-07-28 17:16:00+00:00, run_after=2026-07-28 17:18:00+00:00
[2026-07-28T17:16:58.363+0000] {processor.py:183} INFO - Processing /opt/airflow/dags/football_etl_dag.py took 0.110 seconds
[2026-07-28T17:17:28.574+0000] {processor.py:161} INFO - Started process (PID=693) to work on /opt/airflow/dags/football_etl_dag.py
[2026-07-28T17:17:28.575+0000] {processor.py:830} INFO - Processing file /opt/airflow/dags/football_etl_dag.py for tasks to queue
[2026-07-28T17:17:28.578+0000] {logging_mixin.py:188} INFO - [2026-07-28T17:17:28.577+0000] {dagbag.py:545} INFO - Filling up the DagBag from /opt/airflow/dags/football_etl_dag.py
[2026-07-28T17:17:28.605+0000] {processor.py:840} INFO - DAG(s) 'football_etl' retrieved from /opt/airflow/dags/football_etl_dag.py
[2026-07-28T17:17:28.645+0000] {logging_mixin.py:188} INFO - [2026-07-28T17:17:28.645+0000] {dag.py:3089} INFO - Sync 1 DAGs
[2026-07-28T17:17:28.672+0000] {logging_mixin.py:188} INFO - [2026-07-28T17:17:28.672+0000] {dag.py:3947} INFO - Setting next_dagrun for football_etl to 2026-07-28 17:16:00+00:00, run_after=2026-07-28 17:18:00+00:00
[2026-07-28T17:17:28.693+0000] {processor.py:183} INFO - Processing /opt/airflow/dags/football_etl_dag.py took 0.127 seconds
[2026-07-28T17:17:58.908+0000] {processor.py:161} INFO - Started process (PID=698) to work on /opt/airflow/dags/football_etl_dag.py
[2026-07-28T17:17:58.909+0000] {processor.py:830} INFO - Processing file /opt/airflow/dags/football_etl_dag.py for tasks to queue
[2026-07-28T17:17:58.912+0000] {logging_mixin.py:188} INFO - [2026-07-28T17:17:58.911+0000] {dagbag.py:545} INFO - Filling up the DagBag from /opt/airflow/dags/football_etl_dag.py
[2026-07-28T17:17:58.934+0000] {processor.py:840} INFO - DAG(s) 'football_etl' retrieved from /opt/airflow/dags/football_etl_dag.py
[2026-07-28T17:17:58.972+0000] {logging_mixin.py:188} INFO - [2026-07-28T17:17:58.972+0000] {dag.py:3089} INFO - Sync 1 DAGs
[2026-07-28T17:17:59.001+0000] {logging_mixin.py:188} INFO - [2026-07-28T17:17:59.000+0000] {dag.py:3947} INFO - Setting next_dagrun for football_etl to 2026-07-28 17:16:00+00:00, run_after=2026-07-28 17:18:00+00:00
[2026-07-28T17:17:59.022+0000] {processor.py:183} INFO - Processing /opt/airflow/dags/football_etl_dag.py took 0.121 seconds
[2026-07-28T17:18:29.147+0000] {processor.py:161} INFO - Started process (PID=711) to work on /opt/airflow/dags/football_etl_dag.py
[2026-07-28T17:18:29.148+0000] {processor.py:830} INFO - Processing file /opt/airflow/dags/football_etl_dag.py for tasks to queue
[2026-07-28T17:18:29.152+0000] {logging_mixin.py:188} INFO - [2026-07-28T17:18:29.151+0000] {dagbag.py:545} INFO - Filling up the DagBag from /opt/airflow/dags/football_etl_dag.py
[2026-07-28T17:18:29.183+0000] {processor.py:840} INFO - DAG(s) 'football_etl' retrieved from /opt/airflow/dags/football_etl_dag.py
[2026-07-28T17:18:29.219+0000] {logging_mixin.py:188} INFO - [2026-07-28T17:18:29.219+0000] {dag.py:3089} INFO - Sync 1 DAGs
[2026-07-28T17:18:29.245+0000] {logging_mixin.py:188} INFO - [2026-07-28T17:18:29.245+0000] {dag.py:3947} INFO - Setting next_dagrun for football_etl to 2026-07-28 17:18:00+00:00, run_after=2026-07-28 17:20:00+00:00
[2026-07-28T17:18:29.266+0000] {processor.py:183} INFO - Processing /opt/airflow/dags/football_etl_dag.py took 0.126 seconds
[2026-07-28T17:18:59.415+0000] {processor.py:161} INFO - Started process (PID=716) to work on /opt/airflow/dags/football_etl_dag.py
[2026-07-28T17:18:59.417+0000] {processor.py:830} INFO - Processing file /opt/airflow/dags/football_etl_dag.py for tasks to queue
[2026-07-28T17:18:59.419+0000] {logging_mixin.py:188} INFO - [2026-07-28T17:18:59.419+0000] {dagbag.py:545} INFO - Filling up the DagBag from /opt/airflow/dags/football_etl_dag.py
[2026-07-28T17:18:59.440+0000] {processor.py:840} INFO - DAG(s) 'football_etl' retrieved from /opt/airflow/dags/football_etl_dag.py
[2026-07-28T17:18:59.475+0000] {logging_mixin.py:188} INFO - [2026-07-28T17:18:59.475+0000] {dag.py:3089} INFO - Sync 1 DAGs
[2026-07-28T17:18:59.501+0000] {logging_mixin.py:188} INFO - [2026-07-28T17:18:59.501+0000] {dag.py:3947} INFO - Setting next_dagrun for football_etl to 2026-07-28 17:18:00+00:00, run_after=2026-07-28 17:20:00+00:00
[2026-07-28T17:18:59.523+0000] {processor.py:183} INFO - Processing /opt/airflow/dags/football_etl_dag.py took 0.115 seconds
[2026-07-28T17:19:29.682+0000] {processor.py:161} INFO - Started process (PID=721) to work on /opt/airflow/dags/football_etl_dag.py
[2026-07-28T17:19:29.684+0000] {processor.py:830} INFO - Processing file /opt/airflow/dags/football_etl_dag.py for tasks to queue
[2026-07-28T17:19:29.686+0000] {logging_mixin.py:188} INFO - [2026-07-28T17:19:29.686+0000] {dagbag.py:545} INFO - Filling up the DagBag from /opt/airflow/dags/football_etl_dag.py
[2026-07-28T17:19:29.712+0000] {processor.py:840} INFO - DAG(s) 'football_etl' retrieved from /opt/airflow/dags/football_etl_dag.py
[2026-07-28T17:19:29.753+0000] {logging_mixin.py:188} INFO - [2026-07-28T17:19:29.753+0000] {dag.py:3089} INFO - Sync 1 DAGs
[2026-07-28T17:19:29.782+0000] {logging_mixin.py:188} INFO - [2026-07-28T17:19:29.782+0000] {dag.py:3947} INFO - Setting next_dagrun for football_etl to 2026-07-28 17:18:00+00:00, run_after=2026-07-28 17:20:00+00:00
[2026-07-28T17:19:29.807+0000] {processor.py:183} INFO - Processing /opt/airflow/dags/football_etl_dag.py took 0.131 seconds
[2026-07-28T17:20:00.041+0000] {processor.py:161} INFO - Started process (PID=726) to work on /opt/airflow/dags/football_etl_dag.py
[2026-07-28T17:20:00.042+0000] {processor.py:830} INFO - Processing file /opt/airflow/dags/football_etl_dag.py for tasks to queue
[2026-07-28T17:20:00.045+0000] {logging_mixin.py:188} INFO - [2026-07-28T17:20:00.044+0000] {dagbag.py:545} INFO - Filling up the DagBag from /opt/airflow/dags/football_etl_dag.py
[2026-07-28T17:20:00.066+0000] {processor.py:840} INFO - DAG(s) 'football_etl' retrieved from /opt/airflow/dags/football_etl_dag.py
[2026-07-28T17:20:00.101+0000] {logging_mixin.py:188} INFO - [2026-07-28T17:20:00.101+0000] {dag.py:3089} INFO - Sync 1 DAGs
[2026-07-28T17:20:00.128+0000] {logging_mixin.py:188} INFO - [2026-07-28T17:20:00.128+0000] {dag.py:3947} INFO - Setting next_dagrun for football_etl to 2026-07-28 17:18:00+00:00, run_after=2026-07-28 17:20:00+00:00
[2026-07-28T17:20:00.148+0000] {processor.py:183} INFO - Processing /opt/airflow/dags/football_etl_dag.py took 0.115 seconds
[2026-07-28T17:20:30.214+0000] {processor.py:161} INFO - Started process (PID=739) to work on /opt/airflow/dags/football_etl_dag.py
[2026-07-28T17:20:30.215+0000] {processor.py:830} INFO - Processing file /opt/airflow/dags/football_etl_dag.py for tasks to queue
[2026-07-28T17:20:30.218+0000] {logging_mixin.py:188} INFO - [2026-07-28T17:20:30.218+0000] {dagbag.py:545} INFO - Filling up the DagBag from /opt/airflow/dags/football_etl_dag.py
[2026-07-28T17:20:30.242+0000] {processor.py:840} INFO - DAG(s) 'football_etl' retrieved from /opt/airflow/dags/football_etl_dag.py
[2026-07-28T17:20:30.284+0000] {logging_mixin.py:188} INFO - [2026-07-28T17:20:30.284+0000] {dag.py:3089} INFO - Sync 1 DAGs
[2026-07-28T17:20:30.312+0000] {logging_mixin.py:188} INFO - [2026-07-28T17:20:30.312+0000] {dag.py:3947} INFO - Setting next_dagrun for football_etl to 2026-07-28 17:20:00+00:00, run_after=2026-07-28 17:22:00+00:00
[2026-07-28T17:20:30.338+0000] {processor.py:183} INFO - Processing /opt/airflow/dags/football_etl_dag.py took 0.132 seconds
[2026-07-28T17:21:00.574+0000] {processor.py:161} INFO - Started process (PID=744) to work on /opt/airflow/dags/football_etl_dag.py
[2026-07-28T17:21:00.576+0000] {processor.py:830} INFO - Processing file /opt/airflow/dags/football_etl_dag.py for tasks to queue
[2026-07-28T17:21:00.578+0000] {logging_mixin.py:188} INFO - [2026-07-28T17:21:00.578+0000] {dagbag.py:545} INFO - Filling up the DagBag from /opt/airflow/dags/football_etl_dag.py
[2026-07-28T17:21:00.604+0000] {processor.py:840} INFO - DAG(s) 'football_etl' retrieved from /opt/airflow/dags/football_etl_dag.py
[2026-07-28T17:21:00.640+0000] {logging_mixin.py:188} INFO - [2026-07-28T17:21:00.640+0000] {dag.py:3089} INFO - Sync 1 DAGs
[2026-07-28T17:21:00.666+0000] {logging_mixin.py:188} INFO - [2026-07-28T17:21:00.666+0000] {dag.py:3947} INFO - Setting next_dagrun for football_etl to 2026-07-28 17:20:00+00:00, run_after=2026-07-28 17:22:00+00:00
[2026-07-28T17:21:00.687+0000] {processor.py:183} INFO - Processing /opt/airflow/dags/football_etl_dag.py took 0.118 seconds
[2026-07-28T17:21:30.868+0000] {processor.py:161} INFO - Started process (PID=749) to work on /opt/airflow/dags/football_etl_dag.py
[2026-07-28T17:21:30.869+0000] {processor.py:830} INFO - Processing file /opt/airflow/dags/football_etl_dag.py for tasks to queue
[2026-07-28T17:21:30.871+0000] {logging_mixin.py:188} INFO - [2026-07-28T17:21:30.871+0000] {dagbag.py:545} INFO - Filling up the DagBag from /opt/airflow/dags/football_etl_dag.py
[2026-07-28T17:21:30.894+0000] {processor.py:840} INFO - DAG(s) 'football_etl' retrieved from /opt/airflow/dags/football_etl_dag.py
[2026-07-28T17:21:30.928+0000] {logging_mixin.py:188} INFO - [2026-07-28T17:21:30.928+0000] {dag.py:3089} INFO - Sync 1 DAGs
[2026-07-28T17:21:30.953+0000] {logging_mixin.py:188} INFO - [2026-07-28T17:21:30.952+0000] {dag.py:3947} INFO - Setting next_dagrun for football_etl to 2026-07-28 17:20:00+00:00, run_after=2026-07-28 17:22:00+00:00
[2026-07-28T17:21:30.972+0000] {processor.py:183} INFO - Processing /opt/airflow/dags/football_etl_dag.py took 0.111 seconds
[2026-07-28T17:22:01.237+0000] {processor.py:161} INFO - Started process (PID=757) to work on /opt/airflow/dags/football_etl_dag.py
[2026-07-28T17:22:01.238+0000] {processor.py:830} INFO - Processing file /opt/airflow/dags/football_etl_dag.py for tasks to queue
[2026-07-28T17:22:01.240+0000] {logging_mixin.py:188} INFO - [2026-07-28T17:22:01.240+0000] {dagbag.py:545} INFO - Filling up the DagBag from /opt/airflow/dags/football_etl_dag.py
[2026-07-28T17:22:01.263+0000] {processor.py:840} INFO - DAG(s) 'football_etl' retrieved from /opt/airflow/dags/football_etl_dag.py
[2026-07-28T17:22:01.301+0000] {logging_mixin.py:188} INFO - [2026-07-28T17:22:01.301+0000] {dag.py:3089} INFO - Sync 1 DAGs
[2026-07-28T17:22:01.328+0000] {logging_mixin.py:188} INFO - [2026-07-28T17:22:01.327+0000] {dag.py:3947} INFO - Setting next_dagrun for football_etl to 2026-07-28 17:22:00+00:00, run_after=2026-07-28 17:24:00+00:00
[2026-07-28T17:22:01.350+0000] {processor.py:183} INFO - Processing /opt/airflow/dags/football_etl_dag.py took 0.121 seconds
[2026-07-28T17:22:31.511+0000] {processor.py:161} INFO - Started process (PID=767) to work on /opt/airflow/dags/football_etl_dag.py
[2026-07-28T17:22:31.512+0000] {processor.py:830} INFO - Processing file /opt/airflow/dags/football_etl_dag.py for tasks to queue
[2026-07-28T17:22:31.515+0000] {logging_mixin.py:188} INFO - [2026-07-28T17:22:31.514+0000] {dagbag.py:545} INFO - Filling up the DagBag from /opt/airflow/dags/football_etl_dag.py
[2026-07-28T17:22:31.545+0000] {processor.py:840} INFO - DAG(s) 'football_etl' retrieved from /opt/airflow/dags/football_etl_dag.py
[2026-07-28T17:22:31.579+0000] {logging_mixin.py:188} INFO - [2026-07-28T17:22:31.578+0000] {dag.py:3089} INFO - Sync 1 DAGs
[2026-07-28T17:22:31.603+0000] {logging_mixin.py:188} INFO - [2026-07-28T17:22:31.603+0000] {dag.py:3947} INFO - Setting next_dagrun for football_etl to 2026-07-28 17:22:00+00:00, run_after=2026-07-28 17:24:00+00:00
[2026-07-28T17:22:31.623+0000] {processor.py:183} INFO - Processing /opt/airflow/dags/football_etl_dag.py took 0.119 seconds
[2026-07-28T17:23:01.734+0000] {processor.py:161} INFO - Started process (PID=772) to work on /opt/airflow/dags/football_etl_dag.py
[2026-07-28T17:23:01.735+0000] {processor.py:830} INFO - Processing file /opt/airflow/dags/football_etl_dag.py for tasks to queue
[2026-07-28T17:23:01.737+0000] {logging_mixin.py:188} INFO - [2026-07-28T17:23:01.737+0000] {dagbag.py:545} INFO - Filling up the DagBag from /opt/airflow/dags/football_etl_dag.py
[2026-07-28T17:23:01.758+0000] {processor.py:840} INFO - DAG(s) 'football_etl' retrieved from /opt/airflow/dags/football_etl_dag.py
[2026-07-28T17:23:01.791+0000] {logging_mixin.py:188} INFO - [2026-07-28T17:23:01.790+0000] {dag.py:3089} INFO - Sync 1 DAGs
[2026-07-28T17:23:01.815+0000] {logging_mixin.py:188} INFO - [2026-07-28T17:23:01.814+0000] {dag.py:3947} INFO - Setting next_dagrun for football_etl to 2026-07-28 17:22:00+00:00, run_after=2026-07-28 17:24:00+00:00
[2026-07-28T17:23:01.849+0000] {processor.py:183} INFO - Processing /opt/airflow/dags/football_etl_dag.py took 0.121 seconds
[2026-07-28T17:23:32.139+0000] {processor.py:161} INFO - Started process (PID=777) to work on /opt/airflow/dags/football_etl_dag.py
[2026-07-28T17:23:32.140+0000] {processor.py:830} INFO - Processing file /opt/airflow/dags/football_etl_dag.py for tasks to queue
[2026-07-28T17:23:32.143+0000] {logging_mixin.py:188} INFO - [2026-07-28T17:23:32.143+0000] {dagbag.py:545} INFO - Filling up the DagBag from /opt/airflow/dags/football_etl_dag.py
[2026-07-28T17:23:32.167+0000] {processor.py:840} INFO - DAG(s) 'football_etl' retrieved from /opt/airflow/dags/football_etl_dag.py
[2026-07-28T17:23:32.205+0000] {logging_mixin.py:188} INFO - [2026-07-28T17:23:32.205+0000] {dag.py:3089} INFO - Sync 1 DAGs
[2026-07-28T17:23:32.230+0000] {logging_mixin.py:188} INFO - [2026-07-28T17:23:32.230+0000] {dag.py:3947} INFO - Setting next_dagrun for football_etl to 2026-07-28 17:22:00+00:00, run_after=2026-07-28 17:24:00+00:00
[2026-07-28T17:23:32.251+0000] {processor.py:183} INFO - Processing /opt/airflow/dags/football_etl_dag.py took 0.119 seconds
[2026-07-28T17:24:02.438+0000] {processor.py:161} INFO - Started process (PID=788) to work on /opt/airflow/dags/football_etl_dag.py
[2026-07-28T17:24:02.439+0000] {processor.py:830} INFO - Processing file /opt/airflow/dags/football_etl_dag.py for tasks to queue
[2026-07-28T17:24:02.442+0000] {logging_mixin.py:188} INFO - [2026-07-28T17:24:02.442+0000] {dagbag.py:545} INFO - Filling up the DagBag from /opt/airflow/dags/football_etl_dag.py
[2026-07-28T17:24:02.468+0000] {processor.py:840} INFO - DAG(s) 'football_etl' retrieved from /opt/airflow/dags/football_etl_dag.py
[2026-07-28T17:24:02.506+0000] {logging_mixin.py:188} INFO - [2026-07-28T17:24:02.505+0000] {dag.py:3089} INFO - Sync 1 DAGs
[2026-07-28T17:24:02.533+0000] {logging_mixin.py:188} INFO - [2026-07-28T17:24:02.532+0000] {dag.py:3947} INFO - Setting next_dagrun for football_etl to 2026-07-28 17:24:00+00:00, run_after=2026-07-28 17:26:00+00:00
[2026-07-28T17:24:02.556+0000] {processor.py:183} INFO - Processing /opt/airflow/dags/football_etl_dag.py took 0.126 seconds
[2026-07-28T17:24:32.707+0000] {processor.py:161} INFO - Started process (PID=795) to work on /opt/airflow/dags/football_etl_dag.py
[2026-07-28T17:24:32.709+0000] {processor.py:830} INFO - Processing file /opt/airflow/dags/football_etl_dag.py for tasks to queue
[2026-07-28T17:24:32.715+0000] {logging_mixin.py:188} INFO - [2026-07-28T17:24:32.715+0000] {dagbag.py:545} INFO - Filling up the DagBag from /opt/airflow/dags/football_etl_dag.py
[2026-07-28T17:24:32.768+0000] {processor.py:840} INFO - DAG(s) 'football_etl' retrieved from /opt/airflow/dags/football_etl_dag.py
[2026-07-28T17:24:32.809+0000] {logging_mixin.py:188} INFO - [2026-07-28T17:24:32.809+0000] {dag.py:3089} INFO - Sync 1 DAGs
[2026-07-28T17:24:32.837+0000] {logging_mixin.py:188} INFO - [2026-07-28T17:24:32.836+0000] {dag.py:3947} INFO - Setting next_dagrun for football_etl to 2026-07-28 17:24:00+00:00, run_after=2026-07-28 17:26:00+00:00
[2026-07-28T17:24:32.858+0000] {processor.py:183} INFO - Processing /opt/airflow/dags/football_etl_dag.py took 0.166 seconds
[2026-07-28T17:25:03.006+0000] {processor.py:161} INFO - Started process (PID=800) to work on /opt/airflow/dags/football_etl_dag.py
[2026-07-28T17:25:03.007+0000] {processor.py:830} INFO - Processing file /opt/airflow/dags/football_etl_dag.py for tasks to queue
[2026-07-28T17:25:03.011+0000] {logging_mixin.py:188} INFO - [2026-07-28T17:25:03.010+0000] {dagbag.py:545} INFO - Filling up the DagBag from /opt/airflow/dags/football_etl_dag.py
[2026-07-28T17:25:03.035+0000] {processor.py:840} INFO - DAG(s) 'football_etl' retrieved from /opt/airflow/dags/football_etl_dag.py
[2026-07-28T17:25:03.070+0000] {logging_mixin.py:188} INFO - [2026-07-28T17:25:03.070+0000] {dag.py:3089} INFO - Sync 1 DAGs
[2026-07-28T17:25:03.103+0000] {logging_mixin.py:188} INFO - [2026-07-28T17:25:03.103+0000] {dag.py:3947} INFO - Setting next_dagrun for football_etl to 2026-07-28 17:24:00+00:00, run_after=2026-07-28 17:26:00+00:00
[2026-07-28T17:25:03.125+0000] {processor.py:183} INFO - Processing /opt/airflow/dags/football_etl_dag.py took 0.126 seconds
[2026-07-28T17:25:33.415+0000] {processor.py:161} INFO - Started process (PID=805) to work on /opt/airflow/dags/football_etl_dag.py
[2026-07-28T17:25:33.416+0000] {processor.py:830} INFO - Processing file /opt/airflow/dags/football_etl_dag.py for tasks to queue
[2026-07-28T17:25:33.419+0000] {logging_mixin.py:188} INFO - [2026-07-28T17:25:33.419+0000] {dagbag.py:545} INFO - Filling up the DagBag from /opt/airflow/dags/football_etl_dag.py
[2026-07-28T17:25:33.441+0000] {processor.py:840} INFO - DAG(s) 'football_etl' retrieved from /opt/airflow/dags/football_etl_dag.py
[2026-07-28T17:25:33.478+0000] {logging_mixin.py:188} INFO - [2026-07-28T17:25:33.478+0000] {dag.py:3089} INFO - Sync 1 DAGs
[2026-07-28T17:25:33.504+0000] {logging_mixin.py:188} INFO - [2026-07-28T17:25:33.504+0000] {dag.py:3947} INFO - Setting next_dagrun for football_etl to 2026-07-28 17:24:00+00:00, run_after=2026-07-28 17:26:00+00:00
[2026-07-28T17:25:33.525+0000] {processor.py:183} INFO - Processing /opt/airflow/dags/football_etl_dag.py took 0.116 seconds
[2026-07-28T17:26:03.733+0000] {processor.py:161} INFO - Started process (PID=816) to work on /opt/airflow/dags/football_etl_dag.py
[2026-07-28T17:26:03.734+0000] {processor.py:830} INFO - Processing file /opt/airflow/dags/football_etl_dag.py for tasks to queue
[2026-07-28T17:26:03.736+0000] {logging_mixin.py:188} INFO - [2026-07-28T17:26:03.736+0000] {dagbag.py:545} INFO - Filling up the DagBag from /opt/airflow/dags/football_etl_dag.py
[2026-07-28T17:26:03.757+0000] {processor.py:840} INFO - DAG(s) 'football_etl' retrieved from /opt/airflow/dags/football_etl_dag.py
[2026-07-28T17:26:03.797+0000] {logging_mixin.py:188} INFO - [2026-07-28T17:26:03.796+0000] {dag.py:3089} INFO - Sync 1 DAGs
[2026-07-28T17:26:03.823+0000] {logging_mixin.py:188} INFO - [2026-07-28T17:26:03.823+0000] {dag.py:3947} INFO - Setting next_dagrun for football_etl to 2026-07-28 17:26:00+00:00, run_after=2026-07-28 17:28:00+00:00
[2026-07-28T17:26:03.846+0000] {processor.py:183} INFO - Processing /opt/airflow/dags/football_etl_dag.py took 0.120 seconds
[2026-07-28T17:26:33.964+0000] {processor.py:161} INFO - Started process (PID=823) to work on /opt/airflow/dags/football_etl_dag.py
[2026-07-28T17:26:33.965+0000] {processor.py:830} INFO - Processing file /opt/airflow/dags/football_etl_dag.py for tasks to queue
[2026-07-28T17:26:33.968+0000] {logging_mixin.py:188} INFO - [2026-07-28T17:26:33.968+0000] {dagbag.py:545} INFO - Filling up the DagBag from /opt/airflow/dags/football_etl_dag.py
[2026-07-28T17:26:33.995+0000] {processor.py:840} INFO - DAG(s) 'football_etl' retrieved from /opt/airflow/dags/football_etl_dag.py
[2026-07-28T17:26:34.034+0000] {logging_mixin.py:188} INFO - [2026-07-28T17:26:34.033+0000] {dag.py:3089} INFO - Sync 1 DAGs
[2026-07-28T17:26:34.060+0000] {logging_mixin.py:188} INFO - [2026-07-28T17:26:34.060+0000] {dag.py:3947} INFO - Setting next_dagrun for football_etl to 2026-07-28 17:26:00+00:00, run_after=2026-07-28 17:28:00+00:00
[2026-07-28T17:26:34.080+0000] {processor.py:183} INFO - Processing /opt/airflow/dags/football_etl_dag.py took 0.123 seconds
[2026-07-28T17:27:04.265+0000] {processor.py:161} INFO - Started process (PID=828) to work on /opt/airflow/dags/football_etl_dag.py
[2026-07-28T17:27:04.266+0000] {processor.py:830} INFO - Processing file /opt/airflow/dags/football_etl_dag.py for tasks to queue
[2026-07-28T17:27:04.269+0000] {logging_mixin.py:188} INFO - [2026-07-28T17:27:04.268+0000] {dagbag.py:545} INFO - Filling up the DagBag from /opt/airflow/dags/football_etl_dag.py
[2026-07-28T17:27:04.297+0000] {processor.py:840} INFO - DAG(s) 'football_etl' retrieved from /opt/airflow/dags/football_etl_dag.py
[2026-07-28T17:27:04.333+0000] {logging_mixin.py:188} INFO - [2026-07-28T17:27:04.333+0000] {dag.py:3089} INFO - Sync 1 DAGs
[2026-07-28T17:27:04.358+0000] {logging_mixin.py:188} INFO - [2026-07-28T17:27:04.358+0000] {dag.py:3947} INFO - Setting next_dagrun for football_etl to 2026-07-28 17:26:00+00:00, run_after=2026-07-28 17:28:00+00:00
[2026-07-28T17:27:04.379+0000] {processor.py:183} INFO - Processing /opt/airflow/dags/football_etl_dag.py took 0.121 seconds
[2026-07-28T17:27:34.604+0000] {processor.py:161} INFO - Started process (PID=833) to work on /opt/airflow/dags/football_etl_dag.py
[2026-07-28T17:27:34.605+0000] {processor.py:830} INFO - Processing file /opt/airflow/dags/football_etl_dag.py for tasks to queue
[2026-07-28T17:27:34.608+0000] {logging_mixin.py:188} INFO - [2026-07-28T17:27:34.607+0000] {dagbag.py:545} INFO - Filling up the DagBag from /opt/airflow/dags/football_etl_dag.py
[2026-07-28T17:27:34.630+0000] {processor.py:840} INFO - DAG(s) 'football_etl' retrieved from /opt/airflow/dags/football_etl_dag.py
[2026-07-28T17:27:34.662+0000] {logging_mixin.py:188} INFO - [2026-07-28T17:27:34.662+0000] {dag.py:3089} INFO - Sync 1 DAGs
[2026-07-28T17:27:34.685+0000] {logging_mixin.py:188} INFO - [2026-07-28T17:27:34.685+0000] {dag.py:3947} INFO - Setting next_dagrun for football_etl to 2026-07-28 17:26:00+00:00, run_after=2026-07-28 17:28:00+00:00
[2026-07-28T17:27:34.706+0000] {processor.py:183} INFO - Processing /opt/airflow/dags/football_etl_dag.py took 0.108 seconds
[2026-07-28T17:28:04.912+0000] {processor.py:161} INFO - Started process (PID=844) to work on /opt/airflow/dags/football_etl_dag.py
[2026-07-28T17:28:04.913+0000] {processor.py:830} INFO - Processing file /opt/airflow/dags/football_etl_dag.py for tasks to queue
[2026-07-28T17:28:04.917+0000] {logging_mixin.py:188} INFO - [2026-07-28T17:28:04.917+0000] {dagbag.py:545} INFO - Filling up the DagBag from /opt/airflow/dags/football_etl_dag.py
[2026-07-28T17:28:04.953+0000] {processor.py:840} INFO - DAG(s) 'football_etl' retrieved from /opt/airflow/dags/football_etl_dag.py
[2026-07-28T17:28:04.997+0000] {logging_mixin.py:188} INFO - [2026-07-28T17:28:04.997+0000] {dag.py:3089} INFO - Sync 1 DAGs
[2026-07-28T17:28:05.029+0000] {logging_mixin.py:188} INFO - [2026-07-28T17:28:05.029+0000] {dag.py:3947} INFO - Setting next_dagrun for football_etl to 2026-07-28 17:28:00+00:00, run_after=2026-07-28 17:30:00+00:00
[2026-07-28T17:28:05.055+0000] {processor.py:183} INFO - Processing /opt/airflow/dags/football_etl_dag.py took 0.151 seconds
[2026-07-28T17:28:35.235+0000] {processor.py:161} INFO - Started process (PID=851) to work on /opt/airflow/dags/football_etl_dag.py
[2026-07-28T17:28:35.237+0000] {processor.py:830} INFO - Processing file /opt/airflow/dags/football_etl_dag.py for tasks to queue
[2026-07-28T17:28:35.241+0000] {logging_mixin.py:188} INFO - [2026-07-28T17:28:35.241+0000] {dagbag.py:545} INFO - Filling up the DagBag from /opt/airflow/dags/football_etl_dag.py
[2026-07-28T17:28:35.295+0000] {processor.py:840} INFO - DAG(s) 'football_etl' retrieved from /opt/airflow/dags/football_etl_dag.py
[2026-07-28T17:28:35.366+0000] {logging_mixin.py:188} INFO - [2026-07-28T17:28:35.366+0000] {dag.py:3089} INFO - Sync 1 DAGs
[2026-07-28T17:28:35.421+0000] {logging_mixin.py:188} INFO - [2026-07-28T17:28:35.421+0000] {dag.py:3947} INFO - Setting next_dagrun for football_etl to 2026-07-28 17:28:00+00:00, run_after=2026-07-28 17:30:00+00:00
[2026-07-28T17:28:35.449+0000] {processor.py:183} INFO - Processing /opt/airflow/dags/football_etl_dag.py took 0.226 seconds
[2026-07-28T17:29:05.707+0000] {processor.py:161} INFO - Started process (PID=856) to work on /opt/airflow/dags/football_etl_dag.py
[2026-07-28T17:29:05.709+0000] {processor.py:830} INFO - Processing file /opt/airflow/dags/football_etl_dag.py for tasks to queue
[2026-07-28T17:29:05.711+0000] {logging_mixin.py:188} INFO - [2026-07-28T17:29:05.711+0000] {dagbag.py:545} INFO - Filling up the DagBag from /opt/airflow/dags/football_etl_dag.py
[2026-07-28T17:29:05.736+0000] {processor.py:840} INFO - DAG(s) 'football_etl' retrieved from /opt/airflow/dags/football_etl_dag.py
[2026-07-28T17:29:05.772+0000] {logging_mixin.py:188} INFO - [2026-07-28T17:29:05.772+0000] {dag.py:3089} INFO - Sync 1 DAGs
[2026-07-28T17:29:05.798+0000] {logging_mixin.py:188} INFO - [2026-07-28T17:29:05.797+0000] {dag.py:3947} INFO - Setting next_dagrun for football_etl to 2026-07-28 17:28:00+00:00, run_after=2026-07-28 17:30:00+00:00
[2026-07-28T17:29:05.822+0000] {processor.py:183} INFO - Processing /opt/airflow/dags/football_etl_dag.py took 0.122 seconds
[2026-07-28T17:29:35.994+0000] {processor.py:161} INFO - Started process (PID=861) to work on /opt/airflow/dags/football_etl_dag.py
[2026-07-28T17:29:35.995+0000] {processor.py:830} INFO - Processing file /opt/airflow/dags/football_etl_dag.py for tasks to queue
[2026-07-28T17:29:35.997+0000] {logging_mixin.py:188} INFO - [2026-07-28T17:29:35.997+0000] {dagbag.py:545} INFO - Filling up the DagBag from /opt/airflow/dags/football_etl_dag.py
[2026-07-28T17:29:36.024+0000] {processor.py:840} INFO - DAG(s) 'football_etl' retrieved from /opt/airflow/dags/football_etl_dag.py
[2026-07-28T17:29:36.062+0000] {logging_mixin.py:188} INFO - [2026-07-28T17:29:36.061+0000] {dag.py:3089} INFO - Sync 1 DAGs
[2026-07-28T17:29:36.090+0000] {logging_mixin.py:188} INFO - [2026-07-28T17:29:36.090+0000] {dag.py:3947} INFO - Setting next_dagrun for football_etl to 2026-07-28 17:28:00+00:00, run_after=2026-07-28 17:30:00+00:00
[2026-07-28T17:29:36.112+0000] {processor.py:183} INFO - Processing /opt/airflow/dags/football_etl_dag.py took 0.124 seconds
[2026-07-28T17:30:06.351+0000] {processor.py:161} INFO - Started process (PID=872) to work on /opt/airflow/dags/football_etl_dag.py
[2026-07-28T17:30:06.352+0000] {processor.py:830} INFO - Processing file /opt/airflow/dags/football_etl_dag.py for tasks to queue
[2026-07-28T17:30:06.356+0000] {logging_mixin.py:188} INFO - [2026-07-28T17:30:06.356+0000] {dagbag.py:545} INFO - Filling up the DagBag from /opt/airflow/dags/football_etl_dag.py
[2026-07-28T17:30:06.395+0000] {processor.py:840} INFO - DAG(s) 'football_etl' retrieved from /opt/airflow/dags/football_etl_dag.py
[2026-07-28T17:30:06.445+0000] {logging_mixin.py:188} INFO - [2026-07-28T17:30:06.445+0000] {dag.py:3089} INFO - Sync 1 DAGs
[2026-07-28T17:30:06.481+0000] {logging_mixin.py:188} INFO - [2026-07-28T17:30:06.481+0000] {dag.py:3947} INFO - Setting next_dagrun for football_etl to 2026-07-28 17:30:00+00:00, run_after=2026-07-28 17:32:00+00:00
[2026-07-28T17:30:06.511+0000] {processor.py:183} INFO - Processing /opt/airflow/dags/football_etl_dag.py took 0.170 seconds
[2026-07-28T17:30:36.697+0000] {processor.py:161} INFO - Started process (PID=879) to work on /opt/airflow/dags/football_etl_dag.py
[2026-07-28T17:30:36.699+0000] {processor.py:830} INFO - Processing file /opt/airflow/dags/football_etl_dag.py for tasks to queue
[2026-07-28T17:30:36.702+0000] {logging_mixin.py:188} INFO - [2026-07-28T17:30:36.701+0000] {dagbag.py:545} INFO - Filling up the DagBag from /opt/airflow/dags/football_etl_dag.py
[2026-07-28T17:30:36.724+0000] {processor.py:840} INFO - DAG(s) 'football_etl' retrieved from /opt/airflow/dags/football_etl_dag.py
[2026-07-28T17:30:36.767+0000] {logging_mixin.py:188} INFO - [2026-07-28T17:30:36.766+0000] {dag.py:3089} INFO - Sync 1 DAGs
[2026-07-28T17:30:36.795+0000] {logging_mixin.py:188} INFO - [2026-07-28T17:30:36.795+0000] {dag.py:3947} INFO - Setting next_dagrun for football_etl to 2026-07-28 17:30:00+00:00, run_after=2026-07-28 17:32:00+00:00
[2026-07-28T17:30:36.818+0000] {processor.py:183} INFO - Processing /opt/airflow/dags/football_etl_dag.py took 0.127 seconds
[2026-07-28T17:31:07.000+0000] {processor.py:161} INFO - Started process (PID=884) to work on /opt/airflow/dags/football_etl_dag.py
[2026-07-28T17:31:07.001+0000] {processor.py:830} INFO - Processing file /opt/airflow/dags/football_etl_dag.py for tasks to queue
[2026-07-28T17:31:07.003+0000] {logging_mixin.py:188} INFO - [2026-07-28T17:31:07.003+0000] {dagbag.py:545} INFO - Filling up the DagBag from /opt/airflow/dags/football_etl_dag.py
[2026-07-28T17:31:07.026+0000] {processor.py:840} INFO - DAG(s) 'football_etl' retrieved from /opt/airflow/dags/football_etl_dag.py
[2026-07-28T17:31:07.062+0000] {logging_mixin.py:188} INFO - [2026-07-28T17:31:07.061+0000] {dag.py:3089} INFO - Sync 1 DAGs
[2026-07-28T17:31:07.089+0000] {logging_mixin.py:188} INFO - [2026-07-28T17:31:07.089+0000] {dag.py:3947} INFO - Setting next_dagrun for football_etl to 2026-07-28 17:30:00+00:00, run_after=2026-07-28 17:32:00+00:00
[2026-07-28T17:31:07.110+0000] {processor.py:183} INFO - Processing /opt/airflow/dags/football_etl_dag.py took 0.116 seconds
[2026-07-28T17:31:37.375+0000] {processor.py:161} INFO - Started process (PID=889) to work on /opt/airflow/dags/football_etl_dag.py
[2026-07-28T17:31:37.377+0000] {processor.py:830} INFO - Processing file /opt/airflow/dags/football_etl_dag.py for tasks to queue
[2026-07-28T17:31:37.380+0000] {logging_mixin.py:188} INFO - [2026-07-28T17:31:37.379+0000] {dagbag.py:545} INFO - Filling up the DagBag from /opt/airflow/dags/football_etl_dag.py
[2026-07-28T17:31:37.406+0000] {processor.py:840} INFO - DAG(s) 'football_etl' retrieved from /opt/airflow/dags/football_etl_dag.py
[2026-07-28T17:31:37.444+0000] {logging_mixin.py:188} INFO - [2026-07-28T17:31:37.444+0000] {dag.py:3089} INFO - Sync 1 DAGs
[2026-07-28T17:31:37.472+0000] {logging_mixin.py:188} INFO - [2026-07-28T17:31:37.471+0000] {dag.py:3947} INFO - Setting next_dagrun for football_etl to 2026-07-28 17:30:00+00:00, run_after=2026-07-28 17:32:00+00:00
[2026-07-28T17:31:37.494+0000] {processor.py:183} INFO - Processing /opt/airflow/dags/football_etl_dag.py took 0.126 seconds
[2026-07-28T17:32:07.662+0000] {processor.py:161} INFO - Started process (PID=900) to work on /opt/airflow/dags/football_etl_dag.py
[2026-07-28T17:32:07.663+0000] {processor.py:830} INFO - Processing file /opt/airflow/dags/football_etl_dag.py for tasks to queue
[2026-07-28T17:32:07.667+0000] {logging_mixin.py:188} INFO - [2026-07-28T17:32:07.667+0000] {dagbag.py:545} INFO - Filling up the DagBag from /opt/airflow/dags/football_etl_dag.py
[2026-07-28T17:32:07.699+0000] {processor.py:840} INFO - DAG(s) 'football_etl' retrieved from /opt/airflow/dags/football_etl_dag.py
[2026-07-28T17:32:07.746+0000] {logging_mixin.py:188} INFO - [2026-07-28T17:32:07.746+0000] {dag.py:3089} INFO - Sync 1 DAGs
[2026-07-28T17:32:07.775+0000] {logging_mixin.py:188} INFO - [2026-07-28T17:32:07.775+0000] {dag.py:3947} INFO - Setting next_dagrun for football_etl to 2026-07-28 17:32:00+00:00, run_after=2026-07-28 17:34:00+00:00
[2026-07-28T17:32:07.797+0000] {processor.py:183} INFO - Processing /opt/airflow/dags/football_etl_dag.py took 0.146 seconds
[2026-07-28T17:32:37.883+0000] {processor.py:161} INFO - Started process (PID=907) to work on /opt/airflow/dags/football_etl_dag.py
[2026-07-28T17:32:37.884+0000] {processor.py:830} INFO - Processing file /opt/airflow/dags/football_etl_dag.py for tasks to queue
[2026-07-28T17:32:37.887+0000] {logging_mixin.py:188} INFO - [2026-07-28T17:32:37.887+0000] {dagbag.py:545} INFO - Filling up the DagBag from /opt/airflow/dags/football_etl_dag.py
[2026-07-28T17:32:37.910+0000] {processor.py:840} INFO - DAG(s) 'football_etl' retrieved from /opt/airflow/dags/football_etl_dag.py
[2026-07-28T17:32:37.950+0000] {logging_mixin.py:188} INFO - [2026-07-28T17:32:37.950+0000] {dag.py:3089} INFO - Sync 1 DAGs
[2026-07-28T17:32:37.976+0000] {logging_mixin.py:188} INFO - [2026-07-28T17:32:37.976+0000] {dag.py:3947} INFO - Setting next_dagrun for football_etl to 2026-07-28 17:32:00+00:00, run_after=2026-07-28 17:34:00+00:00
[2026-07-28T17:32:37.997+0000] {processor.py:183} INFO - Processing /opt/airflow/dags/football_etl_dag.py took 0.121 seconds
[2026-07-28T17:33:08.198+0000] {processor.py:161} INFO - Started process (PID=912) to work on /opt/airflow/dags/football_etl_dag.py
[2026-07-28T17:33:08.199+0000] {processor.py:830} INFO - Processing file /opt/airflow/dags/football_etl_dag.py for tasks to queue
[2026-07-28T17:33:08.202+0000] {logging_mixin.py:188} INFO - [2026-07-28T17:33:08.201+0000] {dagbag.py:545} INFO - Filling up the DagBag from /opt/airflow/dags/football_etl_dag.py
[2026-07-28T17:33:08.229+0000] {processor.py:840} INFO - DAG(s) 'football_etl' retrieved from /opt/airflow/dags/football_etl_dag.py
[2026-07-28T17:33:08.265+0000] {logging_mixin.py:188} INFO - [2026-07-28T17:33:08.265+0000] {dag.py:3089} INFO - Sync 1 DAGs
[2026-07-28T17:33:08.291+0000] {logging_mixin.py:188} INFO - [2026-07-28T17:33:08.291+0000] {dag.py:3947} INFO - Setting next_dagrun for football_etl to 2026-07-28 17:32:00+00:00, run_after=2026-07-28 17:34:00+00:00
[2026-07-28T17:33:08.314+0000] {processor.py:183} INFO - Processing /opt/airflow/dags/football_etl_dag.py took 0.125 seconds
[2026-07-28T17:33:38.489+0000] {processor.py:161} INFO - Started process (PID=917) to work on /opt/airflow/dags/football_etl_dag.py
[2026-07-28T17:33:38.490+0000] {processor.py:830} INFO - Processing file /opt/airflow/dags/football_etl_dag.py for tasks to queue
[2026-07-28T17:33:38.493+0000] {logging_mixin.py:188} INFO - [2026-07-28T17:33:38.493+0000] {dagbag.py:545} INFO - Filling up the DagBag from /opt/airflow/dags/football_etl_dag.py
[2026-07-28T17:33:38.520+0000] {processor.py:840} INFO - DAG(s) 'football_etl' retrieved from /opt/airflow/dags/football_etl_dag.py
[2026-07-28T17:33:38.561+0000] {logging_mixin.py:188} INFO - [2026-07-28T17:33:38.560+0000] {dag.py:3089} INFO - Sync 1 DAGs
[2026-07-28T17:33:38.589+0000] {logging_mixin.py:188} INFO - [2026-07-28T17:33:38.589+0000] {dag.py:3947} INFO - Setting next_dagrun for football_etl to 2026-07-28 17:32:00+00:00, run_after=2026-07-28 17:34:00+00:00
[2026-07-28T17:33:38.612+0000] {processor.py:183} INFO - Processing /opt/airflow/dags/football_etl_dag.py took 0.133 seconds
[2026-07-28T17:34:08.746+0000] {processor.py:161} INFO - Started process (PID=928) to work on /opt/airflow/dags/football_etl_dag.py
[2026-07-28T17:34:08.747+0000] {processor.py:830} INFO - Processing file /opt/airflow/dags/football_etl_dag.py for tasks to queue
[2026-07-28T17:34:08.749+0000] {logging_mixin.py:188} INFO - [2026-07-28T17:34:08.749+0000] {dagbag.py:545} INFO - Filling up the DagBag from /opt/airflow/dags/football_etl_dag.py
[2026-07-28T17:34:08.772+0000] {processor.py:840} INFO - DAG(s) 'football_etl' retrieved from /opt/airflow/dags/football_etl_dag.py
[2026-07-28T17:34:08.813+0000] {logging_mixin.py:188} INFO - [2026-07-28T17:34:08.813+0000] {dag.py:3089} INFO - Sync 1 DAGs
[2026-07-28T17:34:08.845+0000] {logging_mixin.py:188} INFO - [2026-07-28T17:34:08.844+0000] {dag.py:3947} INFO - Setting next_dagrun for football_etl to 2026-07-28 17:34:00+00:00, run_after=2026-07-28 17:36:00+00:00
[2026-07-28T17:34:08.867+0000] {processor.py:183} INFO - Processing /opt/airflow/dags/football_etl_dag.py took 0.130 seconds
[2026-07-28T17:34:39.002+0000] {processor.py:161} INFO - Started process (PID=935) to work on /opt/airflow/dags/football_etl_dag.py
[2026-07-28T17:34:39.003+0000] {processor.py:830} INFO - Processing file /opt/airflow/dags/football_etl_dag.py for tasks to queue
[2026-07-28T17:34:39.006+0000] {logging_mixin.py:188} INFO - [2026-07-28T17:34:39.005+0000] {dagbag.py:545} INFO - Filling up the DagBag from /opt/airflow/dags/football_etl_dag.py
[2026-07-28T17:34:39.031+0000] {processor.py:840} INFO - DAG(s) 'football_etl' retrieved from /opt/airflow/dags/football_etl_dag.py
[2026-07-28T17:34:39.068+0000] {logging_mixin.py:188} INFO - [2026-07-28T17:34:39.067+0000] {dag.py:3089} INFO - Sync 1 DAGs
[2026-07-28T17:34:39.095+0000] {logging_mixin.py:188} INFO - [2026-07-28T17:34:39.095+0000] {dag.py:3947} INFO - Setting next_dagrun for football_etl to 2026-07-28 17:34:00+00:00, run_after=2026-07-28 17:36:00+00:00
[2026-07-28T17:34:39.116+0000] {processor.py:183} INFO - Processing /opt/airflow/dags/football_etl_dag.py took 0.124 seconds
[2026-07-28T17:35:09.269+0000] {processor.py:161} INFO - Started process (PID=940) to work on /opt/airflow/dags/football_etl_dag.py
[2026-07-28T17:35:09.270+0000] {processor.py:830} INFO - Processing file /opt/airflow/dags/football_etl_dag.py for tasks to queue
[2026-07-28T17:35:09.273+0000] {logging_mixin.py:188} INFO - [2026-07-28T17:35:09.273+0000] {dagbag.py:545} INFO - Filling up the DagBag from /opt/airflow/dags/football_etl_dag.py
[2026-07-28T17:35:09.299+0000] {processor.py:840} INFO - DAG(s) 'football_etl' retrieved from /opt/airflow/dags/football_etl_dag.py
[2026-07-28T17:35:09.337+0000] {logging_mixin.py:188} INFO - [2026-07-28T17:35:09.337+0000] {dag.py:3089} INFO - Sync 1 DAGs
[2026-07-28T17:35:09.364+0000] {logging_mixin.py:188} INFO - [2026-07-28T17:35:09.364+0000] {dag.py:3947} INFO - Setting next_dagrun for football_etl to 2026-07-28 17:34:00+00:00, run_after=2026-07-28 17:36:00+00:00
[2026-07-28T17:35:09.385+0000] {processor.py:183} INFO - Processing /opt/airflow/dags/football_etl_dag.py took 0.124 seconds
[2026-07-28T17:35:39.590+0000] {processor.py:161} INFO - Started process (PID=945) to work on /opt/airflow/dags/football_etl_dag.py
[2026-07-28T17:35:39.592+0000] {processor.py:830} INFO - Processing file /opt/airflow/dags/football_etl_dag.py for tasks to queue
[2026-07-28T17:35:39.595+0000] {logging_mixin.py:188} INFO - [2026-07-28T17:35:39.595+0000] {dagbag.py:545} INFO - Filling up the DagBag from /opt/airflow/dags/football_etl_dag.py
[2026-07-28T17:35:39.619+0000] {processor.py:840} INFO - DAG(s) 'football_etl' retrieved from /opt/airflow/dags/football_etl_dag.py
[2026-07-28T17:35:39.656+0000] {logging_mixin.py:188} INFO - [2026-07-28T17:35:39.656+0000] {dag.py:3089} INFO - Sync 1 DAGs
[2026-07-28T17:35:39.684+0000] {logging_mixin.py:188} INFO - [2026-07-28T17:35:39.684+0000] {dag.py:3947} INFO - Setting next_dagrun for football_etl to 2026-07-28 17:34:00+00:00, run_after=2026-07-28 17:36:00+00:00
[2026-07-28T17:35:39.705+0000] {processor.py:183} INFO - Processing /opt/airflow/dags/football_etl_dag.py took 0.123 seconds
[2026-07-28T17:36:09.905+0000] {processor.py:161} INFO - Started process (PID=956) to work on /opt/airflow/dags/football_etl_dag.py
[2026-07-28T17:36:09.907+0000] {processor.py:830} INFO - Processing file /opt/airflow/dags/football_etl_dag.py for tasks to queue
[2026-07-28T17:36:09.911+0000] {logging_mixin.py:188} INFO - [2026-07-28T17:36:09.911+0000] {dagbag.py:545} INFO - Filling up the DagBag from /opt/airflow/dags/football_etl_dag.py
[2026-07-28T17:36:09.937+0000] {processor.py:840} INFO - DAG(s) 'football_etl' retrieved from /opt/airflow/dags/football_etl_dag.py
[2026-07-28T17:36:09.976+0000] {logging_mixin.py:188} INFO - [2026-07-28T17:36:09.976+0000] {dag.py:3089} INFO - Sync 1 DAGs
[2026-07-28T17:36:10.006+0000] {logging_mixin.py:188} INFO - [2026-07-28T17:36:10.006+0000] {dag.py:3947} INFO - Setting next_dagrun for football_etl to 2026-07-28 17:36:00+00:00, run_after=2026-07-28 17:38:00+00:00
[2026-07-28T17:36:10.028+0000] {processor.py:183} INFO - Processing /opt/airflow/dags/football_etl_dag.py took 0.132 seconds
[2026-07-28T17:36:40.127+0000] {processor.py:161} INFO - Started process (PID=963) to work on /opt/airflow/dags/football_etl_dag.py
[2026-07-28T17:36:40.129+0000] {processor.py:830} INFO - Processing file /opt/airflow/dags/football_etl_dag.py for tasks to queue
[2026-07-28T17:36:40.132+0000] {logging_mixin.py:188} INFO - [2026-07-28T17:36:40.131+0000] {dagbag.py:545} INFO - Filling up the DagBag from /opt/airflow/dags/football_etl_dag.py
[2026-07-28T17:36:40.151+0000] {processor.py:840} INFO - DAG(s) 'football_etl' retrieved from /opt/airflow/dags/football_etl_dag.py
[2026-07-28T17:36:40.186+0000] {logging_mixin.py:188} INFO - [2026-07-28T17:36:40.186+0000] {dag.py:3089} INFO - Sync 1 DAGs
[2026-07-28T17:36:40.216+0000] {logging_mixin.py:188} INFO - [2026-07-28T17:36:40.215+0000] {dag.py:3947} INFO - Setting next_dagrun for football_etl to 2026-07-28 17:36:00+00:00, run_after=2026-07-28 17:38:00+00:00
[2026-07-28T17:36:40.238+0000] {processor.py:183} INFO - Processing /opt/airflow/dags/football_etl_dag.py took 0.117 seconds
[2026-07-28T17:37:10.522+0000] {processor.py:161} INFO - Started process (PID=968) to work on /opt/airflow/dags/football_etl_dag.py
[2026-07-28T17:37:10.523+0000] {processor.py:830} INFO - Processing file /opt/airflow/dags/football_etl_dag.py for tasks to queue
[2026-07-28T17:37:10.527+0000] {logging_mixin.py:188} INFO - [2026-07-28T17:37:10.527+0000] {dagbag.py:545} INFO - Filling up the DagBag from /opt/airflow/dags/football_etl_dag.py
[2026-07-28T17:37:10.551+0000] {processor.py:840} INFO - DAG(s) 'football_etl' retrieved from /opt/airflow/dags/football_etl_dag.py
[2026-07-28T17:37:10.588+0000] {logging_mixin.py:188} INFO - [2026-07-28T17:37:10.587+0000] {dag.py:3089} INFO - Sync 1 DAGs
[2026-07-28T17:37:10.615+0000] {logging_mixin.py:188} INFO - [2026-07-28T17:37:10.615+0000] {dag.py:3947} INFO - Setting next_dagrun for football_etl to 2026-07-28 17:36:00+00:00, run_after=2026-07-28 17:38:00+00:00
[2026-07-28T17:37:10.635+0000] {processor.py:183} INFO - Processing /opt/airflow/dags/football_etl_dag.py took 0.121 seconds
[2026-07-28T17:37:40.823+0000] {processor.py:161} INFO - Started process (PID=973) to work on /opt/airflow/dags/football_etl_dag.py
[2026-07-28T17:37:40.825+0000] {processor.py:830} INFO - Processing file /opt/airflow/dags/football_etl_dag.py for tasks to queue
[2026-07-28T17:37:40.828+0000] {logging_mixin.py:188} INFO - [2026-07-28T17:37:40.828+0000] {dagbag.py:545} INFO - Filling up the DagBag from /opt/airflow/dags/football_etl_dag.py
[2026-07-28T17:37:40.854+0000] {processor.py:840} INFO - DAG(s) 'football_etl' retrieved from /opt/airflow/dags/football_etl_dag.py
[2026-07-28T17:37:40.895+0000] {logging_mixin.py:188} INFO - [2026-07-28T17:37:40.895+0000] {dag.py:3089} INFO - Sync 1 DAGs
[2026-07-28T17:37:40.923+0000] {logging_mixin.py:188} INFO - [2026-07-28T17:37:40.922+0000] {dag.py:3947} INFO - Setting next_dagrun for football_etl to 2026-07-28 17:36:00+00:00, run_after=2026-07-28 17:38:00+00:00
[2026-07-28T17:37:40.947+0000] {processor.py:183} INFO - Processing /opt/airflow/dags/football_etl_dag.py took 0.132 seconds
[2026-07-28T17:38:11.169+0000] {processor.py:161} INFO - Started process (PID=984) to work on /opt/airflow/dags/football_etl_dag.py
[2026-07-28T17:38:11.170+0000] {processor.py:830} INFO - Processing file /opt/airflow/dags/football_etl_dag.py for tasks to queue
[2026-07-28T17:38:11.173+0000] {logging_mixin.py:188} INFO - [2026-07-28T17:38:11.172+0000] {dagbag.py:545} INFO - Filling up the DagBag from /opt/airflow/dags/football_etl_dag.py
[2026-07-28T17:38:11.196+0000] {processor.py:840} INFO - DAG(s) 'football_etl' retrieved from /opt/airflow/dags/football_etl_dag.py
[2026-07-28T17:38:11.247+0000] {logging_mixin.py:188} INFO - [2026-07-28T17:38:11.247+0000] {dag.py:3089} INFO - Sync 1 DAGs
[2026-07-28T17:38:11.283+0000] {logging_mixin.py:188} INFO - [2026-07-28T17:38:11.283+0000] {dag.py:3947} INFO - Setting next_dagrun for football_etl to 2026-07-28 17:38:00+00:00, run_after=2026-07-28 17:40:00+00:00
[2026-07-28T17:38:11.311+0000] {processor.py:183} INFO - Processing /opt/airflow/dags/football_etl_dag.py took 0.151 seconds
[2026-07-28T17:38:41.421+0000] {processor.py:161} INFO - Started process (PID=991) to work on /opt/airflow/dags/football_etl_dag.py
[2026-07-28T17:38:41.422+0000] {processor.py:830} INFO - Processing file /opt/airflow/dags/football_etl_dag.py for tasks to queue
[2026-07-28T17:38:41.424+0000] {logging_mixin.py:188} INFO - [2026-07-28T17:38:41.424+0000] {dagbag.py:545} INFO - Filling up the DagBag from /opt/airflow/dags/football_etl_dag.py
[2026-07-28T17:38:41.446+0000] {processor.py:840} INFO - DAG(s) 'football_etl' retrieved from /opt/airflow/dags/football_etl_dag.py
[2026-07-28T17:38:41.490+0000] {logging_mixin.py:188} INFO - [2026-07-28T17:38:41.490+0000] {dag.py:3089} INFO - Sync 1 DAGs
[2026-07-28T17:38:41.521+0000] {logging_mixin.py:188} INFO - [2026-07-28T17:38:41.520+0000] {dag.py:3947} INFO - Setting next_dagrun for football_etl to 2026-07-28 17:38:00+00:00, run_after=2026-07-28 17:40:00+00:00
[2026-07-28T17:38:41.542+0000] {processor.py:183} INFO - Processing /opt/airflow/dags/football_etl_dag.py took 0.127 seconds
[2026-07-28T17:39:11.761+0000] {processor.py:161} INFO - Started process (PID=996) to work on /opt/airflow/dags/football_etl_dag.py
[2026-07-28T17:39:11.762+0000] {processor.py:830} INFO - Processing file /opt/airflow/dags/football_etl_dag.py for tasks to queue
[2026-07-28T17:39:11.765+0000] {logging_mixin.py:188} INFO - [2026-07-28T17:39:11.764+0000] {dagbag.py:545} INFO - Filling up the DagBag from /opt/airflow/dags/football_etl_dag.py
[2026-07-28T17:39:11.786+0000] {processor.py:840} INFO - DAG(s) 'football_etl' retrieved from /opt/airflow/dags/football_etl_dag.py
[2026-07-28T17:39:11.819+0000] {logging_mixin.py:188} INFO - [2026-07-28T17:39:11.818+0000] {dag.py:3089} INFO - Sync 1 DAGs
[2026-07-28T17:39:11.843+0000] {logging_mixin.py:188} INFO - [2026-07-28T17:39:11.843+0000] {dag.py:3947} INFO - Setting next_dagrun for football_etl to 2026-07-28 17:38:00+00:00, run_after=2026-07-28 17:40:00+00:00
[2026-07-28T17:39:11.863+0000] {processor.py:183} INFO - Processing /opt/airflow/dags/football_etl_dag.py took 0.108 seconds
[2026-07-28T17:39:42.073+0000] {processor.py:161} INFO - Started process (PID=1001) to work on /opt/airflow/dags/football_etl_dag.py
[2026-07-28T17:39:42.074+0000] {processor.py:830} INFO - Processing file /opt/airflow/dags/football_etl_dag.py for tasks to queue
[2026-07-28T17:39:42.078+0000] {logging_mixin.py:188} INFO - [2026-07-28T17:39:42.077+0000] {dagbag.py:545} INFO - Filling up the DagBag from /opt/airflow/dags/football_etl_dag.py
[2026-07-28T17:39:42.114+0000] {processor.py:840} INFO - DAG(s) 'football_etl' retrieved from /opt/airflow/dags/football_etl_dag.py
[2026-07-28T17:39:42.151+0000] {logging_mixin.py:188} INFO - [2026-07-28T17:39:42.151+0000] {dag.py:3089} INFO - Sync 1 DAGs
[2026-07-28T17:39:42.181+0000] {logging_mixin.py:188} INFO - [2026-07-28T17:39:42.180+0000] {dag.py:3947} INFO - Setting next_dagrun for football_etl to 2026-07-28 17:38:00+00:00, run_after=2026-07-28 17:40:00+00:00
[2026-07-28T17:39:42.205+0000] {processor.py:183} INFO - Processing /opt/airflow/dags/football_etl_dag.py took 0.141 seconds
[2026-07-28T17:40:12.317+0000] {processor.py:161} INFO - Started process (PID=1012) to work on /opt/airflow/dags/football_etl_dag.py
[2026-07-28T17:40:12.318+0000] {processor.py:830} INFO - Processing file /opt/airflow/dags/football_etl_dag.py for tasks to queue
[2026-07-28T17:40:12.322+0000] {logging_mixin.py:188} INFO - [2026-07-28T17:40:12.321+0000] {dagbag.py:545} INFO - Filling up the DagBag from /opt/airflow/dags/football_etl_dag.py
[2026-07-28T17:40:12.346+0000] {processor.py:840} INFO - DAG(s) 'football_etl' retrieved from /opt/airflow/dags/football_etl_dag.py
[2026-07-28T17:40:12.393+0000] {logging_mixin.py:188} INFO - [2026-07-28T17:40:12.392+0000] {dag.py:3089} INFO - Sync 1 DAGs
[2026-07-28T17:40:12.430+0000] {logging_mixin.py:188} INFO - [2026-07-28T17:40:12.429+0000] {dag.py:3947} INFO - Setting next_dagrun for football_etl to 2026-07-28 17:40:00+00:00, run_after=2026-07-28 17:42:00+00:00
[2026-07-28T17:40:12.455+0000] {processor.py:183} INFO - Processing /opt/airflow/dags/football_etl_dag.py took 0.146 seconds
[2026-07-28T17:40:42.649+0000] {processor.py:161} INFO - Started process (PID=1019) to work on /opt/airflow/dags/football_etl_dag.py
[2026-07-28T17:40:42.651+0000] {processor.py:830} INFO - Processing file /opt/airflow/dags/football_etl_dag.py for tasks to queue
[2026-07-28T17:40:42.653+0000] {logging_mixin.py:188} INFO - [2026-07-28T17:40:42.653+0000] {dagbag.py:545} INFO - Filling up the DagBag from /opt/airflow/dags/football_etl_dag.py
[2026-07-28T17:40:42.676+0000] {processor.py:840} INFO - DAG(s) 'football_etl' retrieved from /opt/airflow/dags/football_etl_dag.py
[2026-07-28T17:40:42.711+0000] {logging_mixin.py:188} INFO - [2026-07-28T17:40:42.710+0000] {dag.py:3089} INFO - Sync 1 DAGs
[2026-07-28T17:40:42.736+0000] {logging_mixin.py:188} INFO - [2026-07-28T17:40:42.736+0000] {dag.py:3947} INFO - Setting next_dagrun for football_etl to 2026-07-28 17:40:00+00:00, run_after=2026-07-28 17:42:00+00:00
[2026-07-28T17:40:42.756+0000] {processor.py:183} INFO - Processing /opt/airflow/dags/football_etl_dag.py took 0.115 seconds
[2026-07-28T17:41:12.960+0000] {processor.py:161} INFO - Started process (PID=1024) to work on /opt/airflow/dags/football_etl_dag.py
[2026-07-28T17:41:12.961+0000] {processor.py:830} INFO - Processing file /opt/airflow/dags/football_etl_dag.py for tasks to queue
[2026-07-28T17:41:12.964+0000] {logging_mixin.py:188} INFO - [2026-07-28T17:41:12.963+0000] {dagbag.py:545} INFO - Filling up the DagBag from /opt/airflow/dags/football_etl_dag.py
[2026-07-28T17:41:12.988+0000] {processor.py:840} INFO - DAG(s) 'football_etl' retrieved from /opt/airflow/dags/football_etl_dag.py
[2026-07-28T17:41:13.023+0000] {logging_mixin.py:188} INFO - [2026-07-28T17:41:13.023+0000] {dag.py:3089} INFO - Sync 1 DAGs
[2026-07-28T17:41:13.049+0000] {logging_mixin.py:188} INFO - [2026-07-28T17:41:13.049+0000] {dag.py:3947} INFO - Setting next_dagrun for football_etl to 2026-07-28 17:40:00+00:00, run_after=2026-07-28 17:42:00+00:00
[2026-07-28T17:41:13.070+0000] {processor.py:183} INFO - Processing /opt/airflow/dags/football_etl_dag.py took 0.118 seconds
[2026-07-28T17:41:43.243+0000] {processor.py:161} INFO - Started process (PID=1029) to work on /opt/airflow/dags/football_etl_dag.py
[2026-07-28T17:41:43.245+0000] {processor.py:830} INFO - Processing file /opt/airflow/dags/football_etl_dag.py for tasks to queue
[2026-07-28T17:41:43.247+0000] {logging_mixin.py:188} INFO - [2026-07-28T17:41:43.247+0000] {dagbag.py:545} INFO - Filling up the DagBag from /opt/airflow/dags/football_etl_dag.py
[2026-07-28T17:41:43.271+0000] {processor.py:840} INFO - DAG(s) 'football_etl' retrieved from /opt/airflow/dags/football_etl_dag.py
[2026-07-28T17:41:43.307+0000] {logging_mixin.py:188} INFO - [2026-07-28T17:41:43.307+0000] {dag.py:3089} INFO - Sync 1 DAGs
[2026-07-28T17:41:43.332+0000] {logging_mixin.py:188} INFO - [2026-07-28T17:41:43.332+0000] {dag.py:3947} INFO - Setting next_dagrun for football_etl to 2026-07-28 17:40:00+00:00, run_after=2026-07-28 17:42:00+00:00
[2026-07-28T17:41:43.354+0000] {processor.py:183} INFO - Processing /opt/airflow/dags/football_etl_dag.py took 0.119 seconds
[2026-07-28T17:42:13.613+0000] {processor.py:161} INFO - Started process (PID=1040) to work on /opt/airflow/dags/football_etl_dag.py
[2026-07-28T17:42:13.616+0000] {processor.py:830} INFO - Processing file /opt/airflow/dags/football_etl_dag.py for tasks to queue
[2026-07-28T17:42:13.623+0000] {logging_mixin.py:188} INFO - [2026-07-28T17:42:13.622+0000] {dagbag.py:545} INFO - Filling up the DagBag from /opt/airflow/dags/football_etl_dag.py
[2026-07-28T17:42:13.672+0000] {processor.py:840} INFO - DAG(s) 'football_etl' retrieved from /opt/airflow/dags/football_etl_dag.py
[2026-07-28T17:42:13.738+0000] {logging_mixin.py:188} INFO - [2026-07-28T17:42:13.738+0000] {dag.py:3089} INFO - Sync 1 DAGs
[2026-07-28T17:42:13.765+0000] {logging_mixin.py:188} INFO - [2026-07-28T17:42:13.765+0000] {dag.py:3947} INFO - Setting next_dagrun for football_etl to 2026-07-28 17:42:00+00:00, run_after=2026-07-28 17:44:00+00:00
[2026-07-28T17:42:13.784+0000] {processor.py:183} INFO - Processing /opt/airflow/dags/football_etl_dag.py took 0.192 seconds
[2026-07-28T17:42:43.957+0000] {processor.py:161} INFO - Started process (PID=1047) to work on /opt/airflow/dags/football_etl_dag.py
[2026-07-28T17:42:43.958+0000] {processor.py:830} INFO - Processing file /opt/airflow/dags/football_etl_dag.py for tasks to queue
[2026-07-28T17:42:43.961+0000] {logging_mixin.py:188} INFO - [2026-07-28T17:42:43.960+0000] {dagbag.py:545} INFO - Filling up the DagBag from /opt/airflow/dags/football_etl_dag.py
[2026-07-28T17:42:43.983+0000] {processor.py:840} INFO - DAG(s) 'football_etl' retrieved from /opt/airflow/dags/football_etl_dag.py
[2026-07-28T17:42:44.016+0000] {logging_mixin.py:188} INFO - [2026-07-28T17:42:44.016+0000] {dag.py:3089} INFO - Sync 1 DAGs
[2026-07-28T17:42:44.040+0000] {logging_mixin.py:188} INFO - [2026-07-28T17:42:44.040+0000] {dag.py:3947} INFO - Setting next_dagrun for football_etl to 2026-07-28 17:42:00+00:00, run_after=2026-07-28 17:44:00+00:00
[2026-07-28T17:42:44.061+0000] {processor.py:183} INFO - Processing /opt/airflow/dags/football_etl_dag.py took 0.109 seconds
[2026-07-28T17:43:14.219+0000] {processor.py:161} INFO - Started process (PID=1052) to work on /opt/airflow/dags/football_etl_dag.py
[2026-07-28T17:43:14.220+0000] {processor.py:830} INFO - Processing file /opt/airflow/dags/football_etl_dag.py for tasks to queue
[2026-07-28T17:43:14.223+0000] {logging_mixin.py:188} INFO - [2026-07-28T17:43:14.222+0000] {dagbag.py:545} INFO - Filling up the DagBag from /opt/airflow/dags/football_etl_dag.py
[2026-07-28T17:43:14.245+0000] {processor.py:840} INFO - DAG(s) 'football_etl' retrieved from /opt/airflow/dags/football_etl_dag.py
[2026-07-28T17:43:14.280+0000] {logging_mixin.py:188} INFO - [2026-07-28T17:43:14.280+0000] {dag.py:3089} INFO - Sync 1 DAGs
[2026-07-28T17:43:14.306+0000] {logging_mixin.py:188} INFO - [2026-07-28T17:43:14.306+0000] {dag.py:3947} INFO - Setting next_dagrun for football_etl to 2026-07-28 17:42:00+00:00, run_after=2026-07-28 17:44:00+00:00
[2026-07-28T17:43:14.327+0000] {processor.py:183} INFO - Processing /opt/airflow/dags/football_etl_dag.py took 0.115 seconds
[2026-07-28T17:43:44.628+0000] {processor.py:161} INFO - Started process (PID=1057) to work on /opt/airflow/dags/football_etl_dag.py
[2026-07-28T17:43:44.629+0000] {processor.py:830} INFO - Processing file /opt/airflow/dags/football_etl_dag.py for tasks to queue
[2026-07-28T17:43:44.632+0000] {logging_mixin.py:188} INFO - [2026-07-28T17:43:44.632+0000] {dagbag.py:545} INFO - Filling up the DagBag from /opt/airflow/dags/football_etl_dag.py
[2026-07-28T17:43:44.659+0000] {processor.py:840} INFO - DAG(s) 'football_etl' retrieved from /opt/airflow/dags/football_etl_dag.py
[2026-07-28T17:43:44.707+0000] {logging_mixin.py:188} INFO - [2026-07-28T17:43:44.706+0000] {dag.py:3089} INFO - Sync 1 DAGs
[2026-07-28T17:43:44.735+0000] {logging_mixin.py:188} INFO - [2026-07-28T17:43:44.734+0000] {dag.py:3947} INFO - Setting next_dagrun for football_etl to 2026-07-28 17:42:00+00:00, run_after=2026-07-28 17:44:00+00:00
[2026-07-28T17:43:44.755+0000] {processor.py:183} INFO - Processing /opt/airflow/dags/football_etl_dag.py took 0.134 seconds
[2026-07-28T17:44:14.861+0000] {processor.py:161} INFO - Started process (PID=1068) to work on /opt/airflow/dags/football_etl_dag.py
[2026-07-28T17:44:14.862+0000] {processor.py:830} INFO - Processing file /opt/airflow/dags/football_etl_dag.py for tasks to queue
[2026-07-28T17:44:14.865+0000] {logging_mixin.py:188} INFO - [2026-07-28T17:44:14.865+0000] {dagbag.py:545} INFO - Filling up the DagBag from /opt/airflow/dags/football_etl_dag.py
[2026-07-28T17:44:14.889+0000] {processor.py:840} INFO - DAG(s) 'football_etl' retrieved from /opt/airflow/dags/football_etl_dag.py
[2026-07-28T17:44:14.925+0000] {logging_mixin.py:188} INFO - [2026-07-28T17:44:14.925+0000] {dag.py:3089} INFO - Sync 1 DAGs
[2026-07-28T17:44:14.951+0000] {logging_mixin.py:188} INFO - [2026-07-28T17:44:14.951+0000] {dag.py:3947} INFO - Setting next_dagrun for football_etl to 2026-07-28 17:44:00+00:00, run_after=2026-07-28 17:46:00+00:00
[2026-07-28T17:44:14.971+0000] {processor.py:183} INFO - Processing /opt/airflow/dags/football_etl_dag.py took 0.118 seconds
[2026-07-28T17:44:45.148+0000] {processor.py:161} INFO - Started process (PID=1075) to work on /opt/airflow/dags/football_etl_dag.py
[2026-07-28T17:44:45.149+0000] {processor.py:830} INFO - Processing file /opt/airflow/dags/football_etl_dag.py for tasks to queue
[2026-07-28T17:44:45.152+0000] {logging_mixin.py:188} INFO - [2026-07-28T17:44:45.152+0000] {dagbag.py:545} INFO - Filling up the DagBag from /opt/airflow/dags/football_etl_dag.py
[2026-07-28T17:44:45.188+0000] {processor.py:840} INFO - DAG(s) 'football_etl' retrieved from /opt/airflow/dags/football_etl_dag.py
[2026-07-28T17:44:45.228+0000] {logging_mixin.py:188} INFO - [2026-07-28T17:44:45.227+0000] {dag.py:3089} INFO - Sync 1 DAGs
[2026-07-28T17:44:45.255+0000] {logging_mixin.py:188} INFO - [2026-07-28T17:44:45.255+0000] {dag.py:3947} INFO - Setting next_dagrun for football_etl to 2026-07-28 17:44:00+00:00, run_after=2026-07-28 17:46:00+00:00
[2026-07-28T17:44:45.277+0000] {processor.py:183} INFO - Processing /opt/airflow/dags/football_etl_dag.py took 0.138 seconds
[2026-07-28T17:45:15.446+0000] {processor.py:161} INFO - Started process (PID=1080) to work on /opt/airflow/dags/football_etl_dag.py
[2026-07-28T17:45:15.447+0000] {processor.py:830} INFO - Processing file /opt/airflow/dags/football_etl_dag.py for tasks to queue
[2026-07-28T17:45:15.450+0000] {logging_mixin.py:188} INFO - [2026-07-28T17:45:15.449+0000] {dagbag.py:545} INFO - Filling up the DagBag from /opt/airflow/dags/football_etl_dag.py
[2026-07-28T17:45:15.471+0000] {processor.py:840} INFO - DAG(s) 'football_etl' retrieved from /opt/airflow/dags/football_etl_dag.py
[2026-07-28T17:45:15.505+0000] {logging_mixin.py:188} INFO - [2026-07-28T17:45:15.504+0000] {dag.py:3089} INFO - Sync 1 DAGs
[2026-07-28T17:45:15.530+0000] {logging_mixin.py:188} INFO - [2026-07-28T17:45:15.530+0000] {dag.py:3947} INFO - Setting next_dagrun for football_etl to 2026-07-28 17:44:00+00:00, run_after=2026-07-28 17:46:00+00:00
[2026-07-28T17:45:15.554+0000] {processor.py:183} INFO - Processing /opt/airflow/dags/football_etl_dag.py took 0.114 seconds
[2026-07-28T17:45:45.845+0000] {processor.py:161} INFO - Started process (PID=1085) to work on /opt/airflow/dags/football_etl_dag.py
[2026-07-28T17:45:45.846+0000] {processor.py:830} INFO - Processing file /opt/airflow/dags/football_etl_dag.py for tasks to queue
[2026-07-28T17:45:45.850+0000] {logging_mixin.py:188} INFO - [2026-07-28T17:45:45.849+0000] {dagbag.py:545} INFO - Filling up the DagBag from /opt/airflow/dags/football_etl_dag.py
[2026-07-28T17:45:45.876+0000] {processor.py:840} INFO - DAG(s) 'football_etl' retrieved from /opt/airflow/dags/football_etl_dag.py
[2026-07-28T17:45:45.913+0000] {logging_mixin.py:188} INFO - [2026-07-28T17:45:45.913+0000] {dag.py:3089} INFO - Sync 1 DAGs
[2026-07-28T17:45:45.941+0000] {logging_mixin.py:188} INFO - [2026-07-28T17:45:45.940+0000] {dag.py:3947} INFO - Setting next_dagrun for football_etl to 2026-07-28 17:44:00+00:00, run_after=2026-07-28 17:46:00+00:00
[2026-07-28T17:45:45.966+0000] {processor.py:183} INFO - Processing /opt/airflow/dags/football_etl_dag.py took 0.129 seconds
[2026-07-28T17:46:16.058+0000] {processor.py:161} INFO - Started process (PID=1098) to work on /opt/airflow/dags/football_etl_dag.py
[2026-07-28T17:46:16.059+0000] {processor.py:830} INFO - Processing file /opt/airflow/dags/football_etl_dag.py for tasks to queue
[2026-07-28T17:46:16.062+0000] {logging_mixin.py:188} INFO - [2026-07-28T17:46:16.061+0000] {dagbag.py:545} INFO - Filling up the DagBag from /opt/airflow/dags/football_etl_dag.py
[2026-07-28T17:46:16.083+0000] {processor.py:840} INFO - DAG(s) 'football_etl' retrieved from /opt/airflow/dags/football_etl_dag.py
[2026-07-28T17:46:16.125+0000] {logging_mixin.py:188} INFO - [2026-07-28T17:46:16.125+0000] {dag.py:3089} INFO - Sync 1 DAGs
[2026-07-28T17:46:16.159+0000] {logging_mixin.py:188} INFO - [2026-07-28T17:46:16.159+0000] {dag.py:3947} INFO - Setting next_dagrun for football_etl to 2026-07-28 17:46:00+00:00, run_after=2026-07-28 17:48:00+00:00
[2026-07-28T17:46:16.183+0000] {processor.py:183} INFO - Processing /opt/airflow/dags/football_etl_dag.py took 0.131 seconds
[2026-07-28T17:46:46.374+0000] {processor.py:161} INFO - Started process (PID=1103) to work on /opt/airflow/dags/football_etl_dag.py
[2026-07-28T17:46:46.375+0000] {processor.py:830} INFO - Processing file /opt/airflow/dags/football_etl_dag.py for tasks to queue
[2026-07-28T17:46:46.379+0000] {logging_mixin.py:188} INFO - [2026-07-28T17:46:46.379+0000] {dagbag.py:545} INFO - Filling up the DagBag from /opt/airflow/dags/football_etl_dag.py
[2026-07-28T17:46:46.408+0000] {processor.py:840} INFO - DAG(s) 'football_etl' retrieved from /opt/airflow/dags/football_etl_dag.py
[2026-07-28T17:46:46.447+0000] {logging_mixin.py:188} INFO - [2026-07-28T17:46:46.446+0000] {dag.py:3089} INFO - Sync 1 DAGs
[2026-07-28T17:46:46.476+0000] {logging_mixin.py:188} INFO - [2026-07-28T17:46:46.476+0000] {dag.py:3947} INFO - Setting next_dagrun for football_etl to 2026-07-28 17:46:00+00:00, run_after=2026-07-28 17:48:00+00:00
[2026-07-28T17:46:46.497+0000] {processor.py:183} INFO - Processing /opt/airflow/dags/football_etl_dag.py took 0.132 seconds
[2026-07-28T17:47:16.662+0000] {processor.py:161} INFO - Started process (PID=1108) to work on /opt/airflow/dags/football_etl_dag.py
[2026-07-28T17:47:16.664+0000] {processor.py:830} INFO - Processing file /opt/airflow/dags/football_etl_dag.py for tasks to queue
[2026-07-28T17:47:16.667+0000] {logging_mixin.py:188} INFO - [2026-07-28T17:47:16.667+0000] {dagbag.py:545} INFO - Filling up the DagBag from /opt/airflow/dags/football_etl_dag.py
[2026-07-28T17:47:16.692+0000] {processor.py:840} INFO - DAG(s) 'football_etl' retrieved from /opt/airflow/dags/football_etl_dag.py
[2026-07-28T17:47:16.731+0000] {logging_mixin.py:188} INFO - [2026-07-28T17:47:16.731+0000] {dag.py:3089} INFO - Sync 1 DAGs
[2026-07-28T17:47:16.759+0000] {logging_mixin.py:188} INFO - [2026-07-28T17:47:16.758+0000] {dag.py:3947} INFO - Setting next_dagrun for football_etl to 2026-07-28 17:46:00+00:00, run_after=2026-07-28 17:48:00+00:00
[2026-07-28T17:47:16.782+0000] {processor.py:183} INFO - Processing /opt/airflow/dags/football_etl_dag.py took 0.128 seconds
[2026-07-28T17:47:46.939+0000] {processor.py:161} INFO - Started process (PID=1113) to work on /opt/airflow/dags/football_etl_dag.py
[2026-07-28T17:47:46.940+0000] {processor.py:830} INFO - Processing file /opt/airflow/dags/football_etl_dag.py for tasks to queue
[2026-07-28T17:47:46.944+0000] {logging_mixin.py:188} INFO - [2026-07-28T17:47:46.943+0000] {dagbag.py:545} INFO - Filling up the DagBag from /opt/airflow/dags/football_etl_dag.py
[2026-07-28T17:47:46.969+0000] {processor.py:840} INFO - DAG(s) 'football_etl' retrieved from /opt/airflow/dags/football_etl_dag.py
[2026-07-28T17:47:47.006+0000] {logging_mixin.py:188} INFO - [2026-07-28T17:47:47.006+0000] {dag.py:3089} INFO - Sync 1 DAGs
[2026-07-28T17:47:47.035+0000] {logging_mixin.py:188} INFO - [2026-07-28T17:47:47.034+0000] {dag.py:3947} INFO - Setting next_dagrun for football_etl to 2026-07-28 17:46:00+00:00, run_after=2026-07-28 17:48:00+00:00
[2026-07-28T17:47:47.057+0000] {processor.py:183} INFO - Processing /opt/airflow/dags/football_etl_dag.py took 0.126 seconds
