[2026-08-07T15:28:05.885+0000] {processor.py:161} INFO - Started process (PID=163) to work on /opt/airflow/dags/football_etl_dag.py
[2026-08-07T15:28:05.891+0000] {processor.py:830} INFO - Processing file /opt/airflow/dags/football_etl_dag.py for tasks to queue
[2026-08-07T15:28:05.897+0000] {logging_mixin.py:188} INFO - [2026-08-07T15:28:05.896+0000] {dagbag.py:545} INFO - Filling up the DagBag from /opt/airflow/dags/football_etl_dag.py
[2026-08-07T15:28:05.949+0000] {processor.py:840} INFO - DAG(s) 'football_etl' retrieved from /opt/airflow/dags/football_etl_dag.py
[2026-08-07T15:28:06.055+0000] {logging_mixin.py:188} INFO - [2026-08-07T15:28:06.054+0000] {dag.py:3089} INFO - Sync 1 DAGs
[2026-08-07T15:28:06.149+0000] {logging_mixin.py:188} INFO - [2026-08-07T15:28:06.149+0000] {dag.py:3947} INFO - Setting next_dagrun for football_etl to 2026-08-07 15:28:00+00:00, run_after=2026-08-07 15:30:00+00:00
[2026-08-07T15:28:06.208+0000] {processor.py:183} INFO - Processing /opt/airflow/dags/football_etl_dag.py took 0.340 seconds
[2026-08-07T15:28:36.691+0000] {processor.py:161} INFO - Started process (PID=187) to work on /opt/airflow/dags/football_etl_dag.py
[2026-08-07T15:28:36.695+0000] {processor.py:830} INFO - Processing file /opt/airflow/dags/football_etl_dag.py for tasks to queue
[2026-08-07T15:28:36.707+0000] {logging_mixin.py:188} INFO - [2026-08-07T15:28:36.706+0000] {dagbag.py:545} INFO - Filling up the DagBag from /opt/airflow/dags/football_etl_dag.py
[2026-08-07T15:28:36.860+0000] {processor.py:840} INFO - DAG(s) 'football_etl' retrieved from /opt/airflow/dags/football_etl_dag.py
[2026-08-07T15:28:37.615+0000] {logging_mixin.py:188} INFO - [2026-08-07T15:28:37.614+0000] {dag.py:3089} INFO - Sync 1 DAGs
[2026-08-07T15:28:37.704+0000] {logging_mixin.py:188} INFO - [2026-08-07T15:28:37.704+0000] {dag.py:3947} INFO - Setting next_dagrun for football_etl to 2026-08-07 15:28:00+00:00, run_after=2026-08-07 15:30:00+00:00
[2026-08-07T15:28:37.787+0000] {processor.py:183} INFO - Processing /opt/airflow/dags/football_etl_dag.py took 1.137 seconds
[2026-08-07T15:29:08.136+0000] {processor.py:161} INFO - Started process (PID=192) to work on /opt/airflow/dags/football_etl_dag.py
[2026-08-07T15:29:08.145+0000] {processor.py:830} INFO - Processing file /opt/airflow/dags/football_etl_dag.py for tasks to queue
[2026-08-07T15:29:08.160+0000] {logging_mixin.py:188} INFO - [2026-08-07T15:29:08.158+0000] {dagbag.py:545} INFO - Filling up the DagBag from /opt/airflow/dags/football_etl_dag.py
[2026-08-07T15:29:08.287+0000] {processor.py:840} INFO - DAG(s) 'football_etl' retrieved from /opt/airflow/dags/football_etl_dag.py
[2026-08-07T15:29:08.438+0000] {logging_mixin.py:188} INFO - [2026-08-07T15:29:08.437+0000] {dag.py:3089} INFO - Sync 1 DAGs
[2026-08-07T15:29:08.521+0000] {logging_mixin.py:188} INFO - [2026-08-07T15:29:08.520+0000] {dag.py:3947} INFO - Setting next_dagrun for football_etl to 2026-08-07 15:28:00+00:00, run_after=2026-08-07 15:30:00+00:00
[2026-08-07T15:29:08.582+0000] {processor.py:183} INFO - Processing /opt/airflow/dags/football_etl_dag.py took 0.476 seconds
[2026-08-07T15:29:39.126+0000] {processor.py:161} INFO - Started process (PID=197) to work on /opt/airflow/dags/football_etl_dag.py
[2026-08-07T15:29:39.128+0000] {processor.py:830} INFO - Processing file /opt/airflow/dags/football_etl_dag.py for tasks to queue
[2026-08-07T15:29:39.134+0000] {logging_mixin.py:188} INFO - [2026-08-07T15:29:39.132+0000] {dagbag.py:545} INFO - Filling up the DagBag from /opt/airflow/dags/football_etl_dag.py
[2026-08-07T15:29:39.179+0000] {processor.py:840} INFO - DAG(s) 'football_etl' retrieved from /opt/airflow/dags/football_etl_dag.py
[2026-08-07T15:29:39.251+0000] {logging_mixin.py:188} INFO - [2026-08-07T15:29:39.250+0000] {dag.py:3089} INFO - Sync 1 DAGs
[2026-08-07T15:29:39.312+0000] {logging_mixin.py:188} INFO - [2026-08-07T15:29:39.312+0000] {dag.py:3947} INFO - Setting next_dagrun for football_etl to 2026-08-07 15:28:00+00:00, run_after=2026-08-07 15:30:00+00:00
[2026-08-07T15:29:39.357+0000] {processor.py:183} INFO - Processing /opt/airflow/dags/football_etl_dag.py took 0.259 seconds
[2026-08-07T15:30:09.685+0000] {processor.py:161} INFO - Started process (PID=210) to work on /opt/airflow/dags/football_etl_dag.py
[2026-08-07T15:30:09.688+0000] {processor.py:830} INFO - Processing file /opt/airflow/dags/football_etl_dag.py for tasks to queue
[2026-08-07T15:30:09.696+0000] {logging_mixin.py:188} INFO - [2026-08-07T15:30:09.695+0000] {dagbag.py:545} INFO - Filling up the DagBag from /opt/airflow/dags/football_etl_dag.py
[2026-08-07T15:30:09.742+0000] {processor.py:840} INFO - DAG(s) 'football_etl' retrieved from /opt/airflow/dags/football_etl_dag.py
[2026-08-07T15:30:09.827+0000] {logging_mixin.py:188} INFO - [2026-08-07T15:30:09.826+0000] {dag.py:3089} INFO - Sync 1 DAGs
[2026-08-07T15:30:09.876+0000] {logging_mixin.py:188} INFO - [2026-08-07T15:30:09.876+0000] {dag.py:3947} INFO - Setting next_dagrun for football_etl to 2026-08-07 15:30:00+00:00, run_after=2026-08-07 15:32:00+00:00
[2026-08-07T15:30:09.931+0000] {processor.py:183} INFO - Processing /opt/airflow/dags/football_etl_dag.py took 0.266 seconds
[2026-08-07T15:30:40.469+0000] {processor.py:161} INFO - Started process (PID=215) to work on /opt/airflow/dags/football_etl_dag.py
[2026-08-07T15:30:40.478+0000] {processor.py:830} INFO - Processing file /opt/airflow/dags/football_etl_dag.py for tasks to queue
[2026-08-07T15:30:40.499+0000] {logging_mixin.py:188} INFO - [2026-08-07T15:30:40.495+0000] {dagbag.py:545} INFO - Filling up the DagBag from /opt/airflow/dags/football_etl_dag.py
[2026-08-07T15:30:40.701+0000] {processor.py:840} INFO - DAG(s) 'football_etl' retrieved from /opt/airflow/dags/football_etl_dag.py
[2026-08-07T15:30:41.285+0000] {logging_mixin.py:188} INFO - [2026-08-07T15:30:41.281+0000] {dag.py:3089} INFO - Sync 1 DAGs
[2026-08-07T15:30:41.777+0000] {logging_mixin.py:188} INFO - [2026-08-07T15:30:41.775+0000] {dag.py:3947} INFO - Setting next_dagrun for football_etl to 2026-08-07 15:30:00+00:00, run_after=2026-08-07 15:32:00+00:00
[2026-08-07T15:30:42.975+0000] {processor.py:183} INFO - Processing /opt/airflow/dags/football_etl_dag.py took 2.562 seconds
[2026-08-07T15:31:13.422+0000] {processor.py:161} INFO - Started process (PID=220) to work on /opt/airflow/dags/football_etl_dag.py
[2026-08-07T15:31:13.425+0000] {processor.py:830} INFO - Processing file /opt/airflow/dags/football_etl_dag.py for tasks to queue
[2026-08-07T15:31:13.430+0000] {logging_mixin.py:188} INFO - [2026-08-07T15:31:13.429+0000] {dagbag.py:545} INFO - Filling up the DagBag from /opt/airflow/dags/football_etl_dag.py
[2026-08-07T15:31:13.461+0000] {processor.py:840} INFO - DAG(s) 'football_etl' retrieved from /opt/airflow/dags/football_etl_dag.py
[2026-08-07T15:31:13.516+0000] {logging_mixin.py:188} INFO - [2026-08-07T15:31:13.516+0000] {dag.py:3089} INFO - Sync 1 DAGs
[2026-08-07T15:31:13.577+0000] {logging_mixin.py:188} INFO - [2026-08-07T15:31:13.576+0000] {dag.py:3947} INFO - Setting next_dagrun for football_etl to 2026-08-07 15:30:00+00:00, run_after=2026-08-07 15:32:00+00:00
[2026-08-07T15:31:13.614+0000] {processor.py:183} INFO - Processing /opt/airflow/dags/football_etl_dag.py took 0.201 seconds
[2026-08-07T15:31:44.628+0000] {processor.py:161} INFO - Started process (PID=225) to work on /opt/airflow/dags/football_etl_dag.py
[2026-08-07T15:31:44.640+0000] {processor.py:830} INFO - Processing file /opt/airflow/dags/football_etl_dag.py for tasks to queue
[2026-08-07T15:31:44.680+0000] {logging_mixin.py:188} INFO - [2026-08-07T15:31:44.679+0000] {dagbag.py:545} INFO - Filling up the DagBag from /opt/airflow/dags/football_etl_dag.py
[2026-08-07T15:31:44.837+0000] {processor.py:840} INFO - DAG(s) 'football_etl' retrieved from /opt/airflow/dags/football_etl_dag.py
[2026-08-07T15:31:45.120+0000] {logging_mixin.py:188} INFO - [2026-08-07T15:31:45.119+0000] {dag.py:3089} INFO - Sync 1 DAGs
[2026-08-07T15:31:45.312+0000] {logging_mixin.py:188} INFO - [2026-08-07T15:31:45.312+0000] {dag.py:3947} INFO - Setting next_dagrun for football_etl to 2026-08-07 15:30:00+00:00, run_after=2026-08-07 15:32:00+00:00
[2026-08-07T15:31:45.437+0000] {processor.py:183} INFO - Processing /opt/airflow/dags/football_etl_dag.py took 0.862 seconds
[2026-08-07T15:32:15.779+0000] {processor.py:161} INFO - Started process (PID=238) to work on /opt/airflow/dags/football_etl_dag.py
[2026-08-07T15:32:15.781+0000] {processor.py:830} INFO - Processing file /opt/airflow/dags/football_etl_dag.py for tasks to queue
[2026-08-07T15:32:15.784+0000] {logging_mixin.py:188} INFO - [2026-08-07T15:32:15.783+0000] {dagbag.py:545} INFO - Filling up the DagBag from /opt/airflow/dags/football_etl_dag.py
[2026-08-07T15:32:15.815+0000] {processor.py:840} INFO - DAG(s) 'football_etl' retrieved from /opt/airflow/dags/football_etl_dag.py
[2026-08-07T15:32:15.868+0000] {logging_mixin.py:188} INFO - [2026-08-07T15:32:15.868+0000] {dag.py:3089} INFO - Sync 1 DAGs
[2026-08-07T15:32:15.910+0000] {logging_mixin.py:188} INFO - [2026-08-07T15:32:15.909+0000] {dag.py:3947} INFO - Setting next_dagrun for football_etl to 2026-08-07 15:32:00+00:00, run_after=2026-08-07 15:34:00+00:00
[2026-08-07T15:32:15.933+0000] {processor.py:183} INFO - Processing /opt/airflow/dags/football_etl_dag.py took 0.165 seconds
[2026-08-07T15:32:46.092+0000] {processor.py:161} INFO - Started process (PID=243) to work on /opt/airflow/dags/football_etl_dag.py
[2026-08-07T15:32:46.097+0000] {processor.py:830} INFO - Processing file /opt/airflow/dags/football_etl_dag.py for tasks to queue
[2026-08-07T15:32:46.105+0000] {logging_mixin.py:188} INFO - [2026-08-07T15:32:46.104+0000] {dagbag.py:545} INFO - Filling up the DagBag from /opt/airflow/dags/football_etl_dag.py
[2026-08-07T15:32:46.146+0000] {processor.py:840} INFO - DAG(s) 'football_etl' retrieved from /opt/airflow/dags/football_etl_dag.py
[2026-08-07T15:32:46.207+0000] {logging_mixin.py:188} INFO - [2026-08-07T15:32:46.206+0000] {dag.py:3089} INFO - Sync 1 DAGs
[2026-08-07T15:32:46.263+0000] {logging_mixin.py:188} INFO - [2026-08-07T15:32:46.263+0000] {dag.py:3947} INFO - Setting next_dagrun for football_etl to 2026-08-07 15:32:00+00:00, run_after=2026-08-07 15:34:00+00:00
[2026-08-07T15:32:46.301+0000] {processor.py:183} INFO - Processing /opt/airflow/dags/football_etl_dag.py took 0.224 seconds
[2026-08-07T15:33:16.383+0000] {processor.py:161} INFO - Started process (PID=248) to work on /opt/airflow/dags/football_etl_dag.py
[2026-08-07T15:33:16.384+0000] {processor.py:830} INFO - Processing file /opt/airflow/dags/football_etl_dag.py for tasks to queue
[2026-08-07T15:33:16.387+0000] {logging_mixin.py:188} INFO - [2026-08-07T15:33:16.387+0000] {dagbag.py:545} INFO - Filling up the DagBag from /opt/airflow/dags/football_etl_dag.py
[2026-08-07T15:33:16.415+0000] {processor.py:840} INFO - DAG(s) 'football_etl' retrieved from /opt/airflow/dags/football_etl_dag.py
[2026-08-07T15:33:16.457+0000] {logging_mixin.py:188} INFO - [2026-08-07T15:33:16.456+0000] {dag.py:3089} INFO - Sync 1 DAGs
[2026-08-07T15:33:16.485+0000] {logging_mixin.py:188} INFO - [2026-08-07T15:33:16.484+0000] {dag.py:3947} INFO - Setting next_dagrun for football_etl to 2026-08-07 15:32:00+00:00, run_after=2026-08-07 15:34:00+00:00
[2026-08-07T15:33:16.513+0000] {processor.py:183} INFO - Processing /opt/airflow/dags/football_etl_dag.py took 0.137 seconds
[2026-08-07T15:33:46.766+0000] {processor.py:161} INFO - Started process (PID=253) to work on /opt/airflow/dags/football_etl_dag.py
[2026-08-07T15:33:46.768+0000] {processor.py:830} INFO - Processing file /opt/airflow/dags/football_etl_dag.py for tasks to queue
[2026-08-07T15:33:46.771+0000] {logging_mixin.py:188} INFO - [2026-08-07T15:33:46.771+0000] {dagbag.py:545} INFO - Filling up the DagBag from /opt/airflow/dags/football_etl_dag.py
[2026-08-07T15:33:46.800+0000] {processor.py:840} INFO - DAG(s) 'football_etl' retrieved from /opt/airflow/dags/football_etl_dag.py
[2026-08-07T15:33:46.847+0000] {logging_mixin.py:188} INFO - [2026-08-07T15:33:46.846+0000] {dag.py:3089} INFO - Sync 1 DAGs
[2026-08-07T15:33:46.882+0000] {logging_mixin.py:188} INFO - [2026-08-07T15:33:46.882+0000] {dag.py:3947} INFO - Setting next_dagrun for football_etl to 2026-08-07 15:32:00+00:00, run_after=2026-08-07 15:34:00+00:00
[2026-08-07T15:33:46.909+0000] {processor.py:183} INFO - Processing /opt/airflow/dags/football_etl_dag.py took 0.152 seconds
[2026-08-07T15:34:17.125+0000] {processor.py:161} INFO - Started process (PID=266) to work on /opt/airflow/dags/football_etl_dag.py
[2026-08-07T15:34:17.129+0000] {processor.py:830} INFO - Processing file /opt/airflow/dags/football_etl_dag.py for tasks to queue
[2026-08-07T15:34:17.133+0000] {logging_mixin.py:188} INFO - [2026-08-07T15:34:17.132+0000] {dagbag.py:545} INFO - Filling up the DagBag from /opt/airflow/dags/football_etl_dag.py
[2026-08-07T15:34:17.165+0000] {processor.py:840} INFO - DAG(s) 'football_etl' retrieved from /opt/airflow/dags/football_etl_dag.py
[2026-08-07T15:34:17.213+0000] {logging_mixin.py:188} INFO - [2026-08-07T15:34:17.212+0000] {dag.py:3089} INFO - Sync 1 DAGs
[2026-08-07T15:34:17.255+0000] {logging_mixin.py:188} INFO - [2026-08-07T15:34:17.255+0000] {dag.py:3947} INFO - Setting next_dagrun for football_etl to 2026-08-07 15:34:00+00:00, run_after=2026-08-07 15:36:00+00:00
[2026-08-07T15:34:17.285+0000] {processor.py:183} INFO - Processing /opt/airflow/dags/football_etl_dag.py took 0.171 seconds
[2026-08-07T15:34:47.499+0000] {processor.py:161} INFO - Started process (PID=271) to work on /opt/airflow/dags/football_etl_dag.py
[2026-08-07T15:34:47.501+0000] {processor.py:830} INFO - Processing file /opt/airflow/dags/football_etl_dag.py for tasks to queue
[2026-08-07T15:34:47.504+0000] {logging_mixin.py:188} INFO - [2026-08-07T15:34:47.504+0000] {dagbag.py:545} INFO - Filling up the DagBag from /opt/airflow/dags/football_etl_dag.py
[2026-08-07T15:34:47.537+0000] {processor.py:840} INFO - DAG(s) 'football_etl' retrieved from /opt/airflow/dags/football_etl_dag.py
[2026-08-07T15:34:47.592+0000] {logging_mixin.py:188} INFO - [2026-08-07T15:34:47.591+0000] {dag.py:3089} INFO - Sync 1 DAGs
[2026-08-07T15:34:47.640+0000] {logging_mixin.py:188} INFO - [2026-08-07T15:34:47.639+0000] {dag.py:3947} INFO - Setting next_dagrun for football_etl to 2026-08-07 15:34:00+00:00, run_after=2026-08-07 15:36:00+00:00
[2026-08-07T15:34:47.673+0000] {processor.py:183} INFO - Processing /opt/airflow/dags/football_etl_dag.py took 0.184 seconds
[2026-08-07T15:35:17.863+0000] {processor.py:161} INFO - Started process (PID=276) to work on /opt/airflow/dags/football_etl_dag.py
[2026-08-07T15:35:17.865+0000] {processor.py:830} INFO - Processing file /opt/airflow/dags/football_etl_dag.py for tasks to queue
[2026-08-07T15:35:17.868+0000] {logging_mixin.py:188} INFO - [2026-08-07T15:35:17.867+0000] {dagbag.py:545} INFO - Filling up the DagBag from /opt/airflow/dags/football_etl_dag.py
[2026-08-07T15:35:17.895+0000] {processor.py:840} INFO - DAG(s) 'football_etl' retrieved from /opt/airflow/dags/football_etl_dag.py
[2026-08-07T15:35:17.936+0000] {logging_mixin.py:188} INFO - [2026-08-07T15:35:17.935+0000] {dag.py:3089} INFO - Sync 1 DAGs
[2026-08-07T15:35:17.965+0000] {logging_mixin.py:188} INFO - [2026-08-07T15:35:17.964+0000] {dag.py:3947} INFO - Setting next_dagrun for football_etl to 2026-08-07 15:34:00+00:00, run_after=2026-08-07 15:36:00+00:00
[2026-08-07T15:35:17.987+0000] {processor.py:183} INFO - Processing /opt/airflow/dags/football_etl_dag.py took 0.132 seconds
[2026-08-07T15:35:48.059+0000] {processor.py:161} INFO - Started process (PID=281) to work on /opt/airflow/dags/football_etl_dag.py
[2026-08-07T15:35:48.060+0000] {processor.py:830} INFO - Processing file /opt/airflow/dags/football_etl_dag.py for tasks to queue
[2026-08-07T15:35:48.062+0000] {logging_mixin.py:188} INFO - [2026-08-07T15:35:48.062+0000] {dagbag.py:545} INFO - Filling up the DagBag from /opt/airflow/dags/football_etl_dag.py
[2026-08-07T15:35:48.090+0000] {processor.py:840} INFO - DAG(s) 'football_etl' retrieved from /opt/airflow/dags/football_etl_dag.py
[2026-08-07T15:35:48.132+0000] {logging_mixin.py:188} INFO - [2026-08-07T15:35:48.132+0000] {dag.py:3089} INFO - Sync 1 DAGs
[2026-08-07T15:35:48.161+0000] {logging_mixin.py:188} INFO - [2026-08-07T15:35:48.160+0000] {dag.py:3947} INFO - Setting next_dagrun for football_etl to 2026-08-07 15:34:00+00:00, run_after=2026-08-07 15:36:00+00:00
[2026-08-07T15:35:48.183+0000] {processor.py:183} INFO - Processing /opt/airflow/dags/football_etl_dag.py took 0.132 seconds
[2026-08-07T15:36:18.344+0000] {processor.py:161} INFO - Started process (PID=294) to work on /opt/airflow/dags/football_etl_dag.py
[2026-08-07T15:36:18.346+0000] {processor.py:830} INFO - Processing file /opt/airflow/dags/football_etl_dag.py for tasks to queue
[2026-08-07T15:36:18.349+0000] {logging_mixin.py:188} INFO - [2026-08-07T15:36:18.348+0000] {dagbag.py:545} INFO - Filling up the DagBag from /opt/airflow/dags/football_etl_dag.py
[2026-08-07T15:36:18.377+0000] {processor.py:840} INFO - DAG(s) 'football_etl' retrieved from /opt/airflow/dags/football_etl_dag.py
[2026-08-07T15:36:18.426+0000] {logging_mixin.py:188} INFO - [2026-08-07T15:36:18.425+0000] {dag.py:3089} INFO - Sync 1 DAGs
[2026-08-07T15:36:18.456+0000] {logging_mixin.py:188} INFO - [2026-08-07T15:36:18.455+0000] {dag.py:3947} INFO - Setting next_dagrun for football_etl to 2026-08-07 15:36:00+00:00, run_after=2026-08-07 15:38:00+00:00
[2026-08-07T15:36:18.479+0000] {processor.py:183} INFO - Processing /opt/airflow/dags/football_etl_dag.py took 0.142 seconds
[2026-08-07T15:36:48.664+0000] {processor.py:161} INFO - Started process (PID=299) to work on /opt/airflow/dags/football_etl_dag.py
[2026-08-07T15:36:48.665+0000] {processor.py:830} INFO - Processing file /opt/airflow/dags/football_etl_dag.py for tasks to queue
[2026-08-07T15:36:48.669+0000] {logging_mixin.py:188} INFO - [2026-08-07T15:36:48.668+0000] {dagbag.py:545} INFO - Filling up the DagBag from /opt/airflow/dags/football_etl_dag.py
[2026-08-07T15:36:48.696+0000] {processor.py:840} INFO - DAG(s) 'football_etl' retrieved from /opt/airflow/dags/football_etl_dag.py
[2026-08-07T15:36:48.736+0000] {logging_mixin.py:188} INFO - [2026-08-07T15:36:48.736+0000] {dag.py:3089} INFO - Sync 1 DAGs
[2026-08-07T15:36:48.763+0000] {logging_mixin.py:188} INFO - [2026-08-07T15:36:48.763+0000] {dag.py:3947} INFO - Setting next_dagrun for football_etl to 2026-08-07 15:36:00+00:00, run_after=2026-08-07 15:38:00+00:00
[2026-08-07T15:36:48.786+0000] {processor.py:183} INFO - Processing /opt/airflow/dags/football_etl_dag.py took 0.130 seconds
[2026-08-07T15:37:18.854+0000] {processor.py:161} INFO - Started process (PID=304) to work on /opt/airflow/dags/football_etl_dag.py
[2026-08-07T15:37:18.856+0000] {processor.py:830} INFO - Processing file /opt/airflow/dags/football_etl_dag.py for tasks to queue
[2026-08-07T15:37:18.860+0000] {logging_mixin.py:188} INFO - [2026-08-07T15:37:18.859+0000] {dagbag.py:545} INFO - Filling up the DagBag from /opt/airflow/dags/football_etl_dag.py
[2026-08-07T15:37:18.882+0000] {processor.py:840} INFO - DAG(s) 'football_etl' retrieved from /opt/airflow/dags/football_etl_dag.py
[2026-08-07T15:37:18.921+0000] {logging_mixin.py:188} INFO - [2026-08-07T15:37:18.921+0000] {dag.py:3089} INFO - Sync 1 DAGs
[2026-08-07T15:37:18.950+0000] {logging_mixin.py:188} INFO - [2026-08-07T15:37:18.950+0000] {dag.py:3947} INFO - Setting next_dagrun for football_etl to 2026-08-07 15:36:00+00:00, run_after=2026-08-07 15:38:00+00:00
[2026-08-07T15:37:18.971+0000] {processor.py:183} INFO - Processing /opt/airflow/dags/football_etl_dag.py took 0.123 seconds
[2026-08-07T15:37:49.153+0000] {processor.py:161} INFO - Started process (PID=309) to work on /opt/airflow/dags/football_etl_dag.py
[2026-08-07T15:37:49.156+0000] {processor.py:830} INFO - Processing file /opt/airflow/dags/football_etl_dag.py for tasks to queue
[2026-08-07T15:37:49.160+0000] {logging_mixin.py:188} INFO - [2026-08-07T15:37:49.159+0000] {dagbag.py:545} INFO - Filling up the DagBag from /opt/airflow/dags/football_etl_dag.py
[2026-08-07T15:37:49.203+0000] {processor.py:840} INFO - DAG(s) 'football_etl' retrieved from /opt/airflow/dags/football_etl_dag.py
[2026-08-07T15:37:49.272+0000] {logging_mixin.py:188} INFO - [2026-08-07T15:37:49.272+0000] {dag.py:3089} INFO - Sync 1 DAGs
[2026-08-07T15:37:49.303+0000] {logging_mixin.py:188} INFO - [2026-08-07T15:37:49.302+0000] {dag.py:3947} INFO - Setting next_dagrun for football_etl to 2026-08-07 15:36:00+00:00, run_after=2026-08-07 15:38:00+00:00
[2026-08-07T15:37:49.323+0000] {processor.py:183} INFO - Processing /opt/airflow/dags/football_etl_dag.py took 0.181 seconds
[2026-08-07T15:38:19.543+0000] {processor.py:161} INFO - Started process (PID=322) to work on /opt/airflow/dags/football_etl_dag.py
[2026-08-07T15:38:19.544+0000] {processor.py:830} INFO - Processing file /opt/airflow/dags/football_etl_dag.py for tasks to queue
[2026-08-07T15:38:19.547+0000] {logging_mixin.py:188} INFO - [2026-08-07T15:38:19.546+0000] {dagbag.py:545} INFO - Filling up the DagBag from /opt/airflow/dags/football_etl_dag.py
[2026-08-07T15:38:19.571+0000] {processor.py:840} INFO - DAG(s) 'football_etl' retrieved from /opt/airflow/dags/football_etl_dag.py
[2026-08-07T15:38:19.609+0000] {logging_mixin.py:188} INFO - [2026-08-07T15:38:19.608+0000] {dag.py:3089} INFO - Sync 1 DAGs
[2026-08-07T15:38:19.641+0000] {logging_mixin.py:188} INFO - [2026-08-07T15:38:19.641+0000] {dag.py:3947} INFO - Setting next_dagrun for football_etl to 2026-08-07 15:38:00+00:00, run_after=2026-08-07 15:40:00+00:00
[2026-08-07T15:38:19.667+0000] {processor.py:183} INFO - Processing /opt/airflow/dags/football_etl_dag.py took 0.131 seconds
[2026-08-07T15:38:49.724+0000] {processor.py:161} INFO - Started process (PID=327) to work on /opt/airflow/dags/football_etl_dag.py
[2026-08-07T15:38:49.726+0000] {processor.py:830} INFO - Processing file /opt/airflow/dags/football_etl_dag.py for tasks to queue
[2026-08-07T15:38:49.728+0000] {logging_mixin.py:188} INFO - [2026-08-07T15:38:49.728+0000] {dagbag.py:545} INFO - Filling up the DagBag from /opt/airflow/dags/football_etl_dag.py
[2026-08-07T15:38:49.752+0000] {processor.py:840} INFO - DAG(s) 'football_etl' retrieved from /opt/airflow/dags/football_etl_dag.py
[2026-08-07T15:38:49.792+0000] {logging_mixin.py:188} INFO - [2026-08-07T15:38:49.792+0000] {dag.py:3089} INFO - Sync 1 DAGs
[2026-08-07T15:38:49.820+0000] {logging_mixin.py:188} INFO - [2026-08-07T15:38:49.820+0000] {dag.py:3947} INFO - Setting next_dagrun for football_etl to 2026-08-07 15:38:00+00:00, run_after=2026-08-07 15:40:00+00:00
[2026-08-07T15:38:49.841+0000] {processor.py:183} INFO - Processing /opt/airflow/dags/football_etl_dag.py took 0.123 seconds
[2026-08-07T15:39:20.022+0000] {processor.py:161} INFO - Started process (PID=332) to work on /opt/airflow/dags/football_etl_dag.py
[2026-08-07T15:39:20.023+0000] {processor.py:830} INFO - Processing file /opt/airflow/dags/football_etl_dag.py for tasks to queue
[2026-08-07T15:39:20.026+0000] {logging_mixin.py:188} INFO - [2026-08-07T15:39:20.026+0000] {dagbag.py:545} INFO - Filling up the DagBag from /opt/airflow/dags/football_etl_dag.py
[2026-08-07T15:39:20.051+0000] {processor.py:840} INFO - DAG(s) 'football_etl' retrieved from /opt/airflow/dags/football_etl_dag.py
[2026-08-07T15:39:20.086+0000] {logging_mixin.py:188} INFO - [2026-08-07T15:39:20.086+0000] {dag.py:3089} INFO - Sync 1 DAGs
[2026-08-07T15:39:20.113+0000] {logging_mixin.py:188} INFO - [2026-08-07T15:39:20.113+0000] {dag.py:3947} INFO - Setting next_dagrun for football_etl to 2026-08-07 15:38:00+00:00, run_after=2026-08-07 15:40:00+00:00
[2026-08-07T15:39:20.134+0000] {processor.py:183} INFO - Processing /opt/airflow/dags/football_etl_dag.py took 0.119 seconds
[2026-08-07T15:39:50.208+0000] {processor.py:161} INFO - Started process (PID=337) to work on /opt/airflow/dags/football_etl_dag.py
[2026-08-07T15:39:50.210+0000] {processor.py:830} INFO - Processing file /opt/airflow/dags/football_etl_dag.py for tasks to queue
[2026-08-07T15:39:50.212+0000] {logging_mixin.py:188} INFO - [2026-08-07T15:39:50.212+0000] {dagbag.py:545} INFO - Filling up the DagBag from /opt/airflow/dags/football_etl_dag.py
[2026-08-07T15:39:50.236+0000] {processor.py:840} INFO - DAG(s) 'football_etl' retrieved from /opt/airflow/dags/football_etl_dag.py
[2026-08-07T15:39:50.275+0000] {logging_mixin.py:188} INFO - [2026-08-07T15:39:50.274+0000] {dag.py:3089} INFO - Sync 1 DAGs
[2026-08-07T15:39:50.302+0000] {logging_mixin.py:188} INFO - [2026-08-07T15:39:50.302+0000] {dag.py:3947} INFO - Setting next_dagrun for football_etl to 2026-08-07 15:38:00+00:00, run_after=2026-08-07 15:40:00+00:00
[2026-08-07T15:39:50.324+0000] {processor.py:183} INFO - Processing /opt/airflow/dags/football_etl_dag.py took 0.124 seconds
[2026-08-07T15:40:20.500+0000] {processor.py:161} INFO - Started process (PID=350) to work on /opt/airflow/dags/football_etl_dag.py
[2026-08-07T15:40:20.501+0000] {processor.py:830} INFO - Processing file /opt/airflow/dags/football_etl_dag.py for tasks to queue
[2026-08-07T15:40:20.503+0000] {logging_mixin.py:188} INFO - [2026-08-07T15:40:20.503+0000] {dagbag.py:545} INFO - Filling up the DagBag from /opt/airflow/dags/football_etl_dag.py
[2026-08-07T15:40:20.525+0000] {processor.py:840} INFO - DAG(s) 'football_etl' retrieved from /opt/airflow/dags/football_etl_dag.py
[2026-08-07T15:40:20.563+0000] {logging_mixin.py:188} INFO - [2026-08-07T15:40:20.563+0000] {dag.py:3089} INFO - Sync 1 DAGs
[2026-08-07T15:40:20.590+0000] {logging_mixin.py:188} INFO - [2026-08-07T15:40:20.590+0000] {dag.py:3947} INFO - Setting next_dagrun for football_etl to 2026-08-07 15:40:00+00:00, run_after=2026-08-07 15:42:00+00:00
[2026-08-07T15:40:20.613+0000] {processor.py:183} INFO - Processing /opt/airflow/dags/football_etl_dag.py took 0.119 seconds
[2026-08-07T15:40:50.671+0000] {processor.py:161} INFO - Started process (PID=355) to work on /opt/airflow/dags/football_etl_dag.py
[2026-08-07T15:40:50.673+0000] {processor.py:830} INFO - Processing file /opt/airflow/dags/football_etl_dag.py for tasks to queue
[2026-08-07T15:40:50.675+0000] {logging_mixin.py:188} INFO - [2026-08-07T15:40:50.675+0000] {dagbag.py:545} INFO - Filling up the DagBag from /opt/airflow/dags/football_etl_dag.py
[2026-08-07T15:40:50.698+0000] {processor.py:840} INFO - DAG(s) 'football_etl' retrieved from /opt/airflow/dags/football_etl_dag.py
[2026-08-07T15:40:50.735+0000] {logging_mixin.py:188} INFO - [2026-08-07T15:40:50.735+0000] {dag.py:3089} INFO - Sync 1 DAGs
[2026-08-07T15:40:50.765+0000] {logging_mixin.py:188} INFO - [2026-08-07T15:40:50.765+0000] {dag.py:3947} INFO - Setting next_dagrun for football_etl to 2026-08-07 15:40:00+00:00, run_after=2026-08-07 15:42:00+00:00
[2026-08-07T15:40:50.787+0000] {processor.py:183} INFO - Processing /opt/airflow/dags/football_etl_dag.py took 0.123 seconds
[2026-08-07T15:41:20.949+0000] {processor.py:161} INFO - Started process (PID=360) to work on /opt/airflow/dags/football_etl_dag.py
[2026-08-07T15:41:20.951+0000] {processor.py:830} INFO - Processing file /opt/airflow/dags/football_etl_dag.py for tasks to queue
[2026-08-07T15:41:20.954+0000] {logging_mixin.py:188} INFO - [2026-08-07T15:41:20.954+0000] {dagbag.py:545} INFO - Filling up the DagBag from /opt/airflow/dags/football_etl_dag.py
[2026-08-07T15:41:20.981+0000] {processor.py:840} INFO - DAG(s) 'football_etl' retrieved from /opt/airflow/dags/football_etl_dag.py
[2026-08-07T15:41:21.019+0000] {logging_mixin.py:188} INFO - [2026-08-07T15:41:21.019+0000] {dag.py:3089} INFO - Sync 1 DAGs
[2026-08-07T15:41:21.046+0000] {logging_mixin.py:188} INFO - [2026-08-07T15:41:21.045+0000] {dag.py:3947} INFO - Setting next_dagrun for football_etl to 2026-08-07 15:40:00+00:00, run_after=2026-08-07 15:42:00+00:00
[2026-08-07T15:41:21.067+0000] {processor.py:183} INFO - Processing /opt/airflow/dags/football_etl_dag.py took 0.125 seconds
[2026-08-07T15:41:51.246+0000] {processor.py:161} INFO - Started process (PID=365) to work on /opt/airflow/dags/football_etl_dag.py
[2026-08-07T15:41:51.248+0000] {processor.py:830} INFO - Processing file /opt/airflow/dags/football_etl_dag.py for tasks to queue
[2026-08-07T15:41:51.250+0000] {logging_mixin.py:188} INFO - [2026-08-07T15:41:51.250+0000] {dagbag.py:545} INFO - Filling up the DagBag from /opt/airflow/dags/football_etl_dag.py
[2026-08-07T15:41:51.273+0000] {processor.py:840} INFO - DAG(s) 'football_etl' retrieved from /opt/airflow/dags/football_etl_dag.py
[2026-08-07T15:41:51.308+0000] {logging_mixin.py:188} INFO - [2026-08-07T15:41:51.308+0000] {dag.py:3089} INFO - Sync 1 DAGs
[2026-08-07T15:41:51.333+0000] {logging_mixin.py:188} INFO - [2026-08-07T15:41:51.333+0000] {dag.py:3947} INFO - Setting next_dagrun for football_etl to 2026-08-07 15:40:00+00:00, run_after=2026-08-07 15:42:00+00:00
[2026-08-07T15:41:51.353+0000] {processor.py:183} INFO - Processing /opt/airflow/dags/football_etl_dag.py took 0.113 seconds
[2026-08-07T15:42:21.425+0000] {processor.py:161} INFO - Started process (PID=378) to work on /opt/airflow/dags/football_etl_dag.py
[2026-08-07T15:42:21.426+0000] {processor.py:830} INFO - Processing file /opt/airflow/dags/football_etl_dag.py for tasks to queue
[2026-08-07T15:42:21.429+0000] {logging_mixin.py:188} INFO - [2026-08-07T15:42:21.428+0000] {dagbag.py:545} INFO - Filling up the DagBag from /opt/airflow/dags/football_etl_dag.py
[2026-08-07T15:42:21.451+0000] {processor.py:840} INFO - DAG(s) 'football_etl' retrieved from /opt/airflow/dags/football_etl_dag.py
[2026-08-07T15:42:21.489+0000] {logging_mixin.py:188} INFO - [2026-08-07T15:42:21.488+0000] {dag.py:3089} INFO - Sync 1 DAGs
[2026-08-07T15:42:21.544+0000] {logging_mixin.py:188} INFO - [2026-08-07T15:42:21.543+0000] {dag.py:3947} INFO - Setting next_dagrun for football_etl to 2026-08-07 15:42:00+00:00, run_after=2026-08-07 15:44:00+00:00
[2026-08-07T15:42:21.569+0000] {processor.py:183} INFO - Processing /opt/airflow/dags/football_etl_dag.py took 0.152 seconds
[2026-08-07T15:42:51.694+0000] {processor.py:161} INFO - Started process (PID=383) to work on /opt/airflow/dags/football_etl_dag.py
[2026-08-07T15:42:51.696+0000] {processor.py:830} INFO - Processing file /opt/airflow/dags/football_etl_dag.py for tasks to queue
[2026-08-07T15:42:51.699+0000] {logging_mixin.py:188} INFO - [2026-08-07T15:42:51.699+0000] {dagbag.py:545} INFO - Filling up the DagBag from /opt/airflow/dags/football_etl_dag.py
[2026-08-07T15:42:51.724+0000] {processor.py:840} INFO - DAG(s) 'football_etl' retrieved from /opt/airflow/dags/football_etl_dag.py
[2026-08-07T15:42:51.765+0000] {logging_mixin.py:188} INFO - [2026-08-07T15:42:51.765+0000] {dag.py:3089} INFO - Sync 1 DAGs
[2026-08-07T15:42:51.791+0000] {logging_mixin.py:188} INFO - [2026-08-07T15:42:51.791+0000] {dag.py:3947} INFO - Setting next_dagrun for football_etl to 2026-08-07 15:42:00+00:00, run_after=2026-08-07 15:44:00+00:00
[2026-08-07T15:42:51.813+0000] {processor.py:183} INFO - Processing /opt/airflow/dags/football_etl_dag.py took 0.126 seconds
[2026-08-07T15:43:22.103+0000] {processor.py:161} INFO - Started process (PID=388) to work on /opt/airflow/dags/football_etl_dag.py
[2026-08-07T15:43:22.105+0000] {processor.py:830} INFO - Processing file /opt/airflow/dags/football_etl_dag.py for tasks to queue
[2026-08-07T15:43:22.107+0000] {logging_mixin.py:188} INFO - [2026-08-07T15:43:22.107+0000] {dagbag.py:545} INFO - Filling up the DagBag from /opt/airflow/dags/football_etl_dag.py
[2026-08-07T15:43:22.131+0000] {processor.py:840} INFO - DAG(s) 'football_etl' retrieved from /opt/airflow/dags/football_etl_dag.py
[2026-08-07T15:43:22.170+0000] {logging_mixin.py:188} INFO - [2026-08-07T15:43:22.169+0000] {dag.py:3089} INFO - Sync 1 DAGs
[2026-08-07T15:43:22.204+0000] {logging_mixin.py:188} INFO - [2026-08-07T15:43:22.204+0000] {dag.py:3947} INFO - Setting next_dagrun for football_etl to 2026-08-07 15:42:00+00:00, run_after=2026-08-07 15:44:00+00:00
[2026-08-07T15:43:22.225+0000] {processor.py:183} INFO - Processing /opt/airflow/dags/football_etl_dag.py took 0.128 seconds
[2026-08-07T15:43:52.286+0000] {processor.py:161} INFO - Started process (PID=393) to work on /opt/airflow/dags/football_etl_dag.py
[2026-08-07T15:43:52.288+0000] {processor.py:830} INFO - Processing file /opt/airflow/dags/football_etl_dag.py for tasks to queue
[2026-08-07T15:43:52.291+0000] {logging_mixin.py:188} INFO - [2026-08-07T15:43:52.291+0000] {dagbag.py:545} INFO - Filling up the DagBag from /opt/airflow/dags/football_etl_dag.py
[2026-08-07T15:43:52.319+0000] {processor.py:840} INFO - DAG(s) 'football_etl' retrieved from /opt/airflow/dags/football_etl_dag.py
[2026-08-07T15:43:52.360+0000] {logging_mixin.py:188} INFO - [2026-08-07T15:43:52.360+0000] {dag.py:3089} INFO - Sync 1 DAGs
[2026-08-07T15:43:52.404+0000] {logging_mixin.py:188} INFO - [2026-08-07T15:43:52.404+0000] {dag.py:3947} INFO - Setting next_dagrun for football_etl to 2026-08-07 15:42:00+00:00, run_after=2026-08-07 15:44:00+00:00
[2026-08-07T15:43:52.431+0000] {processor.py:183} INFO - Processing /opt/airflow/dags/football_etl_dag.py took 0.152 seconds
[2026-08-07T15:44:22.592+0000] {processor.py:161} INFO - Started process (PID=406) to work on /opt/airflow/dags/football_etl_dag.py
[2026-08-07T15:44:22.593+0000] {processor.py:830} INFO - Processing file /opt/airflow/dags/football_etl_dag.py for tasks to queue
[2026-08-07T15:44:22.598+0000] {logging_mixin.py:188} INFO - [2026-08-07T15:44:22.597+0000] {dagbag.py:545} INFO - Filling up the DagBag from /opt/airflow/dags/football_etl_dag.py
[2026-08-07T15:44:22.630+0000] {processor.py:840} INFO - DAG(s) 'football_etl' retrieved from /opt/airflow/dags/football_etl_dag.py
[2026-08-07T15:44:22.677+0000] {logging_mixin.py:188} INFO - [2026-08-07T15:44:22.676+0000] {dag.py:3089} INFO - Sync 1 DAGs
[2026-08-07T15:44:22.722+0000] {logging_mixin.py:188} INFO - [2026-08-07T15:44:22.721+0000] {dag.py:3947} INFO - Setting next_dagrun for football_etl to 2026-08-07 15:44:00+00:00, run_after=2026-08-07 15:46:00+00:00
[2026-08-07T15:44:24.576+0000] {processor.py:183} INFO - Processing /opt/airflow/dags/football_etl_dag.py took 1.993 seconds
[2026-08-07T15:44:54.781+0000] {processor.py:161} INFO - Started process (PID=411) to work on /opt/airflow/dags/football_etl_dag.py
[2026-08-07T15:44:54.783+0000] {processor.py:830} INFO - Processing file /opt/airflow/dags/football_etl_dag.py for tasks to queue
[2026-08-07T15:44:54.786+0000] {logging_mixin.py:188} INFO - [2026-08-07T15:44:54.786+0000] {dagbag.py:545} INFO - Filling up the DagBag from /opt/airflow/dags/football_etl_dag.py
[2026-08-07T15:44:54.814+0000] {processor.py:840} INFO - DAG(s) 'football_etl' retrieved from /opt/airflow/dags/football_etl_dag.py
[2026-08-07T15:44:54.855+0000] {logging_mixin.py:188} INFO - [2026-08-07T15:44:54.854+0000] {dag.py:3089} INFO - Sync 1 DAGs
[2026-08-07T15:44:54.885+0000] {logging_mixin.py:188} INFO - [2026-08-07T15:44:54.885+0000] {dag.py:3947} INFO - Setting next_dagrun for football_etl to 2026-08-07 15:44:00+00:00, run_after=2026-08-07 15:46:00+00:00
[2026-08-07T15:44:54.908+0000] {processor.py:183} INFO - Processing /opt/airflow/dags/football_etl_dag.py took 0.137 seconds
[2026-08-07T15:45:24.980+0000] {processor.py:161} INFO - Started process (PID=416) to work on /opt/airflow/dags/football_etl_dag.py
[2026-08-07T15:45:24.982+0000] {processor.py:830} INFO - Processing file /opt/airflow/dags/football_etl_dag.py for tasks to queue
[2026-08-07T15:45:24.986+0000] {logging_mixin.py:188} INFO - [2026-08-07T15:45:24.985+0000] {dagbag.py:545} INFO - Filling up the DagBag from /opt/airflow/dags/football_etl_dag.py
[2026-08-07T15:45:25.023+0000] {processor.py:840} INFO - DAG(s) 'football_etl' retrieved from /opt/airflow/dags/football_etl_dag.py
[2026-08-07T15:45:25.074+0000] {logging_mixin.py:188} INFO - [2026-08-07T15:45:25.074+0000] {dag.py:3089} INFO - Sync 1 DAGs
[2026-08-07T15:45:25.107+0000] {logging_mixin.py:188} INFO - [2026-08-07T15:45:25.107+0000] {dag.py:3947} INFO - Setting next_dagrun for football_etl to 2026-08-07 15:44:00+00:00, run_after=2026-08-07 15:46:00+00:00
[2026-08-07T15:45:25.136+0000] {processor.py:183} INFO - Processing /opt/airflow/dags/football_etl_dag.py took 0.162 seconds
[2026-08-07T15:45:55.266+0000] {processor.py:161} INFO - Started process (PID=421) to work on /opt/airflow/dags/football_etl_dag.py
[2026-08-07T15:45:55.267+0000] {processor.py:830} INFO - Processing file /opt/airflow/dags/football_etl_dag.py for tasks to queue
[2026-08-07T15:45:55.270+0000] {logging_mixin.py:188} INFO - [2026-08-07T15:45:55.269+0000] {dagbag.py:545} INFO - Filling up the DagBag from /opt/airflow/dags/football_etl_dag.py
[2026-08-07T15:45:55.298+0000] {processor.py:840} INFO - DAG(s) 'football_etl' retrieved from /opt/airflow/dags/football_etl_dag.py
[2026-08-07T15:45:55.335+0000] {logging_mixin.py:188} INFO - [2026-08-07T15:45:55.335+0000] {dag.py:3089} INFO - Sync 1 DAGs
[2026-08-07T15:45:55.368+0000] {logging_mixin.py:188} INFO - [2026-08-07T15:45:55.368+0000] {dag.py:3947} INFO - Setting next_dagrun for football_etl to 2026-08-07 15:44:00+00:00, run_after=2026-08-07 15:46:00+00:00
[2026-08-07T15:45:55.397+0000] {processor.py:183} INFO - Processing /opt/airflow/dags/football_etl_dag.py took 0.139 seconds
[2026-08-07T15:46:25.771+0000] {processor.py:161} INFO - Started process (PID=434) to work on /opt/airflow/dags/football_etl_dag.py
[2026-08-07T15:46:25.773+0000] {processor.py:830} INFO - Processing file /opt/airflow/dags/football_etl_dag.py for tasks to queue
[2026-08-07T15:46:25.776+0000] {logging_mixin.py:188} INFO - [2026-08-07T15:46:25.775+0000] {dagbag.py:545} INFO - Filling up the DagBag from /opt/airflow/dags/football_etl_dag.py
[2026-08-07T15:46:25.807+0000] {processor.py:840} INFO - DAG(s) 'football_etl' retrieved from /opt/airflow/dags/football_etl_dag.py
[2026-08-07T15:46:25.872+0000] {logging_mixin.py:188} INFO - [2026-08-07T15:46:25.872+0000] {dag.py:3089} INFO - Sync 1 DAGs
[2026-08-07T15:46:25.928+0000] {logging_mixin.py:188} INFO - [2026-08-07T15:46:25.927+0000] {dag.py:3947} INFO - Setting next_dagrun for football_etl to 2026-08-07 15:46:00+00:00, run_after=2026-08-07 15:48:00+00:00
[2026-08-07T15:46:25.967+0000] {processor.py:183} INFO - Processing /opt/airflow/dags/football_etl_dag.py took 0.209 seconds
[2026-08-07T15:46:56.056+0000] {processor.py:161} INFO - Started process (PID=439) to work on /opt/airflow/dags/football_etl_dag.py
[2026-08-07T15:46:56.058+0000] {processor.py:830} INFO - Processing file /opt/airflow/dags/football_etl_dag.py for tasks to queue
[2026-08-07T15:46:56.062+0000] {logging_mixin.py:188} INFO - [2026-08-07T15:46:56.061+0000] {dagbag.py:545} INFO - Filling up the DagBag from /opt/airflow/dags/football_etl_dag.py
[2026-08-07T15:46:56.094+0000] {processor.py:840} INFO - DAG(s) 'football_etl' retrieved from /opt/airflow/dags/football_etl_dag.py
[2026-08-07T15:46:56.146+0000] {logging_mixin.py:188} INFO - [2026-08-07T15:46:56.146+0000] {dag.py:3089} INFO - Sync 1 DAGs
[2026-08-07T15:46:56.189+0000] {logging_mixin.py:188} INFO - [2026-08-07T15:46:56.189+0000] {dag.py:3947} INFO - Setting next_dagrun for football_etl to 2026-08-07 15:46:00+00:00, run_after=2026-08-07 15:48:00+00:00
[2026-08-07T15:46:56.223+0000] {processor.py:183} INFO - Processing /opt/airflow/dags/football_etl_dag.py took 0.177 seconds
[2026-08-07T15:47:26.406+0000] {processor.py:161} INFO - Started process (PID=444) to work on /opt/airflow/dags/football_etl_dag.py
[2026-08-07T15:47:26.408+0000] {processor.py:830} INFO - Processing file /opt/airflow/dags/football_etl_dag.py for tasks to queue
[2026-08-07T15:47:26.411+0000] {logging_mixin.py:188} INFO - [2026-08-07T15:47:26.410+0000] {dagbag.py:545} INFO - Filling up the DagBag from /opt/airflow/dags/football_etl_dag.py
[2026-08-07T15:47:26.437+0000] {processor.py:840} INFO - DAG(s) 'football_etl' retrieved from /opt/airflow/dags/football_etl_dag.py
[2026-08-07T15:47:26.480+0000] {logging_mixin.py:188} INFO - [2026-08-07T15:47:26.480+0000] {dag.py:3089} INFO - Sync 1 DAGs
[2026-08-07T15:47:26.517+0000] {logging_mixin.py:188} INFO - [2026-08-07T15:47:26.517+0000] {dag.py:3947} INFO - Setting next_dagrun for football_etl to 2026-08-07 15:46:00+00:00, run_after=2026-08-07 15:48:00+00:00
[2026-08-07T15:47:26.544+0000] {processor.py:183} INFO - Processing /opt/airflow/dags/football_etl_dag.py took 0.145 seconds
[2026-08-07T15:47:56.792+0000] {processor.py:161} INFO - Started process (PID=449) to work on /opt/airflow/dags/football_etl_dag.py
[2026-08-07T15:47:56.793+0000] {processor.py:830} INFO - Processing file /opt/airflow/dags/football_etl_dag.py for tasks to queue
[2026-08-07T15:47:56.797+0000] {logging_mixin.py:188} INFO - [2026-08-07T15:47:56.796+0000] {dagbag.py:545} INFO - Filling up the DagBag from /opt/airflow/dags/football_etl_dag.py
[2026-08-07T15:47:56.828+0000] {processor.py:840} INFO - DAG(s) 'football_etl' retrieved from /opt/airflow/dags/football_etl_dag.py
[2026-08-07T15:47:56.874+0000] {logging_mixin.py:188} INFO - [2026-08-07T15:47:56.873+0000] {dag.py:3089} INFO - Sync 1 DAGs
[2026-08-07T15:47:56.905+0000] {logging_mixin.py:188} INFO - [2026-08-07T15:47:56.905+0000] {dag.py:3947} INFO - Setting next_dagrun for football_etl to 2026-08-07 15:46:00+00:00, run_after=2026-08-07 15:48:00+00:00
[2026-08-07T15:47:56.929+0000] {processor.py:183} INFO - Processing /opt/airflow/dags/football_etl_dag.py took 0.146 seconds
[2026-08-07T15:48:27.210+0000] {processor.py:161} INFO - Started process (PID=462) to work on /opt/airflow/dags/football_etl_dag.py
[2026-08-07T15:48:27.212+0000] {processor.py:830} INFO - Processing file /opt/airflow/dags/football_etl_dag.py for tasks to queue
[2026-08-07T15:48:27.216+0000] {logging_mixin.py:188} INFO - [2026-08-07T15:48:27.216+0000] {dagbag.py:545} INFO - Filling up the DagBag from /opt/airflow/dags/football_etl_dag.py
[2026-08-07T15:48:27.248+0000] {processor.py:840} INFO - DAG(s) 'football_etl' retrieved from /opt/airflow/dags/football_etl_dag.py
[2026-08-07T15:48:27.292+0000] {logging_mixin.py:188} INFO - [2026-08-07T15:48:27.292+0000] {dag.py:3089} INFO - Sync 1 DAGs
[2026-08-07T15:48:27.329+0000] {logging_mixin.py:188} INFO - [2026-08-07T15:48:27.329+0000] {dag.py:3947} INFO - Setting next_dagrun for football_etl to 2026-08-07 15:48:00+00:00, run_after=2026-08-07 15:50:00+00:00
[2026-08-07T15:48:27.360+0000] {processor.py:183} INFO - Processing /opt/airflow/dags/football_etl_dag.py took 0.157 seconds
[2026-08-07T15:48:57.581+0000] {processor.py:161} INFO - Started process (PID=467) to work on /opt/airflow/dags/football_etl_dag.py
[2026-08-07T15:48:57.583+0000] {processor.py:830} INFO - Processing file /opt/airflow/dags/football_etl_dag.py for tasks to queue
[2026-08-07T15:48:57.585+0000] {logging_mixin.py:188} INFO - [2026-08-07T15:48:57.585+0000] {dagbag.py:545} INFO - Filling up the DagBag from /opt/airflow/dags/football_etl_dag.py
[2026-08-07T15:48:57.610+0000] {processor.py:840} INFO - DAG(s) 'football_etl' retrieved from /opt/airflow/dags/football_etl_dag.py
[2026-08-07T15:48:57.655+0000] {logging_mixin.py:188} INFO - [2026-08-07T15:48:57.655+0000] {dag.py:3089} INFO - Sync 1 DAGs
[2026-08-07T15:48:57.686+0000] {logging_mixin.py:188} INFO - [2026-08-07T15:48:57.686+0000] {dag.py:3947} INFO - Setting next_dagrun for football_etl to 2026-08-07 15:48:00+00:00, run_after=2026-08-07 15:50:00+00:00
[2026-08-07T15:48:57.718+0000] {processor.py:183} INFO - Processing /opt/airflow/dags/football_etl_dag.py took 0.142 seconds
[2026-08-07T15:49:27.862+0000] {processor.py:161} INFO - Started process (PID=472) to work on /opt/airflow/dags/football_etl_dag.py
[2026-08-07T15:49:27.863+0000] {processor.py:830} INFO - Processing file /opt/airflow/dags/football_etl_dag.py for tasks to queue
[2026-08-07T15:49:27.866+0000] {logging_mixin.py:188} INFO - [2026-08-07T15:49:27.866+0000] {dagbag.py:545} INFO - Filling up the DagBag from /opt/airflow/dags/football_etl_dag.py
[2026-08-07T15:49:27.894+0000] {processor.py:840} INFO - DAG(s) 'football_etl' retrieved from /opt/airflow/dags/football_etl_dag.py
[2026-08-07T15:49:27.933+0000] {logging_mixin.py:188} INFO - [2026-08-07T15:49:27.932+0000] {dag.py:3089} INFO - Sync 1 DAGs
[2026-08-07T15:49:27.962+0000] {logging_mixin.py:188} INFO - [2026-08-07T15:49:27.962+0000] {dag.py:3947} INFO - Setting next_dagrun for football_etl to 2026-08-07 15:48:00+00:00, run_after=2026-08-07 15:50:00+00:00
[2026-08-07T15:49:27.995+0000] {processor.py:183} INFO - Processing /opt/airflow/dags/football_etl_dag.py took 0.139 seconds
[2026-08-07T15:49:58.267+0000] {processor.py:161} INFO - Started process (PID=477) to work on /opt/airflow/dags/football_etl_dag.py
[2026-08-07T15:49:58.269+0000] {processor.py:830} INFO - Processing file /opt/airflow/dags/football_etl_dag.py for tasks to queue
[2026-08-07T15:49:58.274+0000] {logging_mixin.py:188} INFO - [2026-08-07T15:49:58.273+0000] {dagbag.py:545} INFO - Filling up the DagBag from /opt/airflow/dags/football_etl_dag.py
[2026-08-07T15:49:58.299+0000] {processor.py:840} INFO - DAG(s) 'football_etl' retrieved from /opt/airflow/dags/football_etl_dag.py
[2026-08-07T15:49:58.341+0000] {logging_mixin.py:188} INFO - [2026-08-07T15:49:58.341+0000] {dag.py:3089} INFO - Sync 1 DAGs
[2026-08-07T15:49:58.373+0000] {logging_mixin.py:188} INFO - [2026-08-07T15:49:58.373+0000] {dag.py:3947} INFO - Setting next_dagrun for football_etl to 2026-08-07 15:48:00+00:00, run_after=2026-08-07 15:50:00+00:00
[2026-08-07T15:49:58.397+0000] {processor.py:183} INFO - Processing /opt/airflow/dags/football_etl_dag.py took 0.138 seconds
[2026-08-07T15:50:28.665+0000] {processor.py:161} INFO - Started process (PID=490) to work on /opt/airflow/dags/football_etl_dag.py
[2026-08-07T15:50:28.668+0000] {processor.py:830} INFO - Processing file /opt/airflow/dags/football_etl_dag.py for tasks to queue
[2026-08-07T15:50:28.673+0000] {logging_mixin.py:188} INFO - [2026-08-07T15:50:28.672+0000] {dagbag.py:545} INFO - Filling up the DagBag from /opt/airflow/dags/football_etl_dag.py
[2026-08-07T15:50:28.714+0000] {processor.py:840} INFO - DAG(s) 'football_etl' retrieved from /opt/airflow/dags/football_etl_dag.py
[2026-08-07T15:50:28.764+0000] {logging_mixin.py:188} INFO - [2026-08-07T15:50:28.764+0000] {dag.py:3089} INFO - Sync 1 DAGs
[2026-08-07T15:50:28.809+0000] {logging_mixin.py:188} INFO - [2026-08-07T15:50:28.809+0000] {dag.py:3947} INFO - Setting next_dagrun for football_etl to 2026-08-07 15:50:00+00:00, run_after=2026-08-07 15:52:00+00:00
[2026-08-07T15:50:28.839+0000] {processor.py:183} INFO - Processing /opt/airflow/dags/football_etl_dag.py took 0.186 seconds
[2026-08-07T15:50:59.079+0000] {processor.py:161} INFO - Started process (PID=495) to work on /opt/airflow/dags/football_etl_dag.py
[2026-08-07T15:50:59.081+0000] {processor.py:830} INFO - Processing file /opt/airflow/dags/football_etl_dag.py for tasks to queue
[2026-08-07T15:50:59.087+0000] {logging_mixin.py:188} INFO - [2026-08-07T15:50:59.086+0000] {dagbag.py:545} INFO - Filling up the DagBag from /opt/airflow/dags/football_etl_dag.py
[2026-08-07T15:50:59.126+0000] {processor.py:840} INFO - DAG(s) 'football_etl' retrieved from /opt/airflow/dags/football_etl_dag.py
[2026-08-07T15:50:59.189+0000] {logging_mixin.py:188} INFO - [2026-08-07T15:50:59.188+0000] {dag.py:3089} INFO - Sync 1 DAGs
[2026-08-07T15:50:59.222+0000] {logging_mixin.py:188} INFO - [2026-08-07T15:50:59.222+0000] {dag.py:3947} INFO - Setting next_dagrun for football_etl to 2026-08-07 15:50:00+00:00, run_after=2026-08-07 15:52:00+00:00
[2026-08-07T15:50:59.257+0000] {processor.py:183} INFO - Processing /opt/airflow/dags/football_etl_dag.py took 0.200 seconds
[2026-08-07T15:51:29.318+0000] {processor.py:161} INFO - Started process (PID=500) to work on /opt/airflow/dags/football_etl_dag.py
[2026-08-07T15:51:29.320+0000] {processor.py:830} INFO - Processing file /opt/airflow/dags/football_etl_dag.py for tasks to queue
[2026-08-07T15:51:29.323+0000] {logging_mixin.py:188} INFO - [2026-08-07T15:51:29.323+0000] {dagbag.py:545} INFO - Filling up the DagBag from /opt/airflow/dags/football_etl_dag.py
[2026-08-07T15:51:29.347+0000] {processor.py:840} INFO - DAG(s) 'football_etl' retrieved from /opt/airflow/dags/football_etl_dag.py
[2026-08-07T15:51:29.383+0000] {logging_mixin.py:188} INFO - [2026-08-07T15:51:29.383+0000] {dag.py:3089} INFO - Sync 1 DAGs
[2026-08-07T15:51:29.409+0000] {logging_mixin.py:188} INFO - [2026-08-07T15:51:29.408+0000] {dag.py:3947} INFO - Setting next_dagrun for football_etl to 2026-08-07 15:50:00+00:00, run_after=2026-08-07 15:52:00+00:00
[2026-08-07T15:51:29.431+0000] {processor.py:183} INFO - Processing /opt/airflow/dags/football_etl_dag.py took 0.120 seconds
[2026-08-07T15:51:59.490+0000] {processor.py:161} INFO - Started process (PID=505) to work on /opt/airflow/dags/football_etl_dag.py
[2026-08-07T15:51:59.491+0000] {processor.py:830} INFO - Processing file /opt/airflow/dags/football_etl_dag.py for tasks to queue
[2026-08-07T15:51:59.494+0000] {logging_mixin.py:188} INFO - [2026-08-07T15:51:59.493+0000] {dagbag.py:545} INFO - Filling up the DagBag from /opt/airflow/dags/football_etl_dag.py
[2026-08-07T15:51:59.516+0000] {processor.py:840} INFO - DAG(s) 'football_etl' retrieved from /opt/airflow/dags/football_etl_dag.py
[2026-08-07T15:51:59.550+0000] {logging_mixin.py:188} INFO - [2026-08-07T15:51:59.550+0000] {dag.py:3089} INFO - Sync 1 DAGs
[2026-08-07T15:51:59.576+0000] {logging_mixin.py:188} INFO - [2026-08-07T15:51:59.576+0000] {dag.py:3947} INFO - Setting next_dagrun for football_etl to 2026-08-07 15:50:00+00:00, run_after=2026-08-07 15:52:00+00:00
[2026-08-07T15:51:59.596+0000] {processor.py:183} INFO - Processing /opt/airflow/dags/football_etl_dag.py took 0.112 seconds
[2026-08-07T15:52:29.765+0000] {processor.py:161} INFO - Started process (PID=518) to work on /opt/airflow/dags/football_etl_dag.py
[2026-08-07T15:52:29.766+0000] {processor.py:830} INFO - Processing file /opt/airflow/dags/football_etl_dag.py for tasks to queue
[2026-08-07T15:52:29.769+0000] {logging_mixin.py:188} INFO - [2026-08-07T15:52:29.769+0000] {dagbag.py:545} INFO - Filling up the DagBag from /opt/airflow/dags/football_etl_dag.py
[2026-08-07T15:52:29.795+0000] {processor.py:840} INFO - DAG(s) 'football_etl' retrieved from /opt/airflow/dags/football_etl_dag.py
[2026-08-07T15:52:29.867+0000] {logging_mixin.py:188} INFO - [2026-08-07T15:52:29.867+0000] {dag.py:3089} INFO - Sync 1 DAGs
[2026-08-07T15:52:29.957+0000] {logging_mixin.py:188} INFO - [2026-08-07T15:52:29.955+0000] {dag.py:3947} INFO - Setting next_dagrun for football_etl to 2026-08-07 15:52:00+00:00, run_after=2026-08-07 15:54:00+00:00
[2026-08-07T15:52:30.018+0000] {processor.py:183} INFO - Processing /opt/airflow/dags/football_etl_dag.py took 0.261 seconds
[2026-08-07T15:53:00.269+0000] {processor.py:161} INFO - Started process (PID=523) to work on /opt/airflow/dags/football_etl_dag.py
[2026-08-07T15:53:00.270+0000] {processor.py:830} INFO - Processing file /opt/airflow/dags/football_etl_dag.py for tasks to queue
[2026-08-07T15:53:00.273+0000] {logging_mixin.py:188} INFO - [2026-08-07T15:53:00.273+0000] {dagbag.py:545} INFO - Filling up the DagBag from /opt/airflow/dags/football_etl_dag.py
[2026-08-07T15:53:00.298+0000] {processor.py:840} INFO - DAG(s) 'football_etl' retrieved from /opt/airflow/dags/football_etl_dag.py
[2026-08-07T15:53:00.338+0000] {logging_mixin.py:188} INFO - [2026-08-07T15:53:00.337+0000] {dag.py:3089} INFO - Sync 1 DAGs
[2026-08-07T15:53:00.366+0000] {logging_mixin.py:188} INFO - [2026-08-07T15:53:00.366+0000] {dag.py:3947} INFO - Setting next_dagrun for football_etl to 2026-08-07 15:52:00+00:00, run_after=2026-08-07 15:54:00+00:00
[2026-08-07T15:53:00.387+0000] {processor.py:183} INFO - Processing /opt/airflow/dags/football_etl_dag.py took 0.127 seconds
[2026-08-07T15:53:30.476+0000] {processor.py:161} INFO - Started process (PID=528) to work on /opt/airflow/dags/football_etl_dag.py
[2026-08-07T15:53:30.477+0000] {processor.py:830} INFO - Processing file /opt/airflow/dags/football_etl_dag.py for tasks to queue
[2026-08-07T15:53:30.479+0000] {logging_mixin.py:188} INFO - [2026-08-07T15:53:30.479+0000] {dagbag.py:545} INFO - Filling up the DagBag from /opt/airflow/dags/football_etl_dag.py
[2026-08-07T15:53:30.502+0000] {processor.py:840} INFO - DAG(s) 'football_etl' retrieved from /opt/airflow/dags/football_etl_dag.py
[2026-08-07T15:53:30.541+0000] {logging_mixin.py:188} INFO - [2026-08-07T15:53:30.541+0000] {dag.py:3089} INFO - Sync 1 DAGs
[2026-08-07T15:53:30.567+0000] {logging_mixin.py:188} INFO - [2026-08-07T15:53:30.567+0000] {dag.py:3947} INFO - Setting next_dagrun for football_etl to 2026-08-07 15:52:00+00:00, run_after=2026-08-07 15:54:00+00:00
[2026-08-07T15:53:30.588+0000] {processor.py:183} INFO - Processing /opt/airflow/dags/football_etl_dag.py took 0.118 seconds
[2026-08-07T15:54:00.735+0000] {processor.py:161} INFO - Started process (PID=534) to work on /opt/airflow/dags/football_etl_dag.py
[2026-08-07T15:54:00.737+0000] {processor.py:830} INFO - Processing file /opt/airflow/dags/football_etl_dag.py for tasks to queue
[2026-08-07T15:54:00.740+0000] {logging_mixin.py:188} INFO - [2026-08-07T15:54:00.739+0000] {dagbag.py:545} INFO - Filling up the DagBag from /opt/airflow/dags/football_etl_dag.py
[2026-08-07T15:54:00.765+0000] {processor.py:840} INFO - DAG(s) 'football_etl' retrieved from /opt/airflow/dags/football_etl_dag.py
[2026-08-07T15:54:00.808+0000] {logging_mixin.py:188} INFO - [2026-08-07T15:54:00.807+0000] {dag.py:3089} INFO - Sync 1 DAGs
[2026-08-07T15:54:00.842+0000] {logging_mixin.py:188} INFO - [2026-08-07T15:54:00.842+0000] {dag.py:3947} INFO - Setting next_dagrun for football_etl to 2026-08-07 15:54:00+00:00, run_after=2026-08-07 15:56:00+00:00
[2026-08-07T15:54:00.866+0000] {processor.py:183} INFO - Processing /opt/airflow/dags/football_etl_dag.py took 0.141 seconds
[2026-08-07T15:54:30.961+0000] {processor.py:161} INFO - Started process (PID=546) to work on /opt/airflow/dags/football_etl_dag.py
[2026-08-07T15:54:30.963+0000] {processor.py:830} INFO - Processing file /opt/airflow/dags/football_etl_dag.py for tasks to queue
[2026-08-07T15:54:30.969+0000] {logging_mixin.py:188} INFO - [2026-08-07T15:54:30.968+0000] {dagbag.py:545} INFO - Filling up the DagBag from /opt/airflow/dags/football_etl_dag.py
[2026-08-07T15:54:31.003+0000] {processor.py:840} INFO - DAG(s) 'football_etl' retrieved from /opt/airflow/dags/football_etl_dag.py
[2026-08-07T15:54:31.063+0000] {logging_mixin.py:188} INFO - [2026-08-07T15:54:31.063+0000] {dag.py:3089} INFO - Sync 1 DAGs
[2026-08-07T15:54:31.102+0000] {logging_mixin.py:188} INFO - [2026-08-07T15:54:31.102+0000] {dag.py:3947} INFO - Setting next_dagrun for football_etl to 2026-08-07 15:54:00+00:00, run_after=2026-08-07 15:56:00+00:00
[2026-08-07T15:54:31.135+0000] {processor.py:183} INFO - Processing /opt/airflow/dags/football_etl_dag.py took 0.184 seconds
[2026-08-07T15:55:01.327+0000] {processor.py:161} INFO - Started process (PID=551) to work on /opt/airflow/dags/football_etl_dag.py
[2026-08-07T15:55:01.329+0000] {processor.py:830} INFO - Processing file /opt/airflow/dags/football_etl_dag.py for tasks to queue
[2026-08-07T15:55:01.331+0000] {logging_mixin.py:188} INFO - [2026-08-07T15:55:01.331+0000] {dagbag.py:545} INFO - Filling up the DagBag from /opt/airflow/dags/football_etl_dag.py
[2026-08-07T15:55:01.359+0000] {processor.py:840} INFO - DAG(s) 'football_etl' retrieved from /opt/airflow/dags/football_etl_dag.py
[2026-08-07T15:55:01.393+0000] {logging_mixin.py:188} INFO - [2026-08-07T15:55:01.393+0000] {dag.py:3089} INFO - Sync 1 DAGs
[2026-08-07T15:55:01.422+0000] {logging_mixin.py:188} INFO - [2026-08-07T15:55:01.422+0000] {dag.py:3947} INFO - Setting next_dagrun for football_etl to 2026-08-07 15:54:00+00:00, run_after=2026-08-07 15:56:00+00:00
[2026-08-07T15:55:01.442+0000] {processor.py:183} INFO - Processing /opt/airflow/dags/football_etl_dag.py took 0.121 seconds
[2026-08-07T15:55:31.560+0000] {processor.py:161} INFO - Started process (PID=556) to work on /opt/airflow/dags/football_etl_dag.py
[2026-08-07T15:55:31.561+0000] {processor.py:830} INFO - Processing file /opt/airflow/dags/football_etl_dag.py for tasks to queue
[2026-08-07T15:55:31.564+0000] {logging_mixin.py:188} INFO - [2026-08-07T15:55:31.564+0000] {dagbag.py:545} INFO - Filling up the DagBag from /opt/airflow/dags/football_etl_dag.py
[2026-08-07T15:55:31.590+0000] {processor.py:840} INFO - DAG(s) 'football_etl' retrieved from /opt/airflow/dags/football_etl_dag.py
[2026-08-07T15:55:31.628+0000] {logging_mixin.py:188} INFO - [2026-08-07T15:55:31.627+0000] {dag.py:3089} INFO - Sync 1 DAGs
[2026-08-07T15:55:31.660+0000] {logging_mixin.py:188} INFO - [2026-08-07T15:55:31.660+0000] {dag.py:3947} INFO - Setting next_dagrun for football_etl to 2026-08-07 15:54:00+00:00, run_after=2026-08-07 15:56:00+00:00
[2026-08-07T15:55:31.692+0000] {processor.py:183} INFO - Processing /opt/airflow/dags/football_etl_dag.py took 0.139 seconds
[2026-08-07T15:56:02.274+0000] {processor.py:161} INFO - Started process (PID=564) to work on /opt/airflow/dags/football_etl_dag.py
[2026-08-07T15:56:02.276+0000] {processor.py:830} INFO - Processing file /opt/airflow/dags/football_etl_dag.py for tasks to queue
[2026-08-07T15:56:02.283+0000] {logging_mixin.py:188} INFO - [2026-08-07T15:56:02.282+0000] {dagbag.py:545} INFO - Filling up the DagBag from /opt/airflow/dags/football_etl_dag.py
[2026-08-07T15:56:02.322+0000] {processor.py:840} INFO - DAG(s) 'football_etl' retrieved from /opt/airflow/dags/football_etl_dag.py
[2026-08-07T15:56:02.403+0000] {logging_mixin.py:188} INFO - [2026-08-07T15:56:02.401+0000] {dag.py:3089} INFO - Sync 1 DAGs
[2026-08-07T15:56:02.471+0000] {logging_mixin.py:188} INFO - [2026-08-07T15:56:02.471+0000] {dag.py:3947} INFO - Setting next_dagrun for football_etl to 2026-08-07 15:56:00+00:00, run_after=2026-08-07 15:58:00+00:00
[2026-08-07T15:56:02.509+0000] {processor.py:183} INFO - Processing /opt/airflow/dags/football_etl_dag.py took 0.248 seconds
[2026-08-07T15:56:32.718+0000] {processor.py:161} INFO - Started process (PID=574) to work on /opt/airflow/dags/football_etl_dag.py
[2026-08-07T15:56:32.720+0000] {processor.py:830} INFO - Processing file /opt/airflow/dags/football_etl_dag.py for tasks to queue
[2026-08-07T15:56:32.722+0000] {logging_mixin.py:188} INFO - [2026-08-07T15:56:32.722+0000] {dagbag.py:545} INFO - Filling up the DagBag from /opt/airflow/dags/football_etl_dag.py
[2026-08-07T15:56:32.748+0000] {processor.py:840} INFO - DAG(s) 'football_etl' retrieved from /opt/airflow/dags/football_etl_dag.py
[2026-08-07T15:56:32.789+0000] {logging_mixin.py:188} INFO - [2026-08-07T15:56:32.789+0000] {dag.py:3089} INFO - Sync 1 DAGs
[2026-08-07T15:56:32.820+0000] {logging_mixin.py:188} INFO - [2026-08-07T15:56:32.820+0000] {dag.py:3947} INFO - Setting next_dagrun for football_etl to 2026-08-07 15:56:00+00:00, run_after=2026-08-07 15:58:00+00:00
[2026-08-07T15:56:32.843+0000] {processor.py:183} INFO - Processing /opt/airflow/dags/football_etl_dag.py took 0.131 seconds
[2026-08-07T15:57:03.037+0000] {processor.py:161} INFO - Started process (PID=579) to work on /opt/airflow/dags/football_etl_dag.py
[2026-08-07T15:57:03.039+0000] {processor.py:830} INFO - Processing file /opt/airflow/dags/football_etl_dag.py for tasks to queue
[2026-08-07T15:57:03.043+0000] {logging_mixin.py:188} INFO - [2026-08-07T15:57:03.042+0000] {dagbag.py:545} INFO - Filling up the DagBag from /opt/airflow/dags/football_etl_dag.py
[2026-08-07T15:57:03.070+0000] {processor.py:840} INFO - DAG(s) 'football_etl' retrieved from /opt/airflow/dags/football_etl_dag.py
[2026-08-07T15:57:03.108+0000] {logging_mixin.py:188} INFO - [2026-08-07T15:57:03.107+0000] {dag.py:3089} INFO - Sync 1 DAGs
[2026-08-07T15:57:03.135+0000] {logging_mixin.py:188} INFO - [2026-08-07T15:57:03.135+0000] {dag.py:3947} INFO - Setting next_dagrun for football_etl to 2026-08-07 15:56:00+00:00, run_after=2026-08-07 15:58:00+00:00
[2026-08-07T15:57:03.157+0000] {processor.py:183} INFO - Processing /opt/airflow/dags/football_etl_dag.py took 0.134 seconds
[2026-08-07T15:57:33.330+0000] {processor.py:161} INFO - Started process (PID=584) to work on /opt/airflow/dags/football_etl_dag.py
[2026-08-07T15:57:33.332+0000] {processor.py:830} INFO - Processing file /opt/airflow/dags/football_etl_dag.py for tasks to queue
[2026-08-07T15:57:33.335+0000] {logging_mixin.py:188} INFO - [2026-08-07T15:57:33.334+0000] {dagbag.py:545} INFO - Filling up the DagBag from /opt/airflow/dags/football_etl_dag.py
[2026-08-07T15:57:33.357+0000] {processor.py:840} INFO - DAG(s) 'football_etl' retrieved from /opt/airflow/dags/football_etl_dag.py
[2026-08-07T15:57:33.395+0000] {logging_mixin.py:188} INFO - [2026-08-07T15:57:33.395+0000] {dag.py:3089} INFO - Sync 1 DAGs
[2026-08-07T15:57:33.423+0000] {logging_mixin.py:188} INFO - [2026-08-07T15:57:33.423+0000] {dag.py:3947} INFO - Setting next_dagrun for football_etl to 2026-08-07 15:56:00+00:00, run_after=2026-08-07 15:58:00+00:00
[2026-08-07T15:57:33.446+0000] {processor.py:183} INFO - Processing /opt/airflow/dags/football_etl_dag.py took 0.122 seconds
[2026-08-07T15:58:03.652+0000] {processor.py:161} INFO - Started process (PID=594) to work on /opt/airflow/dags/football_etl_dag.py
[2026-08-07T15:58:03.657+0000] {processor.py:830} INFO - Processing file /opt/airflow/dags/football_etl_dag.py for tasks to queue
[2026-08-07T15:58:03.670+0000] {logging_mixin.py:188} INFO - [2026-08-07T15:58:03.669+0000] {dagbag.py:545} INFO - Filling up the DagBag from /opt/airflow/dags/football_etl_dag.py
[2026-08-07T15:58:03.728+0000] {processor.py:840} INFO - DAG(s) 'football_etl' retrieved from /opt/airflow/dags/football_etl_dag.py
[2026-08-07T15:58:03.786+0000] {logging_mixin.py:188} INFO - [2026-08-07T15:58:03.786+0000] {dag.py:3089} INFO - Sync 1 DAGs
[2026-08-07T15:58:03.831+0000] {logging_mixin.py:188} INFO - [2026-08-07T15:58:03.831+0000] {dag.py:3947} INFO - Setting next_dagrun for football_etl to 2026-08-07 15:58:00+00:00, run_after=2026-08-07 16:00:00+00:00
[2026-08-07T15:58:03.864+0000] {processor.py:183} INFO - Processing /opt/airflow/dags/football_etl_dag.py took 0.233 seconds
[2026-08-07T15:58:34.250+0000] {processor.py:161} INFO - Started process (PID=602) to work on /opt/airflow/dags/football_etl_dag.py
[2026-08-07T15:58:34.257+0000] {processor.py:830} INFO - Processing file /opt/airflow/dags/football_etl_dag.py for tasks to queue
[2026-08-07T15:58:34.274+0000] {logging_mixin.py:188} INFO - [2026-08-07T15:58:34.271+0000] {dagbag.py:545} INFO - Filling up the DagBag from /opt/airflow/dags/football_etl_dag.py
[2026-08-07T15:58:34.432+0000] {processor.py:840} INFO - DAG(s) 'football_etl' retrieved from /opt/airflow/dags/football_etl_dag.py
[2026-08-07T15:58:34.771+0000] {logging_mixin.py:188} INFO - [2026-08-07T15:58:34.769+0000] {dag.py:3089} INFO - Sync 1 DAGs
[2026-08-07T15:58:34.988+0000] {logging_mixin.py:188} INFO - [2026-08-07T15:58:34.987+0000] {dag.py:3947} INFO - Setting next_dagrun for football_etl to 2026-08-07 15:58:00+00:00, run_after=2026-08-07 16:00:00+00:00
[2026-08-07T15:58:35.109+0000] {processor.py:183} INFO - Processing /opt/airflow/dags/football_etl_dag.py took 0.903 seconds
[2026-08-07T15:59:05.410+0000] {processor.py:161} INFO - Started process (PID=607) to work on /opt/airflow/dags/football_etl_dag.py
[2026-08-07T15:59:05.412+0000] {processor.py:830} INFO - Processing file /opt/airflow/dags/football_etl_dag.py for tasks to queue
[2026-08-07T15:59:05.414+0000] {logging_mixin.py:188} INFO - [2026-08-07T15:59:05.414+0000] {dagbag.py:545} INFO - Filling up the DagBag from /opt/airflow/dags/football_etl_dag.py
[2026-08-07T15:59:05.437+0000] {processor.py:840} INFO - DAG(s) 'football_etl' retrieved from /opt/airflow/dags/football_etl_dag.py
[2026-08-07T15:59:05.471+0000] {logging_mixin.py:188} INFO - [2026-08-07T15:59:05.471+0000] {dag.py:3089} INFO - Sync 1 DAGs
[2026-08-07T15:59:05.496+0000] {logging_mixin.py:188} INFO - [2026-08-07T15:59:05.495+0000] {dag.py:3947} INFO - Setting next_dagrun for football_etl to 2026-08-07 15:58:00+00:00, run_after=2026-08-07 16:00:00+00:00
[2026-08-07T15:59:05.516+0000] {processor.py:183} INFO - Processing /opt/airflow/dags/football_etl_dag.py took 0.111 seconds
[2026-08-07T15:59:35.608+0000] {processor.py:161} INFO - Started process (PID=612) to work on /opt/airflow/dags/football_etl_dag.py
[2026-08-07T15:59:35.609+0000] {processor.py:830} INFO - Processing file /opt/airflow/dags/football_etl_dag.py for tasks to queue
[2026-08-07T15:59:35.612+0000] {logging_mixin.py:188} INFO - [2026-08-07T15:59:35.611+0000] {dagbag.py:545} INFO - Filling up the DagBag from /opt/airflow/dags/football_etl_dag.py
[2026-08-07T15:59:35.633+0000] {processor.py:840} INFO - DAG(s) 'football_etl' retrieved from /opt/airflow/dags/football_etl_dag.py
[2026-08-07T15:59:35.669+0000] {logging_mixin.py:188} INFO - [2026-08-07T15:59:35.669+0000] {dag.py:3089} INFO - Sync 1 DAGs
[2026-08-07T15:59:35.696+0000] {logging_mixin.py:188} INFO - [2026-08-07T15:59:35.696+0000] {dag.py:3947} INFO - Setting next_dagrun for football_etl to 2026-08-07 15:58:00+00:00, run_after=2026-08-07 16:00:00+00:00
[2026-08-07T15:59:35.717+0000] {processor.py:183} INFO - Processing /opt/airflow/dags/football_etl_dag.py took 0.115 seconds
[2026-08-07T16:00:05.879+0000] {processor.py:161} INFO - Started process (PID=625) to work on /opt/airflow/dags/football_etl_dag.py
[2026-08-07T16:00:05.880+0000] {processor.py:830} INFO - Processing file /opt/airflow/dags/football_etl_dag.py for tasks to queue
[2026-08-07T16:00:05.884+0000] {logging_mixin.py:188} INFO - [2026-08-07T16:00:05.883+0000] {dagbag.py:545} INFO - Filling up the DagBag from /opt/airflow/dags/football_etl_dag.py
[2026-08-07T16:00:05.910+0000] {processor.py:840} INFO - DAG(s) 'football_etl' retrieved from /opt/airflow/dags/football_etl_dag.py
[2026-08-07T16:00:05.956+0000] {logging_mixin.py:188} INFO - [2026-08-07T16:00:05.956+0000] {dag.py:3089} INFO - Sync 1 DAGs
[2026-08-07T16:00:05.994+0000] {logging_mixin.py:188} INFO - [2026-08-07T16:00:05.994+0000] {dag.py:3947} INFO - Setting next_dagrun for football_etl to 2026-08-07 16:00:00+00:00, run_after=2026-08-07 16:02:00+00:00
[2026-08-07T16:00:06.016+0000] {processor.py:183} INFO - Processing /opt/airflow/dags/football_etl_dag.py took 0.148 seconds
[2026-08-07T16:00:36.177+0000] {processor.py:161} INFO - Started process (PID=630) to work on /opt/airflow/dags/football_etl_dag.py
[2026-08-07T16:00:36.179+0000] {processor.py:830} INFO - Processing file /opt/airflow/dags/football_etl_dag.py for tasks to queue
[2026-08-07T16:00:36.182+0000] {logging_mixin.py:188} INFO - [2026-08-07T16:00:36.181+0000] {dagbag.py:545} INFO - Filling up the DagBag from /opt/airflow/dags/football_etl_dag.py
[2026-08-07T16:00:36.206+0000] {processor.py:840} INFO - DAG(s) 'football_etl' retrieved from /opt/airflow/dags/football_etl_dag.py
[2026-08-07T16:00:36.244+0000] {logging_mixin.py:188} INFO - [2026-08-07T16:00:36.244+0000] {dag.py:3089} INFO - Sync 1 DAGs
[2026-08-07T16:00:36.270+0000] {logging_mixin.py:188} INFO - [2026-08-07T16:00:36.270+0000] {dag.py:3947} INFO - Setting next_dagrun for football_etl to 2026-08-07 16:00:00+00:00, run_after=2026-08-07 16:02:00+00:00
[2026-08-07T16:00:36.292+0000] {processor.py:183} INFO - Processing /opt/airflow/dags/football_etl_dag.py took 0.122 seconds
[2026-08-07T16:01:06.374+0000] {processor.py:161} INFO - Started process (PID=635) to work on /opt/airflow/dags/football_etl_dag.py
[2026-08-07T16:01:06.375+0000] {processor.py:830} INFO - Processing file /opt/airflow/dags/football_etl_dag.py for tasks to queue
[2026-08-07T16:01:06.379+0000] {logging_mixin.py:188} INFO - [2026-08-07T16:01:06.379+0000] {dagbag.py:545} INFO - Filling up the DagBag from /opt/airflow/dags/football_etl_dag.py
[2026-08-07T16:01:06.407+0000] {processor.py:840} INFO - DAG(s) 'football_etl' retrieved from /opt/airflow/dags/football_etl_dag.py
[2026-08-07T16:01:06.453+0000] {logging_mixin.py:188} INFO - [2026-08-07T16:01:06.452+0000] {dag.py:3089} INFO - Sync 1 DAGs
[2026-08-07T16:01:06.481+0000] {logging_mixin.py:188} INFO - [2026-08-07T16:01:06.480+0000] {dag.py:3947} INFO - Setting next_dagrun for football_etl to 2026-08-07 16:00:00+00:00, run_after=2026-08-07 16:02:00+00:00
[2026-08-07T16:01:06.502+0000] {processor.py:183} INFO - Processing /opt/airflow/dags/football_etl_dag.py took 0.137 seconds
[2026-08-07T16:01:36.661+0000] {processor.py:161} INFO - Started process (PID=640) to work on /opt/airflow/dags/football_etl_dag.py
[2026-08-07T16:01:36.663+0000] {processor.py:830} INFO - Processing file /opt/airflow/dags/football_etl_dag.py for tasks to queue
[2026-08-07T16:01:36.667+0000] {logging_mixin.py:188} INFO - [2026-08-07T16:01:36.666+0000] {dagbag.py:545} INFO - Filling up the DagBag from /opt/airflow/dags/football_etl_dag.py
[2026-08-07T16:01:36.693+0000] {processor.py:840} INFO - DAG(s) 'football_etl' retrieved from /opt/airflow/dags/football_etl_dag.py
[2026-08-07T16:01:36.730+0000] {logging_mixin.py:188} INFO - [2026-08-07T16:01:36.730+0000] {dag.py:3089} INFO - Sync 1 DAGs
[2026-08-07T16:01:36.757+0000] {logging_mixin.py:188} INFO - [2026-08-07T16:01:36.757+0000] {dag.py:3947} INFO - Setting next_dagrun for football_etl to 2026-08-07 16:00:00+00:00, run_after=2026-08-07 16:02:00+00:00
[2026-08-07T16:01:36.779+0000] {processor.py:183} INFO - Processing /opt/airflow/dags/football_etl_dag.py took 0.126 seconds
[2026-08-07T16:02:06.851+0000] {processor.py:161} INFO - Started process (PID=653) to work on /opt/airflow/dags/football_etl_dag.py
[2026-08-07T16:02:06.852+0000] {processor.py:830} INFO - Processing file /opt/airflow/dags/football_etl_dag.py for tasks to queue
[2026-08-07T16:02:06.855+0000] {logging_mixin.py:188} INFO - [2026-08-07T16:02:06.855+0000] {dagbag.py:545} INFO - Filling up the DagBag from /opt/airflow/dags/football_etl_dag.py
[2026-08-07T16:02:06.886+0000] {processor.py:840} INFO - DAG(s) 'football_etl' retrieved from /opt/airflow/dags/football_etl_dag.py
[2026-08-07T16:02:06.926+0000] {logging_mixin.py:188} INFO - [2026-08-07T16:02:06.926+0000] {dag.py:3089} INFO - Sync 1 DAGs
[2026-08-07T16:02:06.953+0000] {logging_mixin.py:188} INFO - [2026-08-07T16:02:06.953+0000] {dag.py:3947} INFO - Setting next_dagrun for football_etl to 2026-08-07 16:02:00+00:00, run_after=2026-08-07 16:04:00+00:00
[2026-08-07T16:02:06.976+0000] {processor.py:183} INFO - Processing /opt/airflow/dags/football_etl_dag.py took 0.134 seconds
[2026-08-07T16:02:37.110+0000] {processor.py:161} INFO - Started process (PID=658) to work on /opt/airflow/dags/football_etl_dag.py
[2026-08-07T16:02:37.111+0000] {processor.py:830} INFO - Processing file /opt/airflow/dags/football_etl_dag.py for tasks to queue
[2026-08-07T16:02:37.114+0000] {logging_mixin.py:188} INFO - [2026-08-07T16:02:37.113+0000] {dagbag.py:545} INFO - Filling up the DagBag from /opt/airflow/dags/football_etl_dag.py
[2026-08-07T16:02:37.136+0000] {processor.py:840} INFO - DAG(s) 'football_etl' retrieved from /opt/airflow/dags/football_etl_dag.py
[2026-08-07T16:02:37.169+0000] {logging_mixin.py:188} INFO - [2026-08-07T16:02:37.169+0000] {dag.py:3089} INFO - Sync 1 DAGs
[2026-08-07T16:02:37.195+0000] {logging_mixin.py:188} INFO - [2026-08-07T16:02:37.195+0000] {dag.py:3947} INFO - Setting next_dagrun for football_etl to 2026-08-07 16:02:00+00:00, run_after=2026-08-07 16:04:00+00:00
[2026-08-07T16:02:37.216+0000] {processor.py:183} INFO - Processing /opt/airflow/dags/football_etl_dag.py took 0.112 seconds
[2026-08-07T16:03:07.309+0000] {processor.py:161} INFO - Started process (PID=663) to work on /opt/airflow/dags/football_etl_dag.py
[2026-08-07T16:03:07.311+0000] {processor.py:830} INFO - Processing file /opt/airflow/dags/football_etl_dag.py for tasks to queue
[2026-08-07T16:03:07.314+0000] {logging_mixin.py:188} INFO - [2026-08-07T16:03:07.314+0000] {dagbag.py:545} INFO - Filling up the DagBag from /opt/airflow/dags/football_etl_dag.py
[2026-08-07T16:03:07.339+0000] {processor.py:840} INFO - DAG(s) 'football_etl' retrieved from /opt/airflow/dags/football_etl_dag.py
[2026-08-07T16:03:07.378+0000] {logging_mixin.py:188} INFO - [2026-08-07T16:03:07.378+0000] {dag.py:3089} INFO - Sync 1 DAGs
[2026-08-07T16:03:07.409+0000] {logging_mixin.py:188} INFO - [2026-08-07T16:03:07.409+0000] {dag.py:3947} INFO - Setting next_dagrun for football_etl to 2026-08-07 16:02:00+00:00, run_after=2026-08-07 16:04:00+00:00
[2026-08-07T16:03:07.432+0000] {processor.py:183} INFO - Processing /opt/airflow/dags/football_etl_dag.py took 0.130 seconds
[2026-08-07T16:03:37.614+0000] {processor.py:161} INFO - Started process (PID=668) to work on /opt/airflow/dags/football_etl_dag.py
[2026-08-07T16:03:37.616+0000] {processor.py:830} INFO - Processing file /opt/airflow/dags/football_etl_dag.py for tasks to queue
[2026-08-07T16:03:37.618+0000] {logging_mixin.py:188} INFO - [2026-08-07T16:03:37.618+0000] {dagbag.py:545} INFO - Filling up the DagBag from /opt/airflow/dags/football_etl_dag.py
[2026-08-07T16:03:37.643+0000] {processor.py:840} INFO - DAG(s) 'football_etl' retrieved from /opt/airflow/dags/football_etl_dag.py
[2026-08-07T16:03:37.680+0000] {logging_mixin.py:188} INFO - [2026-08-07T16:03:37.679+0000] {dag.py:3089} INFO - Sync 1 DAGs
[2026-08-07T16:03:37.707+0000] {logging_mixin.py:188} INFO - [2026-08-07T16:03:37.707+0000] {dag.py:3947} INFO - Setting next_dagrun for football_etl to 2026-08-07 16:02:00+00:00, run_after=2026-08-07 16:04:00+00:00
[2026-08-07T16:03:37.729+0000] {processor.py:183} INFO - Processing /opt/airflow/dags/football_etl_dag.py took 0.122 seconds
[2026-08-07T16:04:07.788+0000] {processor.py:161} INFO - Started process (PID=681) to work on /opt/airflow/dags/football_etl_dag.py
[2026-08-07T16:04:07.790+0000] {processor.py:830} INFO - Processing file /opt/airflow/dags/football_etl_dag.py for tasks to queue
[2026-08-07T16:04:07.792+0000] {logging_mixin.py:188} INFO - [2026-08-07T16:04:07.792+0000] {dagbag.py:545} INFO - Filling up the DagBag from /opt/airflow/dags/football_etl_dag.py
[2026-08-07T16:04:07.814+0000] {processor.py:840} INFO - DAG(s) 'football_etl' retrieved from /opt/airflow/dags/football_etl_dag.py
[2026-08-07T16:04:07.860+0000] {logging_mixin.py:188} INFO - [2026-08-07T16:04:07.859+0000] {dag.py:3089} INFO - Sync 1 DAGs
[2026-08-07T16:04:07.890+0000] {logging_mixin.py:188} INFO - [2026-08-07T16:04:07.889+0000] {dag.py:3947} INFO - Setting next_dagrun for football_etl to 2026-08-07 16:04:00+00:00, run_after=2026-08-07 16:06:00+00:00
[2026-08-07T16:04:07.910+0000] {processor.py:183} INFO - Processing /opt/airflow/dags/football_etl_dag.py took 0.128 seconds
[2026-08-07T16:04:38.054+0000] {processor.py:161} INFO - Started process (PID=686) to work on /opt/airflow/dags/football_etl_dag.py
[2026-08-07T16:04:38.055+0000] {processor.py:830} INFO - Processing file /opt/airflow/dags/football_etl_dag.py for tasks to queue
[2026-08-07T16:04:38.057+0000] {logging_mixin.py:188} INFO - [2026-08-07T16:04:38.057+0000] {dagbag.py:545} INFO - Filling up the DagBag from /opt/airflow/dags/football_etl_dag.py
[2026-08-07T16:04:38.082+0000] {processor.py:840} INFO - DAG(s) 'football_etl' retrieved from /opt/airflow/dags/football_etl_dag.py
[2026-08-07T16:04:38.119+0000] {logging_mixin.py:188} INFO - [2026-08-07T16:04:38.119+0000] {dag.py:3089} INFO - Sync 1 DAGs
[2026-08-07T16:04:38.145+0000] {logging_mixin.py:188} INFO - [2026-08-07T16:04:38.145+0000] {dag.py:3947} INFO - Setting next_dagrun for football_etl to 2026-08-07 16:04:00+00:00, run_after=2026-08-07 16:06:00+00:00
[2026-08-07T16:04:38.166+0000] {processor.py:183} INFO - Processing /opt/airflow/dags/football_etl_dag.py took 0.118 seconds
[2026-08-07T16:05:08.230+0000] {processor.py:161} INFO - Started process (PID=691) to work on /opt/airflow/dags/football_etl_dag.py
[2026-08-07T16:05:08.231+0000] {processor.py:830} INFO - Processing file /opt/airflow/dags/football_etl_dag.py for tasks to queue
[2026-08-07T16:05:08.234+0000] {logging_mixin.py:188} INFO - [2026-08-07T16:05:08.233+0000] {dagbag.py:545} INFO - Filling up the DagBag from /opt/airflow/dags/football_etl_dag.py
[2026-08-07T16:05:08.261+0000] {processor.py:840} INFO - DAG(s) 'football_etl' retrieved from /opt/airflow/dags/football_etl_dag.py
[2026-08-07T16:05:08.298+0000] {logging_mixin.py:188} INFO - [2026-08-07T16:05:08.298+0000] {dag.py:3089} INFO - Sync 1 DAGs
[2026-08-07T16:05:08.326+0000] {logging_mixin.py:188} INFO - [2026-08-07T16:05:08.325+0000] {dag.py:3947} INFO - Setting next_dagrun for football_etl to 2026-08-07 16:04:00+00:00, run_after=2026-08-07 16:06:00+00:00
[2026-08-07T16:05:08.347+0000] {processor.py:183} INFO - Processing /opt/airflow/dags/football_etl_dag.py took 0.125 seconds
[2026-08-07T16:05:38.513+0000] {processor.py:161} INFO - Started process (PID=696) to work on /opt/airflow/dags/football_etl_dag.py
[2026-08-07T16:05:38.515+0000] {processor.py:830} INFO - Processing file /opt/airflow/dags/football_etl_dag.py for tasks to queue
[2026-08-07T16:05:38.517+0000] {logging_mixin.py:188} INFO - [2026-08-07T16:05:38.517+0000] {dagbag.py:545} INFO - Filling up the DagBag from /opt/airflow/dags/football_etl_dag.py
[2026-08-07T16:05:38.540+0000] {processor.py:840} INFO - DAG(s) 'football_etl' retrieved from /opt/airflow/dags/football_etl_dag.py
[2026-08-07T16:05:38.577+0000] {logging_mixin.py:188} INFO - [2026-08-07T16:05:38.577+0000] {dag.py:3089} INFO - Sync 1 DAGs
[2026-08-07T16:05:38.605+0000] {logging_mixin.py:188} INFO - [2026-08-07T16:05:38.605+0000] {dag.py:3947} INFO - Setting next_dagrun for football_etl to 2026-08-07 16:04:00+00:00, run_after=2026-08-07 16:06:00+00:00
[2026-08-07T16:05:38.627+0000] {processor.py:183} INFO - Processing /opt/airflow/dags/football_etl_dag.py took 0.119 seconds
[2026-08-07T16:06:08.696+0000] {processor.py:161} INFO - Started process (PID=709) to work on /opt/airflow/dags/football_etl_dag.py
[2026-08-07T16:06:08.698+0000] {processor.py:830} INFO - Processing file /opt/airflow/dags/football_etl_dag.py for tasks to queue
[2026-08-07T16:06:08.700+0000] {logging_mixin.py:188} INFO - [2026-08-07T16:06:08.700+0000] {dagbag.py:545} INFO - Filling up the DagBag from /opt/airflow/dags/football_etl_dag.py
[2026-08-07T16:06:08.732+0000] {processor.py:840} INFO - DAG(s) 'football_etl' retrieved from /opt/airflow/dags/football_etl_dag.py
[2026-08-07T16:06:08.771+0000] {logging_mixin.py:188} INFO - [2026-08-07T16:06:08.770+0000] {dag.py:3089} INFO - Sync 1 DAGs
[2026-08-07T16:06:08.799+0000] {logging_mixin.py:188} INFO - [2026-08-07T16:06:08.799+0000] {dag.py:3947} INFO - Setting next_dagrun for football_etl to 2026-08-07 16:06:00+00:00, run_after=2026-08-07 16:08:00+00:00
[2026-08-07T16:06:08.822+0000] {processor.py:183} INFO - Processing /opt/airflow/dags/football_etl_dag.py took 0.134 seconds
[2026-08-07T16:06:38.979+0000] {processor.py:161} INFO - Started process (PID=714) to work on /opt/airflow/dags/football_etl_dag.py
[2026-08-07T16:06:38.980+0000] {processor.py:830} INFO - Processing file /opt/airflow/dags/football_etl_dag.py for tasks to queue
[2026-08-07T16:06:38.983+0000] {logging_mixin.py:188} INFO - [2026-08-07T16:06:38.983+0000] {dagbag.py:545} INFO - Filling up the DagBag from /opt/airflow/dags/football_etl_dag.py
[2026-08-07T16:06:39.005+0000] {processor.py:840} INFO - DAG(s) 'football_etl' retrieved from /opt/airflow/dags/football_etl_dag.py
[2026-08-07T16:06:39.041+0000] {logging_mixin.py:188} INFO - [2026-08-07T16:06:39.041+0000] {dag.py:3089} INFO - Sync 1 DAGs
[2026-08-07T16:06:39.070+0000] {logging_mixin.py:188} INFO - [2026-08-07T16:06:39.069+0000] {dag.py:3947} INFO - Setting next_dagrun for football_etl to 2026-08-07 16:06:00+00:00, run_after=2026-08-07 16:08:00+00:00
[2026-08-07T16:06:39.091+0000] {processor.py:183} INFO - Processing /opt/airflow/dags/football_etl_dag.py took 0.118 seconds
[2026-08-07T16:07:09.174+0000] {processor.py:161} INFO - Started process (PID=719) to work on /opt/airflow/dags/football_etl_dag.py
[2026-08-07T16:07:09.176+0000] {processor.py:830} INFO - Processing file /opt/airflow/dags/football_etl_dag.py for tasks to queue
[2026-08-07T16:07:09.178+0000] {logging_mixin.py:188} INFO - [2026-08-07T16:07:09.178+0000] {dagbag.py:545} INFO - Filling up the DagBag from /opt/airflow/dags/football_etl_dag.py
[2026-08-07T16:07:09.201+0000] {processor.py:840} INFO - DAG(s) 'football_etl' retrieved from /opt/airflow/dags/football_etl_dag.py
[2026-08-07T16:07:09.238+0000] {logging_mixin.py:188} INFO - [2026-08-07T16:07:09.238+0000] {dag.py:3089} INFO - Sync 1 DAGs
[2026-08-07T16:07:09.265+0000] {logging_mixin.py:188} INFO - [2026-08-07T16:07:09.265+0000] {dag.py:3947} INFO - Setting next_dagrun for football_etl to 2026-08-07 16:06:00+00:00, run_after=2026-08-07 16:08:00+00:00
[2026-08-07T16:07:09.288+0000] {processor.py:183} INFO - Processing /opt/airflow/dags/football_etl_dag.py took 0.120 seconds
[2026-08-07T16:07:39.434+0000] {processor.py:161} INFO - Started process (PID=724) to work on /opt/airflow/dags/football_etl_dag.py
[2026-08-07T16:07:39.436+0000] {processor.py:830} INFO - Processing file /opt/airflow/dags/football_etl_dag.py for tasks to queue
[2026-08-07T16:07:39.438+0000] {logging_mixin.py:188} INFO - [2026-08-07T16:07:39.438+0000] {dagbag.py:545} INFO - Filling up the DagBag from /opt/airflow/dags/football_etl_dag.py
[2026-08-07T16:07:39.464+0000] {processor.py:840} INFO - DAG(s) 'football_etl' retrieved from /opt/airflow/dags/football_etl_dag.py
[2026-08-07T16:07:39.499+0000] {logging_mixin.py:188} INFO - [2026-08-07T16:07:39.499+0000] {dag.py:3089} INFO - Sync 1 DAGs
[2026-08-07T16:07:39.529+0000] {logging_mixin.py:188} INFO - [2026-08-07T16:07:39.528+0000] {dag.py:3947} INFO - Setting next_dagrun for football_etl to 2026-08-07 16:06:00+00:00, run_after=2026-08-07 16:08:00+00:00
[2026-08-07T16:07:39.550+0000] {processor.py:183} INFO - Processing /opt/airflow/dags/football_etl_dag.py took 0.124 seconds
[2026-08-07T16:08:09.665+0000] {processor.py:161} INFO - Started process (PID=737) to work on /opt/airflow/dags/football_etl_dag.py
[2026-08-07T16:08:09.666+0000] {processor.py:830} INFO - Processing file /opt/airflow/dags/football_etl_dag.py for tasks to queue
[2026-08-07T16:08:09.670+0000] {logging_mixin.py:188} INFO - [2026-08-07T16:08:09.669+0000] {dagbag.py:545} INFO - Filling up the DagBag from /opt/airflow/dags/football_etl_dag.py
[2026-08-07T16:08:09.699+0000] {processor.py:840} INFO - DAG(s) 'football_etl' retrieved from /opt/airflow/dags/football_etl_dag.py
[2026-08-07T16:08:09.742+0000] {logging_mixin.py:188} INFO - [2026-08-07T16:08:09.742+0000] {dag.py:3089} INFO - Sync 1 DAGs
[2026-08-07T16:08:09.783+0000] {logging_mixin.py:188} INFO - [2026-08-07T16:08:09.782+0000] {dag.py:3947} INFO - Setting next_dagrun for football_etl to 2026-08-07 16:08:00+00:00, run_after=2026-08-07 16:10:00+00:00
[2026-08-07T16:08:09.814+0000] {processor.py:183} INFO - Processing /opt/airflow/dags/football_etl_dag.py took 0.158 seconds
[2026-08-07T16:08:39.894+0000] {processor.py:161} INFO - Started process (PID=742) to work on /opt/airflow/dags/football_etl_dag.py
[2026-08-07T16:08:39.895+0000] {processor.py:830} INFO - Processing file /opt/airflow/dags/football_etl_dag.py for tasks to queue
[2026-08-07T16:08:39.898+0000] {logging_mixin.py:188} INFO - [2026-08-07T16:08:39.898+0000] {dagbag.py:545} INFO - Filling up the DagBag from /opt/airflow/dags/football_etl_dag.py
[2026-08-07T16:08:39.923+0000] {processor.py:840} INFO - DAG(s) 'football_etl' retrieved from /opt/airflow/dags/football_etl_dag.py
[2026-08-07T16:08:39.964+0000] {logging_mixin.py:188} INFO - [2026-08-07T16:08:39.963+0000] {dag.py:3089} INFO - Sync 1 DAGs
[2026-08-07T16:08:39.992+0000] {logging_mixin.py:188} INFO - [2026-08-07T16:08:39.992+0000] {dag.py:3947} INFO - Setting next_dagrun for football_etl to 2026-08-07 16:08:00+00:00, run_after=2026-08-07 16:10:00+00:00
[2026-08-07T16:08:40.013+0000] {processor.py:183} INFO - Processing /opt/airflow/dags/football_etl_dag.py took 0.127 seconds
[2026-08-07T16:09:10.190+0000] {processor.py:161} INFO - Started process (PID=747) to work on /opt/airflow/dags/football_etl_dag.py
[2026-08-07T16:09:10.191+0000] {processor.py:830} INFO - Processing file /opt/airflow/dags/football_etl_dag.py for tasks to queue
[2026-08-07T16:09:10.193+0000] {logging_mixin.py:188} INFO - [2026-08-07T16:09:10.193+0000] {dagbag.py:545} INFO - Filling up the DagBag from /opt/airflow/dags/football_etl_dag.py
[2026-08-07T16:09:10.215+0000] {processor.py:840} INFO - DAG(s) 'football_etl' retrieved from /opt/airflow/dags/football_etl_dag.py
[2026-08-07T16:09:10.248+0000] {logging_mixin.py:188} INFO - [2026-08-07T16:09:10.248+0000] {dag.py:3089} INFO - Sync 1 DAGs
[2026-08-07T16:09:10.273+0000] {logging_mixin.py:188} INFO - [2026-08-07T16:09:10.273+0000] {dag.py:3947} INFO - Setting next_dagrun for football_etl to 2026-08-07 16:08:00+00:00, run_after=2026-08-07 16:10:00+00:00
[2026-08-07T16:09:10.296+0000] {processor.py:183} INFO - Processing /opt/airflow/dags/football_etl_dag.py took 0.112 seconds
[2026-08-07T16:09:40.380+0000] {processor.py:161} INFO - Started process (PID=752) to work on /opt/airflow/dags/football_etl_dag.py
[2026-08-07T16:09:40.381+0000] {processor.py:830} INFO - Processing file /opt/airflow/dags/football_etl_dag.py for tasks to queue
[2026-08-07T16:09:40.384+0000] {logging_mixin.py:188} INFO - [2026-08-07T16:09:40.383+0000] {dagbag.py:545} INFO - Filling up the DagBag from /opt/airflow/dags/football_etl_dag.py
[2026-08-07T16:09:40.410+0000] {processor.py:840} INFO - DAG(s) 'football_etl' retrieved from /opt/airflow/dags/football_etl_dag.py
[2026-08-07T16:09:40.448+0000] {logging_mixin.py:188} INFO - [2026-08-07T16:09:40.448+0000] {dag.py:3089} INFO - Sync 1 DAGs
[2026-08-07T16:09:40.476+0000] {logging_mixin.py:188} INFO - [2026-08-07T16:09:40.476+0000] {dag.py:3947} INFO - Setting next_dagrun for football_etl to 2026-08-07 16:08:00+00:00, run_after=2026-08-07 16:10:00+00:00
[2026-08-07T16:09:40.497+0000] {processor.py:183} INFO - Processing /opt/airflow/dags/football_etl_dag.py took 0.126 seconds
[2026-08-07T16:10:10.649+0000] {processor.py:161} INFO - Started process (PID=765) to work on /opt/airflow/dags/football_etl_dag.py
[2026-08-07T16:10:10.651+0000] {processor.py:830} INFO - Processing file /opt/airflow/dags/football_etl_dag.py for tasks to queue
[2026-08-07T16:10:10.658+0000] {logging_mixin.py:188} INFO - [2026-08-07T16:10:10.656+0000] {dagbag.py:545} INFO - Filling up the DagBag from /opt/airflow/dags/football_etl_dag.py
[2026-08-07T16:10:10.699+0000] {processor.py:840} INFO - DAG(s) 'football_etl' retrieved from /opt/airflow/dags/football_etl_dag.py
[2026-08-07T16:10:10.777+0000] {logging_mixin.py:188} INFO - [2026-08-07T16:10:10.776+0000] {dag.py:3089} INFO - Sync 1 DAGs
[2026-08-07T16:10:10.842+0000] {logging_mixin.py:188} INFO - [2026-08-07T16:10:10.841+0000] {dag.py:3947} INFO - Setting next_dagrun for football_etl to 2026-08-07 16:10:00+00:00, run_after=2026-08-07 16:12:00+00:00
[2026-08-07T16:10:10.871+0000] {processor.py:183} INFO - Processing /opt/airflow/dags/football_etl_dag.py took 0.232 seconds
[2026-08-07T16:10:41.065+0000] {processor.py:161} INFO - Started process (PID=770) to work on /opt/airflow/dags/football_etl_dag.py
[2026-08-07T16:10:41.067+0000] {processor.py:830} INFO - Processing file /opt/airflow/dags/football_etl_dag.py for tasks to queue
[2026-08-07T16:10:41.070+0000] {logging_mixin.py:188} INFO - [2026-08-07T16:10:41.070+0000] {dagbag.py:545} INFO - Filling up the DagBag from /opt/airflow/dags/football_etl_dag.py
[2026-08-07T16:10:41.095+0000] {processor.py:840} INFO - DAG(s) 'football_etl' retrieved from /opt/airflow/dags/football_etl_dag.py
[2026-08-07T16:10:41.132+0000] {logging_mixin.py:188} INFO - [2026-08-07T16:10:41.132+0000] {dag.py:3089} INFO - Sync 1 DAGs
[2026-08-07T16:10:41.159+0000] {logging_mixin.py:188} INFO - [2026-08-07T16:10:41.158+0000] {dag.py:3947} INFO - Setting next_dagrun for football_etl to 2026-08-07 16:10:00+00:00, run_after=2026-08-07 16:12:00+00:00
[2026-08-07T16:10:41.181+0000] {processor.py:183} INFO - Processing /opt/airflow/dags/football_etl_dag.py took 0.123 seconds
[2026-08-07T16:11:11.356+0000] {processor.py:161} INFO - Started process (PID=775) to work on /opt/airflow/dags/football_etl_dag.py
[2026-08-07T16:11:11.357+0000] {processor.py:830} INFO - Processing file /opt/airflow/dags/football_etl_dag.py for tasks to queue
[2026-08-07T16:11:11.359+0000] {logging_mixin.py:188} INFO - [2026-08-07T16:11:11.359+0000] {dagbag.py:545} INFO - Filling up the DagBag from /opt/airflow/dags/football_etl_dag.py
[2026-08-07T16:11:11.382+0000] {processor.py:840} INFO - DAG(s) 'football_etl' retrieved from /opt/airflow/dags/football_etl_dag.py
[2026-08-07T16:11:11.421+0000] {logging_mixin.py:188} INFO - [2026-08-07T16:11:11.421+0000] {dag.py:3089} INFO - Sync 1 DAGs
[2026-08-07T16:11:11.448+0000] {logging_mixin.py:188} INFO - [2026-08-07T16:11:11.448+0000] {dag.py:3947} INFO - Setting next_dagrun for football_etl to 2026-08-07 16:10:00+00:00, run_after=2026-08-07 16:12:00+00:00
[2026-08-07T16:11:11.470+0000] {processor.py:183} INFO - Processing /opt/airflow/dags/football_etl_dag.py took 0.120 seconds
[2026-08-07T16:11:41.540+0000] {processor.py:161} INFO - Started process (PID=780) to work on /opt/airflow/dags/football_etl_dag.py
[2026-08-07T16:11:41.541+0000] {processor.py:830} INFO - Processing file /opt/airflow/dags/football_etl_dag.py for tasks to queue
[2026-08-07T16:11:41.545+0000] {logging_mixin.py:188} INFO - [2026-08-07T16:11:41.545+0000] {dagbag.py:545} INFO - Filling up the DagBag from /opt/airflow/dags/football_etl_dag.py
[2026-08-07T16:11:41.575+0000] {processor.py:840} INFO - DAG(s) 'football_etl' retrieved from /opt/airflow/dags/football_etl_dag.py
[2026-08-07T16:11:41.621+0000] {logging_mixin.py:188} INFO - [2026-08-07T16:11:41.621+0000] {dag.py:3089} INFO - Sync 1 DAGs
[2026-08-07T16:11:41.652+0000] {logging_mixin.py:188} INFO - [2026-08-07T16:11:41.652+0000] {dag.py:3947} INFO - Setting next_dagrun for football_etl to 2026-08-07 16:10:00+00:00, run_after=2026-08-07 16:12:00+00:00
[2026-08-07T16:11:41.684+0000] {processor.py:183} INFO - Processing /opt/airflow/dags/football_etl_dag.py took 0.154 seconds
[2026-08-07T16:12:11.810+0000] {processor.py:161} INFO - Started process (PID=793) to work on /opt/airflow/dags/football_etl_dag.py
[2026-08-07T16:12:11.812+0000] {processor.py:830} INFO - Processing file /opt/airflow/dags/football_etl_dag.py for tasks to queue
[2026-08-07T16:12:11.814+0000] {logging_mixin.py:188} INFO - [2026-08-07T16:12:11.813+0000] {dagbag.py:545} INFO - Filling up the DagBag from /opt/airflow/dags/football_etl_dag.py
[2026-08-07T16:12:11.842+0000] {processor.py:840} INFO - DAG(s) 'football_etl' retrieved from /opt/airflow/dags/football_etl_dag.py
[2026-08-07T16:12:11.881+0000] {logging_mixin.py:188} INFO - [2026-08-07T16:12:11.880+0000] {dag.py:3089} INFO - Sync 1 DAGs
[2026-08-07T16:12:11.907+0000] {logging_mixin.py:188} INFO - [2026-08-07T16:12:11.907+0000] {dag.py:3947} INFO - Setting next_dagrun for football_etl to 2026-08-07 16:12:00+00:00, run_after=2026-08-07 16:14:00+00:00
[2026-08-07T16:12:11.937+0000] {processor.py:183} INFO - Processing /opt/airflow/dags/football_etl_dag.py took 0.133 seconds
[2026-08-07T16:12:42.014+0000] {processor.py:161} INFO - Started process (PID=798) to work on /opt/airflow/dags/football_etl_dag.py
[2026-08-07T16:12:42.016+0000] {processor.py:830} INFO - Processing file /opt/airflow/dags/football_etl_dag.py for tasks to queue
[2026-08-07T16:12:42.018+0000] {logging_mixin.py:188} INFO - [2026-08-07T16:12:42.018+0000] {dagbag.py:545} INFO - Filling up the DagBag from /opt/airflow/dags/football_etl_dag.py
[2026-08-07T16:12:42.043+0000] {processor.py:840} INFO - DAG(s) 'football_etl' retrieved from /opt/airflow/dags/football_etl_dag.py
[2026-08-07T16:12:42.085+0000] {logging_mixin.py:188} INFO - [2026-08-07T16:12:42.085+0000] {dag.py:3089} INFO - Sync 1 DAGs
[2026-08-07T16:12:42.116+0000] {logging_mixin.py:188} INFO - [2026-08-07T16:12:42.115+0000] {dag.py:3947} INFO - Setting next_dagrun for football_etl to 2026-08-07 16:12:00+00:00, run_after=2026-08-07 16:14:00+00:00
[2026-08-07T16:12:42.138+0000] {processor.py:183} INFO - Processing /opt/airflow/dags/football_etl_dag.py took 0.131 seconds
[2026-08-07T16:13:12.309+0000] {processor.py:161} INFO - Started process (PID=803) to work on /opt/airflow/dags/football_etl_dag.py
[2026-08-07T16:13:12.310+0000] {processor.py:830} INFO - Processing file /opt/airflow/dags/football_etl_dag.py for tasks to queue
[2026-08-07T16:13:12.313+0000] {logging_mixin.py:188} INFO - [2026-08-07T16:13:12.313+0000] {dagbag.py:545} INFO - Filling up the DagBag from /opt/airflow/dags/football_etl_dag.py
[2026-08-07T16:13:12.336+0000] {processor.py:840} INFO - DAG(s) 'football_etl' retrieved from /opt/airflow/dags/football_etl_dag.py
[2026-08-07T16:13:12.372+0000] {logging_mixin.py:188} INFO - [2026-08-07T16:13:12.372+0000] {dag.py:3089} INFO - Sync 1 DAGs
[2026-08-07T16:13:12.401+0000] {logging_mixin.py:188} INFO - [2026-08-07T16:13:12.400+0000] {dag.py:3947} INFO - Setting next_dagrun for football_etl to 2026-08-07 16:12:00+00:00, run_after=2026-08-07 16:14:00+00:00
[2026-08-07T16:13:12.421+0000] {processor.py:183} INFO - Processing /opt/airflow/dags/football_etl_dag.py took 0.118 seconds
[2026-08-07T16:13:42.494+0000] {processor.py:161} INFO - Started process (PID=808) to work on /opt/airflow/dags/football_etl_dag.py
[2026-08-07T16:13:42.495+0000] {processor.py:830} INFO - Processing file /opt/airflow/dags/football_etl_dag.py for tasks to queue
[2026-08-07T16:13:42.498+0000] {logging_mixin.py:188} INFO - [2026-08-07T16:13:42.498+0000] {dagbag.py:545} INFO - Filling up the DagBag from /opt/airflow/dags/football_etl_dag.py
[2026-08-07T16:13:42.522+0000] {processor.py:840} INFO - DAG(s) 'football_etl' retrieved from /opt/airflow/dags/football_etl_dag.py
[2026-08-07T16:13:42.560+0000] {logging_mixin.py:188} INFO - [2026-08-07T16:13:42.560+0000] {dag.py:3089} INFO - Sync 1 DAGs
[2026-08-07T16:13:42.588+0000] {logging_mixin.py:188} INFO - [2026-08-07T16:13:42.588+0000] {dag.py:3947} INFO - Setting next_dagrun for football_etl to 2026-08-07 16:12:00+00:00, run_after=2026-08-07 16:14:00+00:00
[2026-08-07T16:13:42.609+0000] {processor.py:183} INFO - Processing /opt/airflow/dags/football_etl_dag.py took 0.123 seconds
[2026-08-07T16:14:12.770+0000] {processor.py:161} INFO - Started process (PID=821) to work on /opt/airflow/dags/football_etl_dag.py
[2026-08-07T16:14:12.772+0000] {processor.py:830} INFO - Processing file /opt/airflow/dags/football_etl_dag.py for tasks to queue
[2026-08-07T16:14:12.775+0000] {logging_mixin.py:188} INFO - [2026-08-07T16:14:12.775+0000] {dagbag.py:545} INFO - Filling up the DagBag from /opt/airflow/dags/football_etl_dag.py
[2026-08-07T16:14:12.816+0000] {processor.py:840} INFO - DAG(s) 'football_etl' retrieved from /opt/airflow/dags/football_etl_dag.py
[2026-08-07T16:14:12.865+0000] {logging_mixin.py:188} INFO - [2026-08-07T16:14:12.865+0000] {dag.py:3089} INFO - Sync 1 DAGs
[2026-08-07T16:14:12.901+0000] {logging_mixin.py:188} INFO - [2026-08-07T16:14:12.901+0000] {dag.py:3947} INFO - Setting next_dagrun for football_etl to 2026-08-07 16:14:00+00:00, run_after=2026-08-07 16:16:00+00:00
[2026-08-07T16:14:12.932+0000] {processor.py:183} INFO - Processing /opt/airflow/dags/football_etl_dag.py took 0.173 seconds
[2026-08-07T16:14:43.121+0000] {processor.py:161} INFO - Started process (PID=826) to work on /opt/airflow/dags/football_etl_dag.py
[2026-08-07T16:14:43.123+0000] {processor.py:830} INFO - Processing file /opt/airflow/dags/football_etl_dag.py for tasks to queue
[2026-08-07T16:14:43.127+0000] {logging_mixin.py:188} INFO - [2026-08-07T16:14:43.126+0000] {dagbag.py:545} INFO - Filling up the DagBag from /opt/airflow/dags/football_etl_dag.py
[2026-08-07T16:14:43.155+0000] {processor.py:840} INFO - DAG(s) 'football_etl' retrieved from /opt/airflow/dags/football_etl_dag.py
[2026-08-07T16:14:43.196+0000] {logging_mixin.py:188} INFO - [2026-08-07T16:14:43.196+0000] {dag.py:3089} INFO - Sync 1 DAGs
[2026-08-07T16:14:43.226+0000] {logging_mixin.py:188} INFO - [2026-08-07T16:14:43.226+0000] {dag.py:3947} INFO - Setting next_dagrun for football_etl to 2026-08-07 16:14:00+00:00, run_after=2026-08-07 16:16:00+00:00
[2026-08-07T16:14:43.251+0000] {processor.py:183} INFO - Processing /opt/airflow/dags/football_etl_dag.py took 0.140 seconds
[2026-08-07T16:15:13.435+0000] {processor.py:161} INFO - Started process (PID=831) to work on /opt/airflow/dags/football_etl_dag.py
[2026-08-07T16:15:13.436+0000] {processor.py:830} INFO - Processing file /opt/airflow/dags/football_etl_dag.py for tasks to queue
[2026-08-07T16:15:13.439+0000] {logging_mixin.py:188} INFO - [2026-08-07T16:15:13.439+0000] {dagbag.py:545} INFO - Filling up the DagBag from /opt/airflow/dags/football_etl_dag.py
[2026-08-07T16:15:13.465+0000] {processor.py:840} INFO - DAG(s) 'football_etl' retrieved from /opt/airflow/dags/football_etl_dag.py
[2026-08-07T16:15:13.509+0000] {logging_mixin.py:188} INFO - [2026-08-07T16:15:13.508+0000] {dag.py:3089} INFO - Sync 1 DAGs
[2026-08-07T16:15:13.535+0000] {logging_mixin.py:188} INFO - [2026-08-07T16:15:13.535+0000] {dag.py:3947} INFO - Setting next_dagrun for football_etl to 2026-08-07 16:14:00+00:00, run_after=2026-08-07 16:16:00+00:00
[2026-08-07T16:15:13.559+0000] {processor.py:183} INFO - Processing /opt/airflow/dags/football_etl_dag.py took 0.132 seconds
[2026-08-07T16:15:43.734+0000] {processor.py:161} INFO - Started process (PID=836) to work on /opt/airflow/dags/football_etl_dag.py
[2026-08-07T16:15:43.736+0000] {processor.py:830} INFO - Processing file /opt/airflow/dags/football_etl_dag.py for tasks to queue
[2026-08-07T16:15:43.739+0000] {logging_mixin.py:188} INFO - [2026-08-07T16:15:43.738+0000] {dagbag.py:545} INFO - Filling up the DagBag from /opt/airflow/dags/football_etl_dag.py
[2026-08-07T16:15:43.761+0000] {processor.py:840} INFO - DAG(s) 'football_etl' retrieved from /opt/airflow/dags/football_etl_dag.py
[2026-08-07T16:15:43.800+0000] {logging_mixin.py:188} INFO - [2026-08-07T16:15:43.799+0000] {dag.py:3089} INFO - Sync 1 DAGs
[2026-08-07T16:15:43.826+0000] {logging_mixin.py:188} INFO - [2026-08-07T16:15:43.826+0000] {dag.py:3947} INFO - Setting next_dagrun for football_etl to 2026-08-07 16:14:00+00:00, run_after=2026-08-07 16:16:00+00:00
[2026-08-07T16:15:43.847+0000] {processor.py:183} INFO - Processing /opt/airflow/dags/football_etl_dag.py took 0.119 seconds
[2026-08-07T16:16:13.908+0000] {processor.py:161} INFO - Started process (PID=849) to work on /opt/airflow/dags/football_etl_dag.py
[2026-08-07T16:16:13.910+0000] {processor.py:830} INFO - Processing file /opt/airflow/dags/football_etl_dag.py for tasks to queue
[2026-08-07T16:16:13.917+0000] {logging_mixin.py:188} INFO - [2026-08-07T16:16:13.916+0000] {dagbag.py:545} INFO - Filling up the DagBag from /opt/airflow/dags/football_etl_dag.py
[2026-08-07T16:16:13.955+0000] {processor.py:840} INFO - DAG(s) 'football_etl' retrieved from /opt/airflow/dags/football_etl_dag.py
[2026-08-07T16:16:14.012+0000] {logging_mixin.py:188} INFO - [2026-08-07T16:16:14.012+0000] {dag.py:3089} INFO - Sync 1 DAGs
[2026-08-07T16:16:14.050+0000] {logging_mixin.py:188} INFO - [2026-08-07T16:16:14.050+0000] {dag.py:3947} INFO - Setting next_dagrun for football_etl to 2026-08-07 16:16:00+00:00, run_after=2026-08-07 16:18:00+00:00
[2026-08-07T16:16:14.077+0000] {processor.py:183} INFO - Processing /opt/airflow/dags/football_etl_dag.py took 0.181 seconds
[2026-08-07T16:16:44.191+0000] {processor.py:161} INFO - Started process (PID=854) to work on /opt/airflow/dags/football_etl_dag.py
[2026-08-07T16:16:44.193+0000] {processor.py:830} INFO - Processing file /opt/airflow/dags/football_etl_dag.py for tasks to queue
[2026-08-07T16:16:44.195+0000] {logging_mixin.py:188} INFO - [2026-08-07T16:16:44.195+0000] {dagbag.py:545} INFO - Filling up the DagBag from /opt/airflow/dags/football_etl_dag.py
[2026-08-07T16:16:44.222+0000] {processor.py:840} INFO - DAG(s) 'football_etl' retrieved from /opt/airflow/dags/football_etl_dag.py
[2026-08-07T16:16:44.260+0000] {logging_mixin.py:188} INFO - [2026-08-07T16:16:44.259+0000] {dag.py:3089} INFO - Sync 1 DAGs
[2026-08-07T16:16:44.287+0000] {logging_mixin.py:188} INFO - [2026-08-07T16:16:44.287+0000] {dag.py:3947} INFO - Setting next_dagrun for football_etl to 2026-08-07 16:16:00+00:00, run_after=2026-08-07 16:18:00+00:00
[2026-08-07T16:16:44.310+0000] {processor.py:183} INFO - Processing /opt/airflow/dags/football_etl_dag.py took 0.127 seconds
[2026-08-07T16:17:14.448+0000] {processor.py:161} INFO - Started process (PID=859) to work on /opt/airflow/dags/football_etl_dag.py
[2026-08-07T16:17:14.449+0000] {processor.py:830} INFO - Processing file /opt/airflow/dags/football_etl_dag.py for tasks to queue
[2026-08-07T16:17:14.452+0000] {logging_mixin.py:188} INFO - [2026-08-07T16:17:14.452+0000] {dagbag.py:545} INFO - Filling up the DagBag from /opt/airflow/dags/football_etl_dag.py
[2026-08-07T16:17:14.481+0000] {processor.py:840} INFO - DAG(s) 'football_etl' retrieved from /opt/airflow/dags/football_etl_dag.py
[2026-08-07T16:17:14.522+0000] {logging_mixin.py:188} INFO - [2026-08-07T16:17:14.522+0000] {dag.py:3089} INFO - Sync 1 DAGs
[2026-08-07T16:17:14.556+0000] {logging_mixin.py:188} INFO - [2026-08-07T16:17:14.556+0000] {dag.py:3947} INFO - Setting next_dagrun for football_etl to 2026-08-07 16:16:00+00:00, run_after=2026-08-07 16:18:00+00:00
[2026-08-07T16:17:14.578+0000] {processor.py:183} INFO - Processing /opt/airflow/dags/football_etl_dag.py took 0.138 seconds
[2026-08-07T16:17:44.718+0000] {processor.py:161} INFO - Started process (PID=864) to work on /opt/airflow/dags/football_etl_dag.py
[2026-08-07T16:17:44.720+0000] {processor.py:830} INFO - Processing file /opt/airflow/dags/football_etl_dag.py for tasks to queue
[2026-08-07T16:17:44.722+0000] {logging_mixin.py:188} INFO - [2026-08-07T16:17:44.722+0000] {dagbag.py:545} INFO - Filling up the DagBag from /opt/airflow/dags/football_etl_dag.py
[2026-08-07T16:17:44.745+0000] {processor.py:840} INFO - DAG(s) 'football_etl' retrieved from /opt/airflow/dags/football_etl_dag.py
[2026-08-07T16:17:44.784+0000] {logging_mixin.py:188} INFO - [2026-08-07T16:17:44.784+0000] {dag.py:3089} INFO - Sync 1 DAGs
[2026-08-07T16:17:44.811+0000] {logging_mixin.py:188} INFO - [2026-08-07T16:17:44.811+0000] {dag.py:3947} INFO - Setting next_dagrun for football_etl to 2026-08-07 16:16:00+00:00, run_after=2026-08-07 16:18:00+00:00
[2026-08-07T16:17:44.837+0000] {processor.py:183} INFO - Processing /opt/airflow/dags/football_etl_dag.py took 0.124 seconds
[2026-08-07T16:18:14.957+0000] {processor.py:161} INFO - Started process (PID=877) to work on /opt/airflow/dags/football_etl_dag.py
[2026-08-07T16:18:14.958+0000] {processor.py:830} INFO - Processing file /opt/airflow/dags/football_etl_dag.py for tasks to queue
[2026-08-07T16:18:14.961+0000] {logging_mixin.py:188} INFO - [2026-08-07T16:18:14.961+0000] {dagbag.py:545} INFO - Filling up the DagBag from /opt/airflow/dags/football_etl_dag.py
[2026-08-07T16:18:14.990+0000] {processor.py:840} INFO - DAG(s) 'football_etl' retrieved from /opt/airflow/dags/football_etl_dag.py
[2026-08-07T16:18:15.044+0000] {logging_mixin.py:188} INFO - [2026-08-07T16:18:15.043+0000] {dag.py:3089} INFO - Sync 1 DAGs
[2026-08-07T16:18:15.072+0000] {logging_mixin.py:188} INFO - [2026-08-07T16:18:15.072+0000] {dag.py:3947} INFO - Setting next_dagrun for football_etl to 2026-08-07 16:18:00+00:00, run_after=2026-08-07 16:20:00+00:00
[2026-08-07T16:18:15.097+0000] {processor.py:183} INFO - Processing /opt/airflow/dags/football_etl_dag.py took 0.147 seconds
[2026-08-07T16:18:45.159+0000] {processor.py:161} INFO - Started process (PID=882) to work on /opt/airflow/dags/football_etl_dag.py
[2026-08-07T16:18:45.161+0000] {processor.py:830} INFO - Processing file /opt/airflow/dags/football_etl_dag.py for tasks to queue
[2026-08-07T16:18:45.163+0000] {logging_mixin.py:188} INFO - [2026-08-07T16:18:45.163+0000] {dagbag.py:545} INFO - Filling up the DagBag from /opt/airflow/dags/football_etl_dag.py
[2026-08-07T16:18:45.191+0000] {processor.py:840} INFO - DAG(s) 'football_etl' retrieved from /opt/airflow/dags/football_etl_dag.py
[2026-08-07T16:18:45.229+0000] {logging_mixin.py:188} INFO - [2026-08-07T16:18:45.229+0000] {dag.py:3089} INFO - Sync 1 DAGs
[2026-08-07T16:18:45.257+0000] {logging_mixin.py:188} INFO - [2026-08-07T16:18:45.257+0000] {dag.py:3947} INFO - Setting next_dagrun for football_etl to 2026-08-07 16:18:00+00:00, run_after=2026-08-07 16:20:00+00:00
[2026-08-07T16:18:45.281+0000] {processor.py:183} INFO - Processing /opt/airflow/dags/football_etl_dag.py took 0.130 seconds
[2026-08-07T16:19:15.492+0000] {processor.py:161} INFO - Started process (PID=887) to work on /opt/airflow/dags/football_etl_dag.py
[2026-08-07T16:19:15.494+0000] {processor.py:830} INFO - Processing file /opt/airflow/dags/football_etl_dag.py for tasks to queue
[2026-08-07T16:19:15.497+0000] {logging_mixin.py:188} INFO - [2026-08-07T16:19:15.496+0000] {dagbag.py:545} INFO - Filling up the DagBag from /opt/airflow/dags/football_etl_dag.py
[2026-08-07T16:19:15.521+0000] {processor.py:840} INFO - DAG(s) 'football_etl' retrieved from /opt/airflow/dags/football_etl_dag.py
[2026-08-07T16:19:15.560+0000] {logging_mixin.py:188} INFO - [2026-08-07T16:19:15.560+0000] {dag.py:3089} INFO - Sync 1 DAGs
[2026-08-07T16:19:15.587+0000] {logging_mixin.py:188} INFO - [2026-08-07T16:19:15.587+0000] {dag.py:3947} INFO - Setting next_dagrun for football_etl to 2026-08-07 16:18:00+00:00, run_after=2026-08-07 16:20:00+00:00
[2026-08-07T16:19:15.609+0000] {processor.py:183} INFO - Processing /opt/airflow/dags/football_etl_dag.py took 0.123 seconds
[2026-08-07T16:19:45.702+0000] {processor.py:161} INFO - Started process (PID=892) to work on /opt/airflow/dags/football_etl_dag.py
[2026-08-07T16:19:45.703+0000] {processor.py:830} INFO - Processing file /opt/airflow/dags/football_etl_dag.py for tasks to queue
[2026-08-07T16:19:45.705+0000] {logging_mixin.py:188} INFO - [2026-08-07T16:19:45.705+0000] {dagbag.py:545} INFO - Filling up the DagBag from /opt/airflow/dags/football_etl_dag.py
[2026-08-07T16:19:45.732+0000] {processor.py:840} INFO - DAG(s) 'football_etl' retrieved from /opt/airflow/dags/football_etl_dag.py
[2026-08-07T16:19:45.772+0000] {logging_mixin.py:188} INFO - [2026-08-07T16:19:45.772+0000] {dag.py:3089} INFO - Sync 1 DAGs
[2026-08-07T16:19:45.801+0000] {logging_mixin.py:188} INFO - [2026-08-07T16:19:45.801+0000] {dag.py:3947} INFO - Setting next_dagrun for football_etl to 2026-08-07 16:18:00+00:00, run_after=2026-08-07 16:20:00+00:00
[2026-08-07T16:19:45.822+0000] {processor.py:183} INFO - Processing /opt/airflow/dags/football_etl_dag.py took 0.127 seconds
[2026-08-07T16:20:15.951+0000] {processor.py:161} INFO - Started process (PID=905) to work on /opt/airflow/dags/football_etl_dag.py
[2026-08-07T16:20:15.953+0000] {processor.py:830} INFO - Processing file /opt/airflow/dags/football_etl_dag.py for tasks to queue
[2026-08-07T16:20:15.956+0000] {logging_mixin.py:188} INFO - [2026-08-07T16:20:15.955+0000] {dagbag.py:545} INFO - Filling up the DagBag from /opt/airflow/dags/football_etl_dag.py
[2026-08-07T16:20:15.986+0000] {processor.py:840} INFO - DAG(s) 'football_etl' retrieved from /opt/airflow/dags/football_etl_dag.py
[2026-08-07T16:20:16.033+0000] {logging_mixin.py:188} INFO - [2026-08-07T16:20:16.033+0000] {dag.py:3089} INFO - Sync 1 DAGs
[2026-08-07T16:20:16.075+0000] {logging_mixin.py:188} INFO - [2026-08-07T16:20:16.075+0000] {dag.py:3947} INFO - Setting next_dagrun for football_etl to 2026-08-07 16:20:00+00:00, run_after=2026-08-07 16:22:00+00:00
[2026-08-07T16:20:16.103+0000] {processor.py:183} INFO - Processing /opt/airflow/dags/football_etl_dag.py took 0.160 seconds
[2026-08-07T16:20:46.337+0000] {processor.py:161} INFO - Started process (PID=910) to work on /opt/airflow/dags/football_etl_dag.py
[2026-08-07T16:20:46.338+0000] {processor.py:830} INFO - Processing file /opt/airflow/dags/football_etl_dag.py for tasks to queue
[2026-08-07T16:20:46.341+0000] {logging_mixin.py:188} INFO - [2026-08-07T16:20:46.340+0000] {dagbag.py:545} INFO - Filling up the DagBag from /opt/airflow/dags/football_etl_dag.py
[2026-08-07T16:20:46.367+0000] {processor.py:840} INFO - DAG(s) 'football_etl' retrieved from /opt/airflow/dags/football_etl_dag.py
[2026-08-07T16:20:46.404+0000] {logging_mixin.py:188} INFO - [2026-08-07T16:20:46.404+0000] {dag.py:3089} INFO - Sync 1 DAGs
[2026-08-07T16:20:46.433+0000] {logging_mixin.py:188} INFO - [2026-08-07T16:20:46.433+0000] {dag.py:3947} INFO - Setting next_dagrun for football_etl to 2026-08-07 16:20:00+00:00, run_after=2026-08-07 16:22:00+00:00
[2026-08-07T16:20:46.455+0000] {processor.py:183} INFO - Processing /opt/airflow/dags/football_etl_dag.py took 0.124 seconds
[2026-08-07T16:21:16.531+0000] {processor.py:161} INFO - Started process (PID=915) to work on /opt/airflow/dags/football_etl_dag.py
[2026-08-07T16:21:16.532+0000] {processor.py:830} INFO - Processing file /opt/airflow/dags/football_etl_dag.py for tasks to queue
[2026-08-07T16:21:16.535+0000] {logging_mixin.py:188} INFO - [2026-08-07T16:21:16.534+0000] {dagbag.py:545} INFO - Filling up the DagBag from /opt/airflow/dags/football_etl_dag.py
[2026-08-07T16:21:16.558+0000] {processor.py:840} INFO - DAG(s) 'football_etl' retrieved from /opt/airflow/dags/football_etl_dag.py
[2026-08-07T16:21:16.598+0000] {logging_mixin.py:188} INFO - [2026-08-07T16:21:16.597+0000] {dag.py:3089} INFO - Sync 1 DAGs
[2026-08-07T16:21:16.626+0000] {logging_mixin.py:188} INFO - [2026-08-07T16:21:16.626+0000] {dag.py:3947} INFO - Setting next_dagrun for football_etl to 2026-08-07 16:20:00+00:00, run_after=2026-08-07 16:22:00+00:00
[2026-08-07T16:21:16.651+0000] {processor.py:183} INFO - Processing /opt/airflow/dags/football_etl_dag.py took 0.127 seconds
[2026-08-07T16:21:46.848+0000] {processor.py:161} INFO - Started process (PID=920) to work on /opt/airflow/dags/football_etl_dag.py
[2026-08-07T16:21:46.849+0000] {processor.py:830} INFO - Processing file /opt/airflow/dags/football_etl_dag.py for tasks to queue
[2026-08-07T16:21:46.852+0000] {logging_mixin.py:188} INFO - [2026-08-07T16:21:46.852+0000] {dagbag.py:545} INFO - Filling up the DagBag from /opt/airflow/dags/football_etl_dag.py
[2026-08-07T16:21:46.880+0000] {processor.py:840} INFO - DAG(s) 'football_etl' retrieved from /opt/airflow/dags/football_etl_dag.py
[2026-08-07T16:21:46.920+0000] {logging_mixin.py:188} INFO - [2026-08-07T16:21:46.920+0000] {dag.py:3089} INFO - Sync 1 DAGs
[2026-08-07T16:21:46.947+0000] {logging_mixin.py:188} INFO - [2026-08-07T16:21:46.947+0000] {dag.py:3947} INFO - Setting next_dagrun for football_etl to 2026-08-07 16:20:00+00:00, run_after=2026-08-07 16:22:00+00:00
[2026-08-07T16:21:46.968+0000] {processor.py:183} INFO - Processing /opt/airflow/dags/football_etl_dag.py took 0.128 seconds
[2026-08-07T16:22:17.055+0000] {processor.py:161} INFO - Started process (PID=933) to work on /opt/airflow/dags/football_etl_dag.py
[2026-08-07T16:22:17.056+0000] {processor.py:830} INFO - Processing file /opt/airflow/dags/football_etl_dag.py for tasks to queue
[2026-08-07T16:22:17.060+0000] {logging_mixin.py:188} INFO - [2026-08-07T16:22:17.059+0000] {dagbag.py:545} INFO - Filling up the DagBag from /opt/airflow/dags/football_etl_dag.py
[2026-08-07T16:22:17.086+0000] {processor.py:840} INFO - DAG(s) 'football_etl' retrieved from /opt/airflow/dags/football_etl_dag.py
[2026-08-07T16:22:17.129+0000] {logging_mixin.py:188} INFO - [2026-08-07T16:22:17.129+0000] {dag.py:3089} INFO - Sync 1 DAGs
[2026-08-07T16:22:17.160+0000] {logging_mixin.py:188} INFO - [2026-08-07T16:22:17.160+0000] {dag.py:3947} INFO - Setting next_dagrun for football_etl to 2026-08-07 16:22:00+00:00, run_after=2026-08-07 16:24:00+00:00
[2026-08-07T16:22:17.182+0000] {processor.py:183} INFO - Processing /opt/airflow/dags/football_etl_dag.py took 0.134 seconds
[2026-08-07T16:22:47.358+0000] {processor.py:161} INFO - Started process (PID=938) to work on /opt/airflow/dags/football_etl_dag.py
[2026-08-07T16:22:47.359+0000] {processor.py:830} INFO - Processing file /opt/airflow/dags/football_etl_dag.py for tasks to queue
[2026-08-07T16:22:47.362+0000] {logging_mixin.py:188} INFO - [2026-08-07T16:22:47.362+0000] {dagbag.py:545} INFO - Filling up the DagBag from /opt/airflow/dags/football_etl_dag.py
[2026-08-07T16:22:47.388+0000] {processor.py:840} INFO - DAG(s) 'football_etl' retrieved from /opt/airflow/dags/football_etl_dag.py
[2026-08-07T16:22:47.424+0000] {logging_mixin.py:188} INFO - [2026-08-07T16:22:47.424+0000] {dag.py:3089} INFO - Sync 1 DAGs
[2026-08-07T16:22:47.451+0000] {logging_mixin.py:188} INFO - [2026-08-07T16:22:47.451+0000] {dag.py:3947} INFO - Setting next_dagrun for football_etl to 2026-08-07 16:22:00+00:00, run_after=2026-08-07 16:24:00+00:00
[2026-08-07T16:22:47.473+0000] {processor.py:183} INFO - Processing /opt/airflow/dags/football_etl_dag.py took 0.122 seconds
[2026-08-07T16:23:17.627+0000] {processor.py:161} INFO - Started process (PID=943) to work on /opt/airflow/dags/football_etl_dag.py
[2026-08-07T16:23:17.628+0000] {processor.py:830} INFO - Processing file /opt/airflow/dags/football_etl_dag.py for tasks to queue
[2026-08-07T16:23:17.631+0000] {logging_mixin.py:188} INFO - [2026-08-07T16:23:17.630+0000] {dagbag.py:545} INFO - Filling up the DagBag from /opt/airflow/dags/football_etl_dag.py
[2026-08-07T16:23:17.655+0000] {processor.py:840} INFO - DAG(s) 'football_etl' retrieved from /opt/airflow/dags/football_etl_dag.py
[2026-08-07T16:23:17.691+0000] {logging_mixin.py:188} INFO - [2026-08-07T16:23:17.691+0000] {dag.py:3089} INFO - Sync 1 DAGs
[2026-08-07T16:23:17.718+0000] {logging_mixin.py:188} INFO - [2026-08-07T16:23:17.718+0000] {dag.py:3947} INFO - Setting next_dagrun for football_etl to 2026-08-07 16:22:00+00:00, run_after=2026-08-07 16:24:00+00:00
[2026-08-07T16:23:17.739+0000] {processor.py:183} INFO - Processing /opt/airflow/dags/football_etl_dag.py took 0.118 seconds
[2026-08-07T16:23:47.901+0000] {processor.py:161} INFO - Started process (PID=948) to work on /opt/airflow/dags/football_etl_dag.py
[2026-08-07T16:23:47.903+0000] {processor.py:830} INFO - Processing file /opt/airflow/dags/football_etl_dag.py for tasks to queue
[2026-08-07T16:23:47.906+0000] {logging_mixin.py:188} INFO - [2026-08-07T16:23:47.905+0000] {dagbag.py:545} INFO - Filling up the DagBag from /opt/airflow/dags/football_etl_dag.py
[2026-08-07T16:23:47.934+0000] {processor.py:840} INFO - DAG(s) 'football_etl' retrieved from /opt/airflow/dags/football_etl_dag.py
[2026-08-07T16:23:47.972+0000] {logging_mixin.py:188} INFO - [2026-08-07T16:23:47.972+0000] {dag.py:3089} INFO - Sync 1 DAGs
[2026-08-07T16:23:47.999+0000] {logging_mixin.py:188} INFO - [2026-08-07T16:23:47.998+0000] {dag.py:3947} INFO - Setting next_dagrun for football_etl to 2026-08-07 16:22:00+00:00, run_after=2026-08-07 16:24:00+00:00
[2026-08-07T16:23:48.023+0000] {processor.py:183} INFO - Processing /opt/airflow/dags/football_etl_dag.py took 0.129 seconds
[2026-08-07T16:24:18.154+0000] {processor.py:161} INFO - Started process (PID=961) to work on /opt/airflow/dags/football_etl_dag.py
[2026-08-07T16:24:18.156+0000] {processor.py:830} INFO - Processing file /opt/airflow/dags/football_etl_dag.py for tasks to queue
[2026-08-07T16:24:18.159+0000] {logging_mixin.py:188} INFO - [2026-08-07T16:24:18.158+0000] {dagbag.py:545} INFO - Filling up the DagBag from /opt/airflow/dags/football_etl_dag.py
[2026-08-07T16:24:18.185+0000] {processor.py:840} INFO - DAG(s) 'football_etl' retrieved from /opt/airflow/dags/football_etl_dag.py
[2026-08-07T16:24:18.229+0000] {logging_mixin.py:188} INFO - [2026-08-07T16:24:18.228+0000] {dag.py:3089} INFO - Sync 1 DAGs
[2026-08-07T16:24:18.258+0000] {logging_mixin.py:188} INFO - [2026-08-07T16:24:18.258+0000] {dag.py:3947} INFO - Setting next_dagrun for football_etl to 2026-08-07 16:24:00+00:00, run_after=2026-08-07 16:26:00+00:00
[2026-08-07T16:24:18.279+0000] {processor.py:183} INFO - Processing /opt/airflow/dags/football_etl_dag.py took 0.133 seconds
[2026-08-07T16:24:48.398+0000] {processor.py:161} INFO - Started process (PID=966) to work on /opt/airflow/dags/football_etl_dag.py
[2026-08-07T16:24:48.399+0000] {processor.py:830} INFO - Processing file /opt/airflow/dags/football_etl_dag.py for tasks to queue
[2026-08-07T16:24:48.402+0000] {logging_mixin.py:188} INFO - [2026-08-07T16:24:48.401+0000] {dagbag.py:545} INFO - Filling up the DagBag from /opt/airflow/dags/football_etl_dag.py
[2026-08-07T16:24:48.428+0000] {processor.py:840} INFO - DAG(s) 'football_etl' retrieved from /opt/airflow/dags/football_etl_dag.py
[2026-08-07T16:24:48.466+0000] {logging_mixin.py:188} INFO - [2026-08-07T16:24:48.466+0000] {dag.py:3089} INFO - Sync 1 DAGs
[2026-08-07T16:24:48.494+0000] {logging_mixin.py:188} INFO - [2026-08-07T16:24:48.494+0000] {dag.py:3947} INFO - Setting next_dagrun for football_etl to 2026-08-07 16:24:00+00:00, run_after=2026-08-07 16:26:00+00:00
[2026-08-07T16:24:48.515+0000] {processor.py:183} INFO - Processing /opt/airflow/dags/football_etl_dag.py took 0.125 seconds
[2026-08-07T16:25:18.668+0000] {processor.py:161} INFO - Started process (PID=971) to work on /opt/airflow/dags/football_etl_dag.py
[2026-08-07T16:25:18.670+0000] {processor.py:830} INFO - Processing file /opt/airflow/dags/football_etl_dag.py for tasks to queue
[2026-08-07T16:25:18.672+0000] {logging_mixin.py:188} INFO - [2026-08-07T16:25:18.672+0000] {dagbag.py:545} INFO - Filling up the DagBag from /opt/airflow/dags/football_etl_dag.py
[2026-08-07T16:25:18.700+0000] {processor.py:840} INFO - DAG(s) 'football_etl' retrieved from /opt/airflow/dags/football_etl_dag.py
[2026-08-07T16:25:18.738+0000] {logging_mixin.py:188} INFO - [2026-08-07T16:25:18.738+0000] {dag.py:3089} INFO - Sync 1 DAGs
[2026-08-07T16:25:18.766+0000] {logging_mixin.py:188} INFO - [2026-08-07T16:25:18.765+0000] {dag.py:3947} INFO - Setting next_dagrun for football_etl to 2026-08-07 16:24:00+00:00, run_after=2026-08-07 16:26:00+00:00
[2026-08-07T16:25:18.789+0000] {processor.py:183} INFO - Processing /opt/airflow/dags/football_etl_dag.py took 0.128 seconds
[2026-08-07T16:25:48.965+0000] {processor.py:161} INFO - Started process (PID=976) to work on /opt/airflow/dags/football_etl_dag.py
[2026-08-07T16:25:48.967+0000] {processor.py:830} INFO - Processing file /opt/airflow/dags/football_etl_dag.py for tasks to queue
[2026-08-07T16:25:48.969+0000] {logging_mixin.py:188} INFO - [2026-08-07T16:25:48.969+0000] {dagbag.py:545} INFO - Filling up the DagBag from /opt/airflow/dags/football_etl_dag.py
[2026-08-07T16:25:48.992+0000] {processor.py:840} INFO - DAG(s) 'football_etl' retrieved from /opt/airflow/dags/football_etl_dag.py
[2026-08-07T16:25:49.032+0000] {logging_mixin.py:188} INFO - [2026-08-07T16:25:49.032+0000] {dag.py:3089} INFO - Sync 1 DAGs
[2026-08-07T16:25:49.059+0000] {logging_mixin.py:188} INFO - [2026-08-07T16:25:49.059+0000] {dag.py:3947} INFO - Setting next_dagrun for football_etl to 2026-08-07 16:24:00+00:00, run_after=2026-08-07 16:26:00+00:00
[2026-08-07T16:25:49.081+0000] {processor.py:183} INFO - Processing /opt/airflow/dags/football_etl_dag.py took 0.121 seconds
[2026-08-07T16:26:19.248+0000] {processor.py:161} INFO - Started process (PID=989) to work on /opt/airflow/dags/football_etl_dag.py
[2026-08-07T16:26:19.250+0000] {processor.py:830} INFO - Processing file /opt/airflow/dags/football_etl_dag.py for tasks to queue
[2026-08-07T16:26:19.252+0000] {logging_mixin.py:188} INFO - [2026-08-07T16:26:19.252+0000] {dagbag.py:545} INFO - Filling up the DagBag from /opt/airflow/dags/football_etl_dag.py
[2026-08-07T16:26:19.274+0000] {processor.py:840} INFO - DAG(s) 'football_etl' retrieved from /opt/airflow/dags/football_etl_dag.py
[2026-08-07T16:26:19.315+0000] {logging_mixin.py:188} INFO - [2026-08-07T16:26:19.314+0000] {dag.py:3089} INFO - Sync 1 DAGs
[2026-08-07T16:26:19.354+0000] {logging_mixin.py:188} INFO - [2026-08-07T16:26:19.354+0000] {dag.py:3947} INFO - Setting next_dagrun for football_etl to 2026-08-07 16:26:00+00:00, run_after=2026-08-07 16:28:00+00:00
[2026-08-07T16:26:19.389+0000] {processor.py:183} INFO - Processing /opt/airflow/dags/football_etl_dag.py took 0.147 seconds
[2026-08-07T16:26:49.490+0000] {processor.py:161} INFO - Started process (PID=994) to work on /opt/airflow/dags/football_etl_dag.py
[2026-08-07T16:26:49.492+0000] {processor.py:830} INFO - Processing file /opt/airflow/dags/football_etl_dag.py for tasks to queue
[2026-08-07T16:26:49.494+0000] {logging_mixin.py:188} INFO - [2026-08-07T16:26:49.494+0000] {dagbag.py:545} INFO - Filling up the DagBag from /opt/airflow/dags/football_etl_dag.py
[2026-08-07T16:26:49.522+0000] {processor.py:840} INFO - DAG(s) 'football_etl' retrieved from /opt/airflow/dags/football_etl_dag.py
[2026-08-07T16:26:49.563+0000] {logging_mixin.py:188} INFO - [2026-08-07T16:26:49.563+0000] {dag.py:3089} INFO - Sync 1 DAGs
[2026-08-07T16:26:49.595+0000] {logging_mixin.py:188} INFO - [2026-08-07T16:26:49.595+0000] {dag.py:3947} INFO - Setting next_dagrun for football_etl to 2026-08-07 16:26:00+00:00, run_after=2026-08-07 16:28:00+00:00
[2026-08-07T16:26:49.622+0000] {processor.py:183} INFO - Processing /opt/airflow/dags/football_etl_dag.py took 0.139 seconds
[2026-08-07T16:49:44.131+0000] {processor.py:161} INFO - Started process (PID=164) to work on /opt/airflow/dags/football_etl_dag.py
[2026-08-07T16:49:44.134+0000] {processor.py:830} INFO - Processing file /opt/airflow/dags/football_etl_dag.py for tasks to queue
[2026-08-07T16:49:44.139+0000] {logging_mixin.py:188} INFO - [2026-08-07T16:49:44.138+0000] {dagbag.py:545} INFO - Filling up the DagBag from /opt/airflow/dags/football_etl_dag.py
[2026-08-07T16:49:44.196+0000] {processor.py:840} INFO - DAG(s) 'football_etl' retrieved from /opt/airflow/dags/football_etl_dag.py
[2026-08-07T16:49:44.279+0000] {logging_mixin.py:188} INFO - [2026-08-07T16:49:44.278+0000] {dag.py:3089} INFO - Sync 1 DAGs
[2026-08-07T16:49:44.391+0000] {logging_mixin.py:188} INFO - [2026-08-07T16:49:44.390+0000] {dag.py:3947} INFO - Setting next_dagrun for football_etl to 2026-08-07 16:48:00+00:00, run_after=2026-08-07 16:50:00+00:00
[2026-08-07T16:49:44.452+0000] {processor.py:183} INFO - Processing /opt/airflow/dags/football_etl_dag.py took 0.335 seconds
[2026-08-07T16:50:14.842+0000] {processor.py:161} INFO - Started process (PID=186) to work on /opt/airflow/dags/football_etl_dag.py
[2026-08-07T16:50:14.848+0000] {processor.py:830} INFO - Processing file /opt/airflow/dags/football_etl_dag.py for tasks to queue
[2026-08-07T16:50:14.856+0000] {logging_mixin.py:188} INFO - [2026-08-07T16:50:14.855+0000] {dagbag.py:545} INFO - Filling up the DagBag from /opt/airflow/dags/football_etl_dag.py
[2026-08-07T16:50:14.940+0000] {processor.py:840} INFO - DAG(s) 'football_etl' retrieved from /opt/airflow/dags/football_etl_dag.py
[2026-08-07T16:50:15.588+0000] {logging_mixin.py:188} INFO - [2026-08-07T16:50:15.588+0000] {dag.py:3089} INFO - Sync 1 DAGs
[2026-08-07T16:50:15.671+0000] {logging_mixin.py:188} INFO - [2026-08-07T16:50:15.671+0000] {dag.py:3947} INFO - Setting next_dagrun for football_etl to 2026-08-07 16:50:00+00:00, run_after=2026-08-07 16:52:00+00:00
[2026-08-07T16:50:15.758+0000] {processor.py:183} INFO - Processing /opt/airflow/dags/football_etl_dag.py took 0.940 seconds
[2026-08-07T16:50:46.166+0000] {processor.py:161} INFO - Started process (PID=191) to work on /opt/airflow/dags/football_etl_dag.py
[2026-08-07T16:50:46.169+0000] {processor.py:830} INFO - Processing file /opt/airflow/dags/football_etl_dag.py for tasks to queue
[2026-08-07T16:50:46.175+0000] {logging_mixin.py:188} INFO - [2026-08-07T16:50:46.174+0000] {dagbag.py:545} INFO - Filling up the DagBag from /opt/airflow/dags/football_etl_dag.py
[2026-08-07T16:50:46.220+0000] {processor.py:840} INFO - DAG(s) 'football_etl' retrieved from /opt/airflow/dags/football_etl_dag.py
[2026-08-07T16:50:46.302+0000] {logging_mixin.py:188} INFO - [2026-08-07T16:50:46.302+0000] {dag.py:3089} INFO - Sync 1 DAGs
[2026-08-07T16:50:46.365+0000] {logging_mixin.py:188} INFO - [2026-08-07T16:50:46.364+0000] {dag.py:3947} INFO - Setting next_dagrun for football_etl to 2026-08-07 16:50:00+00:00, run_after=2026-08-07 16:52:00+00:00
[2026-08-07T16:50:46.415+0000] {processor.py:183} INFO - Processing /opt/airflow/dags/football_etl_dag.py took 0.261 seconds
