[2026-08-04T04:07:52.043+0000] {processor.py:161} INFO - Started process (PID=163) to work on /opt/airflow/dags/football_etl_dag.py
[2026-08-04T04:07:52.073+0000] {processor.py:830} INFO - Processing file /opt/airflow/dags/football_etl_dag.py for tasks to queue
[2026-08-04T04:07:52.092+0000] {logging_mixin.py:188} INFO - [2026-08-04T04:07:52.091+0000] {dagbag.py:545} INFO - Filling up the DagBag from /opt/airflow/dags/football_etl_dag.py
[2026-08-04T04:07:52.178+0000] {processor.py:840} INFO - DAG(s) 'football_etl' retrieved from /opt/airflow/dags/football_etl_dag.py
[2026-08-04T04:07:52.313+0000] {logging_mixin.py:188} INFO - [2026-08-04T04:07:52.312+0000] {dag.py:3089} INFO - Sync 1 DAGs
[2026-08-04T04:07:52.423+0000] {logging_mixin.py:188} INFO - [2026-08-04T04:07:52.422+0000] {dag.py:3947} INFO - Setting next_dagrun for football_etl to 2026-08-04 04:06:00+00:00, run_after=2026-08-04 04:08:00+00:00
[2026-08-04T04:07:52.506+0000] {processor.py:183} INFO - Processing /opt/airflow/dags/football_etl_dag.py took 0.498 seconds
[2026-08-04T04:08:22.942+0000] {processor.py:161} INFO - Started process (PID=183) to work on /opt/airflow/dags/football_etl_dag.py
[2026-08-04T04:08:22.948+0000] {processor.py:830} INFO - Processing file /opt/airflow/dags/football_etl_dag.py for tasks to queue
[2026-08-04T04:08:22.960+0000] {logging_mixin.py:188} INFO - [2026-08-04T04:08:22.959+0000] {dagbag.py:545} INFO - Filling up the DagBag from /opt/airflow/dags/football_etl_dag.py
[2026-08-04T04:08:23.033+0000] {processor.py:840} INFO - DAG(s) 'football_etl' retrieved from /opt/airflow/dags/football_etl_dag.py
[2026-08-04T04:08:23.682+0000] {logging_mixin.py:188} INFO - [2026-08-04T04:08:23.682+0000] {dag.py:3089} INFO - Sync 1 DAGs
[2026-08-04T04:08:23.778+0000] {logging_mixin.py:188} INFO - [2026-08-04T04:08:23.778+0000] {dag.py:3947} INFO - Setting next_dagrun for football_etl to 2026-08-04 04:08:00+00:00, run_after=2026-08-04 04:10:00+00:00
[2026-08-04T04:08:23.902+0000] {processor.py:183} INFO - Processing /opt/airflow/dags/football_etl_dag.py took 0.984 seconds
[2026-08-04T04:08:54.235+0000] {processor.py:161} INFO - Started process (PID=192) to work on /opt/airflow/dags/football_etl_dag.py
[2026-08-04T04:08:54.237+0000] {processor.py:830} INFO - Processing file /opt/airflow/dags/football_etl_dag.py for tasks to queue
[2026-08-04T04:08:54.240+0000] {logging_mixin.py:188} INFO - [2026-08-04T04:08:54.239+0000] {dagbag.py:545} INFO - Filling up the DagBag from /opt/airflow/dags/football_etl_dag.py
[2026-08-04T04:08:54.274+0000] {processor.py:840} INFO - DAG(s) 'football_etl' retrieved from /opt/airflow/dags/football_etl_dag.py
[2026-08-04T04:08:54.346+0000] {logging_mixin.py:188} INFO - [2026-08-04T04:08:54.346+0000] {dag.py:3089} INFO - Sync 1 DAGs
[2026-08-04T04:08:54.394+0000] {logging_mixin.py:188} INFO - [2026-08-04T04:08:54.394+0000] {dag.py:3947} INFO - Setting next_dagrun for football_etl to 2026-08-04 04:08:00+00:00, run_after=2026-08-04 04:10:00+00:00
[2026-08-04T04:08:54.433+0000] {processor.py:183} INFO - Processing /opt/airflow/dags/football_etl_dag.py took 0.208 seconds
[2026-08-04T04:09:24.562+0000] {processor.py:161} INFO - Started process (PID=197) to work on /opt/airflow/dags/football_etl_dag.py
[2026-08-04T04:09:24.564+0000] {processor.py:830} INFO - Processing file /opt/airflow/dags/football_etl_dag.py for tasks to queue
[2026-08-04T04:09:24.568+0000] {logging_mixin.py:188} INFO - [2026-08-04T04:09:24.568+0000] {dagbag.py:545} INFO - Filling up the DagBag from /opt/airflow/dags/football_etl_dag.py
[2026-08-04T04:09:24.608+0000] {processor.py:840} INFO - DAG(s) 'football_etl' retrieved from /opt/airflow/dags/football_etl_dag.py
[2026-08-04T04:09:24.669+0000] {logging_mixin.py:188} INFO - [2026-08-04T04:09:24.669+0000] {dag.py:3089} INFO - Sync 1 DAGs
[2026-08-04T04:09:24.717+0000] {logging_mixin.py:188} INFO - [2026-08-04T04:09:24.717+0000] {dag.py:3947} INFO - Setting next_dagrun for football_etl to 2026-08-04 04:08:00+00:00, run_after=2026-08-04 04:10:00+00:00
[2026-08-04T04:09:24.762+0000] {processor.py:183} INFO - Processing /opt/airflow/dags/football_etl_dag.py took 0.215 seconds
[2026-08-04T04:09:54.944+0000] {processor.py:161} INFO - Started process (PID=202) to work on /opt/airflow/dags/football_etl_dag.py
[2026-08-04T04:09:54.945+0000] {processor.py:830} INFO - Processing file /opt/airflow/dags/football_etl_dag.py for tasks to queue
[2026-08-04T04:09:54.949+0000] {logging_mixin.py:188} INFO - [2026-08-04T04:09:54.948+0000] {dagbag.py:545} INFO - Filling up the DagBag from /opt/airflow/dags/football_etl_dag.py
[2026-08-04T04:09:54.978+0000] {processor.py:840} INFO - DAG(s) 'football_etl' retrieved from /opt/airflow/dags/football_etl_dag.py
[2026-08-04T04:09:55.022+0000] {logging_mixin.py:188} INFO - [2026-08-04T04:09:55.022+0000] {dag.py:3089} INFO - Sync 1 DAGs
[2026-08-04T04:09:55.055+0000] {logging_mixin.py:188} INFO - [2026-08-04T04:09:55.055+0000] {dag.py:3947} INFO - Setting next_dagrun for football_etl to 2026-08-04 04:08:00+00:00, run_after=2026-08-04 04:10:00+00:00
[2026-08-04T04:09:55.081+0000] {processor.py:183} INFO - Processing /opt/airflow/dags/football_etl_dag.py took 0.143 seconds
[2026-08-04T04:10:25.337+0000] {processor.py:161} INFO - Started process (PID=215) to work on /opt/airflow/dags/football_etl_dag.py
[2026-08-04T04:10:25.340+0000] {processor.py:830} INFO - Processing file /opt/airflow/dags/football_etl_dag.py for tasks to queue
[2026-08-04T04:10:25.343+0000] {logging_mixin.py:188} INFO - [2026-08-04T04:10:25.343+0000] {dagbag.py:545} INFO - Filling up the DagBag from /opt/airflow/dags/football_etl_dag.py
[2026-08-04T04:10:25.379+0000] {processor.py:840} INFO - DAG(s) 'football_etl' retrieved from /opt/airflow/dags/football_etl_dag.py
[2026-08-04T04:10:25.422+0000] {logging_mixin.py:188} INFO - [2026-08-04T04:10:25.422+0000] {dag.py:3089} INFO - Sync 1 DAGs
[2026-08-04T04:10:25.453+0000] {logging_mixin.py:188} INFO - [2026-08-04T04:10:25.453+0000] {dag.py:3947} INFO - Setting next_dagrun for football_etl to 2026-08-04 04:10:00+00:00, run_after=2026-08-04 04:12:00+00:00
[2026-08-04T04:10:25.482+0000] {processor.py:183} INFO - Processing /opt/airflow/dags/football_etl_dag.py took 0.154 seconds
[2026-08-04T04:10:55.640+0000] {processor.py:161} INFO - Started process (PID=220) to work on /opt/airflow/dags/football_etl_dag.py
[2026-08-04T04:10:55.643+0000] {processor.py:830} INFO - Processing file /opt/airflow/dags/football_etl_dag.py for tasks to queue
[2026-08-04T04:10:55.646+0000] {logging_mixin.py:188} INFO - [2026-08-04T04:10:55.646+0000] {dagbag.py:545} INFO - Filling up the DagBag from /opt/airflow/dags/football_etl_dag.py
[2026-08-04T04:10:55.684+0000] {processor.py:840} INFO - DAG(s) 'football_etl' retrieved from /opt/airflow/dags/football_etl_dag.py
[2026-08-04T04:10:55.733+0000] {logging_mixin.py:188} INFO - [2026-08-04T04:10:55.732+0000] {dag.py:3089} INFO - Sync 1 DAGs
[2026-08-04T04:10:55.774+0000] {logging_mixin.py:188} INFO - [2026-08-04T04:10:55.773+0000] {dag.py:3947} INFO - Setting next_dagrun for football_etl to 2026-08-04 04:10:00+00:00, run_after=2026-08-04 04:12:00+00:00
[2026-08-04T04:10:55.800+0000] {processor.py:183} INFO - Processing /opt/airflow/dags/football_etl_dag.py took 0.168 seconds
[2026-08-04T04:11:25.887+0000] {processor.py:161} INFO - Started process (PID=225) to work on /opt/airflow/dags/football_etl_dag.py
[2026-08-04T04:11:25.890+0000] {processor.py:830} INFO - Processing file /opt/airflow/dags/football_etl_dag.py for tasks to queue
[2026-08-04T04:11:25.893+0000] {logging_mixin.py:188} INFO - [2026-08-04T04:11:25.893+0000] {dagbag.py:545} INFO - Filling up the DagBag from /opt/airflow/dags/football_etl_dag.py
[2026-08-04T04:11:25.917+0000] {processor.py:840} INFO - DAG(s) 'football_etl' retrieved from /opt/airflow/dags/football_etl_dag.py
[2026-08-04T04:11:25.959+0000] {logging_mixin.py:188} INFO - [2026-08-04T04:11:25.958+0000] {dag.py:3089} INFO - Sync 1 DAGs
[2026-08-04T04:11:25.988+0000] {logging_mixin.py:188} INFO - [2026-08-04T04:11:25.987+0000] {dag.py:3947} INFO - Setting next_dagrun for football_etl to 2026-08-04 04:10:00+00:00, run_after=2026-08-04 04:12:00+00:00
[2026-08-04T04:11:26.010+0000] {processor.py:183} INFO - Processing /opt/airflow/dags/football_etl_dag.py took 0.131 seconds
[2026-08-04T04:11:56.241+0000] {processor.py:161} INFO - Started process (PID=230) to work on /opt/airflow/dags/football_etl_dag.py
[2026-08-04T04:11:56.244+0000] {processor.py:830} INFO - Processing file /opt/airflow/dags/football_etl_dag.py for tasks to queue
[2026-08-04T04:11:56.259+0000] {logging_mixin.py:188} INFO - [2026-08-04T04:11:56.258+0000] {dagbag.py:545} INFO - Filling up the DagBag from /opt/airflow/dags/football_etl_dag.py
[2026-08-04T04:11:56.299+0000] {processor.py:840} INFO - DAG(s) 'football_etl' retrieved from /opt/airflow/dags/football_etl_dag.py
[2026-08-04T04:11:56.346+0000] {logging_mixin.py:188} INFO - [2026-08-04T04:11:56.346+0000] {dag.py:3089} INFO - Sync 1 DAGs
[2026-08-04T04:11:56.378+0000] {logging_mixin.py:188} INFO - [2026-08-04T04:11:56.378+0000] {dag.py:3947} INFO - Setting next_dagrun for football_etl to 2026-08-04 04:10:00+00:00, run_after=2026-08-04 04:12:00+00:00
[2026-08-04T04:11:56.402+0000] {processor.py:183} INFO - Processing /opt/airflow/dags/football_etl_dag.py took 0.190 seconds
[2026-08-04T04:12:26.605+0000] {processor.py:161} INFO - Started process (PID=243) to work on /opt/airflow/dags/football_etl_dag.py
[2026-08-04T04:12:26.607+0000] {processor.py:830} INFO - Processing file /opt/airflow/dags/football_etl_dag.py for tasks to queue
[2026-08-04T04:12:26.611+0000] {logging_mixin.py:188} INFO - [2026-08-04T04:12:26.610+0000] {dagbag.py:545} INFO - Filling up the DagBag from /opt/airflow/dags/football_etl_dag.py
[2026-08-04T04:12:26.636+0000] {processor.py:840} INFO - DAG(s) 'football_etl' retrieved from /opt/airflow/dags/football_etl_dag.py
[2026-08-04T04:12:26.679+0000] {logging_mixin.py:188} INFO - [2026-08-04T04:12:26.679+0000] {dag.py:3089} INFO - Sync 1 DAGs
[2026-08-04T04:12:26.711+0000] {logging_mixin.py:188} INFO - [2026-08-04T04:12:26.711+0000] {dag.py:3947} INFO - Setting next_dagrun for football_etl to 2026-08-04 04:12:00+00:00, run_after=2026-08-04 04:14:00+00:00
[2026-08-04T04:12:26.740+0000] {processor.py:183} INFO - Processing /opt/airflow/dags/football_etl_dag.py took 0.144 seconds
[2026-08-04T04:12:56.960+0000] {processor.py:161} INFO - Started process (PID=248) to work on /opt/airflow/dags/football_etl_dag.py
[2026-08-04T04:12:56.961+0000] {processor.py:830} INFO - Processing file /opt/airflow/dags/football_etl_dag.py for tasks to queue
[2026-08-04T04:12:56.965+0000] {logging_mixin.py:188} INFO - [2026-08-04T04:12:56.964+0000] {dagbag.py:545} INFO - Filling up the DagBag from /opt/airflow/dags/football_etl_dag.py
[2026-08-04T04:12:56.990+0000] {processor.py:840} INFO - DAG(s) 'football_etl' retrieved from /opt/airflow/dags/football_etl_dag.py
[2026-08-04T04:12:57.031+0000] {logging_mixin.py:188} INFO - [2026-08-04T04:12:57.031+0000] {dag.py:3089} INFO - Sync 1 DAGs
[2026-08-04T04:12:57.065+0000] {logging_mixin.py:188} INFO - [2026-08-04T04:12:57.064+0000] {dag.py:3947} INFO - Setting next_dagrun for football_etl to 2026-08-04 04:12:00+00:00, run_after=2026-08-04 04:14:00+00:00
[2026-08-04T04:12:57.087+0000] {processor.py:183} INFO - Processing /opt/airflow/dags/football_etl_dag.py took 0.137 seconds
[2026-08-04T04:13:27.270+0000] {processor.py:161} INFO - Started process (PID=253) to work on /opt/airflow/dags/football_etl_dag.py
[2026-08-04T04:13:27.272+0000] {processor.py:830} INFO - Processing file /opt/airflow/dags/football_etl_dag.py for tasks to queue
[2026-08-04T04:13:27.275+0000] {logging_mixin.py:188} INFO - [2026-08-04T04:13:27.275+0000] {dagbag.py:545} INFO - Filling up the DagBag from /opt/airflow/dags/football_etl_dag.py
[2026-08-04T04:13:27.302+0000] {processor.py:840} INFO - DAG(s) 'football_etl' retrieved from /opt/airflow/dags/football_etl_dag.py
[2026-08-04T04:13:27.345+0000] {logging_mixin.py:188} INFO - [2026-08-04T04:13:27.345+0000] {dag.py:3089} INFO - Sync 1 DAGs
[2026-08-04T04:13:27.377+0000] {logging_mixin.py:188} INFO - [2026-08-04T04:13:27.377+0000] {dag.py:3947} INFO - Setting next_dagrun for football_etl to 2026-08-04 04:12:00+00:00, run_after=2026-08-04 04:14:00+00:00
[2026-08-04T04:13:27.403+0000] {processor.py:183} INFO - Processing /opt/airflow/dags/football_etl_dag.py took 0.141 seconds
[2026-08-04T04:13:57.610+0000] {processor.py:161} INFO - Started process (PID=258) to work on /opt/airflow/dags/football_etl_dag.py
[2026-08-04T04:13:57.612+0000] {processor.py:830} INFO - Processing file /opt/airflow/dags/football_etl_dag.py for tasks to queue
[2026-08-04T04:13:57.615+0000] {logging_mixin.py:188} INFO - [2026-08-04T04:13:57.615+0000] {dagbag.py:545} INFO - Filling up the DagBag from /opt/airflow/dags/football_etl_dag.py
[2026-08-04T04:13:57.645+0000] {processor.py:840} INFO - DAG(s) 'football_etl' retrieved from /opt/airflow/dags/football_etl_dag.py
[2026-08-04T04:13:57.701+0000] {logging_mixin.py:188} INFO - [2026-08-04T04:13:57.701+0000] {dag.py:3089} INFO - Sync 1 DAGs
[2026-08-04T04:13:57.741+0000] {logging_mixin.py:188} INFO - [2026-08-04T04:13:57.741+0000] {dag.py:3947} INFO - Setting next_dagrun for football_etl to 2026-08-04 04:12:00+00:00, run_after=2026-08-04 04:14:00+00:00
[2026-08-04T04:13:57.771+0000] {processor.py:183} INFO - Processing /opt/airflow/dags/football_etl_dag.py took 0.170 seconds
[2026-08-04T04:14:27.957+0000] {processor.py:161} INFO - Started process (PID=271) to work on /opt/airflow/dags/football_etl_dag.py
[2026-08-04T04:14:27.959+0000] {processor.py:830} INFO - Processing file /opt/airflow/dags/football_etl_dag.py for tasks to queue
[2026-08-04T04:14:27.962+0000] {logging_mixin.py:188} INFO - [2026-08-04T04:14:27.962+0000] {dagbag.py:545} INFO - Filling up the DagBag from /opt/airflow/dags/football_etl_dag.py
[2026-08-04T04:14:27.991+0000] {processor.py:840} INFO - DAG(s) 'football_etl' retrieved from /opt/airflow/dags/football_etl_dag.py
[2026-08-04T04:14:28.032+0000] {logging_mixin.py:188} INFO - [2026-08-04T04:14:28.032+0000] {dag.py:3089} INFO - Sync 1 DAGs
[2026-08-04T04:14:28.070+0000] {logging_mixin.py:188} INFO - [2026-08-04T04:14:28.070+0000] {dag.py:3947} INFO - Setting next_dagrun for football_etl to 2026-08-04 04:14:00+00:00, run_after=2026-08-04 04:16:00+00:00
[2026-08-04T04:14:28.101+0000] {processor.py:183} INFO - Processing /opt/airflow/dags/football_etl_dag.py took 0.154 seconds
[2026-08-04T04:14:58.178+0000] {processor.py:161} INFO - Started process (PID=276) to work on /opt/airflow/dags/football_etl_dag.py
[2026-08-04T04:14:58.179+0000] {processor.py:830} INFO - Processing file /opt/airflow/dags/football_etl_dag.py for tasks to queue
[2026-08-04T04:14:58.182+0000] {logging_mixin.py:188} INFO - [2026-08-04T04:14:58.181+0000] {dagbag.py:545} INFO - Filling up the DagBag from /opt/airflow/dags/football_etl_dag.py
[2026-08-04T04:14:58.205+0000] {processor.py:840} INFO - DAG(s) 'football_etl' retrieved from /opt/airflow/dags/football_etl_dag.py
[2026-08-04T04:14:58.239+0000] {logging_mixin.py:188} INFO - [2026-08-04T04:14:58.239+0000] {dag.py:3089} INFO - Sync 1 DAGs
[2026-08-04T04:14:58.265+0000] {logging_mixin.py:188} INFO - [2026-08-04T04:14:58.265+0000] {dag.py:3947} INFO - Setting next_dagrun for football_etl to 2026-08-04 04:14:00+00:00, run_after=2026-08-04 04:16:00+00:00
[2026-08-04T04:14:58.284+0000] {processor.py:183} INFO - Processing /opt/airflow/dags/football_etl_dag.py took 0.113 seconds
[2026-08-04T04:15:28.390+0000] {processor.py:161} INFO - Started process (PID=281) to work on /opt/airflow/dags/football_etl_dag.py
[2026-08-04T04:15:28.392+0000] {processor.py:830} INFO - Processing file /opt/airflow/dags/football_etl_dag.py for tasks to queue
[2026-08-04T04:15:28.395+0000] {logging_mixin.py:188} INFO - [2026-08-04T04:15:28.395+0000] {dagbag.py:545} INFO - Filling up the DagBag from /opt/airflow/dags/football_etl_dag.py
[2026-08-04T04:15:28.421+0000] {processor.py:840} INFO - DAG(s) 'football_etl' retrieved from /opt/airflow/dags/football_etl_dag.py
[2026-08-04T04:15:28.461+0000] {logging_mixin.py:188} INFO - [2026-08-04T04:15:28.461+0000] {dag.py:3089} INFO - Sync 1 DAGs
[2026-08-04T04:15:28.488+0000] {logging_mixin.py:188} INFO - [2026-08-04T04:15:28.487+0000] {dag.py:3947} INFO - Setting next_dagrun for football_etl to 2026-08-04 04:14:00+00:00, run_after=2026-08-04 04:16:00+00:00
[2026-08-04T04:15:28.509+0000] {processor.py:183} INFO - Processing /opt/airflow/dags/football_etl_dag.py took 0.127 seconds
[2026-08-04T04:15:58.671+0000] {processor.py:161} INFO - Started process (PID=286) to work on /opt/airflow/dags/football_etl_dag.py
[2026-08-04T04:15:58.672+0000] {processor.py:830} INFO - Processing file /opt/airflow/dags/football_etl_dag.py for tasks to queue
[2026-08-04T04:15:58.675+0000] {logging_mixin.py:188} INFO - [2026-08-04T04:15:58.674+0000] {dagbag.py:545} INFO - Filling up the DagBag from /opt/airflow/dags/football_etl_dag.py
[2026-08-04T04:15:58.701+0000] {processor.py:840} INFO - DAG(s) 'football_etl' retrieved from /opt/airflow/dags/football_etl_dag.py
[2026-08-04T04:15:58.741+0000] {logging_mixin.py:188} INFO - [2026-08-04T04:15:58.741+0000] {dag.py:3089} INFO - Sync 1 DAGs
[2026-08-04T04:15:58.775+0000] {logging_mixin.py:188} INFO - [2026-08-04T04:15:58.774+0000] {dag.py:3947} INFO - Setting next_dagrun for football_etl to 2026-08-04 04:14:00+00:00, run_after=2026-08-04 04:16:00+00:00
[2026-08-04T04:15:58.804+0000] {processor.py:183} INFO - Processing /opt/airflow/dags/football_etl_dag.py took 0.140 seconds
[2026-08-04T04:16:28.860+0000] {processor.py:161} INFO - Started process (PID=299) to work on /opt/airflow/dags/football_etl_dag.py
[2026-08-04T04:16:28.861+0000] {processor.py:830} INFO - Processing file /opt/airflow/dags/football_etl_dag.py for tasks to queue
[2026-08-04T04:16:28.864+0000] {logging_mixin.py:188} INFO - [2026-08-04T04:16:28.863+0000] {dagbag.py:545} INFO - Filling up the DagBag from /opt/airflow/dags/football_etl_dag.py
[2026-08-04T04:16:28.886+0000] {processor.py:840} INFO - DAG(s) 'football_etl' retrieved from /opt/airflow/dags/football_etl_dag.py
[2026-08-04T04:16:28.931+0000] {logging_mixin.py:188} INFO - [2026-08-04T04:16:28.931+0000] {dag.py:3089} INFO - Sync 1 DAGs
[2026-08-04T04:16:28.965+0000] {logging_mixin.py:188} INFO - [2026-08-04T04:16:28.965+0000] {dag.py:3947} INFO - Setting next_dagrun for football_etl to 2026-08-04 04:16:00+00:00, run_after=2026-08-04 04:18:00+00:00
[2026-08-04T04:16:28.992+0000] {processor.py:183} INFO - Processing /opt/airflow/dags/football_etl_dag.py took 0.140 seconds
[2026-08-04T04:16:59.146+0000] {processor.py:161} INFO - Started process (PID=304) to work on /opt/airflow/dags/football_etl_dag.py
[2026-08-04T04:16:59.147+0000] {processor.py:830} INFO - Processing file /opt/airflow/dags/football_etl_dag.py for tasks to queue
[2026-08-04T04:16:59.150+0000] {logging_mixin.py:188} INFO - [2026-08-04T04:16:59.150+0000] {dagbag.py:545} INFO - Filling up the DagBag from /opt/airflow/dags/football_etl_dag.py
[2026-08-04T04:16:59.177+0000] {processor.py:840} INFO - DAG(s) 'football_etl' retrieved from /opt/airflow/dags/football_etl_dag.py
[2026-08-04T04:16:59.217+0000] {logging_mixin.py:188} INFO - [2026-08-04T04:16:59.217+0000] {dag.py:3089} INFO - Sync 1 DAGs
[2026-08-04T04:16:59.248+0000] {logging_mixin.py:188} INFO - [2026-08-04T04:16:59.248+0000] {dag.py:3947} INFO - Setting next_dagrun for football_etl to 2026-08-04 04:16:00+00:00, run_after=2026-08-04 04:18:00+00:00
[2026-08-04T04:16:59.272+0000] {processor.py:183} INFO - Processing /opt/airflow/dags/football_etl_dag.py took 0.133 seconds
[2026-08-04T04:17:29.328+0000] {processor.py:161} INFO - Started process (PID=309) to work on /opt/airflow/dags/football_etl_dag.py
[2026-08-04T04:17:29.330+0000] {processor.py:830} INFO - Processing file /opt/airflow/dags/football_etl_dag.py for tasks to queue
[2026-08-04T04:17:29.332+0000] {logging_mixin.py:188} INFO - [2026-08-04T04:17:29.332+0000] {dagbag.py:545} INFO - Filling up the DagBag from /opt/airflow/dags/football_etl_dag.py
[2026-08-04T04:17:29.359+0000] {processor.py:840} INFO - DAG(s) 'football_etl' retrieved from /opt/airflow/dags/football_etl_dag.py
[2026-08-04T04:17:29.400+0000] {logging_mixin.py:188} INFO - [2026-08-04T04:17:29.399+0000] {dag.py:3089} INFO - Sync 1 DAGs
[2026-08-04T04:17:29.430+0000] {logging_mixin.py:188} INFO - [2026-08-04T04:17:29.430+0000] {dag.py:3947} INFO - Setting next_dagrun for football_etl to 2026-08-04 04:16:00+00:00, run_after=2026-08-04 04:18:00+00:00
[2026-08-04T04:17:29.458+0000] {processor.py:183} INFO - Processing /opt/airflow/dags/football_etl_dag.py took 0.139 seconds
[2026-08-04T04:17:59.686+0000] {processor.py:161} INFO - Started process (PID=314) to work on /opt/airflow/dags/football_etl_dag.py
[2026-08-04T04:17:59.687+0000] {processor.py:830} INFO - Processing file /opt/airflow/dags/football_etl_dag.py for tasks to queue
[2026-08-04T04:17:59.691+0000] {logging_mixin.py:188} INFO - [2026-08-04T04:17:59.691+0000] {dagbag.py:545} INFO - Filling up the DagBag from /opt/airflow/dags/football_etl_dag.py
[2026-08-04T04:17:59.716+0000] {processor.py:840} INFO - DAG(s) 'football_etl' retrieved from /opt/airflow/dags/football_etl_dag.py
[2026-08-04T04:17:59.754+0000] {logging_mixin.py:188} INFO - [2026-08-04T04:17:59.754+0000] {dag.py:3089} INFO - Sync 1 DAGs
[2026-08-04T04:17:59.784+0000] {logging_mixin.py:188} INFO - [2026-08-04T04:17:59.784+0000] {dag.py:3947} INFO - Setting next_dagrun for football_etl to 2026-08-04 04:16:00+00:00, run_after=2026-08-04 04:18:00+00:00
[2026-08-04T04:17:59.810+0000] {processor.py:183} INFO - Processing /opt/airflow/dags/football_etl_dag.py took 0.130 seconds
[2026-08-04T04:18:29.930+0000] {processor.py:161} INFO - Started process (PID=327) to work on /opt/airflow/dags/football_etl_dag.py
[2026-08-04T04:18:29.934+0000] {processor.py:830} INFO - Processing file /opt/airflow/dags/football_etl_dag.py for tasks to queue
[2026-08-04T04:18:29.938+0000] {logging_mixin.py:188} INFO - [2026-08-04T04:18:29.938+0000] {dagbag.py:545} INFO - Filling up the DagBag from /opt/airflow/dags/football_etl_dag.py
[2026-08-04T04:18:29.974+0000] {processor.py:840} INFO - DAG(s) 'football_etl' retrieved from /opt/airflow/dags/football_etl_dag.py
[2026-08-04T04:18:30.027+0000] {logging_mixin.py:188} INFO - [2026-08-04T04:18:30.027+0000] {dag.py:3089} INFO - Sync 1 DAGs
[2026-08-04T04:18:30.066+0000] {logging_mixin.py:188} INFO - [2026-08-04T04:18:30.066+0000] {dag.py:3947} INFO - Setting next_dagrun for football_etl to 2026-08-04 04:18:00+00:00, run_after=2026-08-04 04:20:00+00:00
[2026-08-04T04:18:30.096+0000] {processor.py:183} INFO - Processing /opt/airflow/dags/football_etl_dag.py took 0.176 seconds
[2026-08-04T04:19:00.244+0000] {processor.py:161} INFO - Started process (PID=332) to work on /opt/airflow/dags/football_etl_dag.py
[2026-08-04T04:19:00.246+0000] {processor.py:830} INFO - Processing file /opt/airflow/dags/football_etl_dag.py for tasks to queue
[2026-08-04T04:19:00.251+0000] {logging_mixin.py:188} INFO - [2026-08-04T04:19:00.250+0000] {dagbag.py:545} INFO - Filling up the DagBag from /opt/airflow/dags/football_etl_dag.py
[2026-08-04T04:19:00.298+0000] {processor.py:840} INFO - DAG(s) 'football_etl' retrieved from /opt/airflow/dags/football_etl_dag.py
[2026-08-04T04:19:00.372+0000] {logging_mixin.py:188} INFO - [2026-08-04T04:19:00.372+0000] {dag.py:3089} INFO - Sync 1 DAGs
[2026-08-04T04:19:00.451+0000] {logging_mixin.py:188} INFO - [2026-08-04T04:19:00.450+0000] {dag.py:3947} INFO - Setting next_dagrun for football_etl to 2026-08-04 04:18:00+00:00, run_after=2026-08-04 04:20:00+00:00
[2026-08-04T04:19:00.499+0000] {processor.py:183} INFO - Processing /opt/airflow/dags/football_etl_dag.py took 0.268 seconds
[2026-08-04T04:19:30.699+0000] {processor.py:161} INFO - Started process (PID=337) to work on /opt/airflow/dags/football_etl_dag.py
[2026-08-04T04:19:30.701+0000] {processor.py:830} INFO - Processing file /opt/airflow/dags/football_etl_dag.py for tasks to queue
[2026-08-04T04:19:30.704+0000] {logging_mixin.py:188} INFO - [2026-08-04T04:19:30.704+0000] {dagbag.py:545} INFO - Filling up the DagBag from /opt/airflow/dags/football_etl_dag.py
[2026-08-04T04:19:30.733+0000] {processor.py:840} INFO - DAG(s) 'football_etl' retrieved from /opt/airflow/dags/football_etl_dag.py
[2026-08-04T04:19:30.778+0000] {logging_mixin.py:188} INFO - [2026-08-04T04:19:30.777+0000] {dag.py:3089} INFO - Sync 1 DAGs
[2026-08-04T04:19:30.810+0000] {logging_mixin.py:188} INFO - [2026-08-04T04:19:30.810+0000] {dag.py:3947} INFO - Setting next_dagrun for football_etl to 2026-08-04 04:18:00+00:00, run_after=2026-08-04 04:20:00+00:00
[2026-08-04T04:19:30.838+0000] {processor.py:183} INFO - Processing /opt/airflow/dags/football_etl_dag.py took 0.147 seconds
[2026-08-04T04:20:00.889+0000] {processor.py:161} INFO - Started process (PID=343) to work on /opt/airflow/dags/football_etl_dag.py
[2026-08-04T04:20:00.891+0000] {processor.py:830} INFO - Processing file /opt/airflow/dags/football_etl_dag.py for tasks to queue
[2026-08-04T04:20:00.895+0000] {logging_mixin.py:188} INFO - [2026-08-04T04:20:00.894+0000] {dagbag.py:545} INFO - Filling up the DagBag from /opt/airflow/dags/football_etl_dag.py
[2026-08-04T04:20:00.931+0000] {processor.py:840} INFO - DAG(s) 'football_etl' retrieved from /opt/airflow/dags/football_etl_dag.py
[2026-08-04T04:20:00.985+0000] {logging_mixin.py:188} INFO - [2026-08-04T04:20:00.985+0000] {dag.py:3089} INFO - Sync 1 DAGs
[2026-08-04T04:20:01.033+0000] {logging_mixin.py:188} INFO - [2026-08-04T04:20:01.032+0000] {dag.py:3947} INFO - Setting next_dagrun for football_etl to 2026-08-04 04:20:00+00:00, run_after=2026-08-04 04:22:00+00:00
[2026-08-04T04:20:01.074+0000] {processor.py:183} INFO - Processing /opt/airflow/dags/football_etl_dag.py took 0.195 seconds
[2026-08-04T04:20:31.185+0000] {processor.py:161} INFO - Started process (PID=355) to work on /opt/airflow/dags/football_etl_dag.py
[2026-08-04T04:20:31.187+0000] {processor.py:830} INFO - Processing file /opt/airflow/dags/football_etl_dag.py for tasks to queue
[2026-08-04T04:20:31.191+0000] {logging_mixin.py:188} INFO - [2026-08-04T04:20:31.191+0000] {dagbag.py:545} INFO - Filling up the DagBag from /opt/airflow/dags/football_etl_dag.py
[2026-08-04T04:20:31.218+0000] {processor.py:840} INFO - DAG(s) 'football_etl' retrieved from /opt/airflow/dags/football_etl_dag.py
[2026-08-04T04:20:31.261+0000] {logging_mixin.py:188} INFO - [2026-08-04T04:20:31.261+0000] {dag.py:3089} INFO - Sync 1 DAGs
[2026-08-04T04:20:31.296+0000] {logging_mixin.py:188} INFO - [2026-08-04T04:20:31.295+0000] {dag.py:3947} INFO - Setting next_dagrun for football_etl to 2026-08-04 04:20:00+00:00, run_after=2026-08-04 04:22:00+00:00
[2026-08-04T04:20:31.322+0000] {processor.py:183} INFO - Processing /opt/airflow/dags/football_etl_dag.py took 0.144 seconds
[2026-08-04T04:21:01.435+0000] {processor.py:161} INFO - Started process (PID=360) to work on /opt/airflow/dags/football_etl_dag.py
[2026-08-04T04:21:01.437+0000] {processor.py:830} INFO - Processing file /opt/airflow/dags/football_etl_dag.py for tasks to queue
[2026-08-04T04:21:01.440+0000] {logging_mixin.py:188} INFO - [2026-08-04T04:21:01.439+0000] {dagbag.py:545} INFO - Filling up the DagBag from /opt/airflow/dags/football_etl_dag.py
[2026-08-04T04:21:01.466+0000] {processor.py:840} INFO - DAG(s) 'football_etl' retrieved from /opt/airflow/dags/football_etl_dag.py
[2026-08-04T04:21:01.506+0000] {logging_mixin.py:188} INFO - [2026-08-04T04:21:01.506+0000] {dag.py:3089} INFO - Sync 1 DAGs
[2026-08-04T04:21:01.577+0000] {logging_mixin.py:188} INFO - [2026-08-04T04:21:01.577+0000] {dag.py:3947} INFO - Setting next_dagrun for football_etl to 2026-08-04 04:20:00+00:00, run_after=2026-08-04 04:22:00+00:00
[2026-08-04T04:21:01.620+0000] {processor.py:183} INFO - Processing /opt/airflow/dags/football_etl_dag.py took 0.192 seconds
[2026-08-04T04:21:31.709+0000] {processor.py:161} INFO - Started process (PID=365) to work on /opt/airflow/dags/football_etl_dag.py
[2026-08-04T04:21:31.713+0000] {processor.py:830} INFO - Processing file /opt/airflow/dags/football_etl_dag.py for tasks to queue
[2026-08-04T04:21:31.718+0000] {logging_mixin.py:188} INFO - [2026-08-04T04:21:31.717+0000] {dagbag.py:545} INFO - Filling up the DagBag from /opt/airflow/dags/football_etl_dag.py
[2026-08-04T04:21:31.761+0000] {processor.py:840} INFO - DAG(s) 'football_etl' retrieved from /opt/airflow/dags/football_etl_dag.py
[2026-08-04T04:21:31.843+0000] {logging_mixin.py:188} INFO - [2026-08-04T04:21:31.843+0000] {dag.py:3089} INFO - Sync 1 DAGs
[2026-08-04T04:21:31.904+0000] {logging_mixin.py:188} INFO - [2026-08-04T04:21:31.903+0000] {dag.py:3947} INFO - Setting next_dagrun for football_etl to 2026-08-04 04:20:00+00:00, run_after=2026-08-04 04:22:00+00:00
[2026-08-04T04:21:31.936+0000] {processor.py:183} INFO - Processing /opt/airflow/dags/football_etl_dag.py took 0.245 seconds
[2026-08-04T04:22:02.065+0000] {processor.py:161} INFO - Started process (PID=373) to work on /opt/airflow/dags/football_etl_dag.py
[2026-08-04T04:22:02.067+0000] {processor.py:830} INFO - Processing file /opt/airflow/dags/football_etl_dag.py for tasks to queue
[2026-08-04T04:22:02.070+0000] {logging_mixin.py:188} INFO - [2026-08-04T04:22:02.070+0000] {dagbag.py:545} INFO - Filling up the DagBag from /opt/airflow/dags/football_etl_dag.py
[2026-08-04T04:22:02.104+0000] {processor.py:840} INFO - DAG(s) 'football_etl' retrieved from /opt/airflow/dags/football_etl_dag.py
[2026-08-04T04:22:02.159+0000] {logging_mixin.py:188} INFO - [2026-08-04T04:22:02.159+0000] {dag.py:3089} INFO - Sync 1 DAGs
[2026-08-04T04:22:02.198+0000] {logging_mixin.py:188} INFO - [2026-08-04T04:22:02.197+0000] {dag.py:3947} INFO - Setting next_dagrun for football_etl to 2026-08-04 04:22:00+00:00, run_after=2026-08-04 04:24:00+00:00
[2026-08-04T04:22:02.229+0000] {processor.py:183} INFO - Processing /opt/airflow/dags/football_etl_dag.py took 0.179 seconds
[2026-08-04T04:22:32.407+0000] {processor.py:161} INFO - Started process (PID=383) to work on /opt/airflow/dags/football_etl_dag.py
[2026-08-04T04:22:32.409+0000] {processor.py:830} INFO - Processing file /opt/airflow/dags/football_etl_dag.py for tasks to queue
[2026-08-04T04:22:32.412+0000] {logging_mixin.py:188} INFO - [2026-08-04T04:22:32.412+0000] {dagbag.py:545} INFO - Filling up the DagBag from /opt/airflow/dags/football_etl_dag.py
[2026-08-04T04:22:32.451+0000] {processor.py:840} INFO - DAG(s) 'football_etl' retrieved from /opt/airflow/dags/football_etl_dag.py
[2026-08-04T04:22:32.515+0000] {logging_mixin.py:188} INFO - [2026-08-04T04:22:32.514+0000] {dag.py:3089} INFO - Sync 1 DAGs
[2026-08-04T04:22:32.569+0000] {logging_mixin.py:188} INFO - [2026-08-04T04:22:32.568+0000] {dag.py:3947} INFO - Setting next_dagrun for football_etl to 2026-08-04 04:22:00+00:00, run_after=2026-08-04 04:24:00+00:00
[2026-08-04T04:22:32.645+0000] {processor.py:183} INFO - Processing /opt/airflow/dags/football_etl_dag.py took 0.249 seconds
[2026-08-04T04:23:02.913+0000] {processor.py:161} INFO - Started process (PID=388) to work on /opt/airflow/dags/football_etl_dag.py
[2026-08-04T04:23:02.915+0000] {processor.py:830} INFO - Processing file /opt/airflow/dags/football_etl_dag.py for tasks to queue
[2026-08-04T04:23:02.918+0000] {logging_mixin.py:188} INFO - [2026-08-04T04:23:02.917+0000] {dagbag.py:545} INFO - Filling up the DagBag from /opt/airflow/dags/football_etl_dag.py
[2026-08-04T04:23:02.948+0000] {processor.py:840} INFO - DAG(s) 'football_etl' retrieved from /opt/airflow/dags/football_etl_dag.py
[2026-08-04T04:23:02.993+0000] {logging_mixin.py:188} INFO - [2026-08-04T04:23:02.993+0000] {dag.py:3089} INFO - Sync 1 DAGs
[2026-08-04T04:23:03.026+0000] {logging_mixin.py:188} INFO - [2026-08-04T04:23:03.025+0000] {dag.py:3947} INFO - Setting next_dagrun for football_etl to 2026-08-04 04:22:00+00:00, run_after=2026-08-04 04:24:00+00:00
[2026-08-04T04:23:03.051+0000] {processor.py:183} INFO - Processing /opt/airflow/dags/football_etl_dag.py took 0.148 seconds
[2026-08-04T04:23:33.145+0000] {processor.py:161} INFO - Started process (PID=393) to work on /opt/airflow/dags/football_etl_dag.py
[2026-08-04T04:23:33.147+0000] {processor.py:830} INFO - Processing file /opt/airflow/dags/football_etl_dag.py for tasks to queue
[2026-08-04T04:23:33.150+0000] {logging_mixin.py:188} INFO - [2026-08-04T04:23:33.149+0000] {dagbag.py:545} INFO - Filling up the DagBag from /opt/airflow/dags/football_etl_dag.py
[2026-08-04T04:23:33.174+0000] {processor.py:840} INFO - DAG(s) 'football_etl' retrieved from /opt/airflow/dags/football_etl_dag.py
[2026-08-04T04:23:33.213+0000] {logging_mixin.py:188} INFO - [2026-08-04T04:23:33.213+0000] {dag.py:3089} INFO - Sync 1 DAGs
[2026-08-04T04:23:33.242+0000] {logging_mixin.py:188} INFO - [2026-08-04T04:23:33.242+0000] {dag.py:3947} INFO - Setting next_dagrun for football_etl to 2026-08-04 04:22:00+00:00, run_after=2026-08-04 04:24:00+00:00
[2026-08-04T04:23:33.265+0000] {processor.py:183} INFO - Processing /opt/airflow/dags/football_etl_dag.py took 0.126 seconds
[2026-08-04T04:24:03.486+0000] {processor.py:161} INFO - Started process (PID=404) to work on /opt/airflow/dags/football_etl_dag.py
[2026-08-04T04:24:03.487+0000] {processor.py:830} INFO - Processing file /opt/airflow/dags/football_etl_dag.py for tasks to queue
[2026-08-04T04:24:03.490+0000] {logging_mixin.py:188} INFO - [2026-08-04T04:24:03.490+0000] {dagbag.py:545} INFO - Filling up the DagBag from /opt/airflow/dags/football_etl_dag.py
[2026-08-04T04:24:03.514+0000] {processor.py:840} INFO - DAG(s) 'football_etl' retrieved from /opt/airflow/dags/football_etl_dag.py
[2026-08-04T04:24:03.550+0000] {logging_mixin.py:188} INFO - [2026-08-04T04:24:03.550+0000] {dag.py:3089} INFO - Sync 1 DAGs
[2026-08-04T04:24:03.576+0000] {logging_mixin.py:188} INFO - [2026-08-04T04:24:03.576+0000] {dag.py:3947} INFO - Setting next_dagrun for football_etl to 2026-08-04 04:24:00+00:00, run_after=2026-08-04 04:26:00+00:00
[2026-08-04T04:24:03.597+0000] {processor.py:183} INFO - Processing /opt/airflow/dags/football_etl_dag.py took 0.118 seconds
[2026-08-04T04:24:33.659+0000] {processor.py:161} INFO - Started process (PID=411) to work on /opt/airflow/dags/football_etl_dag.py
[2026-08-04T04:24:33.661+0000] {processor.py:830} INFO - Processing file /opt/airflow/dags/football_etl_dag.py for tasks to queue
[2026-08-04T04:24:33.663+0000] {logging_mixin.py:188} INFO - [2026-08-04T04:24:33.663+0000] {dagbag.py:545} INFO - Filling up the DagBag from /opt/airflow/dags/football_etl_dag.py
[2026-08-04T04:24:33.690+0000] {processor.py:840} INFO - DAG(s) 'football_etl' retrieved from /opt/airflow/dags/football_etl_dag.py
[2026-08-04T04:24:33.731+0000] {logging_mixin.py:188} INFO - [2026-08-04T04:24:33.731+0000] {dag.py:3089} INFO - Sync 1 DAGs
[2026-08-04T04:24:33.769+0000] {logging_mixin.py:188} INFO - [2026-08-04T04:24:33.769+0000] {dag.py:3947} INFO - Setting next_dagrun for football_etl to 2026-08-04 04:24:00+00:00, run_after=2026-08-04 04:26:00+00:00
[2026-08-04T04:24:33.809+0000] {processor.py:183} INFO - Processing /opt/airflow/dags/football_etl_dag.py took 0.158 seconds
[2026-08-04T04:25:03.987+0000] {processor.py:161} INFO - Started process (PID=416) to work on /opt/airflow/dags/football_etl_dag.py
[2026-08-04T04:25:03.989+0000] {processor.py:830} INFO - Processing file /opt/airflow/dags/football_etl_dag.py for tasks to queue
[2026-08-04T04:25:03.992+0000] {logging_mixin.py:188} INFO - [2026-08-04T04:25:03.991+0000] {dagbag.py:545} INFO - Filling up the DagBag from /opt/airflow/dags/football_etl_dag.py
[2026-08-04T04:25:04.016+0000] {processor.py:840} INFO - DAG(s) 'football_etl' retrieved from /opt/airflow/dags/football_etl_dag.py
[2026-08-04T04:25:04.057+0000] {logging_mixin.py:188} INFO - [2026-08-04T04:25:04.057+0000] {dag.py:3089} INFO - Sync 1 DAGs
[2026-08-04T04:25:04.085+0000] {logging_mixin.py:188} INFO - [2026-08-04T04:25:04.085+0000] {dag.py:3947} INFO - Setting next_dagrun for football_etl to 2026-08-04 04:24:00+00:00, run_after=2026-08-04 04:26:00+00:00
[2026-08-04T04:25:04.107+0000] {processor.py:183} INFO - Processing /opt/airflow/dags/football_etl_dag.py took 0.126 seconds
[2026-08-04T04:25:34.345+0000] {processor.py:161} INFO - Started process (PID=421) to work on /opt/airflow/dags/football_etl_dag.py
[2026-08-04T04:25:34.348+0000] {processor.py:830} INFO - Processing file /opt/airflow/dags/football_etl_dag.py for tasks to queue
[2026-08-04T04:25:34.358+0000] {logging_mixin.py:188} INFO - [2026-08-04T04:25:34.357+0000] {dagbag.py:545} INFO - Filling up the DagBag from /opt/airflow/dags/football_etl_dag.py
[2026-08-04T04:25:34.416+0000] {processor.py:840} INFO - DAG(s) 'football_etl' retrieved from /opt/airflow/dags/football_etl_dag.py
[2026-08-04T04:25:34.478+0000] {logging_mixin.py:188} INFO - [2026-08-04T04:25:34.478+0000] {dag.py:3089} INFO - Sync 1 DAGs
[2026-08-04T04:25:34.530+0000] {logging_mixin.py:188} INFO - [2026-08-04T04:25:34.530+0000] {dag.py:3947} INFO - Setting next_dagrun for football_etl to 2026-08-04 04:24:00+00:00, run_after=2026-08-04 04:26:00+00:00
[2026-08-04T04:25:34.587+0000] {processor.py:183} INFO - Processing /opt/airflow/dags/football_etl_dag.py took 0.278 seconds
[2026-08-04T03:56:13.229+0000] {processor.py:161} INFO - Started process (PID=165) to work on /opt/airflow/dags/football_etl_dag.py
[2026-08-04T03:56:13.233+0000] {processor.py:830} INFO - Processing file /opt/airflow/dags/football_etl_dag.py for tasks to queue
[2026-08-04T03:56:13.241+0000] {logging_mixin.py:188} INFO - [2026-08-04T03:56:13.240+0000] {dagbag.py:545} INFO - Filling up the DagBag from /opt/airflow/dags/football_etl_dag.py
[2026-08-04T03:56:13.344+0000] {processor.py:840} INFO - DAG(s) 'football_etl' retrieved from /opt/airflow/dags/football_etl_dag.py
[2026-08-04T03:56:13.460+0000] {logging_mixin.py:188} INFO - [2026-08-04T03:56:13.459+0000] {dag.py:3089} INFO - Sync 1 DAGs
[2026-08-04T03:56:13.552+0000] {logging_mixin.py:188} INFO - [2026-08-04T03:56:13.551+0000] {dag.py:3947} INFO - Setting next_dagrun for football_etl to 2026-08-04 04:26:00+00:00, run_after=2026-08-04 04:28:00+00:00
[2026-08-04T03:56:13.622+0000] {processor.py:183} INFO - Processing /opt/airflow/dags/football_etl_dag.py took 0.422 seconds
[2026-08-04T03:56:43.956+0000] {processor.py:161} INFO - Started process (PID=170) to work on /opt/airflow/dags/football_etl_dag.py
[2026-08-04T03:56:43.959+0000] {processor.py:830} INFO - Processing file /opt/airflow/dags/football_etl_dag.py for tasks to queue
[2026-08-04T03:56:43.966+0000] {logging_mixin.py:188} INFO - [2026-08-04T03:56:43.965+0000] {dagbag.py:545} INFO - Filling up the DagBag from /opt/airflow/dags/football_etl_dag.py
[2026-08-04T03:56:44.018+0000] {processor.py:840} INFO - DAG(s) 'football_etl' retrieved from /opt/airflow/dags/football_etl_dag.py
[2026-08-04T03:56:45.276+0000] {logging_mixin.py:188} INFO - [2026-08-04T03:56:45.275+0000] {dag.py:3089} INFO - Sync 1 DAGs
[2026-08-04T03:56:45.332+0000] {logging_mixin.py:188} INFO - [2026-08-04T03:56:45.332+0000] {dag.py:3947} INFO - Setting next_dagrun for football_etl to 2026-08-04 04:26:00+00:00, run_after=2026-08-04 04:28:00+00:00
[2026-08-04T03:56:45.391+0000] {processor.py:183} INFO - Processing /opt/airflow/dags/football_etl_dag.py took 1.450 seconds
[2026-08-04T03:57:15.752+0000] {processor.py:161} INFO - Started process (PID=175) to work on /opt/airflow/dags/football_etl_dag.py
[2026-08-04T03:57:15.754+0000] {processor.py:830} INFO - Processing file /opt/airflow/dags/football_etl_dag.py for tasks to queue
[2026-08-04T03:57:15.757+0000] {logging_mixin.py:188} INFO - [2026-08-04T03:57:15.757+0000] {dagbag.py:545} INFO - Filling up the DagBag from /opt/airflow/dags/football_etl_dag.py
[2026-08-04T03:57:15.802+0000] {processor.py:840} INFO - DAG(s) 'football_etl' retrieved from /opt/airflow/dags/football_etl_dag.py
[2026-08-04T03:57:15.865+0000] {logging_mixin.py:188} INFO - [2026-08-04T03:57:15.864+0000] {dag.py:3089} INFO - Sync 1 DAGs
[2026-08-04T03:57:15.938+0000] {logging_mixin.py:188} INFO - [2026-08-04T03:57:15.937+0000] {dag.py:3947} INFO - Setting next_dagrun for football_etl to 2026-08-04 04:26:00+00:00, run_after=2026-08-04 04:28:00+00:00
[2026-08-04T03:57:16.001+0000] {processor.py:183} INFO - Processing /opt/airflow/dags/football_etl_dag.py took 0.261 seconds
[2026-08-04T03:57:46.260+0000] {processor.py:161} INFO - Started process (PID=180) to work on /opt/airflow/dags/football_etl_dag.py
[2026-08-04T03:57:46.261+0000] {processor.py:830} INFO - Processing file /opt/airflow/dags/football_etl_dag.py for tasks to queue
[2026-08-04T03:57:46.264+0000] {logging_mixin.py:188} INFO - [2026-08-04T03:57:46.264+0000] {dagbag.py:545} INFO - Filling up the DagBag from /opt/airflow/dags/football_etl_dag.py
[2026-08-04T03:57:46.293+0000] {processor.py:840} INFO - DAG(s) 'football_etl' retrieved from /opt/airflow/dags/football_etl_dag.py
[2026-08-04T03:57:46.331+0000] {logging_mixin.py:188} INFO - [2026-08-04T03:57:46.330+0000] {dag.py:3089} INFO - Sync 1 DAGs
[2026-08-04T03:57:46.357+0000] {logging_mixin.py:188} INFO - [2026-08-04T03:57:46.357+0000] {dag.py:3947} INFO - Setting next_dagrun for football_etl to 2026-08-04 04:26:00+00:00, run_after=2026-08-04 04:28:00+00:00
[2026-08-04T03:57:46.378+0000] {processor.py:183} INFO - Processing /opt/airflow/dags/football_etl_dag.py took 0.127 seconds
[2026-08-04T03:58:16.494+0000] {processor.py:161} INFO - Started process (PID=185) to work on /opt/airflow/dags/football_etl_dag.py
[2026-08-04T03:58:16.496+0000] {processor.py:830} INFO - Processing file /opt/airflow/dags/football_etl_dag.py for tasks to queue
[2026-08-04T03:58:16.499+0000] {logging_mixin.py:188} INFO - [2026-08-04T03:58:16.498+0000] {dagbag.py:545} INFO - Filling up the DagBag from /opt/airflow/dags/football_etl_dag.py
[2026-08-04T03:58:16.524+0000] {processor.py:840} INFO - DAG(s) 'football_etl' retrieved from /opt/airflow/dags/football_etl_dag.py
[2026-08-04T03:58:16.563+0000] {logging_mixin.py:188} INFO - [2026-08-04T03:58:16.563+0000] {dag.py:3089} INFO - Sync 1 DAGs
[2026-08-04T03:58:16.591+0000] {logging_mixin.py:188} INFO - [2026-08-04T03:58:16.591+0000] {dag.py:3947} INFO - Setting next_dagrun for football_etl to 2026-08-04 04:26:00+00:00, run_after=2026-08-04 04:28:00+00:00
[2026-08-04T03:58:16.615+0000] {processor.py:183} INFO - Processing /opt/airflow/dags/football_etl_dag.py took 0.128 seconds
[2026-08-04T03:58:46.839+0000] {processor.py:161} INFO - Started process (PID=190) to work on /opt/airflow/dags/football_etl_dag.py
[2026-08-04T03:58:46.841+0000] {processor.py:830} INFO - Processing file /opt/airflow/dags/football_etl_dag.py for tasks to queue
[2026-08-04T03:58:46.844+0000] {logging_mixin.py:188} INFO - [2026-08-04T03:58:46.843+0000] {dagbag.py:545} INFO - Filling up the DagBag from /opt/airflow/dags/football_etl_dag.py
[2026-08-04T03:58:46.868+0000] {processor.py:840} INFO - DAG(s) 'football_etl' retrieved from /opt/airflow/dags/football_etl_dag.py
[2026-08-04T03:58:46.902+0000] {logging_mixin.py:188} INFO - [2026-08-04T03:58:46.902+0000] {dag.py:3089} INFO - Sync 1 DAGs
[2026-08-04T03:58:46.928+0000] {logging_mixin.py:188} INFO - [2026-08-04T03:58:46.928+0000] {dag.py:3947} INFO - Setting next_dagrun for football_etl to 2026-08-04 04:26:00+00:00, run_after=2026-08-04 04:28:00+00:00
[2026-08-04T03:58:46.950+0000] {processor.py:183} INFO - Processing /opt/airflow/dags/football_etl_dag.py took 0.118 seconds
[2026-08-04T03:59:17.087+0000] {processor.py:161} INFO - Started process (PID=195) to work on /opt/airflow/dags/football_etl_dag.py
[2026-08-04T03:59:17.089+0000] {processor.py:830} INFO - Processing file /opt/airflow/dags/football_etl_dag.py for tasks to queue
[2026-08-04T03:59:17.091+0000] {logging_mixin.py:188} INFO - [2026-08-04T03:59:17.091+0000] {dagbag.py:545} INFO - Filling up the DagBag from /opt/airflow/dags/football_etl_dag.py
[2026-08-04T03:59:17.119+0000] {processor.py:840} INFO - DAG(s) 'football_etl' retrieved from /opt/airflow/dags/football_etl_dag.py
[2026-08-04T03:59:17.154+0000] {logging_mixin.py:188} INFO - [2026-08-04T03:59:17.154+0000] {dag.py:3089} INFO - Sync 1 DAGs
[2026-08-04T03:59:17.180+0000] {logging_mixin.py:188} INFO - [2026-08-04T03:59:17.180+0000] {dag.py:3947} INFO - Setting next_dagrun for football_etl to 2026-08-04 04:26:00+00:00, run_after=2026-08-04 04:28:00+00:00
[2026-08-04T03:59:17.200+0000] {processor.py:183} INFO - Processing /opt/airflow/dags/football_etl_dag.py took 0.119 seconds
[2026-08-04T03:59:47.446+0000] {processor.py:161} INFO - Started process (PID=200) to work on /opt/airflow/dags/football_etl_dag.py
[2026-08-04T03:59:47.447+0000] {processor.py:830} INFO - Processing file /opt/airflow/dags/football_etl_dag.py for tasks to queue
[2026-08-04T03:59:47.450+0000] {logging_mixin.py:188} INFO - [2026-08-04T03:59:47.450+0000] {dagbag.py:545} INFO - Filling up the DagBag from /opt/airflow/dags/football_etl_dag.py
[2026-08-04T03:59:47.477+0000] {processor.py:840} INFO - DAG(s) 'football_etl' retrieved from /opt/airflow/dags/football_etl_dag.py
[2026-08-04T03:59:47.520+0000] {logging_mixin.py:188} INFO - [2026-08-04T03:59:47.520+0000] {dag.py:3089} INFO - Sync 1 DAGs
[2026-08-04T03:59:47.549+0000] {logging_mixin.py:188} INFO - [2026-08-04T03:59:47.549+0000] {dag.py:3947} INFO - Setting next_dagrun for football_etl to 2026-08-04 04:26:00+00:00, run_after=2026-08-04 04:28:00+00:00
[2026-08-04T03:59:47.570+0000] {processor.py:183} INFO - Processing /opt/airflow/dags/football_etl_dag.py took 0.131 seconds
[2026-08-04T04:00:17.688+0000] {processor.py:161} INFO - Started process (PID=205) to work on /opt/airflow/dags/football_etl_dag.py
[2026-08-04T04:00:17.690+0000] {processor.py:830} INFO - Processing file /opt/airflow/dags/football_etl_dag.py for tasks to queue
[2026-08-04T04:00:17.693+0000] {logging_mixin.py:188} INFO - [2026-08-04T04:00:17.693+0000] {dagbag.py:545} INFO - Filling up the DagBag from /opt/airflow/dags/football_etl_dag.py
[2026-08-04T04:00:17.723+0000] {processor.py:840} INFO - DAG(s) 'football_etl' retrieved from /opt/airflow/dags/football_etl_dag.py
[2026-08-04T04:00:17.765+0000] {logging_mixin.py:188} INFO - [2026-08-04T04:00:17.765+0000] {dag.py:3089} INFO - Sync 1 DAGs
[2026-08-04T04:00:17.798+0000] {logging_mixin.py:188} INFO - [2026-08-04T04:00:17.798+0000] {dag.py:3947} INFO - Setting next_dagrun for football_etl to 2026-08-04 04:26:00+00:00, run_after=2026-08-04 04:28:00+00:00
[2026-08-04T04:00:17.823+0000] {processor.py:183} INFO - Processing /opt/airflow/dags/football_etl_dag.py took 0.143 seconds
[2026-08-04T04:00:47.962+0000] {processor.py:161} INFO - Started process (PID=210) to work on /opt/airflow/dags/football_etl_dag.py
[2026-08-04T04:00:47.964+0000] {processor.py:830} INFO - Processing file /opt/airflow/dags/football_etl_dag.py for tasks to queue
[2026-08-04T04:00:47.967+0000] {logging_mixin.py:188} INFO - [2026-08-04T04:00:47.967+0000] {dagbag.py:545} INFO - Filling up the DagBag from /opt/airflow/dags/football_etl_dag.py
[2026-08-04T04:00:47.993+0000] {processor.py:840} INFO - DAG(s) 'football_etl' retrieved from /opt/airflow/dags/football_etl_dag.py
[2026-08-04T04:00:48.029+0000] {logging_mixin.py:188} INFO - [2026-08-04T04:00:48.029+0000] {dag.py:3089} INFO - Sync 1 DAGs
[2026-08-04T04:00:48.059+0000] {logging_mixin.py:188} INFO - [2026-08-04T04:00:48.059+0000] {dag.py:3947} INFO - Setting next_dagrun for football_etl to 2026-08-04 04:26:00+00:00, run_after=2026-08-04 04:28:00+00:00
[2026-08-04T04:00:48.082+0000] {processor.py:183} INFO - Processing /opt/airflow/dags/football_etl_dag.py took 0.128 seconds
[2026-08-04T04:01:18.316+0000] {processor.py:161} INFO - Started process (PID=215) to work on /opt/airflow/dags/football_etl_dag.py
[2026-08-04T04:01:18.318+0000] {processor.py:830} INFO - Processing file /opt/airflow/dags/football_etl_dag.py for tasks to queue
[2026-08-04T04:01:18.321+0000] {logging_mixin.py:188} INFO - [2026-08-04T04:01:18.321+0000] {dagbag.py:545} INFO - Filling up the DagBag from /opt/airflow/dags/football_etl_dag.py
[2026-08-04T04:01:18.352+0000] {processor.py:840} INFO - DAG(s) 'football_etl' retrieved from /opt/airflow/dags/football_etl_dag.py
[2026-08-04T04:01:18.394+0000] {logging_mixin.py:188} INFO - [2026-08-04T04:01:18.394+0000] {dag.py:3089} INFO - Sync 1 DAGs
[2026-08-04T04:01:18.427+0000] {logging_mixin.py:188} INFO - [2026-08-04T04:01:18.427+0000] {dag.py:3947} INFO - Setting next_dagrun for football_etl to 2026-08-04 04:26:00+00:00, run_after=2026-08-04 04:28:00+00:00
[2026-08-04T04:01:18.451+0000] {processor.py:183} INFO - Processing /opt/airflow/dags/football_etl_dag.py took 0.143 seconds
[2026-08-04T04:01:48.554+0000] {processor.py:161} INFO - Started process (PID=220) to work on /opt/airflow/dags/football_etl_dag.py
[2026-08-04T04:01:48.555+0000] {processor.py:830} INFO - Processing file /opt/airflow/dags/football_etl_dag.py for tasks to queue
[2026-08-04T04:01:48.558+0000] {logging_mixin.py:188} INFO - [2026-08-04T04:01:48.557+0000] {dagbag.py:545} INFO - Filling up the DagBag from /opt/airflow/dags/football_etl_dag.py
[2026-08-04T04:01:48.580+0000] {processor.py:840} INFO - DAG(s) 'football_etl' retrieved from /opt/airflow/dags/football_etl_dag.py
[2026-08-04T04:01:48.615+0000] {logging_mixin.py:188} INFO - [2026-08-04T04:01:48.615+0000] {dag.py:3089} INFO - Sync 1 DAGs
[2026-08-04T04:01:48.642+0000] {logging_mixin.py:188} INFO - [2026-08-04T04:01:48.642+0000] {dag.py:3947} INFO - Setting next_dagrun for football_etl to 2026-08-04 04:26:00+00:00, run_after=2026-08-04 04:28:00+00:00
[2026-08-04T04:01:48.668+0000] {processor.py:183} INFO - Processing /opt/airflow/dags/football_etl_dag.py took 0.120 seconds
[2026-08-04T04:02:18.883+0000] {processor.py:161} INFO - Started process (PID=225) to work on /opt/airflow/dags/football_etl_dag.py
[2026-08-04T04:02:18.884+0000] {processor.py:830} INFO - Processing file /opt/airflow/dags/football_etl_dag.py for tasks to queue
[2026-08-04T04:02:18.887+0000] {logging_mixin.py:188} INFO - [2026-08-04T04:02:18.887+0000] {dagbag.py:545} INFO - Filling up the DagBag from /opt/airflow/dags/football_etl_dag.py
[2026-08-04T04:02:18.914+0000] {processor.py:840} INFO - DAG(s) 'football_etl' retrieved from /opt/airflow/dags/football_etl_dag.py
[2026-08-04T04:02:18.957+0000] {logging_mixin.py:188} INFO - [2026-08-04T04:02:18.957+0000] {dag.py:3089} INFO - Sync 1 DAGs
[2026-08-04T04:02:18.989+0000] {logging_mixin.py:188} INFO - [2026-08-04T04:02:18.989+0000] {dag.py:3947} INFO - Setting next_dagrun for football_etl to 2026-08-04 04:26:00+00:00, run_after=2026-08-04 04:28:00+00:00
[2026-08-04T04:02:19.014+0000] {processor.py:183} INFO - Processing /opt/airflow/dags/football_etl_dag.py took 0.137 seconds
[2026-08-04T04:02:49.182+0000] {processor.py:161} INFO - Started process (PID=230) to work on /opt/airflow/dags/football_etl_dag.py
[2026-08-04T04:02:49.184+0000] {processor.py:830} INFO - Processing file /opt/airflow/dags/football_etl_dag.py for tasks to queue
[2026-08-04T04:02:49.188+0000] {logging_mixin.py:188} INFO - [2026-08-04T04:02:49.187+0000] {dagbag.py:545} INFO - Filling up the DagBag from /opt/airflow/dags/football_etl_dag.py
[2026-08-04T04:02:49.216+0000] {processor.py:840} INFO - DAG(s) 'football_etl' retrieved from /opt/airflow/dags/football_etl_dag.py
[2026-08-04T04:02:49.256+0000] {logging_mixin.py:188} INFO - [2026-08-04T04:02:49.256+0000] {dag.py:3089} INFO - Sync 1 DAGs
[2026-08-04T04:02:49.289+0000] {logging_mixin.py:188} INFO - [2026-08-04T04:02:49.289+0000] {dag.py:3947} INFO - Setting next_dagrun for football_etl to 2026-08-04 04:26:00+00:00, run_after=2026-08-04 04:28:00+00:00
[2026-08-04T04:02:49.314+0000] {processor.py:183} INFO - Processing /opt/airflow/dags/football_etl_dag.py took 0.139 seconds
[2026-08-04T04:03:19.456+0000] {processor.py:161} INFO - Started process (PID=235) to work on /opt/airflow/dags/football_etl_dag.py
[2026-08-04T04:03:19.457+0000] {processor.py:830} INFO - Processing file /opt/airflow/dags/football_etl_dag.py for tasks to queue
[2026-08-04T04:03:19.460+0000] {logging_mixin.py:188} INFO - [2026-08-04T04:03:19.460+0000] {dagbag.py:545} INFO - Filling up the DagBag from /opt/airflow/dags/football_etl_dag.py
[2026-08-04T04:03:19.485+0000] {processor.py:840} INFO - DAG(s) 'football_etl' retrieved from /opt/airflow/dags/football_etl_dag.py
[2026-08-04T04:03:19.522+0000] {logging_mixin.py:188} INFO - [2026-08-04T04:03:19.522+0000] {dag.py:3089} INFO - Sync 1 DAGs
[2026-08-04T04:03:19.548+0000] {logging_mixin.py:188} INFO - [2026-08-04T04:03:19.548+0000] {dag.py:3947} INFO - Setting next_dagrun for football_etl to 2026-08-04 04:26:00+00:00, run_after=2026-08-04 04:28:00+00:00
[2026-08-04T04:03:19.571+0000] {processor.py:183} INFO - Processing /opt/airflow/dags/football_etl_dag.py took 0.121 seconds
[2026-08-04T04:03:49.785+0000] {processor.py:161} INFO - Started process (PID=240) to work on /opt/airflow/dags/football_etl_dag.py
[2026-08-04T04:03:49.786+0000] {processor.py:830} INFO - Processing file /opt/airflow/dags/football_etl_dag.py for tasks to queue
[2026-08-04T04:03:49.789+0000] {logging_mixin.py:188} INFO - [2026-08-04T04:03:49.789+0000] {dagbag.py:545} INFO - Filling up the DagBag from /opt/airflow/dags/football_etl_dag.py
[2026-08-04T04:03:49.814+0000] {processor.py:840} INFO - DAG(s) 'football_etl' retrieved from /opt/airflow/dags/football_etl_dag.py
[2026-08-04T04:03:49.850+0000] {logging_mixin.py:188} INFO - [2026-08-04T04:03:49.850+0000] {dag.py:3089} INFO - Sync 1 DAGs
[2026-08-04T04:03:49.876+0000] {logging_mixin.py:188} INFO - [2026-08-04T04:03:49.876+0000] {dag.py:3947} INFO - Setting next_dagrun for football_etl to 2026-08-04 04:26:00+00:00, run_after=2026-08-04 04:28:00+00:00
[2026-08-04T04:03:49.896+0000] {processor.py:183} INFO - Processing /opt/airflow/dags/football_etl_dag.py took 0.118 seconds
[2026-08-04T04:04:20.015+0000] {processor.py:161} INFO - Started process (PID=245) to work on /opt/airflow/dags/football_etl_dag.py
[2026-08-04T04:04:20.017+0000] {processor.py:830} INFO - Processing file /opt/airflow/dags/football_etl_dag.py for tasks to queue
[2026-08-04T04:04:20.019+0000] {logging_mixin.py:188} INFO - [2026-08-04T04:04:20.019+0000] {dagbag.py:545} INFO - Filling up the DagBag from /opt/airflow/dags/football_etl_dag.py
[2026-08-04T04:04:20.042+0000] {processor.py:840} INFO - DAG(s) 'football_etl' retrieved from /opt/airflow/dags/football_etl_dag.py
[2026-08-04T04:04:20.079+0000] {logging_mixin.py:188} INFO - [2026-08-04T04:04:20.078+0000] {dag.py:3089} INFO - Sync 1 DAGs
[2026-08-04T04:04:20.106+0000] {logging_mixin.py:188} INFO - [2026-08-04T04:04:20.106+0000] {dag.py:3947} INFO - Setting next_dagrun for football_etl to 2026-08-04 04:26:00+00:00, run_after=2026-08-04 04:28:00+00:00
[2026-08-04T04:04:20.127+0000] {processor.py:183} INFO - Processing /opt/airflow/dags/football_etl_dag.py took 0.118 seconds
[2026-08-04T04:04:50.337+0000] {processor.py:161} INFO - Started process (PID=250) to work on /opt/airflow/dags/football_etl_dag.py
[2026-08-04T04:04:50.338+0000] {processor.py:830} INFO - Processing file /opt/airflow/dags/football_etl_dag.py for tasks to queue
[2026-08-04T04:04:50.341+0000] {logging_mixin.py:188} INFO - [2026-08-04T04:04:50.341+0000] {dagbag.py:545} INFO - Filling up the DagBag from /opt/airflow/dags/football_etl_dag.py
[2026-08-04T04:04:50.369+0000] {processor.py:840} INFO - DAG(s) 'football_etl' retrieved from /opt/airflow/dags/football_etl_dag.py
[2026-08-04T04:04:50.405+0000] {logging_mixin.py:188} INFO - [2026-08-04T04:04:50.405+0000] {dag.py:3089} INFO - Sync 1 DAGs
[2026-08-04T04:04:50.432+0000] {logging_mixin.py:188} INFO - [2026-08-04T04:04:50.432+0000] {dag.py:3947} INFO - Setting next_dagrun for football_etl to 2026-08-04 04:26:00+00:00, run_after=2026-08-04 04:28:00+00:00
[2026-08-04T04:04:50.453+0000] {processor.py:183} INFO - Processing /opt/airflow/dags/football_etl_dag.py took 0.123 seconds
[2026-08-04T04:05:20.544+0000] {processor.py:161} INFO - Started process (PID=255) to work on /opt/airflow/dags/football_etl_dag.py
[2026-08-04T04:05:20.546+0000] {processor.py:830} INFO - Processing file /opt/airflow/dags/football_etl_dag.py for tasks to queue
[2026-08-04T04:05:20.548+0000] {logging_mixin.py:188} INFO - [2026-08-04T04:05:20.548+0000] {dagbag.py:545} INFO - Filling up the DagBag from /opt/airflow/dags/football_etl_dag.py
[2026-08-04T04:05:20.577+0000] {processor.py:840} INFO - DAG(s) 'football_etl' retrieved from /opt/airflow/dags/football_etl_dag.py
[2026-08-04T04:05:20.613+0000] {logging_mixin.py:188} INFO - [2026-08-04T04:05:20.613+0000] {dag.py:3089} INFO - Sync 1 DAGs
[2026-08-04T04:05:20.656+0000] {logging_mixin.py:188} INFO - [2026-08-04T04:05:20.656+0000] {dag.py:3947} INFO - Setting next_dagrun for football_etl to 2026-08-04 04:26:00+00:00, run_after=2026-08-04 04:28:00+00:00
[2026-08-04T04:05:20.691+0000] {processor.py:183} INFO - Processing /opt/airflow/dags/football_etl_dag.py took 0.153 seconds
[2026-08-04T04:05:50.884+0000] {processor.py:161} INFO - Started process (PID=260) to work on /opt/airflow/dags/football_etl_dag.py
[2026-08-04T04:05:50.886+0000] {processor.py:830} INFO - Processing file /opt/airflow/dags/football_etl_dag.py for tasks to queue
[2026-08-04T04:05:50.889+0000] {logging_mixin.py:188} INFO - [2026-08-04T04:05:50.889+0000] {dagbag.py:545} INFO - Filling up the DagBag from /opt/airflow/dags/football_etl_dag.py
[2026-08-04T04:05:50.915+0000] {processor.py:840} INFO - DAG(s) 'football_etl' retrieved from /opt/airflow/dags/football_etl_dag.py
[2026-08-04T04:05:50.950+0000] {logging_mixin.py:188} INFO - [2026-08-04T04:05:50.950+0000] {dag.py:3089} INFO - Sync 1 DAGs
[2026-08-04T04:05:50.977+0000] {logging_mixin.py:188} INFO - [2026-08-04T04:05:50.977+0000] {dag.py:3947} INFO - Setting next_dagrun for football_etl to 2026-08-04 04:26:00+00:00, run_after=2026-08-04 04:28:00+00:00
[2026-08-04T04:05:50.998+0000] {processor.py:183} INFO - Processing /opt/airflow/dags/football_etl_dag.py took 0.123 seconds
[2026-08-04T04:06:21.224+0000] {processor.py:161} INFO - Started process (PID=265) to work on /opt/airflow/dags/football_etl_dag.py
[2026-08-04T04:06:21.226+0000] {processor.py:830} INFO - Processing file /opt/airflow/dags/football_etl_dag.py for tasks to queue
[2026-08-04T04:06:21.228+0000] {logging_mixin.py:188} INFO - [2026-08-04T04:06:21.228+0000] {dagbag.py:545} INFO - Filling up the DagBag from /opt/airflow/dags/football_etl_dag.py
[2026-08-04T04:06:21.257+0000] {processor.py:840} INFO - DAG(s) 'football_etl' retrieved from /opt/airflow/dags/football_etl_dag.py
[2026-08-04T04:06:21.298+0000] {logging_mixin.py:188} INFO - [2026-08-04T04:06:21.298+0000] {dag.py:3089} INFO - Sync 1 DAGs
[2026-08-04T04:06:21.326+0000] {logging_mixin.py:188} INFO - [2026-08-04T04:06:21.326+0000] {dag.py:3947} INFO - Setting next_dagrun for football_etl to 2026-08-04 04:26:00+00:00, run_after=2026-08-04 04:28:00+00:00
[2026-08-04T04:06:21.347+0000] {processor.py:183} INFO - Processing /opt/airflow/dags/football_etl_dag.py took 0.131 seconds
[2026-08-04T04:06:51.502+0000] {processor.py:161} INFO - Started process (PID=270) to work on /opt/airflow/dags/football_etl_dag.py
[2026-08-04T04:06:51.504+0000] {processor.py:830} INFO - Processing file /opt/airflow/dags/football_etl_dag.py for tasks to queue
[2026-08-04T04:06:51.507+0000] {logging_mixin.py:188} INFO - [2026-08-04T04:06:51.507+0000] {dagbag.py:545} INFO - Filling up the DagBag from /opt/airflow/dags/football_etl_dag.py
[2026-08-04T04:06:51.535+0000] {processor.py:840} INFO - DAG(s) 'football_etl' retrieved from /opt/airflow/dags/football_etl_dag.py
[2026-08-04T04:06:51.578+0000] {logging_mixin.py:188} INFO - [2026-08-04T04:06:51.578+0000] {dag.py:3089} INFO - Sync 1 DAGs
[2026-08-04T04:06:51.606+0000] {logging_mixin.py:188} INFO - [2026-08-04T04:06:51.606+0000] {dag.py:3947} INFO - Setting next_dagrun for football_etl to 2026-08-04 04:26:00+00:00, run_after=2026-08-04 04:28:00+00:00
[2026-08-04T04:06:51.631+0000] {processor.py:183} INFO - Processing /opt/airflow/dags/football_etl_dag.py took 0.137 seconds
[2026-08-04T04:07:21.751+0000] {processor.py:161} INFO - Started process (PID=275) to work on /opt/airflow/dags/football_etl_dag.py
[2026-08-04T04:07:21.752+0000] {processor.py:830} INFO - Processing file /opt/airflow/dags/football_etl_dag.py for tasks to queue
[2026-08-04T04:07:21.755+0000] {logging_mixin.py:188} INFO - [2026-08-04T04:07:21.754+0000] {dagbag.py:545} INFO - Filling up the DagBag from /opt/airflow/dags/football_etl_dag.py
[2026-08-04T04:07:21.779+0000] {processor.py:840} INFO - DAG(s) 'football_etl' retrieved from /opt/airflow/dags/football_etl_dag.py
[2026-08-04T04:07:21.821+0000] {logging_mixin.py:188} INFO - [2026-08-04T04:07:21.821+0000] {dag.py:3089} INFO - Sync 1 DAGs
[2026-08-04T04:07:21.848+0000] {logging_mixin.py:188} INFO - [2026-08-04T04:07:21.848+0000] {dag.py:3947} INFO - Setting next_dagrun for football_etl to 2026-08-04 04:26:00+00:00, run_after=2026-08-04 04:28:00+00:00
[2026-08-04T04:07:21.870+0000] {processor.py:183} INFO - Processing /opt/airflow/dags/football_etl_dag.py took 0.125 seconds
[2026-08-04T04:07:52.087+0000] {processor.py:161} INFO - Started process (PID=280) to work on /opt/airflow/dags/football_etl_dag.py
[2026-08-04T04:07:52.089+0000] {processor.py:830} INFO - Processing file /opt/airflow/dags/football_etl_dag.py for tasks to queue
[2026-08-04T04:07:52.093+0000] {logging_mixin.py:188} INFO - [2026-08-04T04:07:52.092+0000] {dagbag.py:545} INFO - Filling up the DagBag from /opt/airflow/dags/football_etl_dag.py
[2026-08-04T04:07:52.124+0000] {processor.py:840} INFO - DAG(s) 'football_etl' retrieved from /opt/airflow/dags/football_etl_dag.py
[2026-08-04T04:07:52.164+0000] {logging_mixin.py:188} INFO - [2026-08-04T04:07:52.163+0000] {dag.py:3089} INFO - Sync 1 DAGs
[2026-08-04T04:07:52.190+0000] {logging_mixin.py:188} INFO - [2026-08-04T04:07:52.190+0000] {dag.py:3947} INFO - Setting next_dagrun for football_etl to 2026-08-04 04:26:00+00:00, run_after=2026-08-04 04:28:00+00:00
[2026-08-04T04:07:52.212+0000] {processor.py:183} INFO - Processing /opt/airflow/dags/football_etl_dag.py took 0.132 seconds
[2026-08-04T04:08:22.331+0000] {processor.py:161} INFO - Started process (PID=285) to work on /opt/airflow/dags/football_etl_dag.py
[2026-08-04T04:08:22.333+0000] {processor.py:830} INFO - Processing file /opt/airflow/dags/football_etl_dag.py for tasks to queue
[2026-08-04T04:08:22.335+0000] {logging_mixin.py:188} INFO - [2026-08-04T04:08:22.335+0000] {dagbag.py:545} INFO - Filling up the DagBag from /opt/airflow/dags/football_etl_dag.py
[2026-08-04T04:08:22.361+0000] {processor.py:840} INFO - DAG(s) 'football_etl' retrieved from /opt/airflow/dags/football_etl_dag.py
[2026-08-04T04:08:22.398+0000] {logging_mixin.py:188} INFO - [2026-08-04T04:08:22.398+0000] {dag.py:3089} INFO - Sync 1 DAGs
[2026-08-04T04:08:22.428+0000] {logging_mixin.py:188} INFO - [2026-08-04T04:08:22.428+0000] {dag.py:3947} INFO - Setting next_dagrun for football_etl to 2026-08-04 04:26:00+00:00, run_after=2026-08-04 04:28:00+00:00
[2026-08-04T04:08:22.484+0000] {processor.py:183} INFO - Processing /opt/airflow/dags/football_etl_dag.py took 0.161 seconds
[2026-08-04T04:08:52.639+0000] {processor.py:161} INFO - Started process (PID=290) to work on /opt/airflow/dags/football_etl_dag.py
[2026-08-04T04:08:52.641+0000] {processor.py:830} INFO - Processing file /opt/airflow/dags/football_etl_dag.py for tasks to queue
[2026-08-04T04:08:52.644+0000] {logging_mixin.py:188} INFO - [2026-08-04T04:08:52.644+0000] {dagbag.py:545} INFO - Filling up the DagBag from /opt/airflow/dags/football_etl_dag.py
[2026-08-04T04:08:52.670+0000] {processor.py:840} INFO - DAG(s) 'football_etl' retrieved from /opt/airflow/dags/football_etl_dag.py
[2026-08-04T04:08:52.709+0000] {logging_mixin.py:188} INFO - [2026-08-04T04:08:52.708+0000] {dag.py:3089} INFO - Sync 1 DAGs
[2026-08-04T04:08:52.736+0000] {logging_mixin.py:188} INFO - [2026-08-04T04:08:52.736+0000] {dag.py:3947} INFO - Setting next_dagrun for football_etl to 2026-08-04 04:26:00+00:00, run_after=2026-08-04 04:28:00+00:00
[2026-08-04T04:08:52.757+0000] {processor.py:183} INFO - Processing /opt/airflow/dags/football_etl_dag.py took 0.126 seconds
[2026-08-04T04:09:23.019+0000] {processor.py:161} INFO - Started process (PID=295) to work on /opt/airflow/dags/football_etl_dag.py
[2026-08-04T04:09:23.020+0000] {processor.py:830} INFO - Processing file /opt/airflow/dags/football_etl_dag.py for tasks to queue
[2026-08-04T04:09:23.023+0000] {logging_mixin.py:188} INFO - [2026-08-04T04:09:23.023+0000] {dagbag.py:545} INFO - Filling up the DagBag from /opt/airflow/dags/football_etl_dag.py
[2026-08-04T04:09:23.047+0000] {processor.py:840} INFO - DAG(s) 'football_etl' retrieved from /opt/airflow/dags/football_etl_dag.py
[2026-08-04T04:09:23.083+0000] {logging_mixin.py:188} INFO - [2026-08-04T04:09:23.083+0000] {dag.py:3089} INFO - Sync 1 DAGs
[2026-08-04T04:09:23.111+0000] {logging_mixin.py:188} INFO - [2026-08-04T04:09:23.111+0000] {dag.py:3947} INFO - Setting next_dagrun for football_etl to 2026-08-04 04:26:00+00:00, run_after=2026-08-04 04:28:00+00:00
[2026-08-04T04:09:23.135+0000] {processor.py:183} INFO - Processing /opt/airflow/dags/football_etl_dag.py took 0.122 seconds
[2026-08-04T04:09:53.354+0000] {processor.py:161} INFO - Started process (PID=300) to work on /opt/airflow/dags/football_etl_dag.py
[2026-08-04T04:09:53.356+0000] {processor.py:830} INFO - Processing file /opt/airflow/dags/football_etl_dag.py for tasks to queue
[2026-08-04T04:09:53.358+0000] {logging_mixin.py:188} INFO - [2026-08-04T04:09:53.358+0000] {dagbag.py:545} INFO - Filling up the DagBag from /opt/airflow/dags/football_etl_dag.py
[2026-08-04T04:09:53.383+0000] {processor.py:840} INFO - DAG(s) 'football_etl' retrieved from /opt/airflow/dags/football_etl_dag.py
[2026-08-04T04:09:53.419+0000] {logging_mixin.py:188} INFO - [2026-08-04T04:09:53.419+0000] {dag.py:3089} INFO - Sync 1 DAGs
[2026-08-04T04:09:53.445+0000] {logging_mixin.py:188} INFO - [2026-08-04T04:09:53.445+0000] {dag.py:3947} INFO - Setting next_dagrun for football_etl to 2026-08-04 04:26:00+00:00, run_after=2026-08-04 04:28:00+00:00
[2026-08-04T04:09:53.466+0000] {processor.py:183} INFO - Processing /opt/airflow/dags/football_etl_dag.py took 0.121 seconds
[2026-08-04T04:10:23.664+0000] {processor.py:161} INFO - Started process (PID=305) to work on /opt/airflow/dags/football_etl_dag.py
[2026-08-04T04:10:23.666+0000] {processor.py:830} INFO - Processing file /opt/airflow/dags/football_etl_dag.py for tasks to queue
[2026-08-04T04:10:23.671+0000] {logging_mixin.py:188} INFO - [2026-08-04T04:10:23.670+0000] {dagbag.py:545} INFO - Filling up the DagBag from /opt/airflow/dags/football_etl_dag.py
[2026-08-04T04:10:23.706+0000] {processor.py:840} INFO - DAG(s) 'football_etl' retrieved from /opt/airflow/dags/football_etl_dag.py
[2026-08-04T04:10:23.753+0000] {logging_mixin.py:188} INFO - [2026-08-04T04:10:23.753+0000] {dag.py:3089} INFO - Sync 1 DAGs
[2026-08-04T04:10:23.792+0000] {logging_mixin.py:188} INFO - [2026-08-04T04:10:23.792+0000] {dag.py:3947} INFO - Setting next_dagrun for football_etl to 2026-08-04 04:26:00+00:00, run_after=2026-08-04 04:28:00+00:00
[2026-08-04T04:10:23.827+0000] {processor.py:183} INFO - Processing /opt/airflow/dags/football_etl_dag.py took 0.172 seconds
[2026-08-04T04:10:53.911+0000] {processor.py:161} INFO - Started process (PID=310) to work on /opt/airflow/dags/football_etl_dag.py
[2026-08-04T04:10:53.913+0000] {processor.py:830} INFO - Processing file /opt/airflow/dags/football_etl_dag.py for tasks to queue
[2026-08-04T04:10:53.915+0000] {logging_mixin.py:188} INFO - [2026-08-04T04:10:53.915+0000] {dagbag.py:545} INFO - Filling up the DagBag from /opt/airflow/dags/football_etl_dag.py
[2026-08-04T04:10:53.941+0000] {processor.py:840} INFO - DAG(s) 'football_etl' retrieved from /opt/airflow/dags/football_etl_dag.py
[2026-08-04T04:10:53.981+0000] {logging_mixin.py:188} INFO - [2026-08-04T04:10:53.981+0000] {dag.py:3089} INFO - Sync 1 DAGs
[2026-08-04T04:10:54.011+0000] {logging_mixin.py:188} INFO - [2026-08-04T04:10:54.011+0000] {dag.py:3947} INFO - Setting next_dagrun for football_etl to 2026-08-04 04:26:00+00:00, run_after=2026-08-04 04:28:00+00:00
[2026-08-04T04:10:54.035+0000] {processor.py:183} INFO - Processing /opt/airflow/dags/football_etl_dag.py took 0.132 seconds
[2026-08-04T04:11:24.154+0000] {processor.py:161} INFO - Started process (PID=315) to work on /opt/airflow/dags/football_etl_dag.py
[2026-08-04T04:11:24.156+0000] {processor.py:830} INFO - Processing file /opt/airflow/dags/football_etl_dag.py for tasks to queue
[2026-08-04T04:11:24.158+0000] {logging_mixin.py:188} INFO - [2026-08-04T04:11:24.158+0000] {dagbag.py:545} INFO - Filling up the DagBag from /opt/airflow/dags/football_etl_dag.py
[2026-08-04T04:11:24.182+0000] {processor.py:840} INFO - DAG(s) 'football_etl' retrieved from /opt/airflow/dags/football_etl_dag.py
[2026-08-04T04:11:24.222+0000] {logging_mixin.py:188} INFO - [2026-08-04T04:11:24.222+0000] {dag.py:3089} INFO - Sync 1 DAGs
[2026-08-04T04:11:24.251+0000] {logging_mixin.py:188} INFO - [2026-08-04T04:11:24.251+0000] {dag.py:3947} INFO - Setting next_dagrun for football_etl to 2026-08-04 04:26:00+00:00, run_after=2026-08-04 04:28:00+00:00
[2026-08-04T04:11:24.273+0000] {processor.py:183} INFO - Processing /opt/airflow/dags/football_etl_dag.py took 0.126 seconds
[2026-08-04T04:11:54.412+0000] {processor.py:161} INFO - Started process (PID=320) to work on /opt/airflow/dags/football_etl_dag.py
[2026-08-04T04:11:54.414+0000] {processor.py:830} INFO - Processing file /opt/airflow/dags/football_etl_dag.py for tasks to queue
[2026-08-04T04:11:54.416+0000] {logging_mixin.py:188} INFO - [2026-08-04T04:11:54.416+0000] {dagbag.py:545} INFO - Filling up the DagBag from /opt/airflow/dags/football_etl_dag.py
[2026-08-04T04:11:54.443+0000] {processor.py:840} INFO - DAG(s) 'football_etl' retrieved from /opt/airflow/dags/football_etl_dag.py
[2026-08-04T04:11:54.485+0000] {logging_mixin.py:188} INFO - [2026-08-04T04:11:54.485+0000] {dag.py:3089} INFO - Sync 1 DAGs
[2026-08-04T04:11:54.513+0000] {logging_mixin.py:188} INFO - [2026-08-04T04:11:54.512+0000] {dag.py:3947} INFO - Setting next_dagrun for football_etl to 2026-08-04 04:26:00+00:00, run_after=2026-08-04 04:28:00+00:00
[2026-08-04T04:11:54.533+0000] {processor.py:183} INFO - Processing /opt/airflow/dags/football_etl_dag.py took 0.129 seconds
[2026-08-04T04:12:24.753+0000] {processor.py:161} INFO - Started process (PID=325) to work on /opt/airflow/dags/football_etl_dag.py
[2026-08-04T04:12:24.754+0000] {processor.py:830} INFO - Processing file /opt/airflow/dags/football_etl_dag.py for tasks to queue
[2026-08-04T04:12:24.756+0000] {logging_mixin.py:188} INFO - [2026-08-04T04:12:24.756+0000] {dagbag.py:545} INFO - Filling up the DagBag from /opt/airflow/dags/football_etl_dag.py
[2026-08-04T04:12:24.779+0000] {processor.py:840} INFO - DAG(s) 'football_etl' retrieved from /opt/airflow/dags/football_etl_dag.py
[2026-08-04T04:12:24.814+0000] {logging_mixin.py:188} INFO - [2026-08-04T04:12:24.814+0000] {dag.py:3089} INFO - Sync 1 DAGs
[2026-08-04T04:12:24.839+0000] {logging_mixin.py:188} INFO - [2026-08-04T04:12:24.839+0000] {dag.py:3947} INFO - Setting next_dagrun for football_etl to 2026-08-04 04:26:00+00:00, run_after=2026-08-04 04:28:00+00:00
[2026-08-04T04:12:24.860+0000] {processor.py:183} INFO - Processing /opt/airflow/dags/football_etl_dag.py took 0.113 seconds
[2026-08-04T04:12:55.021+0000] {processor.py:161} INFO - Started process (PID=330) to work on /opt/airflow/dags/football_etl_dag.py
[2026-08-04T04:12:55.023+0000] {processor.py:830} INFO - Processing file /opt/airflow/dags/football_etl_dag.py for tasks to queue
[2026-08-04T04:12:55.026+0000] {logging_mixin.py:188} INFO - [2026-08-04T04:12:55.026+0000] {dagbag.py:545} INFO - Filling up the DagBag from /opt/airflow/dags/football_etl_dag.py
[2026-08-04T04:12:55.056+0000] {processor.py:840} INFO - DAG(s) 'football_etl' retrieved from /opt/airflow/dags/football_etl_dag.py
[2026-08-04T04:12:55.095+0000] {logging_mixin.py:188} INFO - [2026-08-04T04:12:55.095+0000] {dag.py:3089} INFO - Sync 1 DAGs
[2026-08-04T04:12:55.127+0000] {logging_mixin.py:188} INFO - [2026-08-04T04:12:55.127+0000] {dag.py:3947} INFO - Setting next_dagrun for football_etl to 2026-08-04 04:26:00+00:00, run_after=2026-08-04 04:28:00+00:00
[2026-08-04T04:12:55.148+0000] {processor.py:183} INFO - Processing /opt/airflow/dags/football_etl_dag.py took 0.138 seconds
[2026-08-04T04:13:25.370+0000] {processor.py:161} INFO - Started process (PID=335) to work on /opt/airflow/dags/football_etl_dag.py
[2026-08-04T04:13:25.371+0000] {processor.py:830} INFO - Processing file /opt/airflow/dags/football_etl_dag.py for tasks to queue
[2026-08-04T04:13:25.374+0000] {logging_mixin.py:188} INFO - [2026-08-04T04:13:25.374+0000] {dagbag.py:545} INFO - Filling up the DagBag from /opt/airflow/dags/football_etl_dag.py
[2026-08-04T04:13:25.395+0000] {processor.py:840} INFO - DAG(s) 'football_etl' retrieved from /opt/airflow/dags/football_etl_dag.py
[2026-08-04T04:13:25.431+0000] {logging_mixin.py:188} INFO - [2026-08-04T04:13:25.431+0000] {dag.py:3089} INFO - Sync 1 DAGs
[2026-08-04T04:13:25.457+0000] {logging_mixin.py:188} INFO - [2026-08-04T04:13:25.457+0000] {dag.py:3947} INFO - Setting next_dagrun for football_etl to 2026-08-04 04:26:00+00:00, run_after=2026-08-04 04:28:00+00:00
[2026-08-04T04:13:25.478+0000] {processor.py:183} INFO - Processing /opt/airflow/dags/football_etl_dag.py took 0.114 seconds
[2026-08-04T04:13:55.633+0000] {processor.py:161} INFO - Started process (PID=340) to work on /opt/airflow/dags/football_etl_dag.py
[2026-08-04T04:13:55.635+0000] {processor.py:830} INFO - Processing file /opt/airflow/dags/football_etl_dag.py for tasks to queue
[2026-08-04T04:13:55.638+0000] {logging_mixin.py:188} INFO - [2026-08-04T04:13:55.637+0000] {dagbag.py:545} INFO - Filling up the DagBag from /opt/airflow/dags/football_etl_dag.py
[2026-08-04T04:13:55.662+0000] {processor.py:840} INFO - DAG(s) 'football_etl' retrieved from /opt/airflow/dags/football_etl_dag.py
[2026-08-04T04:13:55.702+0000] {logging_mixin.py:188} INFO - [2026-08-04T04:13:55.702+0000] {dag.py:3089} INFO - Sync 1 DAGs
[2026-08-04T04:13:55.730+0000] {logging_mixin.py:188} INFO - [2026-08-04T04:13:55.730+0000] {dag.py:3947} INFO - Setting next_dagrun for football_etl to 2026-08-04 04:26:00+00:00, run_after=2026-08-04 04:28:00+00:00
[2026-08-04T04:13:55.752+0000] {processor.py:183} INFO - Processing /opt/airflow/dags/football_etl_dag.py took 0.128 seconds
[2026-08-04T04:14:25.958+0000] {processor.py:161} INFO - Started process (PID=345) to work on /opt/airflow/dags/football_etl_dag.py
[2026-08-04T04:14:25.959+0000] {processor.py:830} INFO - Processing file /opt/airflow/dags/football_etl_dag.py for tasks to queue
[2026-08-04T04:14:25.962+0000] {logging_mixin.py:188} INFO - [2026-08-04T04:14:25.962+0000] {dagbag.py:545} INFO - Filling up the DagBag from /opt/airflow/dags/football_etl_dag.py
[2026-08-04T04:14:25.984+0000] {processor.py:840} INFO - DAG(s) 'football_etl' retrieved from /opt/airflow/dags/football_etl_dag.py
[2026-08-04T04:14:26.020+0000] {logging_mixin.py:188} INFO - [2026-08-04T04:14:26.020+0000] {dag.py:3089} INFO - Sync 1 DAGs
[2026-08-04T04:14:26.047+0000] {logging_mixin.py:188} INFO - [2026-08-04T04:14:26.046+0000] {dag.py:3947} INFO - Setting next_dagrun for football_etl to 2026-08-04 04:26:00+00:00, run_after=2026-08-04 04:28:00+00:00
[2026-08-04T04:14:26.067+0000] {processor.py:183} INFO - Processing /opt/airflow/dags/football_etl_dag.py took 0.116 seconds
[2026-08-04T04:14:56.204+0000] {processor.py:161} INFO - Started process (PID=350) to work on /opt/airflow/dags/football_etl_dag.py
[2026-08-04T04:14:56.206+0000] {processor.py:830} INFO - Processing file /opt/airflow/dags/football_etl_dag.py for tasks to queue
[2026-08-04T04:14:56.210+0000] {logging_mixin.py:188} INFO - [2026-08-04T04:14:56.210+0000] {dagbag.py:545} INFO - Filling up the DagBag from /opt/airflow/dags/football_etl_dag.py
[2026-08-04T04:14:56.243+0000] {processor.py:840} INFO - DAG(s) 'football_etl' retrieved from /opt/airflow/dags/football_etl_dag.py
[2026-08-04T04:14:56.289+0000] {logging_mixin.py:188} INFO - [2026-08-04T04:14:56.289+0000] {dag.py:3089} INFO - Sync 1 DAGs
[2026-08-04T04:14:56.321+0000] {logging_mixin.py:188} INFO - [2026-08-04T04:14:56.321+0000] {dag.py:3947} INFO - Setting next_dagrun for football_etl to 2026-08-04 04:26:00+00:00, run_after=2026-08-04 04:28:00+00:00
[2026-08-04T04:14:56.345+0000] {processor.py:183} INFO - Processing /opt/airflow/dags/football_etl_dag.py took 0.152 seconds
[2026-08-04T04:15:26.526+0000] {processor.py:161} INFO - Started process (PID=355) to work on /opt/airflow/dags/football_etl_dag.py
[2026-08-04T04:15:26.527+0000] {processor.py:830} INFO - Processing file /opt/airflow/dags/football_etl_dag.py for tasks to queue
[2026-08-04T04:15:26.530+0000] {logging_mixin.py:188} INFO - [2026-08-04T04:15:26.530+0000] {dagbag.py:545} INFO - Filling up the DagBag from /opt/airflow/dags/football_etl_dag.py
[2026-08-04T04:15:26.557+0000] {processor.py:840} INFO - DAG(s) 'football_etl' retrieved from /opt/airflow/dags/football_etl_dag.py
[2026-08-04T04:15:26.595+0000] {logging_mixin.py:188} INFO - [2026-08-04T04:15:26.594+0000] {dag.py:3089} INFO - Sync 1 DAGs
[2026-08-04T04:15:26.654+0000] {logging_mixin.py:188} INFO - [2026-08-04T04:15:26.654+0000] {dag.py:3947} INFO - Setting next_dagrun for football_etl to 2026-08-04 04:26:00+00:00, run_after=2026-08-04 04:28:00+00:00
[2026-08-04T04:15:26.684+0000] {processor.py:183} INFO - Processing /opt/airflow/dags/football_etl_dag.py took 0.167 seconds
[2026-08-04T04:15:56.777+0000] {processor.py:161} INFO - Started process (PID=360) to work on /opt/airflow/dags/football_etl_dag.py
[2026-08-04T04:15:56.778+0000] {processor.py:830} INFO - Processing file /opt/airflow/dags/football_etl_dag.py for tasks to queue
[2026-08-04T04:15:56.780+0000] {logging_mixin.py:188} INFO - [2026-08-04T04:15:56.780+0000] {dagbag.py:545} INFO - Filling up the DagBag from /opt/airflow/dags/football_etl_dag.py
[2026-08-04T04:15:56.807+0000] {processor.py:840} INFO - DAG(s) 'football_etl' retrieved from /opt/airflow/dags/football_etl_dag.py
[2026-08-04T04:15:56.865+0000] {logging_mixin.py:188} INFO - [2026-08-04T04:15:56.864+0000] {dag.py:3089} INFO - Sync 1 DAGs
[2026-08-04T04:15:56.938+0000] {logging_mixin.py:188} INFO - [2026-08-04T04:15:56.938+0000] {dag.py:3947} INFO - Setting next_dagrun for football_etl to 2026-08-04 04:26:00+00:00, run_after=2026-08-04 04:28:00+00:00
[2026-08-04T04:15:56.998+0000] {processor.py:183} INFO - Processing /opt/airflow/dags/football_etl_dag.py took 0.227 seconds
[2026-08-04T04:16:27.235+0000] {processor.py:161} INFO - Started process (PID=365) to work on /opt/airflow/dags/football_etl_dag.py
[2026-08-04T04:16:27.236+0000] {processor.py:830} INFO - Processing file /opt/airflow/dags/football_etl_dag.py for tasks to queue
[2026-08-04T04:16:27.239+0000] {logging_mixin.py:188} INFO - [2026-08-04T04:16:27.239+0000] {dagbag.py:545} INFO - Filling up the DagBag from /opt/airflow/dags/football_etl_dag.py
[2026-08-04T04:16:27.264+0000] {processor.py:840} INFO - DAG(s) 'football_etl' retrieved from /opt/airflow/dags/football_etl_dag.py
[2026-08-04T04:16:27.307+0000] {logging_mixin.py:188} INFO - [2026-08-04T04:16:27.306+0000] {dag.py:3089} INFO - Sync 1 DAGs
[2026-08-04T04:16:27.341+0000] {logging_mixin.py:188} INFO - [2026-08-04T04:16:27.341+0000] {dag.py:3947} INFO - Setting next_dagrun for football_etl to 2026-08-04 04:26:00+00:00, run_after=2026-08-04 04:28:00+00:00
[2026-08-04T04:16:27.366+0000] {processor.py:183} INFO - Processing /opt/airflow/dags/football_etl_dag.py took 0.140 seconds
[2026-08-04T04:16:57.466+0000] {processor.py:161} INFO - Started process (PID=370) to work on /opt/airflow/dags/football_etl_dag.py
[2026-08-04T04:16:57.468+0000] {processor.py:830} INFO - Processing file /opt/airflow/dags/football_etl_dag.py for tasks to queue
[2026-08-04T04:16:57.470+0000] {logging_mixin.py:188} INFO - [2026-08-04T04:16:57.470+0000] {dagbag.py:545} INFO - Filling up the DagBag from /opt/airflow/dags/football_etl_dag.py
[2026-08-04T04:16:57.493+0000] {processor.py:840} INFO - DAG(s) 'football_etl' retrieved from /opt/airflow/dags/football_etl_dag.py
[2026-08-04T04:16:57.542+0000] {logging_mixin.py:188} INFO - [2026-08-04T04:16:57.541+0000] {dag.py:3089} INFO - Sync 1 DAGs
[2026-08-04T04:16:57.580+0000] {logging_mixin.py:188} INFO - [2026-08-04T04:16:57.579+0000] {dag.py:3947} INFO - Setting next_dagrun for football_etl to 2026-08-04 04:26:00+00:00, run_after=2026-08-04 04:28:00+00:00
[2026-08-04T04:16:57.606+0000] {processor.py:183} INFO - Processing /opt/airflow/dags/football_etl_dag.py took 0.147 seconds
[2026-08-04T04:17:27.839+0000] {processor.py:161} INFO - Started process (PID=375) to work on /opt/airflow/dags/football_etl_dag.py
[2026-08-04T04:17:27.841+0000] {processor.py:830} INFO - Processing file /opt/airflow/dags/football_etl_dag.py for tasks to queue
[2026-08-04T04:17:27.844+0000] {logging_mixin.py:188} INFO - [2026-08-04T04:17:27.843+0000] {dagbag.py:545} INFO - Filling up the DagBag from /opt/airflow/dags/football_etl_dag.py
[2026-08-04T04:17:27.866+0000] {processor.py:840} INFO - DAG(s) 'football_etl' retrieved from /opt/airflow/dags/football_etl_dag.py
[2026-08-04T04:17:27.900+0000] {logging_mixin.py:188} INFO - [2026-08-04T04:17:27.900+0000] {dag.py:3089} INFO - Sync 1 DAGs
[2026-08-04T04:17:27.929+0000] {logging_mixin.py:188} INFO - [2026-08-04T04:17:27.928+0000] {dag.py:3947} INFO - Setting next_dagrun for football_etl to 2026-08-04 04:26:00+00:00, run_after=2026-08-04 04:28:00+00:00
[2026-08-04T04:17:27.949+0000] {processor.py:183} INFO - Processing /opt/airflow/dags/football_etl_dag.py took 0.117 seconds
[2026-08-04T04:17:58.071+0000] {processor.py:161} INFO - Started process (PID=380) to work on /opt/airflow/dags/football_etl_dag.py
[2026-08-04T04:17:58.072+0000] {processor.py:830} INFO - Processing file /opt/airflow/dags/football_etl_dag.py for tasks to queue
[2026-08-04T04:17:58.075+0000] {logging_mixin.py:188} INFO - [2026-08-04T04:17:58.075+0000] {dagbag.py:545} INFO - Filling up the DagBag from /opt/airflow/dags/football_etl_dag.py
[2026-08-04T04:17:58.098+0000] {processor.py:840} INFO - DAG(s) 'football_etl' retrieved from /opt/airflow/dags/football_etl_dag.py
[2026-08-04T04:17:58.147+0000] {logging_mixin.py:188} INFO - [2026-08-04T04:17:58.147+0000] {dag.py:3089} INFO - Sync 1 DAGs
[2026-08-04T04:17:58.193+0000] {logging_mixin.py:188} INFO - [2026-08-04T04:17:58.193+0000] {dag.py:3947} INFO - Setting next_dagrun for football_etl to 2026-08-04 04:26:00+00:00, run_after=2026-08-04 04:28:00+00:00
[2026-08-04T04:17:58.212+0000] {processor.py:183} INFO - Processing /opt/airflow/dags/football_etl_dag.py took 0.150 seconds
[2026-08-04T04:18:28.350+0000] {processor.py:161} INFO - Started process (PID=385) to work on /opt/airflow/dags/football_etl_dag.py
[2026-08-04T04:18:28.352+0000] {processor.py:830} INFO - Processing file /opt/airflow/dags/football_etl_dag.py for tasks to queue
[2026-08-04T04:18:28.355+0000] {logging_mixin.py:188} INFO - [2026-08-04T04:18:28.355+0000] {dagbag.py:545} INFO - Filling up the DagBag from /opt/airflow/dags/football_etl_dag.py
[2026-08-04T04:18:28.378+0000] {processor.py:840} INFO - DAG(s) 'football_etl' retrieved from /opt/airflow/dags/football_etl_dag.py
[2026-08-04T04:18:28.414+0000] {logging_mixin.py:188} INFO - [2026-08-04T04:18:28.413+0000] {dag.py:3089} INFO - Sync 1 DAGs
[2026-08-04T04:18:28.444+0000] {logging_mixin.py:188} INFO - [2026-08-04T04:18:28.444+0000] {dag.py:3947} INFO - Setting next_dagrun for football_etl to 2026-08-04 04:26:00+00:00, run_after=2026-08-04 04:28:00+00:00
[2026-08-04T04:18:28.469+0000] {processor.py:183} INFO - Processing /opt/airflow/dags/football_etl_dag.py took 0.126 seconds
[2026-08-04T04:18:58.536+0000] {processor.py:161} INFO - Started process (PID=390) to work on /opt/airflow/dags/football_etl_dag.py
[2026-08-04T04:18:58.538+0000] {processor.py:830} INFO - Processing file /opt/airflow/dags/football_etl_dag.py for tasks to queue
[2026-08-04T04:18:58.542+0000] {logging_mixin.py:188} INFO - [2026-08-04T04:18:58.542+0000] {dagbag.py:545} INFO - Filling up the DagBag from /opt/airflow/dags/football_etl_dag.py
[2026-08-04T04:18:58.571+0000] {processor.py:840} INFO - DAG(s) 'football_etl' retrieved from /opt/airflow/dags/football_etl_dag.py
[2026-08-04T04:18:58.622+0000] {logging_mixin.py:188} INFO - [2026-08-04T04:18:58.622+0000] {dag.py:3089} INFO - Sync 1 DAGs
[2026-08-04T04:18:58.654+0000] {logging_mixin.py:188} INFO - [2026-08-04T04:18:58.654+0000] {dag.py:3947} INFO - Setting next_dagrun for football_etl to 2026-08-04 04:26:00+00:00, run_after=2026-08-04 04:28:00+00:00
[2026-08-04T04:18:58.677+0000] {processor.py:183} INFO - Processing /opt/airflow/dags/football_etl_dag.py took 0.151 seconds
[2026-08-04T04:19:28.806+0000] {processor.py:161} INFO - Started process (PID=395) to work on /opt/airflow/dags/football_etl_dag.py
[2026-08-04T04:19:28.808+0000] {processor.py:830} INFO - Processing file /opt/airflow/dags/football_etl_dag.py for tasks to queue
[2026-08-04T04:19:28.810+0000] {logging_mixin.py:188} INFO - [2026-08-04T04:19:28.810+0000] {dagbag.py:545} INFO - Filling up the DagBag from /opt/airflow/dags/football_etl_dag.py
[2026-08-04T04:19:28.837+0000] {processor.py:840} INFO - DAG(s) 'football_etl' retrieved from /opt/airflow/dags/football_etl_dag.py
[2026-08-04T04:19:28.883+0000] {logging_mixin.py:188} INFO - [2026-08-04T04:19:28.883+0000] {dag.py:3089} INFO - Sync 1 DAGs
[2026-08-04T04:19:28.918+0000] {logging_mixin.py:188} INFO - [2026-08-04T04:19:28.917+0000] {dag.py:3947} INFO - Setting next_dagrun for football_etl to 2026-08-04 04:26:00+00:00, run_after=2026-08-04 04:28:00+00:00
[2026-08-04T04:19:28.945+0000] {processor.py:183} INFO - Processing /opt/airflow/dags/football_etl_dag.py took 0.147 seconds
[2026-08-04T04:19:59.148+0000] {processor.py:161} INFO - Started process (PID=400) to work on /opt/airflow/dags/football_etl_dag.py
[2026-08-04T04:19:59.156+0000] {processor.py:830} INFO - Processing file /opt/airflow/dags/football_etl_dag.py for tasks to queue
[2026-08-04T04:19:59.163+0000] {logging_mixin.py:188} INFO - [2026-08-04T04:19:59.162+0000] {dagbag.py:545} INFO - Filling up the DagBag from /opt/airflow/dags/football_etl_dag.py
[2026-08-04T04:19:59.220+0000] {processor.py:840} INFO - DAG(s) 'football_etl' retrieved from /opt/airflow/dags/football_etl_dag.py
[2026-08-04T04:19:59.286+0000] {logging_mixin.py:188} INFO - [2026-08-04T04:19:59.286+0000] {dag.py:3089} INFO - Sync 1 DAGs
[2026-08-04T04:19:59.323+0000] {logging_mixin.py:188} INFO - [2026-08-04T04:19:59.323+0000] {dag.py:3947} INFO - Setting next_dagrun for football_etl to 2026-08-04 04:26:00+00:00, run_after=2026-08-04 04:28:00+00:00
[2026-08-04T04:19:59.349+0000] {processor.py:183} INFO - Processing /opt/airflow/dags/football_etl_dag.py took 0.214 seconds
[2026-08-04T04:20:29.447+0000] {processor.py:161} INFO - Started process (PID=405) to work on /opt/airflow/dags/football_etl_dag.py
[2026-08-04T04:20:29.448+0000] {processor.py:830} INFO - Processing file /opt/airflow/dags/football_etl_dag.py for tasks to queue
[2026-08-04T04:20:29.451+0000] {logging_mixin.py:188} INFO - [2026-08-04T04:20:29.451+0000] {dagbag.py:545} INFO - Filling up the DagBag from /opt/airflow/dags/football_etl_dag.py
[2026-08-04T04:20:29.477+0000] {processor.py:840} INFO - DAG(s) 'football_etl' retrieved from /opt/airflow/dags/football_etl_dag.py
[2026-08-04T04:20:29.522+0000] {logging_mixin.py:188} INFO - [2026-08-04T04:20:29.522+0000] {dag.py:3089} INFO - Sync 1 DAGs
[2026-08-04T04:20:29.557+0000] {logging_mixin.py:188} INFO - [2026-08-04T04:20:29.557+0000] {dag.py:3947} INFO - Setting next_dagrun for football_etl to 2026-08-04 04:26:00+00:00, run_after=2026-08-04 04:28:00+00:00
[2026-08-04T04:20:29.585+0000] {processor.py:183} INFO - Processing /opt/airflow/dags/football_etl_dag.py took 0.145 seconds
[2026-08-04T04:20:59.903+0000] {processor.py:161} INFO - Started process (PID=410) to work on /opt/airflow/dags/football_etl_dag.py
[2026-08-04T04:20:59.910+0000] {processor.py:830} INFO - Processing file /opt/airflow/dags/football_etl_dag.py for tasks to queue
[2026-08-04T04:20:59.927+0000] {logging_mixin.py:188} INFO - [2026-08-04T04:20:59.924+0000] {dagbag.py:545} INFO - Filling up the DagBag from /opt/airflow/dags/football_etl_dag.py
[2026-08-04T04:21:00.094+0000] {processor.py:840} INFO - DAG(s) 'football_etl' retrieved from /opt/airflow/dags/football_etl_dag.py
[2026-08-04T04:21:00.353+0000] {logging_mixin.py:188} INFO - [2026-08-04T04:21:00.352+0000] {dag.py:3089} INFO - Sync 1 DAGs
[2026-08-04T04:21:00.719+0000] {logging_mixin.py:188} INFO - [2026-08-04T04:21:00.717+0000] {dag.py:3947} INFO - Setting next_dagrun for football_etl to 2026-08-04 04:26:00+00:00, run_after=2026-08-04 04:28:00+00:00
[2026-08-04T04:21:00.919+0000] {processor.py:183} INFO - Processing /opt/airflow/dags/football_etl_dag.py took 1.068 seconds
[2026-08-04T04:21:31.122+0000] {processor.py:161} INFO - Started process (PID=415) to work on /opt/airflow/dags/football_etl_dag.py
[2026-08-04T04:21:31.123+0000] {processor.py:830} INFO - Processing file /opt/airflow/dags/football_etl_dag.py for tasks to queue
[2026-08-04T04:21:31.127+0000] {logging_mixin.py:188} INFO - [2026-08-04T04:21:31.126+0000] {dagbag.py:545} INFO - Filling up the DagBag from /opt/airflow/dags/football_etl_dag.py
[2026-08-04T04:21:31.151+0000] {processor.py:840} INFO - DAG(s) 'football_etl' retrieved from /opt/airflow/dags/football_etl_dag.py
[2026-08-04T04:21:31.190+0000] {logging_mixin.py:188} INFO - [2026-08-04T04:21:31.190+0000] {dag.py:3089} INFO - Sync 1 DAGs
[2026-08-04T04:21:31.224+0000] {logging_mixin.py:188} INFO - [2026-08-04T04:21:31.224+0000] {dag.py:3947} INFO - Setting next_dagrun for football_etl to 2026-08-04 04:26:00+00:00, run_after=2026-08-04 04:28:00+00:00
[2026-08-04T04:21:31.244+0000] {processor.py:183} INFO - Processing /opt/airflow/dags/football_etl_dag.py took 0.128 seconds
[2026-08-04T04:22:01.489+0000] {processor.py:161} INFO - Started process (PID=420) to work on /opt/airflow/dags/football_etl_dag.py
[2026-08-04T04:22:01.490+0000] {processor.py:830} INFO - Processing file /opt/airflow/dags/football_etl_dag.py for tasks to queue
[2026-08-04T04:22:01.492+0000] {logging_mixin.py:188} INFO - [2026-08-04T04:22:01.492+0000] {dagbag.py:545} INFO - Filling up the DagBag from /opt/airflow/dags/football_etl_dag.py
[2026-08-04T04:22:01.512+0000] {processor.py:840} INFO - DAG(s) 'football_etl' retrieved from /opt/airflow/dags/football_etl_dag.py
[2026-08-04T04:22:01.544+0000] {logging_mixin.py:188} INFO - [2026-08-04T04:22:01.544+0000] {dag.py:3089} INFO - Sync 1 DAGs
[2026-08-04T04:22:01.572+0000] {logging_mixin.py:188} INFO - [2026-08-04T04:22:01.572+0000] {dag.py:3947} INFO - Setting next_dagrun for football_etl to 2026-08-04 04:26:00+00:00, run_after=2026-08-04 04:28:00+00:00
[2026-08-04T04:22:01.593+0000] {processor.py:183} INFO - Processing /opt/airflow/dags/football_etl_dag.py took 0.109 seconds
[2026-08-04T04:22:31.769+0000] {processor.py:161} INFO - Started process (PID=425) to work on /opt/airflow/dags/football_etl_dag.py
[2026-08-04T04:22:31.770+0000] {processor.py:830} INFO - Processing file /opt/airflow/dags/football_etl_dag.py for tasks to queue
[2026-08-04T04:22:31.773+0000] {logging_mixin.py:188} INFO - [2026-08-04T04:22:31.773+0000] {dagbag.py:545} INFO - Filling up the DagBag from /opt/airflow/dags/football_etl_dag.py
[2026-08-04T04:22:31.800+0000] {processor.py:840} INFO - DAG(s) 'football_etl' retrieved from /opt/airflow/dags/football_etl_dag.py
[2026-08-04T04:22:31.836+0000] {logging_mixin.py:188} INFO - [2026-08-04T04:22:31.836+0000] {dag.py:3089} INFO - Sync 1 DAGs
[2026-08-04T04:22:31.863+0000] {logging_mixin.py:188} INFO - [2026-08-04T04:22:31.863+0000] {dag.py:3947} INFO - Setting next_dagrun for football_etl to 2026-08-04 04:26:00+00:00, run_after=2026-08-04 04:28:00+00:00
[2026-08-04T04:22:31.885+0000] {processor.py:183} INFO - Processing /opt/airflow/dags/football_etl_dag.py took 0.125 seconds
[2026-08-04T04:23:02.093+0000] {processor.py:161} INFO - Started process (PID=430) to work on /opt/airflow/dags/football_etl_dag.py
[2026-08-04T04:23:02.094+0000] {processor.py:830} INFO - Processing file /opt/airflow/dags/football_etl_dag.py for tasks to queue
[2026-08-04T04:23:02.096+0000] {logging_mixin.py:188} INFO - [2026-08-04T04:23:02.096+0000] {dagbag.py:545} INFO - Filling up the DagBag from /opt/airflow/dags/football_etl_dag.py
[2026-08-04T04:23:02.118+0000] {processor.py:840} INFO - DAG(s) 'football_etl' retrieved from /opt/airflow/dags/football_etl_dag.py
[2026-08-04T04:23:02.150+0000] {logging_mixin.py:188} INFO - [2026-08-04T04:23:02.149+0000] {dag.py:3089} INFO - Sync 1 DAGs
[2026-08-04T04:23:02.174+0000] {logging_mixin.py:188} INFO - [2026-08-04T04:23:02.174+0000] {dag.py:3947} INFO - Setting next_dagrun for football_etl to 2026-08-04 04:26:00+00:00, run_after=2026-08-04 04:28:00+00:00
[2026-08-04T04:23:02.194+0000] {processor.py:183} INFO - Processing /opt/airflow/dags/football_etl_dag.py took 0.107 seconds
[2026-08-04T04:23:32.389+0000] {processor.py:161} INFO - Started process (PID=435) to work on /opt/airflow/dags/football_etl_dag.py
[2026-08-04T04:23:32.391+0000] {processor.py:830} INFO - Processing file /opt/airflow/dags/football_etl_dag.py for tasks to queue
[2026-08-04T04:23:32.394+0000] {logging_mixin.py:188} INFO - [2026-08-04T04:23:32.394+0000] {dagbag.py:545} INFO - Filling up the DagBag from /opt/airflow/dags/football_etl_dag.py
[2026-08-04T04:23:32.420+0000] {processor.py:840} INFO - DAG(s) 'football_etl' retrieved from /opt/airflow/dags/football_etl_dag.py
[2026-08-04T04:23:32.456+0000] {logging_mixin.py:188} INFO - [2026-08-04T04:23:32.455+0000] {dag.py:3089} INFO - Sync 1 DAGs
[2026-08-04T04:23:32.485+0000] {logging_mixin.py:188} INFO - [2026-08-04T04:23:32.485+0000] {dag.py:3947} INFO - Setting next_dagrun for football_etl to 2026-08-04 04:26:00+00:00, run_after=2026-08-04 04:28:00+00:00
[2026-08-04T04:23:32.506+0000] {processor.py:183} INFO - Processing /opt/airflow/dags/football_etl_dag.py took 0.124 seconds
[2026-08-04T04:24:02.599+0000] {processor.py:161} INFO - Started process (PID=443) to work on /opt/airflow/dags/football_etl_dag.py
[2026-08-04T04:24:02.601+0000] {processor.py:830} INFO - Processing file /opt/airflow/dags/football_etl_dag.py for tasks to queue
[2026-08-04T04:24:02.604+0000] {logging_mixin.py:188} INFO - [2026-08-04T04:24:02.604+0000] {dagbag.py:545} INFO - Filling up the DagBag from /opt/airflow/dags/football_etl_dag.py
[2026-08-04T04:24:02.632+0000] {processor.py:840} INFO - DAG(s) 'football_etl' retrieved from /opt/airflow/dags/football_etl_dag.py
[2026-08-04T04:24:02.674+0000] {logging_mixin.py:188} INFO - [2026-08-04T04:24:02.673+0000] {dag.py:3089} INFO - Sync 1 DAGs
[2026-08-04T04:24:02.705+0000] {logging_mixin.py:188} INFO - [2026-08-04T04:24:02.705+0000] {dag.py:3947} INFO - Setting next_dagrun for football_etl to 2026-08-04 04:26:00+00:00, run_after=2026-08-04 04:28:00+00:00
[2026-08-04T04:24:02.727+0000] {processor.py:183} INFO - Processing /opt/airflow/dags/football_etl_dag.py took 0.137 seconds
[2026-08-04T04:24:32.893+0000] {processor.py:161} INFO - Started process (PID=450) to work on /opt/airflow/dags/football_etl_dag.py
[2026-08-04T04:24:32.895+0000] {processor.py:830} INFO - Processing file /opt/airflow/dags/football_etl_dag.py for tasks to queue
[2026-08-04T04:24:32.898+0000] {logging_mixin.py:188} INFO - [2026-08-04T04:24:32.897+0000] {dagbag.py:545} INFO - Filling up the DagBag from /opt/airflow/dags/football_etl_dag.py
[2026-08-04T04:24:32.928+0000] {processor.py:840} INFO - DAG(s) 'football_etl' retrieved from /opt/airflow/dags/football_etl_dag.py
[2026-08-04T04:24:33.043+0000] {logging_mixin.py:188} INFO - [2026-08-04T04:24:33.042+0000] {dag.py:3089} INFO - Sync 1 DAGs
[2026-08-04T04:24:33.082+0000] {logging_mixin.py:188} INFO - [2026-08-04T04:24:33.082+0000] {dag.py:3947} INFO - Setting next_dagrun for football_etl to 2026-08-04 04:26:00+00:00, run_after=2026-08-04 04:28:00+00:00
[2026-08-04T04:24:33.114+0000] {processor.py:183} INFO - Processing /opt/airflow/dags/football_etl_dag.py took 0.231 seconds
[2026-08-04T04:25:03.361+0000] {processor.py:161} INFO - Started process (PID=455) to work on /opt/airflow/dags/football_etl_dag.py
[2026-08-04T04:25:03.362+0000] {processor.py:830} INFO - Processing file /opt/airflow/dags/football_etl_dag.py for tasks to queue
[2026-08-04T04:25:03.365+0000] {logging_mixin.py:188} INFO - [2026-08-04T04:25:03.364+0000] {dagbag.py:545} INFO - Filling up the DagBag from /opt/airflow/dags/football_etl_dag.py
[2026-08-04T04:25:03.389+0000] {processor.py:840} INFO - DAG(s) 'football_etl' retrieved from /opt/airflow/dags/football_etl_dag.py
[2026-08-04T04:25:03.429+0000] {logging_mixin.py:188} INFO - [2026-08-04T04:25:03.429+0000] {dag.py:3089} INFO - Sync 1 DAGs
[2026-08-04T04:25:03.458+0000] {logging_mixin.py:188} INFO - [2026-08-04T04:25:03.458+0000] {dag.py:3947} INFO - Setting next_dagrun for football_etl to 2026-08-04 04:26:00+00:00, run_after=2026-08-04 04:28:00+00:00
[2026-08-04T04:25:03.480+0000] {processor.py:183} INFO - Processing /opt/airflow/dags/football_etl_dag.py took 0.126 seconds
[2026-08-04T04:25:33.573+0000] {processor.py:161} INFO - Started process (PID=460) to work on /opt/airflow/dags/football_etl_dag.py
[2026-08-04T04:25:33.574+0000] {processor.py:830} INFO - Processing file /opt/airflow/dags/football_etl_dag.py for tasks to queue
[2026-08-04T04:25:33.576+0000] {logging_mixin.py:188} INFO - [2026-08-04T04:25:33.576+0000] {dagbag.py:545} INFO - Filling up the DagBag from /opt/airflow/dags/football_etl_dag.py
[2026-08-04T04:25:33.601+0000] {processor.py:840} INFO - DAG(s) 'football_etl' retrieved from /opt/airflow/dags/football_etl_dag.py
[2026-08-04T04:25:33.639+0000] {logging_mixin.py:188} INFO - [2026-08-04T04:25:33.639+0000] {dag.py:3089} INFO - Sync 1 DAGs
[2026-08-04T04:25:33.666+0000] {logging_mixin.py:188} INFO - [2026-08-04T04:25:33.666+0000] {dag.py:3947} INFO - Setting next_dagrun for football_etl to 2026-08-04 04:26:00+00:00, run_after=2026-08-04 04:28:00+00:00
[2026-08-04T04:25:33.689+0000] {processor.py:183} INFO - Processing /opt/airflow/dags/football_etl_dag.py took 0.122 seconds
[2026-08-04T04:26:03.868+0000] {processor.py:161} INFO - Started process (PID=465) to work on /opt/airflow/dags/football_etl_dag.py
[2026-08-04T04:26:03.869+0000] {processor.py:830} INFO - Processing file /opt/airflow/dags/football_etl_dag.py for tasks to queue
[2026-08-04T04:26:03.872+0000] {logging_mixin.py:188} INFO - [2026-08-04T04:26:03.871+0000] {dagbag.py:545} INFO - Filling up the DagBag from /opt/airflow/dags/football_etl_dag.py
[2026-08-04T04:26:03.895+0000] {processor.py:840} INFO - DAG(s) 'football_etl' retrieved from /opt/airflow/dags/football_etl_dag.py
[2026-08-04T04:26:03.930+0000] {logging_mixin.py:188} INFO - [2026-08-04T04:26:03.930+0000] {dag.py:3089} INFO - Sync 1 DAGs
[2026-08-04T04:26:03.956+0000] {logging_mixin.py:188} INFO - [2026-08-04T04:26:03.956+0000] {dag.py:3947} INFO - Setting next_dagrun for football_etl to 2026-08-04 04:26:00+00:00, run_after=2026-08-04 04:28:00+00:00
[2026-08-04T04:26:03.977+0000] {processor.py:183} INFO - Processing /opt/airflow/dags/football_etl_dag.py took 0.116 seconds
[2026-08-04T04:26:34.150+0000] {processor.py:161} INFO - Started process (PID=470) to work on /opt/airflow/dags/football_etl_dag.py
[2026-08-04T04:26:34.151+0000] {processor.py:830} INFO - Processing file /opt/airflow/dags/football_etl_dag.py for tasks to queue
[2026-08-04T04:26:34.155+0000] {logging_mixin.py:188} INFO - [2026-08-04T04:26:34.154+0000] {dagbag.py:545} INFO - Filling up the DagBag from /opt/airflow/dags/football_etl_dag.py
[2026-08-04T04:26:34.174+0000] {processor.py:840} INFO - DAG(s) 'football_etl' retrieved from /opt/airflow/dags/football_etl_dag.py
[2026-08-04T04:26:34.212+0000] {logging_mixin.py:188} INFO - [2026-08-04T04:26:34.212+0000] {dag.py:3089} INFO - Sync 1 DAGs
[2026-08-04T04:26:34.238+0000] {logging_mixin.py:188} INFO - [2026-08-04T04:26:34.238+0000] {dag.py:3947} INFO - Setting next_dagrun for football_etl to 2026-08-04 04:26:00+00:00, run_after=2026-08-04 04:28:00+00:00
[2026-08-04T04:26:34.259+0000] {processor.py:183} INFO - Processing /opt/airflow/dags/football_etl_dag.py took 0.116 seconds
[2026-08-04T04:27:04.520+0000] {processor.py:161} INFO - Started process (PID=475) to work on /opt/airflow/dags/football_etl_dag.py
[2026-08-04T04:27:04.522+0000] {processor.py:830} INFO - Processing file /opt/airflow/dags/football_etl_dag.py for tasks to queue
[2026-08-04T04:27:04.525+0000] {logging_mixin.py:188} INFO - [2026-08-04T04:27:04.525+0000] {dagbag.py:545} INFO - Filling up the DagBag from /opt/airflow/dags/football_etl_dag.py
[2026-08-04T04:27:04.550+0000] {processor.py:840} INFO - DAG(s) 'football_etl' retrieved from /opt/airflow/dags/football_etl_dag.py
[2026-08-04T04:27:04.590+0000] {logging_mixin.py:188} INFO - [2026-08-04T04:27:04.590+0000] {dag.py:3089} INFO - Sync 1 DAGs
[2026-08-04T04:27:04.617+0000] {logging_mixin.py:188} INFO - [2026-08-04T04:27:04.617+0000] {dag.py:3947} INFO - Setting next_dagrun for football_etl to 2026-08-04 04:26:00+00:00, run_after=2026-08-04 04:28:00+00:00
[2026-08-04T04:27:04.639+0000] {processor.py:183} INFO - Processing /opt/airflow/dags/football_etl_dag.py took 0.127 seconds
[2026-08-04T04:27:34.796+0000] {processor.py:161} INFO - Started process (PID=480) to work on /opt/airflow/dags/football_etl_dag.py
[2026-08-04T04:27:34.798+0000] {processor.py:830} INFO - Processing file /opt/airflow/dags/football_etl_dag.py for tasks to queue
[2026-08-04T04:27:34.801+0000] {logging_mixin.py:188} INFO - [2026-08-04T04:27:34.801+0000] {dagbag.py:545} INFO - Filling up the DagBag from /opt/airflow/dags/football_etl_dag.py
[2026-08-04T04:27:34.827+0000] {processor.py:840} INFO - DAG(s) 'football_etl' retrieved from /opt/airflow/dags/football_etl_dag.py
[2026-08-04T04:27:34.865+0000] {logging_mixin.py:188} INFO - [2026-08-04T04:27:34.865+0000] {dag.py:3089} INFO - Sync 1 DAGs
[2026-08-04T04:27:34.894+0000] {logging_mixin.py:188} INFO - [2026-08-04T04:27:34.893+0000] {dag.py:3947} INFO - Setting next_dagrun for football_etl to 2026-08-04 04:26:00+00:00, run_after=2026-08-04 04:28:00+00:00
[2026-08-04T04:27:34.916+0000] {processor.py:183} INFO - Processing /opt/airflow/dags/football_etl_dag.py took 0.127 seconds
[2026-08-04T04:28:05.138+0000] {processor.py:161} INFO - Started process (PID=491) to work on /opt/airflow/dags/football_etl_dag.py
[2026-08-04T04:28:05.140+0000] {processor.py:830} INFO - Processing file /opt/airflow/dags/football_etl_dag.py for tasks to queue
[2026-08-04T04:28:05.143+0000] {logging_mixin.py:188} INFO - [2026-08-04T04:28:05.142+0000] {dagbag.py:545} INFO - Filling up the DagBag from /opt/airflow/dags/football_etl_dag.py
[2026-08-04T04:28:05.163+0000] {processor.py:840} INFO - DAG(s) 'football_etl' retrieved from /opt/airflow/dags/football_etl_dag.py
[2026-08-04T04:28:05.202+0000] {logging_mixin.py:188} INFO - [2026-08-04T04:28:05.202+0000] {dag.py:3089} INFO - Sync 1 DAGs
[2026-08-04T04:28:05.228+0000] {logging_mixin.py:188} INFO - [2026-08-04T04:28:05.228+0000] {dag.py:3947} INFO - Setting next_dagrun for football_etl to 2026-08-04 04:28:00+00:00, run_after=2026-08-04 04:30:00+00:00
[2026-08-04T04:28:05.248+0000] {processor.py:183} INFO - Processing /opt/airflow/dags/football_etl_dag.py took 0.117 seconds
[2026-08-04T04:28:35.405+0000] {processor.py:161} INFO - Started process (PID=496) to work on /opt/airflow/dags/football_etl_dag.py
[2026-08-04T04:28:35.407+0000] {processor.py:830} INFO - Processing file /opt/airflow/dags/football_etl_dag.py for tasks to queue
[2026-08-04T04:28:35.410+0000] {logging_mixin.py:188} INFO - [2026-08-04T04:28:35.410+0000] {dagbag.py:545} INFO - Filling up the DagBag from /opt/airflow/dags/football_etl_dag.py
[2026-08-04T04:28:35.432+0000] {processor.py:840} INFO - DAG(s) 'football_etl' retrieved from /opt/airflow/dags/football_etl_dag.py
[2026-08-04T04:28:35.470+0000] {logging_mixin.py:188} INFO - [2026-08-04T04:28:35.470+0000] {dag.py:3089} INFO - Sync 1 DAGs
[2026-08-04T04:28:35.498+0000] {logging_mixin.py:188} INFO - [2026-08-04T04:28:35.498+0000] {dag.py:3947} INFO - Setting next_dagrun for football_etl to 2026-08-04 04:28:00+00:00, run_after=2026-08-04 04:30:00+00:00
[2026-08-04T04:28:35.521+0000] {processor.py:183} INFO - Processing /opt/airflow/dags/football_etl_dag.py took 0.121 seconds
[2026-08-04T04:29:05.770+0000] {processor.py:161} INFO - Started process (PID=501) to work on /opt/airflow/dags/football_etl_dag.py
[2026-08-04T04:29:05.771+0000] {processor.py:830} INFO - Processing file /opt/airflow/dags/football_etl_dag.py for tasks to queue
[2026-08-04T04:29:05.775+0000] {logging_mixin.py:188} INFO - [2026-08-04T04:29:05.774+0000] {dagbag.py:545} INFO - Filling up the DagBag from /opt/airflow/dags/football_etl_dag.py
[2026-08-04T04:29:05.798+0000] {processor.py:840} INFO - DAG(s) 'football_etl' retrieved from /opt/airflow/dags/football_etl_dag.py
[2026-08-04T04:29:05.833+0000] {logging_mixin.py:188} INFO - [2026-08-04T04:29:05.833+0000] {dag.py:3089} INFO - Sync 1 DAGs
[2026-08-04T04:29:05.860+0000] {logging_mixin.py:188} INFO - [2026-08-04T04:29:05.860+0000] {dag.py:3947} INFO - Setting next_dagrun for football_etl to 2026-08-04 04:28:00+00:00, run_after=2026-08-04 04:30:00+00:00
[2026-08-04T04:29:05.881+0000] {processor.py:183} INFO - Processing /opt/airflow/dags/football_etl_dag.py took 0.119 seconds
[2026-08-04T04:29:36.029+0000] {processor.py:161} INFO - Started process (PID=506) to work on /opt/airflow/dags/football_etl_dag.py
[2026-08-04T04:29:36.031+0000] {processor.py:830} INFO - Processing file /opt/airflow/dags/football_etl_dag.py for tasks to queue
[2026-08-04T04:29:36.033+0000] {logging_mixin.py:188} INFO - [2026-08-04T04:29:36.033+0000] {dagbag.py:545} INFO - Filling up the DagBag from /opt/airflow/dags/football_etl_dag.py
[2026-08-04T04:29:36.057+0000] {processor.py:840} INFO - DAG(s) 'football_etl' retrieved from /opt/airflow/dags/football_etl_dag.py
[2026-08-04T04:29:36.096+0000] {logging_mixin.py:188} INFO - [2026-08-04T04:29:36.095+0000] {dag.py:3089} INFO - Sync 1 DAGs
[2026-08-04T04:29:36.123+0000] {logging_mixin.py:188} INFO - [2026-08-04T04:29:36.123+0000] {dag.py:3947} INFO - Setting next_dagrun for football_etl to 2026-08-04 04:28:00+00:00, run_after=2026-08-04 04:30:00+00:00
[2026-08-04T04:29:36.144+0000] {processor.py:183} INFO - Processing /opt/airflow/dags/football_etl_dag.py took 0.123 seconds
[2026-08-04T04:30:06.400+0000] {processor.py:161} INFO - Started process (PID=517) to work on /opt/airflow/dags/football_etl_dag.py
[2026-08-04T04:30:06.402+0000] {processor.py:830} INFO - Processing file /opt/airflow/dags/football_etl_dag.py for tasks to queue
[2026-08-04T04:30:06.405+0000] {logging_mixin.py:188} INFO - [2026-08-04T04:30:06.404+0000] {dagbag.py:545} INFO - Filling up the DagBag from /opt/airflow/dags/football_etl_dag.py
[2026-08-04T04:30:06.429+0000] {processor.py:840} INFO - DAG(s) 'football_etl' retrieved from /opt/airflow/dags/football_etl_dag.py
[2026-08-04T04:30:06.468+0000] {logging_mixin.py:188} INFO - [2026-08-04T04:30:06.467+0000] {dag.py:3089} INFO - Sync 1 DAGs
[2026-08-04T04:30:06.495+0000] {logging_mixin.py:188} INFO - [2026-08-04T04:30:06.495+0000] {dag.py:3947} INFO - Setting next_dagrun for football_etl to 2026-08-04 04:30:00+00:00, run_after=2026-08-04 04:32:00+00:00
[2026-08-04T04:30:06.517+0000] {processor.py:183} INFO - Processing /opt/airflow/dags/football_etl_dag.py took 0.125 seconds
[2026-08-04T04:30:36.567+0000] {processor.py:161} INFO - Started process (PID=522) to work on /opt/airflow/dags/football_etl_dag.py
[2026-08-04T04:30:36.569+0000] {processor.py:830} INFO - Processing file /opt/airflow/dags/football_etl_dag.py for tasks to queue
[2026-08-04T04:30:36.573+0000] {logging_mixin.py:188} INFO - [2026-08-04T04:30:36.572+0000] {dagbag.py:545} INFO - Filling up the DagBag from /opt/airflow/dags/football_etl_dag.py
[2026-08-04T04:30:36.600+0000] {processor.py:840} INFO - DAG(s) 'football_etl' retrieved from /opt/airflow/dags/football_etl_dag.py
[2026-08-04T04:30:36.648+0000] {logging_mixin.py:188} INFO - [2026-08-04T04:30:36.648+0000] {dag.py:3089} INFO - Sync 1 DAGs
[2026-08-04T04:30:36.678+0000] {logging_mixin.py:188} INFO - [2026-08-04T04:30:36.678+0000] {dag.py:3947} INFO - Setting next_dagrun for football_etl to 2026-08-04 04:30:00+00:00, run_after=2026-08-04 04:32:00+00:00
[2026-08-04T04:30:36.701+0000] {processor.py:183} INFO - Processing /opt/airflow/dags/football_etl_dag.py took 0.143 seconds
[2026-08-04T04:31:06.831+0000] {processor.py:161} INFO - Started process (PID=527) to work on /opt/airflow/dags/football_etl_dag.py
[2026-08-04T04:31:06.833+0000] {processor.py:830} INFO - Processing file /opt/airflow/dags/football_etl_dag.py for tasks to queue
[2026-08-04T04:31:06.836+0000] {logging_mixin.py:188} INFO - [2026-08-04T04:31:06.836+0000] {dagbag.py:545} INFO - Filling up the DagBag from /opt/airflow/dags/football_etl_dag.py
[2026-08-04T04:31:06.862+0000] {processor.py:840} INFO - DAG(s) 'football_etl' retrieved from /opt/airflow/dags/football_etl_dag.py
[2026-08-04T04:31:06.900+0000] {logging_mixin.py:188} INFO - [2026-08-04T04:31:06.899+0000] {dag.py:3089} INFO - Sync 1 DAGs
[2026-08-04T04:31:06.929+0000] {logging_mixin.py:188} INFO - [2026-08-04T04:31:06.929+0000] {dag.py:3947} INFO - Setting next_dagrun for football_etl to 2026-08-04 04:30:00+00:00, run_after=2026-08-04 04:32:00+00:00
[2026-08-04T04:31:06.952+0000] {processor.py:183} INFO - Processing /opt/airflow/dags/football_etl_dag.py took 0.129 seconds
[2026-08-04T04:31:37.034+0000] {processor.py:161} INFO - Started process (PID=534) to work on /opt/airflow/dags/football_etl_dag.py
[2026-08-04T04:31:37.035+0000] {processor.py:830} INFO - Processing file /opt/airflow/dags/football_etl_dag.py for tasks to queue
[2026-08-04T04:31:37.038+0000] {logging_mixin.py:188} INFO - [2026-08-04T04:31:37.037+0000] {dagbag.py:545} INFO - Filling up the DagBag from /opt/airflow/dags/football_etl_dag.py
[2026-08-04T04:31:37.059+0000] {processor.py:840} INFO - DAG(s) 'football_etl' retrieved from /opt/airflow/dags/football_etl_dag.py
[2026-08-04T04:31:37.094+0000] {logging_mixin.py:188} INFO - [2026-08-04T04:31:37.094+0000] {dag.py:3089} INFO - Sync 1 DAGs
[2026-08-04T04:31:37.120+0000] {logging_mixin.py:188} INFO - [2026-08-04T04:31:37.120+0000] {dag.py:3947} INFO - Setting next_dagrun for football_etl to 2026-08-04 04:30:00+00:00, run_after=2026-08-04 04:32:00+00:00
[2026-08-04T04:31:37.143+0000] {processor.py:183} INFO - Processing /opt/airflow/dags/football_etl_dag.py took 0.115 seconds
[2026-08-04T04:32:07.326+0000] {processor.py:161} INFO - Started process (PID=545) to work on /opt/airflow/dags/football_etl_dag.py
[2026-08-04T04:32:07.328+0000] {processor.py:830} INFO - Processing file /opt/airflow/dags/football_etl_dag.py for tasks to queue
[2026-08-04T04:32:07.331+0000] {logging_mixin.py:188} INFO - [2026-08-04T04:32:07.330+0000] {dagbag.py:545} INFO - Filling up the DagBag from /opt/airflow/dags/football_etl_dag.py
[2026-08-04T04:32:07.354+0000] {processor.py:840} INFO - DAG(s) 'football_etl' retrieved from /opt/airflow/dags/football_etl_dag.py
[2026-08-04T04:32:07.396+0000] {logging_mixin.py:188} INFO - [2026-08-04T04:32:07.395+0000] {dag.py:3089} INFO - Sync 1 DAGs
[2026-08-04T04:32:07.430+0000] {logging_mixin.py:188} INFO - [2026-08-04T04:32:07.430+0000] {dag.py:3947} INFO - Setting next_dagrun for football_etl to 2026-08-04 04:32:00+00:00, run_after=2026-08-04 04:34:00+00:00
[2026-08-04T04:32:07.457+0000] {processor.py:183} INFO - Processing /opt/airflow/dags/football_etl_dag.py took 0.142 seconds
[2026-08-04T04:32:37.526+0000] {processor.py:161} INFO - Started process (PID=552) to work on /opt/airflow/dags/football_etl_dag.py
[2026-08-04T04:32:37.534+0000] {processor.py:830} INFO - Processing file /opt/airflow/dags/football_etl_dag.py for tasks to queue
[2026-08-04T04:32:37.556+0000] {logging_mixin.py:188} INFO - [2026-08-04T04:32:37.555+0000] {dagbag.py:545} INFO - Filling up the DagBag from /opt/airflow/dags/football_etl_dag.py
[2026-08-04T04:32:37.671+0000] {processor.py:840} INFO - DAG(s) 'football_etl' retrieved from /opt/airflow/dags/football_etl_dag.py
[2026-08-04T04:32:37.790+0000] {logging_mixin.py:188} INFO - [2026-08-04T04:32:37.789+0000] {dag.py:3089} INFO - Sync 1 DAGs
[2026-08-04T04:32:37.889+0000] {logging_mixin.py:188} INFO - [2026-08-04T04:32:37.888+0000] {dag.py:3947} INFO - Setting next_dagrun for football_etl to 2026-08-04 04:32:00+00:00, run_after=2026-08-04 04:34:00+00:00
[2026-08-04T04:32:37.939+0000] {processor.py:183} INFO - Processing /opt/airflow/dags/football_etl_dag.py took 0.437 seconds
[2026-08-04T04:33:08.175+0000] {processor.py:161} INFO - Started process (PID=560) to work on /opt/airflow/dags/football_etl_dag.py
[2026-08-04T04:33:08.177+0000] {processor.py:830} INFO - Processing file /opt/airflow/dags/football_etl_dag.py for tasks to queue
[2026-08-04T04:33:08.180+0000] {logging_mixin.py:188} INFO - [2026-08-04T04:33:08.180+0000] {dagbag.py:545} INFO - Filling up the DagBag from /opt/airflow/dags/football_etl_dag.py
[2026-08-04T04:33:08.206+0000] {processor.py:840} INFO - DAG(s) 'football_etl' retrieved from /opt/airflow/dags/football_etl_dag.py
[2026-08-04T04:33:08.248+0000] {logging_mixin.py:188} INFO - [2026-08-04T04:33:08.248+0000] {dag.py:3089} INFO - Sync 1 DAGs
[2026-08-04T04:33:08.279+0000] {logging_mixin.py:188} INFO - [2026-08-04T04:33:08.279+0000] {dag.py:3947} INFO - Setting next_dagrun for football_etl to 2026-08-04 04:32:00+00:00, run_after=2026-08-04 04:34:00+00:00
[2026-08-04T04:33:08.304+0000] {processor.py:183} INFO - Processing /opt/airflow/dags/football_etl_dag.py took 0.139 seconds
[2026-08-04T04:33:38.396+0000] {processor.py:161} INFO - Started process (PID=567) to work on /opt/airflow/dags/football_etl_dag.py
[2026-08-04T04:33:38.398+0000] {processor.py:830} INFO - Processing file /opt/airflow/dags/football_etl_dag.py for tasks to queue
[2026-08-04T04:33:38.401+0000] {logging_mixin.py:188} INFO - [2026-08-04T04:33:38.400+0000] {dagbag.py:545} INFO - Filling up the DagBag from /opt/airflow/dags/football_etl_dag.py
[2026-08-04T04:33:38.424+0000] {processor.py:840} INFO - DAG(s) 'football_etl' retrieved from /opt/airflow/dags/football_etl_dag.py
[2026-08-04T04:33:38.466+0000] {logging_mixin.py:188} INFO - [2026-08-04T04:33:38.466+0000] {dag.py:3089} INFO - Sync 1 DAGs
[2026-08-04T04:33:38.494+0000] {logging_mixin.py:188} INFO - [2026-08-04T04:33:38.494+0000] {dag.py:3947} INFO - Setting next_dagrun for football_etl to 2026-08-04 04:32:00+00:00, run_after=2026-08-04 04:34:00+00:00
[2026-08-04T04:33:38.517+0000] {processor.py:183} INFO - Processing /opt/airflow/dags/football_etl_dag.py took 0.132 seconds
[2026-08-04T04:34:08.677+0000] {processor.py:161} INFO - Started process (PID=578) to work on /opt/airflow/dags/football_etl_dag.py
[2026-08-04T04:34:08.679+0000] {processor.py:830} INFO - Processing file /opt/airflow/dags/football_etl_dag.py for tasks to queue
[2026-08-04T04:34:08.685+0000] {logging_mixin.py:188} INFO - [2026-08-04T04:34:08.685+0000] {dagbag.py:545} INFO - Filling up the DagBag from /opt/airflow/dags/football_etl_dag.py
[2026-08-04T04:34:08.720+0000] {processor.py:840} INFO - DAG(s) 'football_etl' retrieved from /opt/airflow/dags/football_etl_dag.py
[2026-08-04T04:34:08.783+0000] {logging_mixin.py:188} INFO - [2026-08-04T04:34:08.783+0000] {dag.py:3089} INFO - Sync 1 DAGs
[2026-08-04T04:34:08.888+0000] {logging_mixin.py:188} INFO - [2026-08-04T04:34:08.887+0000] {dag.py:3947} INFO - Setting next_dagrun for football_etl to 2026-08-04 04:34:00+00:00, run_after=2026-08-04 04:36:00+00:00
[2026-08-04T04:34:08.911+0000] {processor.py:183} INFO - Processing /opt/airflow/dags/football_etl_dag.py took 0.245 seconds
[2026-08-04T04:34:39.065+0000] {processor.py:161} INFO - Started process (PID=583) to work on /opt/airflow/dags/football_etl_dag.py
[2026-08-04T04:34:39.066+0000] {processor.py:830} INFO - Processing file /opt/airflow/dags/football_etl_dag.py for tasks to queue
[2026-08-04T04:34:39.068+0000] {logging_mixin.py:188} INFO - [2026-08-04T04:34:39.068+0000] {dagbag.py:545} INFO - Filling up the DagBag from /opt/airflow/dags/football_etl_dag.py
[2026-08-04T04:34:39.091+0000] {processor.py:840} INFO - DAG(s) 'football_etl' retrieved from /opt/airflow/dags/football_etl_dag.py
[2026-08-04T04:34:39.130+0000] {logging_mixin.py:188} INFO - [2026-08-04T04:34:39.129+0000] {dag.py:3089} INFO - Sync 1 DAGs
[2026-08-04T04:34:39.158+0000] {logging_mixin.py:188} INFO - [2026-08-04T04:34:39.157+0000] {dag.py:3947} INFO - Setting next_dagrun for football_etl to 2026-08-04 04:34:00+00:00, run_after=2026-08-04 04:36:00+00:00
[2026-08-04T04:34:39.180+0000] {processor.py:183} INFO - Processing /opt/airflow/dags/football_etl_dag.py took 0.122 seconds
[2026-08-04T04:35:09.323+0000] {processor.py:161} INFO - Started process (PID=588) to work on /opt/airflow/dags/football_etl_dag.py
[2026-08-04T04:35:09.324+0000] {processor.py:830} INFO - Processing file /opt/airflow/dags/football_etl_dag.py for tasks to queue
[2026-08-04T04:35:09.326+0000] {logging_mixin.py:188} INFO - [2026-08-04T04:35:09.326+0000] {dagbag.py:545} INFO - Filling up the DagBag from /opt/airflow/dags/football_etl_dag.py
[2026-08-04T04:35:09.350+0000] {processor.py:840} INFO - DAG(s) 'football_etl' retrieved from /opt/airflow/dags/football_etl_dag.py
[2026-08-04T04:35:09.396+0000] {logging_mixin.py:188} INFO - [2026-08-04T04:35:09.395+0000] {dag.py:3089} INFO - Sync 1 DAGs
[2026-08-04T04:35:09.428+0000] {logging_mixin.py:188} INFO - [2026-08-04T04:35:09.428+0000] {dag.py:3947} INFO - Setting next_dagrun for football_etl to 2026-08-04 04:34:00+00:00, run_after=2026-08-04 04:36:00+00:00
[2026-08-04T04:35:09.452+0000] {processor.py:183} INFO - Processing /opt/airflow/dags/football_etl_dag.py took 0.135 seconds
[2026-08-04T04:35:39.538+0000] {processor.py:161} INFO - Started process (PID=593) to work on /opt/airflow/dags/football_etl_dag.py
[2026-08-04T04:35:39.540+0000] {processor.py:830} INFO - Processing file /opt/airflow/dags/football_etl_dag.py for tasks to queue
[2026-08-04T04:35:39.544+0000] {logging_mixin.py:188} INFO - [2026-08-04T04:35:39.544+0000] {dagbag.py:545} INFO - Filling up the DagBag from /opt/airflow/dags/football_etl_dag.py
[2026-08-04T04:35:39.576+0000] {processor.py:840} INFO - DAG(s) 'football_etl' retrieved from /opt/airflow/dags/football_etl_dag.py
[2026-08-04T04:35:39.627+0000] {logging_mixin.py:188} INFO - [2026-08-04T04:35:39.627+0000] {dag.py:3089} INFO - Sync 1 DAGs
[2026-08-04T04:35:39.665+0000] {logging_mixin.py:188} INFO - [2026-08-04T04:35:39.665+0000] {dag.py:3947} INFO - Setting next_dagrun for football_etl to 2026-08-04 04:34:00+00:00, run_after=2026-08-04 04:36:00+00:00
[2026-08-04T04:35:39.695+0000] {processor.py:183} INFO - Processing /opt/airflow/dags/football_etl_dag.py took 0.166 seconds
[2026-08-04T04:36:09.869+0000] {processor.py:161} INFO - Started process (PID=604) to work on /opt/airflow/dags/football_etl_dag.py
[2026-08-04T04:36:09.871+0000] {processor.py:830} INFO - Processing file /opt/airflow/dags/football_etl_dag.py for tasks to queue
[2026-08-04T04:36:09.874+0000] {logging_mixin.py:188} INFO - [2026-08-04T04:36:09.873+0000] {dagbag.py:545} INFO - Filling up the DagBag from /opt/airflow/dags/football_etl_dag.py
[2026-08-04T04:36:09.935+0000] {processor.py:840} INFO - DAG(s) 'football_etl' retrieved from /opt/airflow/dags/football_etl_dag.py
[2026-08-04T04:36:10.045+0000] {logging_mixin.py:188} INFO - [2026-08-04T04:36:10.045+0000] {dag.py:3089} INFO - Sync 1 DAGs
[2026-08-04T04:36:10.093+0000] {logging_mixin.py:188} INFO - [2026-08-04T04:36:10.092+0000] {dag.py:3947} INFO - Setting next_dagrun for football_etl to 2026-08-04 04:36:00+00:00, run_after=2026-08-04 04:38:00+00:00
[2026-08-04T04:36:10.121+0000] {processor.py:183} INFO - Processing /opt/airflow/dags/football_etl_dag.py took 0.261 seconds
[2026-08-04T04:36:40.286+0000] {processor.py:161} INFO - Started process (PID=611) to work on /opt/airflow/dags/football_etl_dag.py
[2026-08-04T04:36:40.288+0000] {processor.py:830} INFO - Processing file /opt/airflow/dags/football_etl_dag.py for tasks to queue
[2026-08-04T04:36:40.291+0000] {logging_mixin.py:188} INFO - [2026-08-04T04:36:40.291+0000] {dagbag.py:545} INFO - Filling up the DagBag from /opt/airflow/dags/football_etl_dag.py
[2026-08-04T04:36:40.315+0000] {processor.py:840} INFO - DAG(s) 'football_etl' retrieved from /opt/airflow/dags/football_etl_dag.py
[2026-08-04T04:36:40.352+0000] {logging_mixin.py:188} INFO - [2026-08-04T04:36:40.352+0000] {dag.py:3089} INFO - Sync 1 DAGs
[2026-08-04T04:36:40.379+0000] {logging_mixin.py:188} INFO - [2026-08-04T04:36:40.379+0000] {dag.py:3947} INFO - Setting next_dagrun for football_etl to 2026-08-04 04:36:00+00:00, run_after=2026-08-04 04:38:00+00:00
[2026-08-04T04:36:40.399+0000] {processor.py:183} INFO - Processing /opt/airflow/dags/football_etl_dag.py took 0.121 seconds
[2026-08-04T04:37:10.570+0000] {processor.py:161} INFO - Started process (PID=616) to work on /opt/airflow/dags/football_etl_dag.py
[2026-08-04T04:37:10.572+0000] {processor.py:830} INFO - Processing file /opt/airflow/dags/football_etl_dag.py for tasks to queue
[2026-08-04T04:37:10.575+0000] {logging_mixin.py:188} INFO - [2026-08-04T04:37:10.575+0000] {dagbag.py:545} INFO - Filling up the DagBag from /opt/airflow/dags/football_etl_dag.py
[2026-08-04T04:37:10.600+0000] {processor.py:840} INFO - DAG(s) 'football_etl' retrieved from /opt/airflow/dags/football_etl_dag.py
[2026-08-04T04:37:10.637+0000] {logging_mixin.py:188} INFO - [2026-08-04T04:37:10.637+0000] {dag.py:3089} INFO - Sync 1 DAGs
[2026-08-04T04:37:10.663+0000] {logging_mixin.py:188} INFO - [2026-08-04T04:37:10.663+0000] {dag.py:3947} INFO - Setting next_dagrun for football_etl to 2026-08-04 04:36:00+00:00, run_after=2026-08-04 04:38:00+00:00
[2026-08-04T04:37:10.683+0000] {processor.py:183} INFO - Processing /opt/airflow/dags/football_etl_dag.py took 0.119 seconds
[2026-08-04T04:37:40.887+0000] {processor.py:161} INFO - Started process (PID=621) to work on /opt/airflow/dags/football_etl_dag.py
[2026-08-04T04:37:40.888+0000] {processor.py:830} INFO - Processing file /opt/airflow/dags/football_etl_dag.py for tasks to queue
[2026-08-04T04:37:40.891+0000] {logging_mixin.py:188} INFO - [2026-08-04T04:37:40.891+0000] {dagbag.py:545} INFO - Filling up the DagBag from /opt/airflow/dags/football_etl_dag.py
[2026-08-04T04:37:40.917+0000] {processor.py:840} INFO - DAG(s) 'football_etl' retrieved from /opt/airflow/dags/football_etl_dag.py
[2026-08-04T04:37:40.949+0000] {logging_mixin.py:188} INFO - [2026-08-04T04:37:40.949+0000] {dag.py:3089} INFO - Sync 1 DAGs
[2026-08-04T04:37:40.973+0000] {logging_mixin.py:188} INFO - [2026-08-04T04:37:40.973+0000] {dag.py:3947} INFO - Setting next_dagrun for football_etl to 2026-08-04 04:36:00+00:00, run_after=2026-08-04 04:38:00+00:00
[2026-08-04T04:37:40.992+0000] {processor.py:183} INFO - Processing /opt/airflow/dags/football_etl_dag.py took 0.111 seconds
[2026-08-04T04:38:11.144+0000] {processor.py:161} INFO - Started process (PID=632) to work on /opt/airflow/dags/football_etl_dag.py
[2026-08-04T04:38:11.145+0000] {processor.py:830} INFO - Processing file /opt/airflow/dags/football_etl_dag.py for tasks to queue
[2026-08-04T04:38:11.148+0000] {logging_mixin.py:188} INFO - [2026-08-04T04:38:11.148+0000] {dagbag.py:545} INFO - Filling up the DagBag from /opt/airflow/dags/football_etl_dag.py
[2026-08-04T04:38:11.170+0000] {processor.py:840} INFO - DAG(s) 'football_etl' retrieved from /opt/airflow/dags/football_etl_dag.py
[2026-08-04T04:38:11.204+0000] {logging_mixin.py:188} INFO - [2026-08-04T04:38:11.203+0000] {dag.py:3089} INFO - Sync 1 DAGs
[2026-08-04T04:38:11.229+0000] {logging_mixin.py:188} INFO - [2026-08-04T04:38:11.229+0000] {dag.py:3947} INFO - Setting next_dagrun for football_etl to 2026-08-04 04:38:00+00:00, run_after=2026-08-04 04:40:00+00:00
[2026-08-04T04:38:11.252+0000] {processor.py:183} INFO - Processing /opt/airflow/dags/football_etl_dag.py took 0.114 seconds
[2026-08-04T04:38:41.368+0000] {processor.py:161} INFO - Started process (PID=639) to work on /opt/airflow/dags/football_etl_dag.py
[2026-08-04T04:38:41.370+0000] {processor.py:830} INFO - Processing file /opt/airflow/dags/football_etl_dag.py for tasks to queue
[2026-08-04T04:38:41.373+0000] {logging_mixin.py:188} INFO - [2026-08-04T04:38:41.373+0000] {dagbag.py:545} INFO - Filling up the DagBag from /opt/airflow/dags/football_etl_dag.py
[2026-08-04T04:38:41.397+0000] {processor.py:840} INFO - DAG(s) 'football_etl' retrieved from /opt/airflow/dags/football_etl_dag.py
[2026-08-04T04:38:41.435+0000] {logging_mixin.py:188} INFO - [2026-08-04T04:38:41.435+0000] {dag.py:3089} INFO - Sync 1 DAGs
[2026-08-04T04:38:41.462+0000] {logging_mixin.py:188} INFO - [2026-08-04T04:38:41.462+0000] {dag.py:3947} INFO - Setting next_dagrun for football_etl to 2026-08-04 04:38:00+00:00, run_after=2026-08-04 04:40:00+00:00
[2026-08-04T04:38:41.483+0000] {processor.py:183} INFO - Processing /opt/airflow/dags/football_etl_dag.py took 0.123 seconds
[2026-08-04T04:39:11.632+0000] {processor.py:161} INFO - Started process (PID=644) to work on /opt/airflow/dags/football_etl_dag.py
[2026-08-04T04:39:11.635+0000] {processor.py:830} INFO - Processing file /opt/airflow/dags/football_etl_dag.py for tasks to queue
[2026-08-04T04:39:11.640+0000] {logging_mixin.py:188} INFO - [2026-08-04T04:39:11.639+0000] {dagbag.py:545} INFO - Filling up the DagBag from /opt/airflow/dags/football_etl_dag.py
[2026-08-04T04:39:11.673+0000] {processor.py:840} INFO - DAG(s) 'football_etl' retrieved from /opt/airflow/dags/football_etl_dag.py
[2026-08-04T04:39:11.716+0000] {logging_mixin.py:188} INFO - [2026-08-04T04:39:11.716+0000] {dag.py:3089} INFO - Sync 1 DAGs
[2026-08-04T04:39:11.782+0000] {logging_mixin.py:188} INFO - [2026-08-04T04:39:11.782+0000] {dag.py:3947} INFO - Setting next_dagrun for football_etl to 2026-08-04 04:38:00+00:00, run_after=2026-08-04 04:40:00+00:00
[2026-08-04T04:39:11.805+0000] {processor.py:183} INFO - Processing /opt/airflow/dags/football_etl_dag.py took 0.183 seconds
[2026-08-04T04:39:41.941+0000] {processor.py:161} INFO - Started process (PID=649) to work on /opt/airflow/dags/football_etl_dag.py
[2026-08-04T04:39:41.942+0000] {processor.py:830} INFO - Processing file /opt/airflow/dags/football_etl_dag.py for tasks to queue
[2026-08-04T04:39:41.945+0000] {logging_mixin.py:188} INFO - [2026-08-04T04:39:41.945+0000] {dagbag.py:545} INFO - Filling up the DagBag from /opt/airflow/dags/football_etl_dag.py
[2026-08-04T04:39:41.970+0000] {processor.py:840} INFO - DAG(s) 'football_etl' retrieved from /opt/airflow/dags/football_etl_dag.py
[2026-08-04T04:39:42.012+0000] {logging_mixin.py:188} INFO - [2026-08-04T04:39:42.012+0000] {dag.py:3089} INFO - Sync 1 DAGs
[2026-08-04T04:39:42.039+0000] {logging_mixin.py:188} INFO - [2026-08-04T04:39:42.039+0000] {dag.py:3947} INFO - Setting next_dagrun for football_etl to 2026-08-04 04:38:00+00:00, run_after=2026-08-04 04:40:00+00:00
[2026-08-04T04:39:42.060+0000] {processor.py:183} INFO - Processing /opt/airflow/dags/football_etl_dag.py took 0.127 seconds
[2026-08-04T04:40:12.242+0000] {processor.py:161} INFO - Started process (PID=660) to work on /opt/airflow/dags/football_etl_dag.py
[2026-08-04T04:40:12.246+0000] {processor.py:830} INFO - Processing file /opt/airflow/dags/football_etl_dag.py for tasks to queue
[2026-08-04T04:40:12.250+0000] {logging_mixin.py:188} INFO - [2026-08-04T04:40:12.249+0000] {dagbag.py:545} INFO - Filling up the DagBag from /opt/airflow/dags/football_etl_dag.py
[2026-08-04T04:40:12.277+0000] {processor.py:840} INFO - DAG(s) 'football_etl' retrieved from /opt/airflow/dags/football_etl_dag.py
[2026-08-04T04:40:12.315+0000] {logging_mixin.py:188} INFO - [2026-08-04T04:40:12.314+0000] {dag.py:3089} INFO - Sync 1 DAGs
[2026-08-04T04:40:12.342+0000] {logging_mixin.py:188} INFO - [2026-08-04T04:40:12.342+0000] {dag.py:3947} INFO - Setting next_dagrun for football_etl to 2026-08-04 04:40:00+00:00, run_after=2026-08-04 04:42:00+00:00
[2026-08-04T04:40:12.366+0000] {processor.py:183} INFO - Processing /opt/airflow/dags/football_etl_dag.py took 0.134 seconds
[2026-08-04T04:40:42.463+0000] {processor.py:161} INFO - Started process (PID=672) to work on /opt/airflow/dags/football_etl_dag.py
[2026-08-04T04:40:42.465+0000] {processor.py:830} INFO - Processing file /opt/airflow/dags/football_etl_dag.py for tasks to queue
[2026-08-04T04:40:42.470+0000] {logging_mixin.py:188} INFO - [2026-08-04T04:40:42.469+0000] {dagbag.py:545} INFO - Filling up the DagBag from /opt/airflow/dags/football_etl_dag.py
[2026-08-04T04:40:42.509+0000] {processor.py:840} INFO - DAG(s) 'football_etl' retrieved from /opt/airflow/dags/football_etl_dag.py
[2026-08-04T04:40:42.578+0000] {logging_mixin.py:188} INFO - [2026-08-04T04:40:42.577+0000] {dag.py:3089} INFO - Sync 1 DAGs
[2026-08-04T04:40:42.624+0000] {logging_mixin.py:188} INFO - [2026-08-04T04:40:42.624+0000] {dag.py:3947} INFO - Setting next_dagrun for football_etl to 2026-08-04 04:40:00+00:00, run_after=2026-08-04 04:42:00+00:00
[2026-08-04T04:40:42.648+0000] {processor.py:183} INFO - Processing /opt/airflow/dags/football_etl_dag.py took 0.195 seconds
[2026-08-04T04:41:12.874+0000] {processor.py:161} INFO - Started process (PID=677) to work on /opt/airflow/dags/football_etl_dag.py
[2026-08-04T04:41:12.875+0000] {processor.py:830} INFO - Processing file /opt/airflow/dags/football_etl_dag.py for tasks to queue
[2026-08-04T04:41:12.878+0000] {logging_mixin.py:188} INFO - [2026-08-04T04:41:12.877+0000] {dagbag.py:545} INFO - Filling up the DagBag from /opt/airflow/dags/football_etl_dag.py
[2026-08-04T04:41:12.898+0000] {processor.py:840} INFO - DAG(s) 'football_etl' retrieved from /opt/airflow/dags/football_etl_dag.py
[2026-08-04T04:41:12.929+0000] {logging_mixin.py:188} INFO - [2026-08-04T04:41:12.929+0000] {dag.py:3089} INFO - Sync 1 DAGs
[2026-08-04T04:41:12.953+0000] {logging_mixin.py:188} INFO - [2026-08-04T04:41:12.952+0000] {dag.py:3947} INFO - Setting next_dagrun for football_etl to 2026-08-04 04:40:00+00:00, run_after=2026-08-04 04:42:00+00:00
[2026-08-04T04:41:12.973+0000] {processor.py:183} INFO - Processing /opt/airflow/dags/football_etl_dag.py took 0.105 seconds
[2026-08-04T04:41:43.203+0000] {processor.py:161} INFO - Started process (PID=682) to work on /opt/airflow/dags/football_etl_dag.py
[2026-08-04T04:41:43.205+0000] {processor.py:830} INFO - Processing file /opt/airflow/dags/football_etl_dag.py for tasks to queue
[2026-08-04T04:41:43.208+0000] {logging_mixin.py:188} INFO - [2026-08-04T04:41:43.208+0000] {dagbag.py:545} INFO - Filling up the DagBag from /opt/airflow/dags/football_etl_dag.py
[2026-08-04T04:41:43.232+0000] {processor.py:840} INFO - DAG(s) 'football_etl' retrieved from /opt/airflow/dags/football_etl_dag.py
[2026-08-04T04:41:43.276+0000] {logging_mixin.py:188} INFO - [2026-08-04T04:41:43.275+0000] {dag.py:3089} INFO - Sync 1 DAGs
[2026-08-04T04:41:43.304+0000] {logging_mixin.py:188} INFO - [2026-08-04T04:41:43.303+0000] {dag.py:3947} INFO - Setting next_dagrun for football_etl to 2026-08-04 04:40:00+00:00, run_after=2026-08-04 04:42:00+00:00
[2026-08-04T04:41:43.326+0000] {processor.py:183} INFO - Processing /opt/airflow/dags/football_etl_dag.py took 0.130 seconds
[2026-08-04T04:42:13.474+0000] {processor.py:161} INFO - Started process (PID=693) to work on /opt/airflow/dags/football_etl_dag.py
[2026-08-04T04:42:13.476+0000] {processor.py:830} INFO - Processing file /opt/airflow/dags/football_etl_dag.py for tasks to queue
[2026-08-04T04:42:13.480+0000] {logging_mixin.py:188} INFO - [2026-08-04T04:42:13.479+0000] {dagbag.py:545} INFO - Filling up the DagBag from /opt/airflow/dags/football_etl_dag.py
[2026-08-04T04:42:13.503+0000] {processor.py:840} INFO - DAG(s) 'football_etl' retrieved from /opt/airflow/dags/football_etl_dag.py
[2026-08-04T04:42:13.542+0000] {logging_mixin.py:188} INFO - [2026-08-04T04:42:13.542+0000] {dag.py:3089} INFO - Sync 1 DAGs
[2026-08-04T04:42:13.571+0000] {logging_mixin.py:188} INFO - [2026-08-04T04:42:13.570+0000] {dag.py:3947} INFO - Setting next_dagrun for football_etl to 2026-08-04 04:42:00+00:00, run_after=2026-08-04 04:44:00+00:00
[2026-08-04T04:42:13.591+0000] {processor.py:183} INFO - Processing /opt/airflow/dags/football_etl_dag.py took 0.126 seconds
[2026-08-04T04:42:43.772+0000] {processor.py:161} INFO - Started process (PID=700) to work on /opt/airflow/dags/football_etl_dag.py
[2026-08-04T04:42:43.774+0000] {processor.py:830} INFO - Processing file /opt/airflow/dags/football_etl_dag.py for tasks to queue
[2026-08-04T04:42:43.777+0000] {logging_mixin.py:188} INFO - [2026-08-04T04:42:43.776+0000] {dagbag.py:545} INFO - Filling up the DagBag from /opt/airflow/dags/football_etl_dag.py
[2026-08-04T04:42:43.799+0000] {processor.py:840} INFO - DAG(s) 'football_etl' retrieved from /opt/airflow/dags/football_etl_dag.py
[2026-08-04T04:42:43.834+0000] {logging_mixin.py:188} INFO - [2026-08-04T04:42:43.833+0000] {dag.py:3089} INFO - Sync 1 DAGs
[2026-08-04T04:42:43.858+0000] {logging_mixin.py:188} INFO - [2026-08-04T04:42:43.858+0000] {dag.py:3947} INFO - Setting next_dagrun for football_etl to 2026-08-04 04:42:00+00:00, run_after=2026-08-04 04:44:00+00:00
[2026-08-04T04:42:43.879+0000] {processor.py:183} INFO - Processing /opt/airflow/dags/football_etl_dag.py took 0.114 seconds
[2026-08-04T04:43:14.090+0000] {processor.py:161} INFO - Started process (PID=705) to work on /opt/airflow/dags/football_etl_dag.py
[2026-08-04T04:43:14.091+0000] {processor.py:830} INFO - Processing file /opt/airflow/dags/football_etl_dag.py for tasks to queue
[2026-08-04T04:43:14.094+0000] {logging_mixin.py:188} INFO - [2026-08-04T04:43:14.094+0000] {dagbag.py:545} INFO - Filling up the DagBag from /opt/airflow/dags/football_etl_dag.py
[2026-08-04T04:43:14.121+0000] {processor.py:840} INFO - DAG(s) 'football_etl' retrieved from /opt/airflow/dags/football_etl_dag.py
[2026-08-04T04:43:14.169+0000] {logging_mixin.py:188} INFO - [2026-08-04T04:43:14.169+0000] {dag.py:3089} INFO - Sync 1 DAGs
[2026-08-04T04:43:14.195+0000] {logging_mixin.py:188} INFO - [2026-08-04T04:43:14.195+0000] {dag.py:3947} INFO - Setting next_dagrun for football_etl to 2026-08-04 04:42:00+00:00, run_after=2026-08-04 04:44:00+00:00
[2026-08-04T04:43:14.216+0000] {processor.py:183} INFO - Processing /opt/airflow/dags/football_etl_dag.py took 0.134 seconds
[2026-08-04T04:43:44.424+0000] {processor.py:161} INFO - Started process (PID=710) to work on /opt/airflow/dags/football_etl_dag.py
[2026-08-04T04:43:44.426+0000] {processor.py:830} INFO - Processing file /opt/airflow/dags/football_etl_dag.py for tasks to queue
[2026-08-04T04:43:44.429+0000] {logging_mixin.py:188} INFO - [2026-08-04T04:43:44.428+0000] {dagbag.py:545} INFO - Filling up the DagBag from /opt/airflow/dags/football_etl_dag.py
[2026-08-04T04:43:44.456+0000] {processor.py:840} INFO - DAG(s) 'football_etl' retrieved from /opt/airflow/dags/football_etl_dag.py
[2026-08-04T04:43:44.495+0000] {logging_mixin.py:188} INFO - [2026-08-04T04:43:44.495+0000] {dag.py:3089} INFO - Sync 1 DAGs
[2026-08-04T04:43:44.526+0000] {logging_mixin.py:188} INFO - [2026-08-04T04:43:44.526+0000] {dag.py:3947} INFO - Setting next_dagrun for football_etl to 2026-08-04 04:42:00+00:00, run_after=2026-08-04 04:44:00+00:00
[2026-08-04T04:43:44.551+0000] {processor.py:183} INFO - Processing /opt/airflow/dags/football_etl_dag.py took 0.137 seconds
[2026-08-04T04:44:14.721+0000] {processor.py:161} INFO - Started process (PID=721) to work on /opt/airflow/dags/football_etl_dag.py
[2026-08-04T04:44:14.722+0000] {processor.py:830} INFO - Processing file /opt/airflow/dags/football_etl_dag.py for tasks to queue
[2026-08-04T04:44:14.726+0000] {logging_mixin.py:188} INFO - [2026-08-04T04:44:14.725+0000] {dagbag.py:545} INFO - Filling up the DagBag from /opt/airflow/dags/football_etl_dag.py
[2026-08-04T04:44:14.753+0000] {processor.py:840} INFO - DAG(s) 'football_etl' retrieved from /opt/airflow/dags/football_etl_dag.py
[2026-08-04T04:44:14.793+0000] {logging_mixin.py:188} INFO - [2026-08-04T04:44:14.793+0000] {dag.py:3089} INFO - Sync 1 DAGs
[2026-08-04T04:44:14.825+0000] {logging_mixin.py:188} INFO - [2026-08-04T04:44:14.825+0000] {dag.py:3947} INFO - Setting next_dagrun for football_etl to 2026-08-04 04:44:00+00:00, run_after=2026-08-04 04:46:00+00:00
[2026-08-04T04:44:14.848+0000] {processor.py:183} INFO - Processing /opt/airflow/dags/football_etl_dag.py took 0.136 seconds
[2026-08-04T04:44:44.940+0000] {processor.py:161} INFO - Started process (PID=728) to work on /opt/airflow/dags/football_etl_dag.py
[2026-08-04T04:44:44.941+0000] {processor.py:830} INFO - Processing file /opt/airflow/dags/football_etl_dag.py for tasks to queue
[2026-08-04T04:44:44.944+0000] {logging_mixin.py:188} INFO - [2026-08-04T04:44:44.944+0000] {dagbag.py:545} INFO - Filling up the DagBag from /opt/airflow/dags/football_etl_dag.py
[2026-08-04T04:44:44.969+0000] {processor.py:840} INFO - DAG(s) 'football_etl' retrieved from /opt/airflow/dags/football_etl_dag.py
[2026-08-04T04:44:45.011+0000] {logging_mixin.py:188} INFO - [2026-08-04T04:44:45.011+0000] {dag.py:3089} INFO - Sync 1 DAGs
[2026-08-04T04:44:45.038+0000] {logging_mixin.py:188} INFO - [2026-08-04T04:44:45.038+0000] {dag.py:3947} INFO - Setting next_dagrun for football_etl to 2026-08-04 04:44:00+00:00, run_after=2026-08-04 04:46:00+00:00
[2026-08-04T04:44:45.059+0000] {processor.py:183} INFO - Processing /opt/airflow/dags/football_etl_dag.py took 0.128 seconds
[2026-08-04T04:45:15.251+0000] {processor.py:161} INFO - Started process (PID=733) to work on /opt/airflow/dags/football_etl_dag.py
[2026-08-04T04:45:15.252+0000] {processor.py:830} INFO - Processing file /opt/airflow/dags/football_etl_dag.py for tasks to queue
[2026-08-04T04:45:15.255+0000] {logging_mixin.py:188} INFO - [2026-08-04T04:45:15.254+0000] {dagbag.py:545} INFO - Filling up the DagBag from /opt/airflow/dags/football_etl_dag.py
[2026-08-04T04:45:15.278+0000] {processor.py:840} INFO - DAG(s) 'football_etl' retrieved from /opt/airflow/dags/football_etl_dag.py
[2026-08-04T04:45:15.324+0000] {logging_mixin.py:188} INFO - [2026-08-04T04:45:15.323+0000] {dag.py:3089} INFO - Sync 1 DAGs
[2026-08-04T04:45:15.391+0000] {logging_mixin.py:188} INFO - [2026-08-04T04:45:15.391+0000] {dag.py:3947} INFO - Setting next_dagrun for football_etl to 2026-08-04 04:44:00+00:00, run_after=2026-08-04 04:46:00+00:00
[2026-08-04T04:45:15.412+0000] {processor.py:183} INFO - Processing /opt/airflow/dags/football_etl_dag.py took 0.168 seconds
[2026-08-04T04:45:45.585+0000] {processor.py:161} INFO - Started process (PID=738) to work on /opt/airflow/dags/football_etl_dag.py
[2026-08-04T04:45:45.586+0000] {processor.py:830} INFO - Processing file /opt/airflow/dags/football_etl_dag.py for tasks to queue
[2026-08-04T04:45:45.589+0000] {logging_mixin.py:188} INFO - [2026-08-04T04:45:45.589+0000] {dagbag.py:545} INFO - Filling up the DagBag from /opt/airflow/dags/football_etl_dag.py
[2026-08-04T04:45:45.612+0000] {processor.py:840} INFO - DAG(s) 'football_etl' retrieved from /opt/airflow/dags/football_etl_dag.py
[2026-08-04T04:45:45.657+0000] {logging_mixin.py:188} INFO - [2026-08-04T04:45:45.657+0000] {dag.py:3089} INFO - Sync 1 DAGs
[2026-08-04T04:45:45.693+0000] {logging_mixin.py:188} INFO - [2026-08-04T04:45:45.692+0000] {dag.py:3947} INFO - Setting next_dagrun for football_etl to 2026-08-04 04:44:00+00:00, run_after=2026-08-04 04:46:00+00:00
[2026-08-04T04:45:45.717+0000] {processor.py:183} INFO - Processing /opt/airflow/dags/football_etl_dag.py took 0.140 seconds
[2026-08-04T04:46:15.876+0000] {processor.py:161} INFO - Started process (PID=749) to work on /opt/airflow/dags/football_etl_dag.py
[2026-08-04T04:46:15.878+0000] {processor.py:830} INFO - Processing file /opt/airflow/dags/football_etl_dag.py for tasks to queue
[2026-08-04T04:46:15.881+0000] {logging_mixin.py:188} INFO - [2026-08-04T04:46:15.880+0000] {dagbag.py:545} INFO - Filling up the DagBag from /opt/airflow/dags/football_etl_dag.py
[2026-08-04T04:46:15.911+0000] {processor.py:840} INFO - DAG(s) 'football_etl' retrieved from /opt/airflow/dags/football_etl_dag.py
[2026-08-04T04:46:15.953+0000] {logging_mixin.py:188} INFO - [2026-08-04T04:46:15.953+0000] {dag.py:3089} INFO - Sync 1 DAGs
[2026-08-04T04:46:15.981+0000] {logging_mixin.py:188} INFO - [2026-08-04T04:46:15.981+0000] {dag.py:3947} INFO - Setting next_dagrun for football_etl to 2026-08-04 04:46:00+00:00, run_after=2026-08-04 04:48:00+00:00
[2026-08-04T04:46:16.003+0000] {processor.py:183} INFO - Processing /opt/airflow/dags/football_etl_dag.py took 0.137 seconds
[2026-08-04T04:46:46.147+0000] {processor.py:161} INFO - Started process (PID=756) to work on /opt/airflow/dags/football_etl_dag.py
[2026-08-04T04:46:46.149+0000] {processor.py:830} INFO - Processing file /opt/airflow/dags/football_etl_dag.py for tasks to queue
[2026-08-04T04:46:46.151+0000] {logging_mixin.py:188} INFO - [2026-08-04T04:46:46.151+0000] {dagbag.py:545} INFO - Filling up the DagBag from /opt/airflow/dags/football_etl_dag.py
[2026-08-04T04:46:46.179+0000] {processor.py:840} INFO - DAG(s) 'football_etl' retrieved from /opt/airflow/dags/football_etl_dag.py
[2026-08-04T04:46:46.215+0000] {logging_mixin.py:188} INFO - [2026-08-04T04:46:46.214+0000] {dag.py:3089} INFO - Sync 1 DAGs
[2026-08-04T04:46:46.243+0000] {logging_mixin.py:188} INFO - [2026-08-04T04:46:46.243+0000] {dag.py:3947} INFO - Setting next_dagrun for football_etl to 2026-08-04 04:46:00+00:00, run_after=2026-08-04 04:48:00+00:00
[2026-08-04T04:46:46.267+0000] {processor.py:183} INFO - Processing /opt/airflow/dags/football_etl_dag.py took 0.126 seconds
[2026-08-04T04:47:16.375+0000] {processor.py:161} INFO - Started process (PID=761) to work on /opt/airflow/dags/football_etl_dag.py
[2026-08-04T04:47:16.377+0000] {processor.py:830} INFO - Processing file /opt/airflow/dags/football_etl_dag.py for tasks to queue
[2026-08-04T04:47:16.379+0000] {logging_mixin.py:188} INFO - [2026-08-04T04:47:16.379+0000] {dagbag.py:545} INFO - Filling up the DagBag from /opt/airflow/dags/football_etl_dag.py
[2026-08-04T04:47:16.407+0000] {processor.py:840} INFO - DAG(s) 'football_etl' retrieved from /opt/airflow/dags/football_etl_dag.py
[2026-08-04T04:47:16.445+0000] {logging_mixin.py:188} INFO - [2026-08-04T04:47:16.445+0000] {dag.py:3089} INFO - Sync 1 DAGs
[2026-08-04T04:47:16.475+0000] {logging_mixin.py:188} INFO - [2026-08-04T04:47:16.475+0000] {dag.py:3947} INFO - Setting next_dagrun for football_etl to 2026-08-04 04:46:00+00:00, run_after=2026-08-04 04:48:00+00:00
[2026-08-04T04:47:16.498+0000] {processor.py:183} INFO - Processing /opt/airflow/dags/football_etl_dag.py took 0.131 seconds
[2026-08-04T04:47:46.805+0000] {processor.py:161} INFO - Started process (PID=766) to work on /opt/airflow/dags/football_etl_dag.py
[2026-08-04T04:47:46.807+0000] {processor.py:830} INFO - Processing file /opt/airflow/dags/football_etl_dag.py for tasks to queue
[2026-08-04T04:47:46.810+0000] {logging_mixin.py:188} INFO - [2026-08-04T04:47:46.810+0000] {dagbag.py:545} INFO - Filling up the DagBag from /opt/airflow/dags/football_etl_dag.py
[2026-08-04T04:47:46.835+0000] {processor.py:840} INFO - DAG(s) 'football_etl' retrieved from /opt/airflow/dags/football_etl_dag.py
[2026-08-04T04:47:46.874+0000] {logging_mixin.py:188} INFO - [2026-08-04T04:47:46.873+0000] {dag.py:3089} INFO - Sync 1 DAGs
[2026-08-04T04:47:46.902+0000] {logging_mixin.py:188} INFO - [2026-08-04T04:47:46.902+0000] {dag.py:3947} INFO - Setting next_dagrun for football_etl to 2026-08-04 04:46:00+00:00, run_after=2026-08-04 04:48:00+00:00
[2026-08-04T04:47:46.926+0000] {processor.py:183} INFO - Processing /opt/airflow/dags/football_etl_dag.py took 0.128 seconds
[2026-08-04T04:48:17.050+0000] {processor.py:161} INFO - Started process (PID=777) to work on /opt/airflow/dags/football_etl_dag.py
[2026-08-04T04:48:17.052+0000] {processor.py:830} INFO - Processing file /opt/airflow/dags/football_etl_dag.py for tasks to queue
[2026-08-04T04:48:17.056+0000] {logging_mixin.py:188} INFO - [2026-08-04T04:48:17.056+0000] {dagbag.py:545} INFO - Filling up the DagBag from /opt/airflow/dags/football_etl_dag.py
[2026-08-04T04:48:17.082+0000] {processor.py:840} INFO - DAG(s) 'football_etl' retrieved from /opt/airflow/dags/football_etl_dag.py
[2026-08-04T04:48:17.123+0000] {logging_mixin.py:188} INFO - [2026-08-04T04:48:17.123+0000] {dag.py:3089} INFO - Sync 1 DAGs
[2026-08-04T04:48:17.153+0000] {logging_mixin.py:188} INFO - [2026-08-04T04:48:17.152+0000] {dag.py:3947} INFO - Setting next_dagrun for football_etl to 2026-08-04 04:48:00+00:00, run_after=2026-08-04 04:50:00+00:00
[2026-08-04T04:48:17.176+0000] {processor.py:183} INFO - Processing /opt/airflow/dags/football_etl_dag.py took 0.134 seconds
[2026-08-04T04:48:47.404+0000] {processor.py:161} INFO - Started process (PID=784) to work on /opt/airflow/dags/football_etl_dag.py
[2026-08-04T04:48:47.406+0000] {processor.py:830} INFO - Processing file /opt/airflow/dags/football_etl_dag.py for tasks to queue
[2026-08-04T04:48:47.408+0000] {logging_mixin.py:188} INFO - [2026-08-04T04:48:47.408+0000] {dagbag.py:545} INFO - Filling up the DagBag from /opt/airflow/dags/football_etl_dag.py
[2026-08-04T04:48:47.433+0000] {processor.py:840} INFO - DAG(s) 'football_etl' retrieved from /opt/airflow/dags/football_etl_dag.py
[2026-08-04T04:48:47.469+0000] {logging_mixin.py:188} INFO - [2026-08-04T04:48:47.469+0000] {dag.py:3089} INFO - Sync 1 DAGs
[2026-08-04T04:48:47.495+0000] {logging_mixin.py:188} INFO - [2026-08-04T04:48:47.495+0000] {dag.py:3947} INFO - Setting next_dagrun for football_etl to 2026-08-04 04:48:00+00:00, run_after=2026-08-04 04:50:00+00:00
[2026-08-04T04:48:47.516+0000] {processor.py:183} INFO - Processing /opt/airflow/dags/football_etl_dag.py took 0.117 seconds
[2026-08-04T04:49:17.704+0000] {processor.py:161} INFO - Started process (PID=789) to work on /opt/airflow/dags/football_etl_dag.py
[2026-08-04T04:49:17.706+0000] {processor.py:830} INFO - Processing file /opt/airflow/dags/football_etl_dag.py for tasks to queue
[2026-08-04T04:49:17.709+0000] {logging_mixin.py:188} INFO - [2026-08-04T04:49:17.708+0000] {dagbag.py:545} INFO - Filling up the DagBag from /opt/airflow/dags/football_etl_dag.py
[2026-08-04T04:49:17.733+0000] {processor.py:840} INFO - DAG(s) 'football_etl' retrieved from /opt/airflow/dags/football_etl_dag.py
[2026-08-04T04:49:17.774+0000] {logging_mixin.py:188} INFO - [2026-08-04T04:49:17.774+0000] {dag.py:3089} INFO - Sync 1 DAGs
[2026-08-04T04:49:17.801+0000] {logging_mixin.py:188} INFO - [2026-08-04T04:49:17.801+0000] {dag.py:3947} INFO - Setting next_dagrun for football_etl to 2026-08-04 04:48:00+00:00, run_after=2026-08-04 04:50:00+00:00
[2026-08-04T04:49:17.824+0000] {processor.py:183} INFO - Processing /opt/airflow/dags/football_etl_dag.py took 0.127 seconds
[2026-08-04T04:49:48.002+0000] {processor.py:161} INFO - Started process (PID=794) to work on /opt/airflow/dags/football_etl_dag.py
[2026-08-04T04:49:48.004+0000] {processor.py:830} INFO - Processing file /opt/airflow/dags/football_etl_dag.py for tasks to queue
[2026-08-04T04:49:48.007+0000] {logging_mixin.py:188} INFO - [2026-08-04T04:49:48.006+0000] {dagbag.py:545} INFO - Filling up the DagBag from /opt/airflow/dags/football_etl_dag.py
[2026-08-04T04:49:48.032+0000] {processor.py:840} INFO - DAG(s) 'football_etl' retrieved from /opt/airflow/dags/football_etl_dag.py
[2026-08-04T04:49:48.070+0000] {logging_mixin.py:188} INFO - [2026-08-04T04:49:48.070+0000] {dag.py:3089} INFO - Sync 1 DAGs
[2026-08-04T04:49:48.098+0000] {logging_mixin.py:188} INFO - [2026-08-04T04:49:48.098+0000] {dag.py:3947} INFO - Setting next_dagrun for football_etl to 2026-08-04 04:48:00+00:00, run_after=2026-08-04 04:50:00+00:00
[2026-08-04T04:49:48.120+0000] {processor.py:183} INFO - Processing /opt/airflow/dags/football_etl_dag.py took 0.125 seconds
[2026-08-04T04:50:18.274+0000] {processor.py:161} INFO - Started process (PID=805) to work on /opt/airflow/dags/football_etl_dag.py
[2026-08-04T04:50:18.276+0000] {processor.py:830} INFO - Processing file /opt/airflow/dags/football_etl_dag.py for tasks to queue
[2026-08-04T04:50:18.280+0000] {logging_mixin.py:188} INFO - [2026-08-04T04:50:18.279+0000] {dagbag.py:545} INFO - Filling up the DagBag from /opt/airflow/dags/football_etl_dag.py
[2026-08-04T04:50:18.311+0000] {processor.py:840} INFO - DAG(s) 'football_etl' retrieved from /opt/airflow/dags/football_etl_dag.py
[2026-08-04T04:50:18.357+0000] {logging_mixin.py:188} INFO - [2026-08-04T04:50:18.357+0000] {dag.py:3089} INFO - Sync 1 DAGs
[2026-08-04T04:50:18.401+0000] {logging_mixin.py:188} INFO - [2026-08-04T04:50:18.401+0000] {dag.py:3947} INFO - Setting next_dagrun for football_etl to 2026-08-04 04:50:00+00:00, run_after=2026-08-04 04:52:00+00:00
[2026-08-04T04:50:18.438+0000] {processor.py:183} INFO - Processing /opt/airflow/dags/football_etl_dag.py took 0.172 seconds
[2026-08-04T04:50:48.560+0000] {processor.py:161} INFO - Started process (PID=810) to work on /opt/airflow/dags/football_etl_dag.py
[2026-08-04T04:50:48.563+0000] {processor.py:830} INFO - Processing file /opt/airflow/dags/football_etl_dag.py for tasks to queue
[2026-08-04T04:50:48.568+0000] {logging_mixin.py:188} INFO - [2026-08-04T04:50:48.567+0000] {dagbag.py:545} INFO - Filling up the DagBag from /opt/airflow/dags/football_etl_dag.py
[2026-08-04T04:50:48.599+0000] {processor.py:840} INFO - DAG(s) 'football_etl' retrieved from /opt/airflow/dags/football_etl_dag.py
[2026-08-04T04:50:48.643+0000] {logging_mixin.py:188} INFO - [2026-08-04T04:50:48.642+0000] {dag.py:3089} INFO - Sync 1 DAGs
[2026-08-04T04:50:48.675+0000] {logging_mixin.py:188} INFO - [2026-08-04T04:50:48.674+0000] {dag.py:3947} INFO - Setting next_dagrun for football_etl to 2026-08-04 04:50:00+00:00, run_after=2026-08-04 04:52:00+00:00
[2026-08-04T04:50:48.699+0000] {processor.py:183} INFO - Processing /opt/airflow/dags/football_etl_dag.py took 0.155 seconds
[2026-08-04T04:51:18.907+0000] {processor.py:161} INFO - Started process (PID=815) to work on /opt/airflow/dags/football_etl_dag.py
[2026-08-04T04:51:18.909+0000] {processor.py:830} INFO - Processing file /opt/airflow/dags/football_etl_dag.py for tasks to queue
[2026-08-04T04:51:18.912+0000] {logging_mixin.py:188} INFO - [2026-08-04T04:51:18.912+0000] {dagbag.py:545} INFO - Filling up the DagBag from /opt/airflow/dags/football_etl_dag.py
[2026-08-04T04:51:18.942+0000] {processor.py:840} INFO - DAG(s) 'football_etl' retrieved from /opt/airflow/dags/football_etl_dag.py
[2026-08-04T04:51:18.990+0000] {logging_mixin.py:188} INFO - [2026-08-04T04:51:18.990+0000] {dag.py:3089} INFO - Sync 1 DAGs
[2026-08-04T04:51:19.023+0000] {logging_mixin.py:188} INFO - [2026-08-04T04:51:19.022+0000] {dag.py:3947} INFO - Setting next_dagrun for football_etl to 2026-08-04 04:50:00+00:00, run_after=2026-08-04 04:52:00+00:00
[2026-08-04T04:51:19.045+0000] {processor.py:183} INFO - Processing /opt/airflow/dags/football_etl_dag.py took 0.150 seconds
[2026-08-04T04:51:49.221+0000] {processor.py:161} INFO - Started process (PID=820) to work on /opt/airflow/dags/football_etl_dag.py
[2026-08-04T04:51:49.223+0000] {processor.py:830} INFO - Processing file /opt/airflow/dags/football_etl_dag.py for tasks to queue
[2026-08-04T04:51:49.226+0000] {logging_mixin.py:188} INFO - [2026-08-04T04:51:49.225+0000] {dagbag.py:545} INFO - Filling up the DagBag from /opt/airflow/dags/football_etl_dag.py
[2026-08-04T04:51:49.251+0000] {processor.py:840} INFO - DAG(s) 'football_etl' retrieved from /opt/airflow/dags/football_etl_dag.py
[2026-08-04T04:51:49.288+0000] {logging_mixin.py:188} INFO - [2026-08-04T04:51:49.288+0000] {dag.py:3089} INFO - Sync 1 DAGs
[2026-08-04T04:51:49.315+0000] {logging_mixin.py:188} INFO - [2026-08-04T04:51:49.315+0000] {dag.py:3947} INFO - Setting next_dagrun for football_etl to 2026-08-04 04:50:00+00:00, run_after=2026-08-04 04:52:00+00:00
[2026-08-04T04:51:49.337+0000] {processor.py:183} INFO - Processing /opt/airflow/dags/football_etl_dag.py took 0.124 seconds
[2026-08-04T04:52:19.533+0000] {processor.py:161} INFO - Started process (PID=831) to work on /opt/airflow/dags/football_etl_dag.py
[2026-08-04T04:52:19.535+0000] {processor.py:830} INFO - Processing file /opt/airflow/dags/football_etl_dag.py for tasks to queue
[2026-08-04T04:52:19.538+0000] {logging_mixin.py:188} INFO - [2026-08-04T04:52:19.537+0000] {dagbag.py:545} INFO - Filling up the DagBag from /opt/airflow/dags/football_etl_dag.py
[2026-08-04T04:52:19.560+0000] {processor.py:840} INFO - DAG(s) 'football_etl' retrieved from /opt/airflow/dags/football_etl_dag.py
[2026-08-04T04:52:19.601+0000] {logging_mixin.py:188} INFO - [2026-08-04T04:52:19.601+0000] {dag.py:3089} INFO - Sync 1 DAGs
[2026-08-04T04:52:19.642+0000] {logging_mixin.py:188} INFO - [2026-08-04T04:52:19.642+0000] {dag.py:3947} INFO - Setting next_dagrun for football_etl to 2026-08-04 04:52:00+00:00, run_after=2026-08-04 04:54:00+00:00
[2026-08-04T04:52:19.671+0000] {processor.py:183} INFO - Processing /opt/airflow/dags/football_etl_dag.py took 0.145 seconds
[2026-08-04T04:52:49.865+0000] {processor.py:161} INFO - Started process (PID=836) to work on /opt/airflow/dags/football_etl_dag.py
[2026-08-04T04:52:49.867+0000] {processor.py:830} INFO - Processing file /opt/airflow/dags/football_etl_dag.py for tasks to queue
[2026-08-04T04:52:49.871+0000] {logging_mixin.py:188} INFO - [2026-08-04T04:52:49.870+0000] {dagbag.py:545} INFO - Filling up the DagBag from /opt/airflow/dags/football_etl_dag.py
[2026-08-04T04:52:49.898+0000] {processor.py:840} INFO - DAG(s) 'football_etl' retrieved from /opt/airflow/dags/football_etl_dag.py
[2026-08-04T04:52:49.940+0000] {logging_mixin.py:188} INFO - [2026-08-04T04:52:49.940+0000] {dag.py:3089} INFO - Sync 1 DAGs
[2026-08-04T04:52:49.970+0000] {logging_mixin.py:188} INFO - [2026-08-04T04:52:49.970+0000] {dag.py:3947} INFO - Setting next_dagrun for football_etl to 2026-08-04 04:52:00+00:00, run_after=2026-08-04 04:54:00+00:00
[2026-08-04T04:52:49.992+0000] {processor.py:183} INFO - Processing /opt/airflow/dags/football_etl_dag.py took 0.136 seconds
[2026-08-04T04:53:20.039+0000] {processor.py:161} INFO - Started process (PID=843) to work on /opt/airflow/dags/football_etl_dag.py
[2026-08-04T04:53:20.040+0000] {processor.py:830} INFO - Processing file /opt/airflow/dags/football_etl_dag.py for tasks to queue
[2026-08-04T04:53:20.043+0000] {logging_mixin.py:188} INFO - [2026-08-04T04:53:20.043+0000] {dagbag.py:545} INFO - Filling up the DagBag from /opt/airflow/dags/football_etl_dag.py
[2026-08-04T04:53:20.069+0000] {processor.py:840} INFO - DAG(s) 'football_etl' retrieved from /opt/airflow/dags/football_etl_dag.py
[2026-08-04T04:53:20.111+0000] {logging_mixin.py:188} INFO - [2026-08-04T04:53:20.111+0000] {dag.py:3089} INFO - Sync 1 DAGs
[2026-08-04T04:53:20.141+0000] {logging_mixin.py:188} INFO - [2026-08-04T04:53:20.141+0000] {dag.py:3947} INFO - Setting next_dagrun for football_etl to 2026-08-04 04:52:00+00:00, run_after=2026-08-04 04:54:00+00:00
[2026-08-04T04:53:20.163+0000] {processor.py:183} INFO - Processing /opt/airflow/dags/football_etl_dag.py took 0.133 seconds
[2026-08-04T04:53:50.339+0000] {processor.py:161} INFO - Started process (PID=848) to work on /opt/airflow/dags/football_etl_dag.py
[2026-08-04T04:53:50.340+0000] {processor.py:830} INFO - Processing file /opt/airflow/dags/football_etl_dag.py for tasks to queue
[2026-08-04T04:53:50.342+0000] {logging_mixin.py:188} INFO - [2026-08-04T04:53:50.342+0000] {dagbag.py:545} INFO - Filling up the DagBag from /opt/airflow/dags/football_etl_dag.py
[2026-08-04T04:53:50.364+0000] {processor.py:840} INFO - DAG(s) 'football_etl' retrieved from /opt/airflow/dags/football_etl_dag.py
[2026-08-04T04:53:50.398+0000] {logging_mixin.py:188} INFO - [2026-08-04T04:53:50.398+0000] {dag.py:3089} INFO - Sync 1 DAGs
[2026-08-04T04:53:50.423+0000] {logging_mixin.py:188} INFO - [2026-08-04T04:53:50.423+0000] {dag.py:3947} INFO - Setting next_dagrun for football_etl to 2026-08-04 04:52:00+00:00, run_after=2026-08-04 04:54:00+00:00
[2026-08-04T04:53:50.442+0000] {processor.py:183} INFO - Processing /opt/airflow/dags/football_etl_dag.py took 0.111 seconds
[2026-08-04T04:54:20.575+0000] {processor.py:161} INFO - Started process (PID=861) to work on /opt/airflow/dags/football_etl_dag.py
[2026-08-04T04:54:20.577+0000] {processor.py:830} INFO - Processing file /opt/airflow/dags/football_etl_dag.py for tasks to queue
[2026-08-04T04:54:20.579+0000] {logging_mixin.py:188} INFO - [2026-08-04T04:54:20.579+0000] {dagbag.py:545} INFO - Filling up the DagBag from /opt/airflow/dags/football_etl_dag.py
[2026-08-04T04:54:20.601+0000] {processor.py:840} INFO - DAG(s) 'football_etl' retrieved from /opt/airflow/dags/football_etl_dag.py
[2026-08-04T04:54:20.642+0000] {logging_mixin.py:188} INFO - [2026-08-04T04:54:20.642+0000] {dag.py:3089} INFO - Sync 1 DAGs
[2026-08-04T04:54:20.672+0000] {logging_mixin.py:188} INFO - [2026-08-04T04:54:20.671+0000] {dag.py:3947} INFO - Setting next_dagrun for football_etl to 2026-08-04 04:54:00+00:00, run_after=2026-08-04 04:56:00+00:00
[2026-08-04T04:54:20.695+0000] {processor.py:183} INFO - Processing /opt/airflow/dags/football_etl_dag.py took 0.125 seconds
[2026-08-04T04:54:50.837+0000] {processor.py:161} INFO - Started process (PID=866) to work on /opt/airflow/dags/football_etl_dag.py
[2026-08-04T04:54:50.839+0000] {processor.py:830} INFO - Processing file /opt/airflow/dags/football_etl_dag.py for tasks to queue
[2026-08-04T04:54:50.842+0000] {logging_mixin.py:188} INFO - [2026-08-04T04:54:50.842+0000] {dagbag.py:545} INFO - Filling up the DagBag from /opt/airflow/dags/football_etl_dag.py
[2026-08-04T04:54:50.870+0000] {processor.py:840} INFO - DAG(s) 'football_etl' retrieved from /opt/airflow/dags/football_etl_dag.py
[2026-08-04T04:54:50.914+0000] {logging_mixin.py:188} INFO - [2026-08-04T04:54:50.913+0000] {dag.py:3089} INFO - Sync 1 DAGs
[2026-08-04T04:54:50.960+0000] {logging_mixin.py:188} INFO - [2026-08-04T04:54:50.960+0000] {dag.py:3947} INFO - Setting next_dagrun for football_etl to 2026-08-04 04:54:00+00:00, run_after=2026-08-04 04:56:00+00:00
[2026-08-04T04:54:50.983+0000] {processor.py:183} INFO - Processing /opt/airflow/dags/football_etl_dag.py took 0.153 seconds
[2026-08-04T04:55:21.042+0000] {processor.py:161} INFO - Started process (PID=876) to work on /opt/airflow/dags/football_etl_dag.py
[2026-08-04T04:55:21.043+0000] {processor.py:830} INFO - Processing file /opt/airflow/dags/football_etl_dag.py for tasks to queue
[2026-08-04T04:55:21.047+0000] {logging_mixin.py:188} INFO - [2026-08-04T04:55:21.046+0000] {dagbag.py:545} INFO - Filling up the DagBag from /opt/airflow/dags/football_etl_dag.py
[2026-08-04T04:55:21.071+0000] {processor.py:840} INFO - DAG(s) 'football_etl' retrieved from /opt/airflow/dags/football_etl_dag.py
[2026-08-04T04:55:21.112+0000] {logging_mixin.py:188} INFO - [2026-08-04T04:55:21.112+0000] {dag.py:3089} INFO - Sync 1 DAGs
[2026-08-04T04:55:21.141+0000] {logging_mixin.py:188} INFO - [2026-08-04T04:55:21.141+0000] {dag.py:3947} INFO - Setting next_dagrun for football_etl to 2026-08-04 04:54:00+00:00, run_after=2026-08-04 04:56:00+00:00
[2026-08-04T04:55:21.164+0000] {processor.py:183} INFO - Processing /opt/airflow/dags/football_etl_dag.py took 0.132 seconds
[2026-08-04T04:55:51.339+0000] {processor.py:161} INFO - Started process (PID=881) to work on /opt/airflow/dags/football_etl_dag.py
[2026-08-04T04:55:51.340+0000] {processor.py:830} INFO - Processing file /opt/airflow/dags/football_etl_dag.py for tasks to queue
[2026-08-04T04:55:51.344+0000] {logging_mixin.py:188} INFO - [2026-08-04T04:55:51.343+0000] {dagbag.py:545} INFO - Filling up the DagBag from /opt/airflow/dags/football_etl_dag.py
[2026-08-04T04:55:51.369+0000] {processor.py:840} INFO - DAG(s) 'football_etl' retrieved from /opt/airflow/dags/football_etl_dag.py
[2026-08-04T04:55:51.407+0000] {logging_mixin.py:188} INFO - [2026-08-04T04:55:51.406+0000] {dag.py:3089} INFO - Sync 1 DAGs
[2026-08-04T04:55:51.436+0000] {logging_mixin.py:188} INFO - [2026-08-04T04:55:51.436+0000] {dag.py:3947} INFO - Setting next_dagrun for football_etl to 2026-08-04 04:54:00+00:00, run_after=2026-08-04 04:56:00+00:00
[2026-08-04T04:55:51.465+0000] {processor.py:183} INFO - Processing /opt/airflow/dags/football_etl_dag.py took 0.133 seconds
[2026-08-04T04:56:21.581+0000] {processor.py:161} INFO - Started process (PID=894) to work on /opt/airflow/dags/football_etl_dag.py
[2026-08-04T04:56:21.583+0000] {processor.py:830} INFO - Processing file /opt/airflow/dags/football_etl_dag.py for tasks to queue
[2026-08-04T04:56:21.585+0000] {logging_mixin.py:188} INFO - [2026-08-04T04:56:21.585+0000] {dagbag.py:545} INFO - Filling up the DagBag from /opt/airflow/dags/football_etl_dag.py
[2026-08-04T04:56:21.610+0000] {processor.py:840} INFO - DAG(s) 'football_etl' retrieved from /opt/airflow/dags/football_etl_dag.py
[2026-08-04T04:56:21.645+0000] {logging_mixin.py:188} INFO - [2026-08-04T04:56:21.645+0000] {dag.py:3089} INFO - Sync 1 DAGs
[2026-08-04T04:56:21.672+0000] {logging_mixin.py:188} INFO - [2026-08-04T04:56:21.671+0000] {dag.py:3947} INFO - Setting next_dagrun for football_etl to 2026-08-04 04:56:00+00:00, run_after=2026-08-04 04:58:00+00:00
[2026-08-04T04:56:21.697+0000] {processor.py:183} INFO - Processing /opt/airflow/dags/football_etl_dag.py took 0.124 seconds
[2026-08-04T04:56:51.880+0000] {processor.py:161} INFO - Started process (PID=899) to work on /opt/airflow/dags/football_etl_dag.py
[2026-08-04T04:56:51.882+0000] {processor.py:830} INFO - Processing file /opt/airflow/dags/football_etl_dag.py for tasks to queue
[2026-08-04T04:56:51.884+0000] {logging_mixin.py:188} INFO - [2026-08-04T04:56:51.884+0000] {dagbag.py:545} INFO - Filling up the DagBag from /opt/airflow/dags/football_etl_dag.py
[2026-08-04T04:56:51.909+0000] {processor.py:840} INFO - DAG(s) 'football_etl' retrieved from /opt/airflow/dags/football_etl_dag.py
[2026-08-04T04:56:51.946+0000] {logging_mixin.py:188} INFO - [2026-08-04T04:56:51.946+0000] {dag.py:3089} INFO - Sync 1 DAGs
[2026-08-04T04:56:51.972+0000] {logging_mixin.py:188} INFO - [2026-08-04T04:56:51.972+0000] {dag.py:3947} INFO - Setting next_dagrun for football_etl to 2026-08-04 04:56:00+00:00, run_after=2026-08-04 04:58:00+00:00
[2026-08-04T04:56:51.993+0000] {processor.py:183} INFO - Processing /opt/airflow/dags/football_etl_dag.py took 0.120 seconds
[2026-08-04T04:57:22.166+0000] {processor.py:161} INFO - Started process (PID=904) to work on /opt/airflow/dags/football_etl_dag.py
[2026-08-04T04:57:22.169+0000] {processor.py:830} INFO - Processing file /opt/airflow/dags/football_etl_dag.py for tasks to queue
[2026-08-04T04:57:22.171+0000] {logging_mixin.py:188} INFO - [2026-08-04T04:57:22.171+0000] {dagbag.py:545} INFO - Filling up the DagBag from /opt/airflow/dags/football_etl_dag.py
[2026-08-04T04:57:22.202+0000] {processor.py:840} INFO - DAG(s) 'football_etl' retrieved from /opt/airflow/dags/football_etl_dag.py
[2026-08-04T04:57:22.236+0000] {logging_mixin.py:188} INFO - [2026-08-04T04:57:22.236+0000] {dag.py:3089} INFO - Sync 1 DAGs
[2026-08-04T04:57:22.261+0000] {logging_mixin.py:188} INFO - [2026-08-04T04:57:22.261+0000] {dag.py:3947} INFO - Setting next_dagrun for football_etl to 2026-08-04 04:56:00+00:00, run_after=2026-08-04 04:58:00+00:00
[2026-08-04T04:57:22.282+0000] {processor.py:183} INFO - Processing /opt/airflow/dags/football_etl_dag.py took 0.124 seconds
[2026-08-04T04:57:52.495+0000] {processor.py:161} INFO - Started process (PID=909) to work on /opt/airflow/dags/football_etl_dag.py
[2026-08-04T04:57:52.496+0000] {processor.py:830} INFO - Processing file /opt/airflow/dags/football_etl_dag.py for tasks to queue
[2026-08-04T04:57:52.498+0000] {logging_mixin.py:188} INFO - [2026-08-04T04:57:52.498+0000] {dagbag.py:545} INFO - Filling up the DagBag from /opt/airflow/dags/football_etl_dag.py
[2026-08-04T04:57:52.520+0000] {processor.py:840} INFO - DAG(s) 'football_etl' retrieved from /opt/airflow/dags/football_etl_dag.py
[2026-08-04T04:57:52.556+0000] {logging_mixin.py:188} INFO - [2026-08-04T04:57:52.555+0000] {dag.py:3089} INFO - Sync 1 DAGs
[2026-08-04T04:57:52.582+0000] {logging_mixin.py:188} INFO - [2026-08-04T04:57:52.581+0000] {dag.py:3947} INFO - Setting next_dagrun for football_etl to 2026-08-04 04:56:00+00:00, run_after=2026-08-04 04:58:00+00:00
[2026-08-04T04:57:52.602+0000] {processor.py:183} INFO - Processing /opt/airflow/dags/football_etl_dag.py took 0.113 seconds
[2026-08-04T04:58:22.692+0000] {processor.py:161} INFO - Started process (PID=922) to work on /opt/airflow/dags/football_etl_dag.py
[2026-08-04T04:58:22.694+0000] {processor.py:830} INFO - Processing file /opt/airflow/dags/football_etl_dag.py for tasks to queue
[2026-08-04T04:58:22.697+0000] {logging_mixin.py:188} INFO - [2026-08-04T04:58:22.697+0000] {dagbag.py:545} INFO - Filling up the DagBag from /opt/airflow/dags/football_etl_dag.py
[2026-08-04T04:58:22.723+0000] {processor.py:840} INFO - DAG(s) 'football_etl' retrieved from /opt/airflow/dags/football_etl_dag.py
[2026-08-04T04:58:22.764+0000] {logging_mixin.py:188} INFO - [2026-08-04T04:58:22.764+0000] {dag.py:3089} INFO - Sync 1 DAGs
[2026-08-04T04:58:22.793+0000] {logging_mixin.py:188} INFO - [2026-08-04T04:58:22.793+0000] {dag.py:3947} INFO - Setting next_dagrun for football_etl to 2026-08-04 04:58:00+00:00, run_after=2026-08-04 05:00:00+00:00
[2026-08-04T04:58:22.816+0000] {processor.py:183} INFO - Processing /opt/airflow/dags/football_etl_dag.py took 0.132 seconds
[2026-08-04T04:58:52.967+0000] {processor.py:161} INFO - Started process (PID=927) to work on /opt/airflow/dags/football_etl_dag.py
[2026-08-04T04:58:52.969+0000] {processor.py:830} INFO - Processing file /opt/airflow/dags/football_etl_dag.py for tasks to queue
[2026-08-04T04:58:52.972+0000] {logging_mixin.py:188} INFO - [2026-08-04T04:58:52.971+0000] {dagbag.py:545} INFO - Filling up the DagBag from /opt/airflow/dags/football_etl_dag.py
[2026-08-04T04:58:52.994+0000] {processor.py:840} INFO - DAG(s) 'football_etl' retrieved from /opt/airflow/dags/football_etl_dag.py
[2026-08-04T04:58:53.032+0000] {logging_mixin.py:188} INFO - [2026-08-04T04:58:53.031+0000] {dag.py:3089} INFO - Sync 1 DAGs
[2026-08-04T04:58:53.059+0000] {logging_mixin.py:188} INFO - [2026-08-04T04:58:53.059+0000] {dag.py:3947} INFO - Setting next_dagrun for football_etl to 2026-08-04 04:58:00+00:00, run_after=2026-08-04 05:00:00+00:00
[2026-08-04T04:58:53.081+0000] {processor.py:183} INFO - Processing /opt/airflow/dags/football_etl_dag.py took 0.124 seconds
[2026-08-04T04:59:23.153+0000] {processor.py:161} INFO - Started process (PID=932) to work on /opt/airflow/dags/football_etl_dag.py
[2026-08-04T04:59:23.154+0000] {processor.py:830} INFO - Processing file /opt/airflow/dags/football_etl_dag.py for tasks to queue
[2026-08-04T04:59:23.157+0000] {logging_mixin.py:188} INFO - [2026-08-04T04:59:23.157+0000] {dagbag.py:545} INFO - Filling up the DagBag from /opt/airflow/dags/football_etl_dag.py
[2026-08-04T04:59:23.183+0000] {processor.py:840} INFO - DAG(s) 'football_etl' retrieved from /opt/airflow/dags/football_etl_dag.py
[2026-08-04T04:59:23.227+0000] {logging_mixin.py:188} INFO - [2026-08-04T04:59:23.226+0000] {dag.py:3089} INFO - Sync 1 DAGs
[2026-08-04T04:59:23.256+0000] {logging_mixin.py:188} INFO - [2026-08-04T04:59:23.256+0000] {dag.py:3947} INFO - Setting next_dagrun for football_etl to 2026-08-04 04:58:00+00:00, run_after=2026-08-04 05:00:00+00:00
[2026-08-04T04:59:23.278+0000] {processor.py:183} INFO - Processing /opt/airflow/dags/football_etl_dag.py took 0.133 seconds
[2026-08-04T04:59:53.415+0000] {processor.py:161} INFO - Started process (PID=937) to work on /opt/airflow/dags/football_etl_dag.py
[2026-08-04T04:59:53.417+0000] {processor.py:830} INFO - Processing file /opt/airflow/dags/football_etl_dag.py for tasks to queue
[2026-08-04T04:59:53.420+0000] {logging_mixin.py:188} INFO - [2026-08-04T04:59:53.419+0000] {dagbag.py:545} INFO - Filling up the DagBag from /opt/airflow/dags/football_etl_dag.py
[2026-08-04T04:59:53.443+0000] {processor.py:840} INFO - DAG(s) 'football_etl' retrieved from /opt/airflow/dags/football_etl_dag.py
[2026-08-04T04:59:53.479+0000] {logging_mixin.py:188} INFO - [2026-08-04T04:59:53.479+0000] {dag.py:3089} INFO - Sync 1 DAGs
[2026-08-04T04:59:53.506+0000] {logging_mixin.py:188} INFO - [2026-08-04T04:59:53.506+0000] {dag.py:3947} INFO - Setting next_dagrun for football_etl to 2026-08-04 04:58:00+00:00, run_after=2026-08-04 05:00:00+00:00
[2026-08-04T04:59:53.527+0000] {processor.py:183} INFO - Processing /opt/airflow/dags/football_etl_dag.py took 0.119 seconds
[2026-08-04T05:00:23.621+0000] {processor.py:161} INFO - Started process (PID=948) to work on /opt/airflow/dags/football_etl_dag.py
[2026-08-04T05:00:23.623+0000] {processor.py:830} INFO - Processing file /opt/airflow/dags/football_etl_dag.py for tasks to queue
[2026-08-04T05:00:23.626+0000] {logging_mixin.py:188} INFO - [2026-08-04T05:00:23.625+0000] {dagbag.py:545} INFO - Filling up the DagBag from /opt/airflow/dags/football_etl_dag.py
[2026-08-04T05:00:23.650+0000] {processor.py:840} INFO - DAG(s) 'football_etl' retrieved from /opt/airflow/dags/football_etl_dag.py
[2026-08-04T05:00:23.693+0000] {logging_mixin.py:188} INFO - [2026-08-04T05:00:23.693+0000] {dag.py:3089} INFO - Sync 1 DAGs
[2026-08-04T05:00:23.723+0000] {logging_mixin.py:188} INFO - [2026-08-04T05:00:23.722+0000] {dag.py:3947} INFO - Setting next_dagrun for football_etl to 2026-08-04 05:00:00+00:00, run_after=2026-08-04 05:02:00+00:00
[2026-08-04T05:00:23.744+0000] {processor.py:183} INFO - Processing /opt/airflow/dags/football_etl_dag.py took 0.132 seconds
[2026-08-04T05:00:53.918+0000] {processor.py:161} INFO - Started process (PID=953) to work on /opt/airflow/dags/football_etl_dag.py
[2026-08-04T05:00:53.920+0000] {processor.py:830} INFO - Processing file /opt/airflow/dags/football_etl_dag.py for tasks to queue
[2026-08-04T05:00:53.923+0000] {logging_mixin.py:188} INFO - [2026-08-04T05:00:53.922+0000] {dagbag.py:545} INFO - Filling up the DagBag from /opt/airflow/dags/football_etl_dag.py
[2026-08-04T05:00:53.945+0000] {processor.py:840} INFO - DAG(s) 'football_etl' retrieved from /opt/airflow/dags/football_etl_dag.py
[2026-08-04T05:00:53.983+0000] {logging_mixin.py:188} INFO - [2026-08-04T05:00:53.983+0000] {dag.py:3089} INFO - Sync 1 DAGs
[2026-08-04T05:00:54.014+0000] {logging_mixin.py:188} INFO - [2026-08-04T05:00:54.014+0000] {dag.py:3947} INFO - Setting next_dagrun for football_etl to 2026-08-04 05:00:00+00:00, run_after=2026-08-04 05:02:00+00:00
[2026-08-04T05:00:54.037+0000] {processor.py:183} INFO - Processing /opt/airflow/dags/football_etl_dag.py took 0.125 seconds
[2026-08-04T05:01:24.247+0000] {processor.py:161} INFO - Started process (PID=958) to work on /opt/airflow/dags/football_etl_dag.py
[2026-08-04T05:01:24.248+0000] {processor.py:830} INFO - Processing file /opt/airflow/dags/football_etl_dag.py for tasks to queue
[2026-08-04T05:01:24.251+0000] {logging_mixin.py:188} INFO - [2026-08-04T05:01:24.251+0000] {dagbag.py:545} INFO - Filling up the DagBag from /opt/airflow/dags/football_etl_dag.py
[2026-08-04T05:01:24.271+0000] {processor.py:840} INFO - DAG(s) 'football_etl' retrieved from /opt/airflow/dags/football_etl_dag.py
[2026-08-04T05:01:24.304+0000] {logging_mixin.py:188} INFO - [2026-08-04T05:01:24.304+0000] {dag.py:3089} INFO - Sync 1 DAGs
[2026-08-04T05:01:24.329+0000] {logging_mixin.py:188} INFO - [2026-08-04T05:01:24.329+0000] {dag.py:3947} INFO - Setting next_dagrun for football_etl to 2026-08-04 05:00:00+00:00, run_after=2026-08-04 05:02:00+00:00
[2026-08-04T05:01:24.348+0000] {processor.py:183} INFO - Processing /opt/airflow/dags/football_etl_dag.py took 0.107 seconds
[2026-08-04T05:01:54.529+0000] {processor.py:161} INFO - Started process (PID=963) to work on /opt/airflow/dags/football_etl_dag.py
[2026-08-04T05:01:54.531+0000] {processor.py:830} INFO - Processing file /opt/airflow/dags/football_etl_dag.py for tasks to queue
[2026-08-04T05:01:54.534+0000] {logging_mixin.py:188} INFO - [2026-08-04T05:01:54.534+0000] {dagbag.py:545} INFO - Filling up the DagBag from /opt/airflow/dags/football_etl_dag.py
[2026-08-04T05:01:54.565+0000] {processor.py:840} INFO - DAG(s) 'football_etl' retrieved from /opt/airflow/dags/football_etl_dag.py
[2026-08-04T05:01:54.601+0000] {logging_mixin.py:188} INFO - [2026-08-04T05:01:54.601+0000] {dag.py:3089} INFO - Sync 1 DAGs
[2026-08-04T05:01:54.629+0000] {logging_mixin.py:188} INFO - [2026-08-04T05:01:54.629+0000] {dag.py:3947} INFO - Setting next_dagrun for football_etl to 2026-08-04 05:00:00+00:00, run_after=2026-08-04 05:02:00+00:00
[2026-08-04T05:01:54.650+0000] {processor.py:183} INFO - Processing /opt/airflow/dags/football_etl_dag.py took 0.129 seconds
[2026-08-04T05:02:24.729+0000] {processor.py:161} INFO - Started process (PID=976) to work on /opt/airflow/dags/football_etl_dag.py
[2026-08-04T05:02:24.731+0000] {processor.py:830} INFO - Processing file /opt/airflow/dags/football_etl_dag.py for tasks to queue
[2026-08-04T05:02:24.735+0000] {logging_mixin.py:188} INFO - [2026-08-04T05:02:24.734+0000] {dagbag.py:545} INFO - Filling up the DagBag from /opt/airflow/dags/football_etl_dag.py
[2026-08-04T05:02:24.758+0000] {processor.py:840} INFO - DAG(s) 'football_etl' retrieved from /opt/airflow/dags/football_etl_dag.py
[2026-08-04T05:02:24.801+0000] {logging_mixin.py:188} INFO - [2026-08-04T05:02:24.800+0000] {dag.py:3089} INFO - Sync 1 DAGs
[2026-08-04T05:02:24.831+0000] {logging_mixin.py:188} INFO - [2026-08-04T05:02:24.831+0000] {dag.py:3947} INFO - Setting next_dagrun for football_etl to 2026-08-04 05:02:00+00:00, run_after=2026-08-04 05:04:00+00:00
[2026-08-04T05:02:24.853+0000] {processor.py:183} INFO - Processing /opt/airflow/dags/football_etl_dag.py took 0.132 seconds
[2026-08-04T05:02:55.032+0000] {processor.py:161} INFO - Started process (PID=981) to work on /opt/airflow/dags/football_etl_dag.py
[2026-08-04T05:02:55.033+0000] {processor.py:830} INFO - Processing file /opt/airflow/dags/football_etl_dag.py for tasks to queue
[2026-08-04T05:02:55.036+0000] {logging_mixin.py:188} INFO - [2026-08-04T05:02:55.035+0000] {dagbag.py:545} INFO - Filling up the DagBag from /opt/airflow/dags/football_etl_dag.py
[2026-08-04T05:02:55.057+0000] {processor.py:840} INFO - DAG(s) 'football_etl' retrieved from /opt/airflow/dags/football_etl_dag.py
[2026-08-04T05:02:55.089+0000] {logging_mixin.py:188} INFO - [2026-08-04T05:02:55.088+0000] {dag.py:3089} INFO - Sync 1 DAGs
[2026-08-04T05:02:55.113+0000] {logging_mixin.py:188} INFO - [2026-08-04T05:02:55.113+0000] {dag.py:3947} INFO - Setting next_dagrun for football_etl to 2026-08-04 05:02:00+00:00, run_after=2026-08-04 05:04:00+00:00
[2026-08-04T05:02:55.132+0000] {processor.py:183} INFO - Processing /opt/airflow/dags/football_etl_dag.py took 0.106 seconds
[2026-08-04T05:03:25.302+0000] {processor.py:161} INFO - Started process (PID=986) to work on /opt/airflow/dags/football_etl_dag.py
[2026-08-04T05:03:25.304+0000] {processor.py:830} INFO - Processing file /opt/airflow/dags/football_etl_dag.py for tasks to queue
[2026-08-04T05:03:25.306+0000] {logging_mixin.py:188} INFO - [2026-08-04T05:03:25.306+0000] {dagbag.py:545} INFO - Filling up the DagBag from /opt/airflow/dags/football_etl_dag.py
[2026-08-04T05:03:25.329+0000] {processor.py:840} INFO - DAG(s) 'football_etl' retrieved from /opt/airflow/dags/football_etl_dag.py
[2026-08-04T05:03:25.367+0000] {logging_mixin.py:188} INFO - [2026-08-04T05:03:25.367+0000] {dag.py:3089} INFO - Sync 1 DAGs
[2026-08-04T05:03:25.393+0000] {logging_mixin.py:188} INFO - [2026-08-04T05:03:25.393+0000] {dag.py:3947} INFO - Setting next_dagrun for football_etl to 2026-08-04 05:02:00+00:00, run_after=2026-08-04 05:04:00+00:00
[2026-08-04T05:03:25.416+0000] {processor.py:183} INFO - Processing /opt/airflow/dags/football_etl_dag.py took 0.122 seconds
[2026-08-04T05:03:55.601+0000] {processor.py:161} INFO - Started process (PID=991) to work on /opt/airflow/dags/football_etl_dag.py
[2026-08-04T05:03:55.605+0000] {processor.py:830} INFO - Processing file /opt/airflow/dags/football_etl_dag.py for tasks to queue
[2026-08-04T05:03:55.609+0000] {logging_mixin.py:188} INFO - [2026-08-04T05:03:55.608+0000] {dagbag.py:545} INFO - Filling up the DagBag from /opt/airflow/dags/football_etl_dag.py
[2026-08-04T05:03:55.638+0000] {processor.py:840} INFO - DAG(s) 'football_etl' retrieved from /opt/airflow/dags/football_etl_dag.py
[2026-08-04T05:03:55.685+0000] {logging_mixin.py:188} INFO - [2026-08-04T05:03:55.685+0000] {dag.py:3089} INFO - Sync 1 DAGs
[2026-08-04T05:03:55.725+0000] {logging_mixin.py:188} INFO - [2026-08-04T05:03:55.725+0000] {dag.py:3947} INFO - Setting next_dagrun for football_etl to 2026-08-04 05:02:00+00:00, run_after=2026-08-04 05:04:00+00:00
[2026-08-04T05:03:55.761+0000] {processor.py:183} INFO - Processing /opt/airflow/dags/football_etl_dag.py took 0.169 seconds
[2026-08-04T05:04:25.933+0000] {processor.py:161} INFO - Started process (PID=1002) to work on /opt/airflow/dags/football_etl_dag.py
[2026-08-04T05:04:25.935+0000] {processor.py:830} INFO - Processing file /opt/airflow/dags/football_etl_dag.py for tasks to queue
[2026-08-04T05:04:25.939+0000] {logging_mixin.py:188} INFO - [2026-08-04T05:04:25.939+0000] {dagbag.py:545} INFO - Filling up the DagBag from /opt/airflow/dags/football_etl_dag.py
[2026-08-04T05:04:25.969+0000] {processor.py:840} INFO - DAG(s) 'football_etl' retrieved from /opt/airflow/dags/football_etl_dag.py
[2026-08-04T05:04:26.026+0000] {logging_mixin.py:188} INFO - [2026-08-04T05:04:26.026+0000] {dag.py:3089} INFO - Sync 1 DAGs
[2026-08-04T05:04:26.057+0000] {logging_mixin.py:188} INFO - [2026-08-04T05:04:26.057+0000] {dag.py:3947} INFO - Setting next_dagrun for football_etl to 2026-08-04 05:04:00+00:00, run_after=2026-08-04 05:06:00+00:00
[2026-08-04T05:04:26.080+0000] {processor.py:183} INFO - Processing /opt/airflow/dags/football_etl_dag.py took 0.158 seconds
[2026-08-04T05:04:56.255+0000] {processor.py:161} INFO - Started process (PID=1007) to work on /opt/airflow/dags/football_etl_dag.py
[2026-08-04T05:04:56.257+0000] {processor.py:830} INFO - Processing file /opt/airflow/dags/football_etl_dag.py for tasks to queue
[2026-08-04T05:04:56.260+0000] {logging_mixin.py:188} INFO - [2026-08-04T05:04:56.260+0000] {dagbag.py:545} INFO - Filling up the DagBag from /opt/airflow/dags/football_etl_dag.py
[2026-08-04T05:04:56.287+0000] {processor.py:840} INFO - DAG(s) 'football_etl' retrieved from /opt/airflow/dags/football_etl_dag.py
[2026-08-04T05:04:56.327+0000] {logging_mixin.py:188} INFO - [2026-08-04T05:04:56.327+0000] {dag.py:3089} INFO - Sync 1 DAGs
[2026-08-04T05:04:56.358+0000] {logging_mixin.py:188} INFO - [2026-08-04T05:04:56.358+0000] {dag.py:3947} INFO - Setting next_dagrun for football_etl to 2026-08-04 05:04:00+00:00, run_after=2026-08-04 05:06:00+00:00
[2026-08-04T05:04:56.383+0000] {processor.py:183} INFO - Processing /opt/airflow/dags/football_etl_dag.py took 0.137 seconds
[2026-08-04T05:05:26.658+0000] {processor.py:161} INFO - Started process (PID=1012) to work on /opt/airflow/dags/football_etl_dag.py
[2026-08-04T05:05:26.661+0000] {processor.py:830} INFO - Processing file /opt/airflow/dags/football_etl_dag.py for tasks to queue
[2026-08-04T05:05:26.665+0000] {logging_mixin.py:188} INFO - [2026-08-04T05:05:26.664+0000] {dagbag.py:545} INFO - Filling up the DagBag from /opt/airflow/dags/football_etl_dag.py
[2026-08-04T05:05:26.698+0000] {processor.py:840} INFO - DAG(s) 'football_etl' retrieved from /opt/airflow/dags/football_etl_dag.py
[2026-08-04T05:05:26.750+0000] {logging_mixin.py:188} INFO - [2026-08-04T05:05:26.749+0000] {dag.py:3089} INFO - Sync 1 DAGs
[2026-08-04T05:05:26.781+0000] {logging_mixin.py:188} INFO - [2026-08-04T05:05:26.781+0000] {dag.py:3947} INFO - Setting next_dagrun for football_etl to 2026-08-04 05:04:00+00:00, run_after=2026-08-04 05:06:00+00:00
[2026-08-04T05:05:26.805+0000] {processor.py:183} INFO - Processing /opt/airflow/dags/football_etl_dag.py took 0.161 seconds
[2026-08-04T05:05:57.060+0000] {processor.py:161} INFO - Started process (PID=1020) to work on /opt/airflow/dags/football_etl_dag.py
[2026-08-04T05:05:57.061+0000] {processor.py:830} INFO - Processing file /opt/airflow/dags/football_etl_dag.py for tasks to queue
[2026-08-04T05:05:57.064+0000] {logging_mixin.py:188} INFO - [2026-08-04T05:05:57.064+0000] {dagbag.py:545} INFO - Filling up the DagBag from /opt/airflow/dags/football_etl_dag.py
[2026-08-04T05:05:57.084+0000] {processor.py:840} INFO - DAG(s) 'football_etl' retrieved from /opt/airflow/dags/football_etl_dag.py
[2026-08-04T05:05:57.119+0000] {logging_mixin.py:188} INFO - [2026-08-04T05:05:57.119+0000] {dag.py:3089} INFO - Sync 1 DAGs
[2026-08-04T05:05:57.146+0000] {logging_mixin.py:188} INFO - [2026-08-04T05:05:57.146+0000] {dag.py:3947} INFO - Setting next_dagrun for football_etl to 2026-08-04 05:04:00+00:00, run_after=2026-08-04 05:06:00+00:00
[2026-08-04T05:05:57.166+0000] {processor.py:183} INFO - Processing /opt/airflow/dags/football_etl_dag.py took 0.113 seconds
[2026-08-04T05:06:27.444+0000] {processor.py:161} INFO - Started process (PID=1035) to work on /opt/airflow/dags/football_etl_dag.py
[2026-08-04T05:06:27.447+0000] {processor.py:830} INFO - Processing file /opt/airflow/dags/football_etl_dag.py for tasks to queue
[2026-08-04T05:06:27.452+0000] {logging_mixin.py:188} INFO - [2026-08-04T05:06:27.452+0000] {dagbag.py:545} INFO - Filling up the DagBag from /opt/airflow/dags/football_etl_dag.py
[2026-08-04T05:06:27.483+0000] {processor.py:840} INFO - DAG(s) 'football_etl' retrieved from /opt/airflow/dags/football_etl_dag.py
[2026-08-04T05:06:27.533+0000] {logging_mixin.py:188} INFO - [2026-08-04T05:06:27.533+0000] {dag.py:3089} INFO - Sync 1 DAGs
[2026-08-04T05:06:27.580+0000] {logging_mixin.py:188} INFO - [2026-08-04T05:06:27.580+0000] {dag.py:3947} INFO - Setting next_dagrun for football_etl to 2026-08-04 05:06:00+00:00, run_after=2026-08-04 05:08:00+00:00
[2026-08-04T05:06:27.611+0000] {processor.py:183} INFO - Processing /opt/airflow/dags/football_etl_dag.py took 0.177 seconds
[2026-08-04T05:06:57.724+0000] {processor.py:161} INFO - Started process (PID=1040) to work on /opt/airflow/dags/football_etl_dag.py
[2026-08-04T05:06:57.725+0000] {processor.py:830} INFO - Processing file /opt/airflow/dags/football_etl_dag.py for tasks to queue
[2026-08-04T05:06:57.728+0000] {logging_mixin.py:188} INFO - [2026-08-04T05:06:57.728+0000] {dagbag.py:545} INFO - Filling up the DagBag from /opt/airflow/dags/football_etl_dag.py
[2026-08-04T05:06:57.748+0000] {processor.py:840} INFO - DAG(s) 'football_etl' retrieved from /opt/airflow/dags/football_etl_dag.py
[2026-08-04T05:06:57.781+0000] {logging_mixin.py:188} INFO - [2026-08-04T05:06:57.781+0000] {dag.py:3089} INFO - Sync 1 DAGs
[2026-08-04T05:06:57.804+0000] {logging_mixin.py:188} INFO - [2026-08-04T05:06:57.804+0000] {dag.py:3947} INFO - Setting next_dagrun for football_etl to 2026-08-04 05:06:00+00:00, run_after=2026-08-04 05:08:00+00:00
[2026-08-04T05:06:57.825+0000] {processor.py:183} INFO - Processing /opt/airflow/dags/football_etl_dag.py took 0.107 seconds
[2026-08-04T05:07:28.084+0000] {processor.py:161} INFO - Started process (PID=1045) to work on /opt/airflow/dags/football_etl_dag.py
[2026-08-04T05:07:28.086+0000] {processor.py:830} INFO - Processing file /opt/airflow/dags/football_etl_dag.py for tasks to queue
[2026-08-04T05:07:28.089+0000] {logging_mixin.py:188} INFO - [2026-08-04T05:07:28.088+0000] {dagbag.py:545} INFO - Filling up the DagBag from /opt/airflow/dags/football_etl_dag.py
[2026-08-04T05:07:28.112+0000] {processor.py:840} INFO - DAG(s) 'football_etl' retrieved from /opt/airflow/dags/football_etl_dag.py
[2026-08-04T05:07:28.147+0000] {logging_mixin.py:188} INFO - [2026-08-04T05:07:28.147+0000] {dag.py:3089} INFO - Sync 1 DAGs
[2026-08-04T05:07:28.176+0000] {logging_mixin.py:188} INFO - [2026-08-04T05:07:28.175+0000] {dag.py:3947} INFO - Setting next_dagrun for football_etl to 2026-08-04 05:06:00+00:00, run_after=2026-08-04 05:08:00+00:00
[2026-08-04T05:07:28.196+0000] {processor.py:183} INFO - Processing /opt/airflow/dags/football_etl_dag.py took 0.118 seconds
[2026-08-04T05:07:58.325+0000] {processor.py:161} INFO - Started process (PID=1050) to work on /opt/airflow/dags/football_etl_dag.py
[2026-08-04T05:07:58.326+0000] {processor.py:830} INFO - Processing file /opt/airflow/dags/football_etl_dag.py for tasks to queue
[2026-08-04T05:07:58.329+0000] {logging_mixin.py:188} INFO - [2026-08-04T05:07:58.328+0000] {dagbag.py:545} INFO - Filling up the DagBag from /opt/airflow/dags/football_etl_dag.py
[2026-08-04T05:07:58.351+0000] {processor.py:840} INFO - DAG(s) 'football_etl' retrieved from /opt/airflow/dags/football_etl_dag.py
[2026-08-04T05:07:58.387+0000] {logging_mixin.py:188} INFO - [2026-08-04T05:07:58.387+0000] {dag.py:3089} INFO - Sync 1 DAGs
[2026-08-04T05:07:58.419+0000] {logging_mixin.py:188} INFO - [2026-08-04T05:07:58.419+0000] {dag.py:3947} INFO - Setting next_dagrun for football_etl to 2026-08-04 05:06:00+00:00, run_after=2026-08-04 05:08:00+00:00
[2026-08-04T05:07:58.447+0000] {processor.py:183} INFO - Processing /opt/airflow/dags/football_etl_dag.py took 0.129 seconds
[2026-08-04T05:08:28.625+0000] {processor.py:161} INFO - Started process (PID=1063) to work on /opt/airflow/dags/football_etl_dag.py
[2026-08-04T05:08:28.627+0000] {processor.py:830} INFO - Processing file /opt/airflow/dags/football_etl_dag.py for tasks to queue
[2026-08-04T05:08:28.630+0000] {logging_mixin.py:188} INFO - [2026-08-04T05:08:28.629+0000] {dagbag.py:545} INFO - Filling up the DagBag from /opt/airflow/dags/football_etl_dag.py
[2026-08-04T05:08:28.659+0000] {processor.py:840} INFO - DAG(s) 'football_etl' retrieved from /opt/airflow/dags/football_etl_dag.py
[2026-08-04T05:08:28.710+0000] {logging_mixin.py:188} INFO - [2026-08-04T05:08:28.709+0000] {dag.py:3089} INFO - Sync 1 DAGs
[2026-08-04T05:08:28.742+0000] {logging_mixin.py:188} INFO - [2026-08-04T05:08:28.741+0000] {dag.py:3947} INFO - Setting next_dagrun for football_etl to 2026-08-04 05:08:00+00:00, run_after=2026-08-04 05:10:00+00:00
[2026-08-04T05:08:28.764+0000] {processor.py:183} INFO - Processing /opt/airflow/dags/football_etl_dag.py took 0.150 seconds
[2026-08-04T05:08:58.968+0000] {processor.py:161} INFO - Started process (PID=1068) to work on /opt/airflow/dags/football_etl_dag.py
[2026-08-04T05:08:58.970+0000] {processor.py:830} INFO - Processing file /opt/airflow/dags/football_etl_dag.py for tasks to queue
[2026-08-04T05:08:58.972+0000] {logging_mixin.py:188} INFO - [2026-08-04T05:08:58.972+0000] {dagbag.py:545} INFO - Filling up the DagBag from /opt/airflow/dags/football_etl_dag.py
[2026-08-04T05:08:58.996+0000] {processor.py:840} INFO - DAG(s) 'football_etl' retrieved from /opt/airflow/dags/football_etl_dag.py
[2026-08-04T05:08:59.040+0000] {logging_mixin.py:188} INFO - [2026-08-04T05:08:59.040+0000] {dag.py:3089} INFO - Sync 1 DAGs
[2026-08-04T05:08:59.073+0000] {logging_mixin.py:188} INFO - [2026-08-04T05:08:59.072+0000] {dag.py:3947} INFO - Setting next_dagrun for football_etl to 2026-08-04 05:08:00+00:00, run_after=2026-08-04 05:10:00+00:00
[2026-08-04T05:08:59.103+0000] {processor.py:183} INFO - Processing /opt/airflow/dags/football_etl_dag.py took 0.141 seconds
[2026-08-04T05:09:29.155+0000] {processor.py:161} INFO - Started process (PID=1073) to work on /opt/airflow/dags/football_etl_dag.py
[2026-08-04T05:09:29.156+0000] {processor.py:830} INFO - Processing file /opt/airflow/dags/football_etl_dag.py for tasks to queue
[2026-08-04T05:09:29.159+0000] {logging_mixin.py:188} INFO - [2026-08-04T05:09:29.158+0000] {dagbag.py:545} INFO - Filling up the DagBag from /opt/airflow/dags/football_etl_dag.py
[2026-08-04T05:09:29.180+0000] {processor.py:840} INFO - DAG(s) 'football_etl' retrieved from /opt/airflow/dags/football_etl_dag.py
[2026-08-04T05:09:29.212+0000] {logging_mixin.py:188} INFO - [2026-08-04T05:09:29.211+0000] {dag.py:3089} INFO - Sync 1 DAGs
[2026-08-04T05:09:29.238+0000] {logging_mixin.py:188} INFO - [2026-08-04T05:09:29.237+0000] {dag.py:3947} INFO - Setting next_dagrun for football_etl to 2026-08-04 05:08:00+00:00, run_after=2026-08-04 05:10:00+00:00
[2026-08-04T05:09:29.266+0000] {processor.py:183} INFO - Processing /opt/airflow/dags/football_etl_dag.py took 0.117 seconds
[2026-08-04T05:09:59.427+0000] {processor.py:161} INFO - Started process (PID=1078) to work on /opt/airflow/dags/football_etl_dag.py
[2026-08-04T05:09:59.431+0000] {processor.py:830} INFO - Processing file /opt/airflow/dags/football_etl_dag.py for tasks to queue
[2026-08-04T05:09:59.435+0000] {logging_mixin.py:188} INFO - [2026-08-04T05:09:59.435+0000] {dagbag.py:545} INFO - Filling up the DagBag from /opt/airflow/dags/football_etl_dag.py
[2026-08-04T05:09:59.466+0000] {processor.py:840} INFO - DAG(s) 'football_etl' retrieved from /opt/airflow/dags/football_etl_dag.py
[2026-08-04T05:09:59.512+0000] {logging_mixin.py:188} INFO - [2026-08-04T05:09:59.512+0000] {dag.py:3089} INFO - Sync 1 DAGs
[2026-08-04T05:09:59.542+0000] {logging_mixin.py:188} INFO - [2026-08-04T05:09:59.542+0000] {dag.py:3947} INFO - Setting next_dagrun for football_etl to 2026-08-04 05:08:00+00:00, run_after=2026-08-04 05:10:00+00:00
[2026-08-04T05:09:59.565+0000] {processor.py:183} INFO - Processing /opt/airflow/dags/football_etl_dag.py took 0.153 seconds
[2026-08-04T05:10:29.636+0000] {processor.py:161} INFO - Started process (PID=1091) to work on /opt/airflow/dags/football_etl_dag.py
[2026-08-04T05:10:29.638+0000] {processor.py:830} INFO - Processing file /opt/airflow/dags/football_etl_dag.py for tasks to queue
[2026-08-04T05:10:29.641+0000] {logging_mixin.py:188} INFO - [2026-08-04T05:10:29.640+0000] {dagbag.py:545} INFO - Filling up the DagBag from /opt/airflow/dags/football_etl_dag.py
[2026-08-04T05:10:29.668+0000] {processor.py:840} INFO - DAG(s) 'football_etl' retrieved from /opt/airflow/dags/football_etl_dag.py
[2026-08-04T05:10:29.710+0000] {logging_mixin.py:188} INFO - [2026-08-04T05:10:29.710+0000] {dag.py:3089} INFO - Sync 1 DAGs
[2026-08-04T05:10:29.746+0000] {logging_mixin.py:188} INFO - [2026-08-04T05:10:29.746+0000] {dag.py:3947} INFO - Setting next_dagrun for football_etl to 2026-08-04 05:10:00+00:00, run_after=2026-08-04 05:12:00+00:00
[2026-08-04T05:10:29.774+0000] {processor.py:183} INFO - Processing /opt/airflow/dags/football_etl_dag.py took 0.147 seconds
[2026-08-04T05:10:59.869+0000] {processor.py:161} INFO - Started process (PID=1101) to work on /opt/airflow/dags/football_etl_dag.py
[2026-08-04T05:10:59.870+0000] {processor.py:830} INFO - Processing file /opt/airflow/dags/football_etl_dag.py for tasks to queue
[2026-08-04T05:10:59.873+0000] {logging_mixin.py:188} INFO - [2026-08-04T05:10:59.872+0000] {dagbag.py:545} INFO - Filling up the DagBag from /opt/airflow/dags/football_etl_dag.py
[2026-08-04T05:10:59.894+0000] {processor.py:840} INFO - DAG(s) 'football_etl' retrieved from /opt/airflow/dags/football_etl_dag.py
[2026-08-04T05:10:59.933+0000] {logging_mixin.py:188} INFO - [2026-08-04T05:10:59.933+0000] {dag.py:3089} INFO - Sync 1 DAGs
[2026-08-04T05:10:59.960+0000] {logging_mixin.py:188} INFO - [2026-08-04T05:10:59.960+0000] {dag.py:3947} INFO - Setting next_dagrun for football_etl to 2026-08-04 05:10:00+00:00, run_after=2026-08-04 05:12:00+00:00
[2026-08-04T05:10:59.982+0000] {processor.py:183} INFO - Processing /opt/airflow/dags/football_etl_dag.py took 0.119 seconds
