[2026-08-03T04:20:07.623+0000] {processor.py:161} INFO - Started process (PID=163) to work on /opt/airflow/dags/football_etl_dag.py
[2026-08-03T04:20:07.626+0000] {processor.py:830} INFO - Processing file /opt/airflow/dags/football_etl_dag.py for tasks to queue
[2026-08-03T04:20:07.630+0000] {logging_mixin.py:188} INFO - [2026-08-03T04:20:07.630+0000] {dagbag.py:545} INFO - Filling up the DagBag from /opt/airflow/dags/football_etl_dag.py
[2026-08-03T04:20:07.665+0000] {processor.py:840} INFO - DAG(s) 'football_etl' retrieved from /opt/airflow/dags/football_etl_dag.py
[2026-08-03T04:20:07.718+0000] {logging_mixin.py:188} INFO - [2026-08-03T04:20:07.718+0000] {dag.py:3089} INFO - Sync 1 DAGs
[2026-08-03T04:20:07.765+0000] {logging_mixin.py:188} INFO - [2026-08-03T04:20:07.765+0000] {dag.py:3947} INFO - Setting next_dagrun for football_etl to 2026-08-03 04:20:00+00:00, run_after=2026-08-03 04:22:00+00:00
[2026-08-03T04:20:07.798+0000] {processor.py:183} INFO - Processing /opt/airflow/dags/football_etl_dag.py took 0.188 seconds
[2026-08-03T04:20:38.272+0000] {processor.py:161} INFO - Started process (PID=185) to work on /opt/airflow/dags/football_etl_dag.py
[2026-08-03T04:20:38.283+0000] {processor.py:830} INFO - Processing file /opt/airflow/dags/football_etl_dag.py for tasks to queue
[2026-08-03T04:20:38.311+0000] {logging_mixin.py:188} INFO - [2026-08-03T04:20:38.309+0000] {dagbag.py:545} INFO - Filling up the DagBag from /opt/airflow/dags/football_etl_dag.py
[2026-08-03T04:20:38.506+0000] {processor.py:840} INFO - DAG(s) 'football_etl' retrieved from /opt/airflow/dags/football_etl_dag.py
[2026-08-03T04:20:39.909+0000] {logging_mixin.py:188} INFO - [2026-08-03T04:20:39.903+0000] {dag.py:3089} INFO - Sync 1 DAGs
[2026-08-03T04:20:40.172+0000] {logging_mixin.py:188} INFO - [2026-08-03T04:20:40.169+0000] {dag.py:3947} INFO - Setting next_dagrun for football_etl to 2026-08-03 04:20:00+00:00, run_after=2026-08-03 04:22:00+00:00
[2026-08-03T04:20:40.349+0000] {processor.py:183} INFO - Processing /opt/airflow/dags/football_etl_dag.py took 2.205 seconds
[2026-08-03T04:21:10.600+0000] {processor.py:161} INFO - Started process (PID=190) to work on /opt/airflow/dags/football_etl_dag.py
[2026-08-03T04:21:10.602+0000] {processor.py:830} INFO - Processing file /opt/airflow/dags/football_etl_dag.py for tasks to queue
[2026-08-03T04:21:10.604+0000] {logging_mixin.py:188} INFO - [2026-08-03T04:21:10.604+0000] {dagbag.py:545} INFO - Filling up the DagBag from /opt/airflow/dags/football_etl_dag.py
[2026-08-03T04:21:10.628+0000] {processor.py:840} INFO - DAG(s) 'football_etl' retrieved from /opt/airflow/dags/football_etl_dag.py
[2026-08-03T04:21:10.666+0000] {logging_mixin.py:188} INFO - [2026-08-03T04:21:10.666+0000] {dag.py:3089} INFO - Sync 1 DAGs
[2026-08-03T04:21:10.695+0000] {logging_mixin.py:188} INFO - [2026-08-03T04:21:10.695+0000] {dag.py:3947} INFO - Setting next_dagrun for football_etl to 2026-08-03 04:20:00+00:00, run_after=2026-08-03 04:22:00+00:00
[2026-08-03T04:21:10.729+0000] {processor.py:183} INFO - Processing /opt/airflow/dags/football_etl_dag.py took 0.136 seconds
[2026-08-03T04:21:40.936+0000] {processor.py:161} INFO - Started process (PID=195) to work on /opt/airflow/dags/football_etl_dag.py
[2026-08-03T04:21:40.938+0000] {processor.py:830} INFO - Processing file /opt/airflow/dags/football_etl_dag.py for tasks to queue
[2026-08-03T04:21:40.941+0000] {logging_mixin.py:188} INFO - [2026-08-03T04:21:40.940+0000] {dagbag.py:545} INFO - Filling up the DagBag from /opt/airflow/dags/football_etl_dag.py
[2026-08-03T04:21:40.970+0000] {processor.py:840} INFO - DAG(s) 'football_etl' retrieved from /opt/airflow/dags/football_etl_dag.py
[2026-08-03T04:21:41.060+0000] {logging_mixin.py:188} INFO - [2026-08-03T04:21:41.060+0000] {dag.py:3089} INFO - Sync 1 DAGs
[2026-08-03T04:21:41.090+0000] {logging_mixin.py:188} INFO - [2026-08-03T04:21:41.089+0000] {dag.py:3947} INFO - Setting next_dagrun for football_etl to 2026-08-03 04:20:00+00:00, run_after=2026-08-03 04:22:00+00:00
[2026-08-03T04:21:41.126+0000] {processor.py:183} INFO - Processing /opt/airflow/dags/football_etl_dag.py took 0.201 seconds
[2026-08-03T04:22:11.343+0000] {processor.py:161} INFO - Started process (PID=206) to work on /opt/airflow/dags/football_etl_dag.py
[2026-08-03T04:22:11.345+0000] {processor.py:830} INFO - Processing file /opt/airflow/dags/football_etl_dag.py for tasks to queue
[2026-08-03T04:22:11.348+0000] {logging_mixin.py:188} INFO - [2026-08-03T04:22:11.348+0000] {dagbag.py:545} INFO - Filling up the DagBag from /opt/airflow/dags/football_etl_dag.py
[2026-08-03T04:22:11.378+0000] {processor.py:840} INFO - DAG(s) 'football_etl' retrieved from /opt/airflow/dags/football_etl_dag.py
[2026-08-03T04:22:11.454+0000] {logging_mixin.py:188} INFO - [2026-08-03T04:22:11.453+0000] {dag.py:3089} INFO - Sync 1 DAGs
[2026-08-03T04:22:11.509+0000] {logging_mixin.py:188} INFO - [2026-08-03T04:22:11.509+0000] {dag.py:3947} INFO - Setting next_dagrun for football_etl to 2026-08-03 04:22:00+00:00, run_after=2026-08-03 04:24:00+00:00
[2026-08-03T04:22:11.547+0000] {processor.py:183} INFO - Processing /opt/airflow/dags/football_etl_dag.py took 0.213 seconds
[2026-08-03T04:22:41.777+0000] {processor.py:161} INFO - Started process (PID=213) to work on /opt/airflow/dags/football_etl_dag.py
[2026-08-03T04:22:41.778+0000] {processor.py:830} INFO - Processing file /opt/airflow/dags/football_etl_dag.py for tasks to queue
[2026-08-03T04:22:41.781+0000] {logging_mixin.py:188} INFO - [2026-08-03T04:22:41.780+0000] {dagbag.py:545} INFO - Filling up the DagBag from /opt/airflow/dags/football_etl_dag.py
[2026-08-03T04:22:41.803+0000] {processor.py:840} INFO - DAG(s) 'football_etl' retrieved from /opt/airflow/dags/football_etl_dag.py
[2026-08-03T04:22:41.839+0000] {logging_mixin.py:188} INFO - [2026-08-03T04:22:41.839+0000] {dag.py:3089} INFO - Sync 1 DAGs
[2026-08-03T04:22:41.863+0000] {logging_mixin.py:188} INFO - [2026-08-03T04:22:41.863+0000] {dag.py:3947} INFO - Setting next_dagrun for football_etl to 2026-08-03 04:22:00+00:00, run_after=2026-08-03 04:24:00+00:00
[2026-08-03T04:22:41.884+0000] {processor.py:183} INFO - Processing /opt/airflow/dags/football_etl_dag.py took 0.113 seconds
[2026-08-03T04:23:12.008+0000] {processor.py:161} INFO - Started process (PID=218) to work on /opt/airflow/dags/football_etl_dag.py
[2026-08-03T04:23:12.009+0000] {processor.py:830} INFO - Processing file /opt/airflow/dags/football_etl_dag.py for tasks to queue
[2026-08-03T04:23:12.011+0000] {logging_mixin.py:188} INFO - [2026-08-03T04:23:12.011+0000] {dagbag.py:545} INFO - Filling up the DagBag from /opt/airflow/dags/football_etl_dag.py
[2026-08-03T04:23:12.034+0000] {processor.py:840} INFO - DAG(s) 'football_etl' retrieved from /opt/airflow/dags/football_etl_dag.py
[2026-08-03T04:23:12.067+0000] {logging_mixin.py:188} INFO - [2026-08-03T04:23:12.067+0000] {dag.py:3089} INFO - Sync 1 DAGs
[2026-08-03T04:23:12.092+0000] {logging_mixin.py:188} INFO - [2026-08-03T04:23:12.092+0000] {dag.py:3947} INFO - Setting next_dagrun for football_etl to 2026-08-03 04:22:00+00:00, run_after=2026-08-03 04:24:00+00:00
[2026-08-03T04:23:12.111+0000] {processor.py:183} INFO - Processing /opt/airflow/dags/football_etl_dag.py took 0.109 seconds
[2026-08-03T04:23:42.372+0000] {processor.py:161} INFO - Started process (PID=223) to work on /opt/airflow/dags/football_etl_dag.py
[2026-08-03T04:23:42.373+0000] {processor.py:830} INFO - Processing file /opt/airflow/dags/football_etl_dag.py for tasks to queue
[2026-08-03T04:23:42.376+0000] {logging_mixin.py:188} INFO - [2026-08-03T04:23:42.375+0000] {dagbag.py:545} INFO - Filling up the DagBag from /opt/airflow/dags/football_etl_dag.py
[2026-08-03T04:23:42.399+0000] {processor.py:840} INFO - DAG(s) 'football_etl' retrieved from /opt/airflow/dags/football_etl_dag.py
[2026-08-03T04:23:42.436+0000] {logging_mixin.py:188} INFO - [2026-08-03T04:23:42.435+0000] {dag.py:3089} INFO - Sync 1 DAGs
[2026-08-03T04:23:42.461+0000] {logging_mixin.py:188} INFO - [2026-08-03T04:23:42.461+0000] {dag.py:3947} INFO - Setting next_dagrun for football_etl to 2026-08-03 04:22:00+00:00, run_after=2026-08-03 04:24:00+00:00
[2026-08-03T04:23:42.483+0000] {processor.py:183} INFO - Processing /opt/airflow/dags/football_etl_dag.py took 0.118 seconds
[2026-08-03T04:24:12.613+0000] {processor.py:161} INFO - Started process (PID=234) to work on /opt/airflow/dags/football_etl_dag.py
[2026-08-03T04:24:12.616+0000] {processor.py:830} INFO - Processing file /opt/airflow/dags/football_etl_dag.py for tasks to queue
[2026-08-03T04:24:12.622+0000] {logging_mixin.py:188} INFO - [2026-08-03T04:24:12.621+0000] {dagbag.py:545} INFO - Filling up the DagBag from /opt/airflow/dags/football_etl_dag.py
[2026-08-03T04:24:12.662+0000] {processor.py:840} INFO - DAG(s) 'football_etl' retrieved from /opt/airflow/dags/football_etl_dag.py
[2026-08-03T04:24:12.729+0000] {logging_mixin.py:188} INFO - [2026-08-03T04:24:12.729+0000] {dag.py:3089} INFO - Sync 1 DAGs
[2026-08-03T04:24:12.778+0000] {logging_mixin.py:188} INFO - [2026-08-03T04:24:12.778+0000] {dag.py:3947} INFO - Setting next_dagrun for football_etl to 2026-08-03 04:24:00+00:00, run_after=2026-08-03 04:26:00+00:00
[2026-08-03T04:24:12.805+0000] {processor.py:183} INFO - Processing /opt/airflow/dags/football_etl_dag.py took 0.210 seconds
[2026-08-03T04:24:42.873+0000] {processor.py:161} INFO - Started process (PID=241) to work on /opt/airflow/dags/football_etl_dag.py
[2026-08-03T04:24:42.874+0000] {processor.py:830} INFO - Processing file /opt/airflow/dags/football_etl_dag.py for tasks to queue
[2026-08-03T04:24:42.877+0000] {logging_mixin.py:188} INFO - [2026-08-03T04:24:42.877+0000] {dagbag.py:545} INFO - Filling up the DagBag from /opt/airflow/dags/football_etl_dag.py
[2026-08-03T04:24:42.899+0000] {processor.py:840} INFO - DAG(s) 'football_etl' retrieved from /opt/airflow/dags/football_etl_dag.py
[2026-08-03T04:24:42.939+0000] {logging_mixin.py:188} INFO - [2026-08-03T04:24:42.939+0000] {dag.py:3089} INFO - Sync 1 DAGs
[2026-08-03T04:24:42.969+0000] {logging_mixin.py:188} INFO - [2026-08-03T04:24:42.969+0000] {dag.py:3947} INFO - Setting next_dagrun for football_etl to 2026-08-03 04:24:00+00:00, run_after=2026-08-03 04:26:00+00:00
[2026-08-03T04:24:42.994+0000] {processor.py:183} INFO - Processing /opt/airflow/dags/football_etl_dag.py took 0.127 seconds
[2026-08-03T04:25:13.348+0000] {processor.py:161} INFO - Started process (PID=246) to work on /opt/airflow/dags/football_etl_dag.py
[2026-08-03T04:25:13.351+0000] {processor.py:830} INFO - Processing file /opt/airflow/dags/football_etl_dag.py for tasks to queue
[2026-08-03T04:25:13.353+0000] {logging_mixin.py:188} INFO - [2026-08-03T04:25:13.353+0000] {dagbag.py:545} INFO - Filling up the DagBag from /opt/airflow/dags/football_etl_dag.py
[2026-08-03T04:25:13.376+0000] {processor.py:840} INFO - DAG(s) 'football_etl' retrieved from /opt/airflow/dags/football_etl_dag.py
[2026-08-03T04:25:13.410+0000] {logging_mixin.py:188} INFO - [2026-08-03T04:25:13.409+0000] {dag.py:3089} INFO - Sync 1 DAGs
[2026-08-03T04:25:13.434+0000] {logging_mixin.py:188} INFO - [2026-08-03T04:25:13.434+0000] {dag.py:3947} INFO - Setting next_dagrun for football_etl to 2026-08-03 04:24:00+00:00, run_after=2026-08-03 04:26:00+00:00
[2026-08-03T04:25:13.456+0000] {processor.py:183} INFO - Processing /opt/airflow/dags/football_etl_dag.py took 0.113 seconds
[2026-08-03T04:25:43.571+0000] {processor.py:161} INFO - Started process (PID=251) to work on /opt/airflow/dags/football_etl_dag.py
[2026-08-03T04:25:43.573+0000] {processor.py:830} INFO - Processing file /opt/airflow/dags/football_etl_dag.py for tasks to queue
[2026-08-03T04:25:43.576+0000] {logging_mixin.py:188} INFO - [2026-08-03T04:25:43.576+0000] {dagbag.py:545} INFO - Filling up the DagBag from /opt/airflow/dags/football_etl_dag.py
[2026-08-03T04:25:43.600+0000] {processor.py:840} INFO - DAG(s) 'football_etl' retrieved from /opt/airflow/dags/football_etl_dag.py
[2026-08-03T04:25:43.638+0000] {logging_mixin.py:188} INFO - [2026-08-03T04:25:43.638+0000] {dag.py:3089} INFO - Sync 1 DAGs
[2026-08-03T04:25:43.666+0000] {logging_mixin.py:188} INFO - [2026-08-03T04:25:43.666+0000] {dag.py:3947} INFO - Setting next_dagrun for football_etl to 2026-08-03 04:24:00+00:00, run_after=2026-08-03 04:26:00+00:00
[2026-08-03T04:25:43.690+0000] {processor.py:183} INFO - Processing /opt/airflow/dags/football_etl_dag.py took 0.127 seconds
[2026-08-03T04:26:13.837+0000] {processor.py:161} INFO - Started process (PID=262) to work on /opt/airflow/dags/football_etl_dag.py
[2026-08-03T04:26:13.839+0000] {processor.py:830} INFO - Processing file /opt/airflow/dags/football_etl_dag.py for tasks to queue
[2026-08-03T04:26:13.842+0000] {logging_mixin.py:188} INFO - [2026-08-03T04:26:13.842+0000] {dagbag.py:545} INFO - Filling up the DagBag from /opt/airflow/dags/football_etl_dag.py
[2026-08-03T04:26:13.869+0000] {processor.py:840} INFO - DAG(s) 'football_etl' retrieved from /opt/airflow/dags/football_etl_dag.py
[2026-08-03T04:26:13.907+0000] {logging_mixin.py:188} INFO - [2026-08-03T04:26:13.907+0000] {dag.py:3089} INFO - Sync 1 DAGs
[2026-08-03T04:26:13.937+0000] {logging_mixin.py:188} INFO - [2026-08-03T04:26:13.937+0000] {dag.py:3947} INFO - Setting next_dagrun for football_etl to 2026-08-03 04:26:00+00:00, run_after=2026-08-03 04:28:00+00:00
[2026-08-03T04:26:13.958+0000] {processor.py:183} INFO - Processing /opt/airflow/dags/football_etl_dag.py took 0.130 seconds
[2026-08-03T04:26:44.085+0000] {processor.py:161} INFO - Started process (PID=267) to work on /opt/airflow/dags/football_etl_dag.py
[2026-08-03T04:26:44.087+0000] {processor.py:830} INFO - Processing file /opt/airflow/dags/football_etl_dag.py for tasks to queue
[2026-08-03T04:26:44.090+0000] {logging_mixin.py:188} INFO - [2026-08-03T04:26:44.090+0000] {dagbag.py:545} INFO - Filling up the DagBag from /opt/airflow/dags/football_etl_dag.py
[2026-08-03T04:26:44.116+0000] {processor.py:840} INFO - DAG(s) 'football_etl' retrieved from /opt/airflow/dags/football_etl_dag.py
[2026-08-03T04:26:44.155+0000] {logging_mixin.py:188} INFO - [2026-08-03T04:26:44.155+0000] {dag.py:3089} INFO - Sync 1 DAGs
[2026-08-03T04:26:44.183+0000] {logging_mixin.py:188} INFO - [2026-08-03T04:26:44.183+0000] {dag.py:3947} INFO - Setting next_dagrun for football_etl to 2026-08-03 04:26:00+00:00, run_after=2026-08-03 04:28:00+00:00
[2026-08-03T04:26:44.205+0000] {processor.py:183} INFO - Processing /opt/airflow/dags/football_etl_dag.py took 0.128 seconds
[2026-08-03T04:27:14.515+0000] {processor.py:161} INFO - Started process (PID=272) to work on /opt/airflow/dags/football_etl_dag.py
[2026-08-03T04:27:14.517+0000] {processor.py:830} INFO - Processing file /opt/airflow/dags/football_etl_dag.py for tasks to queue
[2026-08-03T04:27:14.519+0000] {logging_mixin.py:188} INFO - [2026-08-03T04:27:14.519+0000] {dagbag.py:545} INFO - Filling up the DagBag from /opt/airflow/dags/football_etl_dag.py
[2026-08-03T04:27:14.544+0000] {processor.py:840} INFO - DAG(s) 'football_etl' retrieved from /opt/airflow/dags/football_etl_dag.py
[2026-08-03T04:27:14.579+0000] {logging_mixin.py:188} INFO - [2026-08-03T04:27:14.579+0000] {dag.py:3089} INFO - Sync 1 DAGs
[2026-08-03T04:27:14.604+0000] {logging_mixin.py:188} INFO - [2026-08-03T04:27:14.604+0000] {dag.py:3947} INFO - Setting next_dagrun for football_etl to 2026-08-03 04:26:00+00:00, run_after=2026-08-03 04:28:00+00:00
[2026-08-03T04:27:14.626+0000] {processor.py:183} INFO - Processing /opt/airflow/dags/football_etl_dag.py took 0.117 seconds
[2026-08-03T04:27:44.733+0000] {processor.py:161} INFO - Started process (PID=277) to work on /opt/airflow/dags/football_etl_dag.py
[2026-08-03T04:27:44.735+0000] {processor.py:830} INFO - Processing file /opt/airflow/dags/football_etl_dag.py for tasks to queue
[2026-08-03T04:27:44.737+0000] {logging_mixin.py:188} INFO - [2026-08-03T04:27:44.737+0000] {dagbag.py:545} INFO - Filling up the DagBag from /opt/airflow/dags/football_etl_dag.py
[2026-08-03T04:27:44.766+0000] {processor.py:840} INFO - DAG(s) 'football_etl' retrieved from /opt/airflow/dags/football_etl_dag.py
[2026-08-03T04:27:44.804+0000] {logging_mixin.py:188} INFO - [2026-08-03T04:27:44.804+0000] {dag.py:3089} INFO - Sync 1 DAGs
[2026-08-03T04:27:44.831+0000] {logging_mixin.py:188} INFO - [2026-08-03T04:27:44.831+0000] {dag.py:3947} INFO - Setting next_dagrun for football_etl to 2026-08-03 04:26:00+00:00, run_after=2026-08-03 04:28:00+00:00
[2026-08-03T04:27:44.851+0000] {processor.py:183} INFO - Processing /opt/airflow/dags/football_etl_dag.py took 0.125 seconds
[2026-08-03T04:28:15.044+0000] {processor.py:161} INFO - Started process (PID=288) to work on /opt/airflow/dags/football_etl_dag.py
[2026-08-03T04:28:15.046+0000] {processor.py:830} INFO - Processing file /opt/airflow/dags/football_etl_dag.py for tasks to queue
[2026-08-03T04:28:15.048+0000] {logging_mixin.py:188} INFO - [2026-08-03T04:28:15.047+0000] {dagbag.py:545} INFO - Filling up the DagBag from /opt/airflow/dags/football_etl_dag.py
[2026-08-03T04:28:15.071+0000] {processor.py:840} INFO - DAG(s) 'football_etl' retrieved from /opt/airflow/dags/football_etl_dag.py
[2026-08-03T04:28:15.107+0000] {logging_mixin.py:188} INFO - [2026-08-03T04:28:15.107+0000] {dag.py:3089} INFO - Sync 1 DAGs
[2026-08-03T04:28:15.136+0000] {logging_mixin.py:188} INFO - [2026-08-03T04:28:15.135+0000] {dag.py:3947} INFO - Setting next_dagrun for football_etl to 2026-08-03 04:28:00+00:00, run_after=2026-08-03 04:30:00+00:00
[2026-08-03T04:28:15.160+0000] {processor.py:183} INFO - Processing /opt/airflow/dags/football_etl_dag.py took 0.122 seconds
[2026-08-03T04:28:45.302+0000] {processor.py:161} INFO - Started process (PID=293) to work on /opt/airflow/dags/football_etl_dag.py
[2026-08-03T04:28:45.304+0000] {processor.py:830} INFO - Processing file /opt/airflow/dags/football_etl_dag.py for tasks to queue
[2026-08-03T04:28:45.307+0000] {logging_mixin.py:188} INFO - [2026-08-03T04:28:45.307+0000] {dagbag.py:545} INFO - Filling up the DagBag from /opt/airflow/dags/football_etl_dag.py
[2026-08-03T04:28:45.344+0000] {processor.py:840} INFO - DAG(s) 'football_etl' retrieved from /opt/airflow/dags/football_etl_dag.py
[2026-08-03T04:28:45.387+0000] {logging_mixin.py:188} INFO - [2026-08-03T04:28:45.386+0000] {dag.py:3089} INFO - Sync 1 DAGs
[2026-08-03T04:28:45.414+0000] {logging_mixin.py:188} INFO - [2026-08-03T04:28:45.413+0000] {dag.py:3947} INFO - Setting next_dagrun for football_etl to 2026-08-03 04:28:00+00:00, run_after=2026-08-03 04:30:00+00:00
[2026-08-03T04:28:45.435+0000] {processor.py:183} INFO - Processing /opt/airflow/dags/football_etl_dag.py took 0.143 seconds
[2026-08-03T04:29:15.650+0000] {processor.py:161} INFO - Started process (PID=298) to work on /opt/airflow/dags/football_etl_dag.py
[2026-08-03T04:29:15.651+0000] {processor.py:830} INFO - Processing file /opt/airflow/dags/football_etl_dag.py for tasks to queue
[2026-08-03T04:29:15.654+0000] {logging_mixin.py:188} INFO - [2026-08-03T04:29:15.654+0000] {dagbag.py:545} INFO - Filling up the DagBag from /opt/airflow/dags/football_etl_dag.py
[2026-08-03T04:29:15.676+0000] {processor.py:840} INFO - DAG(s) 'football_etl' retrieved from /opt/airflow/dags/football_etl_dag.py
[2026-08-03T04:29:15.719+0000] {logging_mixin.py:188} INFO - [2026-08-03T04:29:15.718+0000] {dag.py:3089} INFO - Sync 1 DAGs
[2026-08-03T04:29:15.781+0000] {logging_mixin.py:188} INFO - [2026-08-03T04:29:15.781+0000] {dag.py:3947} INFO - Setting next_dagrun for football_etl to 2026-08-03 04:28:00+00:00, run_after=2026-08-03 04:30:00+00:00
[2026-08-03T04:29:15.813+0000] {processor.py:183} INFO - Processing /opt/airflow/dags/football_etl_dag.py took 0.169 seconds
[2026-08-03T04:29:46.011+0000] {processor.py:161} INFO - Started process (PID=303) to work on /opt/airflow/dags/football_etl_dag.py
[2026-08-03T04:29:46.013+0000] {processor.py:830} INFO - Processing file /opt/airflow/dags/football_etl_dag.py for tasks to queue
[2026-08-03T04:29:46.015+0000] {logging_mixin.py:188} INFO - [2026-08-03T04:29:46.015+0000] {dagbag.py:545} INFO - Filling up the DagBag from /opt/airflow/dags/football_etl_dag.py
[2026-08-03T04:29:46.037+0000] {processor.py:840} INFO - DAG(s) 'football_etl' retrieved from /opt/airflow/dags/football_etl_dag.py
[2026-08-03T04:29:46.072+0000] {logging_mixin.py:188} INFO - [2026-08-03T04:29:46.072+0000] {dag.py:3089} INFO - Sync 1 DAGs
[2026-08-03T04:29:46.096+0000] {logging_mixin.py:188} INFO - [2026-08-03T04:29:46.096+0000] {dag.py:3947} INFO - Setting next_dagrun for football_etl to 2026-08-03 04:28:00+00:00, run_after=2026-08-03 04:30:00+00:00
[2026-08-03T04:29:46.118+0000] {processor.py:183} INFO - Processing /opt/airflow/dags/football_etl_dag.py took 0.113 seconds
[2026-08-03T04:30:16.189+0000] {processor.py:161} INFO - Started process (PID=315) to work on /opt/airflow/dags/football_etl_dag.py
[2026-08-03T04:30:16.194+0000] {processor.py:830} INFO - Processing file /opt/airflow/dags/football_etl_dag.py for tasks to queue
[2026-08-03T04:30:16.197+0000] {logging_mixin.py:188} INFO - [2026-08-03T04:30:16.197+0000] {dagbag.py:545} INFO - Filling up the DagBag from /opt/airflow/dags/football_etl_dag.py
[2026-08-03T04:30:16.222+0000] {processor.py:840} INFO - DAG(s) 'football_etl' retrieved from /opt/airflow/dags/football_etl_dag.py
[2026-08-03T04:30:16.259+0000] {logging_mixin.py:188} INFO - [2026-08-03T04:30:16.259+0000] {dag.py:3089} INFO - Sync 1 DAGs
[2026-08-03T04:30:16.285+0000] {logging_mixin.py:188} INFO - [2026-08-03T04:30:16.285+0000] {dag.py:3947} INFO - Setting next_dagrun for football_etl to 2026-08-03 04:30:00+00:00, run_after=2026-08-03 04:32:00+00:00
[2026-08-03T04:30:16.307+0000] {processor.py:183} INFO - Processing /opt/airflow/dags/football_etl_dag.py took 0.125 seconds
[2026-08-03T04:30:46.512+0000] {processor.py:161} INFO - Started process (PID=321) to work on /opt/airflow/dags/football_etl_dag.py
[2026-08-03T04:30:46.515+0000] {processor.py:830} INFO - Processing file /opt/airflow/dags/football_etl_dag.py for tasks to queue
[2026-08-03T04:30:46.519+0000] {logging_mixin.py:188} INFO - [2026-08-03T04:30:46.518+0000] {dagbag.py:545} INFO - Filling up the DagBag from /opt/airflow/dags/football_etl_dag.py
[2026-08-03T04:30:46.557+0000] {processor.py:840} INFO - DAG(s) 'football_etl' retrieved from /opt/airflow/dags/football_etl_dag.py
[2026-08-03T04:30:46.630+0000] {logging_mixin.py:188} INFO - [2026-08-03T04:30:46.629+0000] {dag.py:3089} INFO - Sync 1 DAGs
[2026-08-03T04:30:46.686+0000] {logging_mixin.py:188} INFO - [2026-08-03T04:30:46.685+0000] {dag.py:3947} INFO - Setting next_dagrun for football_etl to 2026-08-03 04:30:00+00:00, run_after=2026-08-03 04:32:00+00:00
[2026-08-03T04:30:46.707+0000] {processor.py:183} INFO - Processing /opt/airflow/dags/football_etl_dag.py took 0.203 seconds
[2026-08-03T04:31:16.771+0000] {processor.py:161} INFO - Started process (PID=326) to work on /opt/airflow/dags/football_etl_dag.py
[2026-08-03T04:31:16.772+0000] {processor.py:830} INFO - Processing file /opt/airflow/dags/football_etl_dag.py for tasks to queue
[2026-08-03T04:31:16.774+0000] {logging_mixin.py:188} INFO - [2026-08-03T04:31:16.774+0000] {dagbag.py:545} INFO - Filling up the DagBag from /opt/airflow/dags/football_etl_dag.py
[2026-08-03T04:31:16.796+0000] {processor.py:840} INFO - DAG(s) 'football_etl' retrieved from /opt/airflow/dags/football_etl_dag.py
[2026-08-03T04:31:16.833+0000] {logging_mixin.py:188} INFO - [2026-08-03T04:31:16.833+0000] {dag.py:3089} INFO - Sync 1 DAGs
[2026-08-03T04:31:16.859+0000] {logging_mixin.py:188} INFO - [2026-08-03T04:31:16.858+0000] {dag.py:3947} INFO - Setting next_dagrun for football_etl to 2026-08-03 04:30:00+00:00, run_after=2026-08-03 04:32:00+00:00
[2026-08-03T04:31:16.879+0000] {processor.py:183} INFO - Processing /opt/airflow/dags/football_etl_dag.py took 0.114 seconds
[2026-08-03T04:31:46.924+0000] {processor.py:161} INFO - Started process (PID=336) to work on /opt/airflow/dags/football_etl_dag.py
[2026-08-03T04:31:46.925+0000] {processor.py:830} INFO - Processing file /opt/airflow/dags/football_etl_dag.py for tasks to queue
[2026-08-03T04:31:46.927+0000] {logging_mixin.py:188} INFO - [2026-08-03T04:31:46.927+0000] {dagbag.py:545} INFO - Filling up the DagBag from /opt/airflow/dags/football_etl_dag.py
[2026-08-03T04:31:46.950+0000] {processor.py:840} INFO - DAG(s) 'football_etl' retrieved from /opt/airflow/dags/football_etl_dag.py
[2026-08-03T04:31:46.989+0000] {logging_mixin.py:188} INFO - [2026-08-03T04:31:46.989+0000] {dag.py:3089} INFO - Sync 1 DAGs
[2026-08-03T04:31:47.016+0000] {logging_mixin.py:188} INFO - [2026-08-03T04:31:47.016+0000] {dag.py:3947} INFO - Setting next_dagrun for football_etl to 2026-08-03 04:30:00+00:00, run_after=2026-08-03 04:32:00+00:00
[2026-08-03T04:31:47.038+0000] {processor.py:183} INFO - Processing /opt/airflow/dags/football_etl_dag.py took 0.120 seconds
[2026-08-03T04:32:17.199+0000] {processor.py:161} INFO - Started process (PID=349) to work on /opt/airflow/dags/football_etl_dag.py
[2026-08-03T04:32:17.200+0000] {processor.py:830} INFO - Processing file /opt/airflow/dags/football_etl_dag.py for tasks to queue
[2026-08-03T04:32:17.203+0000] {logging_mixin.py:188} INFO - [2026-08-03T04:32:17.202+0000] {dagbag.py:545} INFO - Filling up the DagBag from /opt/airflow/dags/football_etl_dag.py
[2026-08-03T04:32:17.227+0000] {processor.py:840} INFO - DAG(s) 'football_etl' retrieved from /opt/airflow/dags/football_etl_dag.py
[2026-08-03T04:32:17.262+0000] {logging_mixin.py:188} INFO - [2026-08-03T04:32:17.262+0000] {dag.py:3089} INFO - Sync 1 DAGs
[2026-08-03T04:32:17.292+0000] {logging_mixin.py:188} INFO - [2026-08-03T04:32:17.292+0000] {dag.py:3947} INFO - Setting next_dagrun for football_etl to 2026-08-03 04:32:00+00:00, run_after=2026-08-03 04:34:00+00:00
[2026-08-03T04:32:17.316+0000] {processor.py:183} INFO - Processing /opt/airflow/dags/football_etl_dag.py took 0.124 seconds
[2026-08-03T04:32:47.367+0000] {processor.py:161} INFO - Started process (PID=354) to work on /opt/airflow/dags/football_etl_dag.py
[2026-08-03T04:32:47.368+0000] {processor.py:830} INFO - Processing file /opt/airflow/dags/football_etl_dag.py for tasks to queue
[2026-08-03T04:32:47.371+0000] {logging_mixin.py:188} INFO - [2026-08-03T04:32:47.370+0000] {dagbag.py:545} INFO - Filling up the DagBag from /opt/airflow/dags/football_etl_dag.py
[2026-08-03T04:32:47.395+0000] {processor.py:840} INFO - DAG(s) 'football_etl' retrieved from /opt/airflow/dags/football_etl_dag.py
[2026-08-03T04:32:47.432+0000] {logging_mixin.py:188} INFO - [2026-08-03T04:32:47.432+0000] {dag.py:3089} INFO - Sync 1 DAGs
[2026-08-03T04:32:47.458+0000] {logging_mixin.py:188} INFO - [2026-08-03T04:32:47.458+0000] {dag.py:3947} INFO - Setting next_dagrun for football_etl to 2026-08-03 04:32:00+00:00, run_after=2026-08-03 04:34:00+00:00
[2026-08-03T04:32:47.479+0000] {processor.py:183} INFO - Processing /opt/airflow/dags/football_etl_dag.py took 0.119 seconds
[2026-08-03T04:33:17.751+0000] {processor.py:161} INFO - Started process (PID=362) to work on /opt/airflow/dags/football_etl_dag.py
[2026-08-03T04:33:17.770+0000] {processor.py:830} INFO - Processing file /opt/airflow/dags/football_etl_dag.py for tasks to queue
[2026-08-03T04:33:17.800+0000] {logging_mixin.py:188} INFO - [2026-08-03T04:33:17.799+0000] {dagbag.py:545} INFO - Filling up the DagBag from /opt/airflow/dags/football_etl_dag.py
[2026-08-03T04:33:17.850+0000] {processor.py:840} INFO - DAG(s) 'football_etl' retrieved from /opt/airflow/dags/football_etl_dag.py
[2026-08-03T04:33:17.907+0000] {logging_mixin.py:188} INFO - [2026-08-03T04:33:17.906+0000] {dag.py:3089} INFO - Sync 1 DAGs
[2026-08-03T04:33:17.943+0000] {logging_mixin.py:188} INFO - [2026-08-03T04:33:17.942+0000] {dag.py:3947} INFO - Setting next_dagrun for football_etl to 2026-08-03 04:32:00+00:00, run_after=2026-08-03 04:34:00+00:00
[2026-08-03T04:33:17.976+0000] {processor.py:183} INFO - Processing /opt/airflow/dags/football_etl_dag.py took 0.248 seconds
[2026-08-03T04:33:48.243+0000] {processor.py:161} INFO - Started process (PID=369) to work on /opt/airflow/dags/football_etl_dag.py
[2026-08-03T04:33:48.247+0000] {processor.py:830} INFO - Processing file /opt/airflow/dags/football_etl_dag.py for tasks to queue
[2026-08-03T04:33:48.253+0000] {logging_mixin.py:188} INFO - [2026-08-03T04:33:48.252+0000] {dagbag.py:545} INFO - Filling up the DagBag from /opt/airflow/dags/football_etl_dag.py
[2026-08-03T04:33:48.320+0000] {processor.py:840} INFO - DAG(s) 'football_etl' retrieved from /opt/airflow/dags/football_etl_dag.py
[2026-08-03T04:33:48.405+0000] {logging_mixin.py:188} INFO - [2026-08-03T04:33:48.405+0000] {dag.py:3089} INFO - Sync 1 DAGs
[2026-08-03T04:33:48.462+0000] {logging_mixin.py:188} INFO - [2026-08-03T04:33:48.460+0000] {dag.py:3947} INFO - Setting next_dagrun for football_etl to 2026-08-03 04:32:00+00:00, run_after=2026-08-03 04:34:00+00:00
[2026-08-03T04:33:48.511+0000] {processor.py:183} INFO - Processing /opt/airflow/dags/football_etl_dag.py took 0.290 seconds
[2026-08-03T04:34:18.690+0000] {processor.py:161} INFO - Started process (PID=382) to work on /opt/airflow/dags/football_etl_dag.py
[2026-08-03T04:34:18.691+0000] {processor.py:830} INFO - Processing file /opt/airflow/dags/football_etl_dag.py for tasks to queue
[2026-08-03T04:34:18.694+0000] {logging_mixin.py:188} INFO - [2026-08-03T04:34:18.693+0000] {dagbag.py:545} INFO - Filling up the DagBag from /opt/airflow/dags/football_etl_dag.py
[2026-08-03T04:34:18.716+0000] {processor.py:840} INFO - DAG(s) 'football_etl' retrieved from /opt/airflow/dags/football_etl_dag.py
[2026-08-03T04:34:18.758+0000] {logging_mixin.py:188} INFO - [2026-08-03T04:34:18.758+0000] {dag.py:3089} INFO - Sync 1 DAGs
[2026-08-03T04:34:18.796+0000] {logging_mixin.py:188} INFO - [2026-08-03T04:34:18.796+0000] {dag.py:3947} INFO - Setting next_dagrun for football_etl to 2026-08-03 04:34:00+00:00, run_after=2026-08-03 04:36:00+00:00
[2026-08-03T04:34:18.820+0000] {processor.py:183} INFO - Processing /opt/airflow/dags/football_etl_dag.py took 0.137 seconds
[2026-08-03T04:34:48.884+0000] {processor.py:161} INFO - Started process (PID=387) to work on /opt/airflow/dags/football_etl_dag.py
[2026-08-03T04:34:48.885+0000] {processor.py:830} INFO - Processing file /opt/airflow/dags/football_etl_dag.py for tasks to queue
[2026-08-03T04:34:48.888+0000] {logging_mixin.py:188} INFO - [2026-08-03T04:34:48.887+0000] {dagbag.py:545} INFO - Filling up the DagBag from /opt/airflow/dags/football_etl_dag.py
[2026-08-03T04:34:48.910+0000] {processor.py:840} INFO - DAG(s) 'football_etl' retrieved from /opt/airflow/dags/football_etl_dag.py
[2026-08-03T04:34:48.947+0000] {logging_mixin.py:188} INFO - [2026-08-03T04:34:48.947+0000] {dag.py:3089} INFO - Sync 1 DAGs
[2026-08-03T04:34:48.977+0000] {logging_mixin.py:188} INFO - [2026-08-03T04:34:48.977+0000] {dag.py:3947} INFO - Setting next_dagrun for football_etl to 2026-08-03 04:34:00+00:00, run_after=2026-08-03 04:36:00+00:00
[2026-08-03T04:34:49.000+0000] {processor.py:183} INFO - Processing /opt/airflow/dags/football_etl_dag.py took 0.123 seconds
[2026-08-03T04:35:19.305+0000] {processor.py:161} INFO - Started process (PID=392) to work on /opt/airflow/dags/football_etl_dag.py
[2026-08-03T04:35:19.307+0000] {processor.py:830} INFO - Processing file /opt/airflow/dags/football_etl_dag.py for tasks to queue
[2026-08-03T04:35:19.311+0000] {logging_mixin.py:188} INFO - [2026-08-03T04:35:19.310+0000] {dagbag.py:545} INFO - Filling up the DagBag from /opt/airflow/dags/football_etl_dag.py
[2026-08-03T04:35:19.333+0000] {processor.py:840} INFO - DAG(s) 'football_etl' retrieved from /opt/airflow/dags/football_etl_dag.py
[2026-08-03T04:35:19.370+0000] {logging_mixin.py:188} INFO - [2026-08-03T04:35:19.370+0000] {dag.py:3089} INFO - Sync 1 DAGs
[2026-08-03T04:35:19.395+0000] {logging_mixin.py:188} INFO - [2026-08-03T04:35:19.395+0000] {dag.py:3947} INFO - Setting next_dagrun for football_etl to 2026-08-03 04:34:00+00:00, run_after=2026-08-03 04:36:00+00:00
[2026-08-03T04:35:19.415+0000] {processor.py:183} INFO - Processing /opt/airflow/dags/football_etl_dag.py took 0.117 seconds
[2026-08-03T04:35:49.518+0000] {processor.py:161} INFO - Started process (PID=397) to work on /opt/airflow/dags/football_etl_dag.py
[2026-08-03T04:35:49.519+0000] {processor.py:830} INFO - Processing file /opt/airflow/dags/football_etl_dag.py for tasks to queue
[2026-08-03T04:35:49.523+0000] {logging_mixin.py:188} INFO - [2026-08-03T04:35:49.522+0000] {dagbag.py:545} INFO - Filling up the DagBag from /opt/airflow/dags/football_etl_dag.py
[2026-08-03T04:35:49.553+0000] {processor.py:840} INFO - DAG(s) 'football_etl' retrieved from /opt/airflow/dags/football_etl_dag.py
[2026-08-03T04:35:49.602+0000] {logging_mixin.py:188} INFO - [2026-08-03T04:35:49.601+0000] {dag.py:3089} INFO - Sync 1 DAGs
[2026-08-03T04:35:49.634+0000] {logging_mixin.py:188} INFO - [2026-08-03T04:35:49.633+0000] {dag.py:3947} INFO - Setting next_dagrun for football_etl to 2026-08-03 04:34:00+00:00, run_after=2026-08-03 04:36:00+00:00
[2026-08-03T04:35:49.657+0000] {processor.py:183} INFO - Processing /opt/airflow/dags/football_etl_dag.py took 0.147 seconds
[2026-08-03T04:36:19.779+0000] {processor.py:161} INFO - Started process (PID=409) to work on /opt/airflow/dags/football_etl_dag.py
[2026-08-03T04:36:19.781+0000] {processor.py:830} INFO - Processing file /opt/airflow/dags/football_etl_dag.py for tasks to queue
[2026-08-03T04:36:19.784+0000] {logging_mixin.py:188} INFO - [2026-08-03T04:36:19.783+0000] {dagbag.py:545} INFO - Filling up the DagBag from /opt/airflow/dags/football_etl_dag.py
[2026-08-03T04:36:19.819+0000] {processor.py:840} INFO - DAG(s) 'football_etl' retrieved from /opt/airflow/dags/football_etl_dag.py
[2026-08-03T04:36:19.872+0000] {logging_mixin.py:188} INFO - [2026-08-03T04:36:19.872+0000] {dag.py:3089} INFO - Sync 1 DAGs
[2026-08-03T04:36:19.903+0000] {logging_mixin.py:188} INFO - [2026-08-03T04:36:19.903+0000] {dag.py:3947} INFO - Setting next_dagrun for football_etl to 2026-08-03 04:36:00+00:00, run_after=2026-08-03 04:38:00+00:00
[2026-08-03T04:36:19.929+0000] {processor.py:183} INFO - Processing /opt/airflow/dags/football_etl_dag.py took 0.157 seconds
[2026-08-03T04:36:50.018+0000] {processor.py:161} INFO - Started process (PID=415) to work on /opt/airflow/dags/football_etl_dag.py
[2026-08-03T04:36:50.020+0000] {processor.py:830} INFO - Processing file /opt/airflow/dags/football_etl_dag.py for tasks to queue
[2026-08-03T04:36:50.023+0000] {logging_mixin.py:188} INFO - [2026-08-03T04:36:50.023+0000] {dagbag.py:545} INFO - Filling up the DagBag from /opt/airflow/dags/football_etl_dag.py
[2026-08-03T04:36:50.048+0000] {processor.py:840} INFO - DAG(s) 'football_etl' retrieved from /opt/airflow/dags/football_etl_dag.py
[2026-08-03T04:36:50.088+0000] {logging_mixin.py:188} INFO - [2026-08-03T04:36:50.088+0000] {dag.py:3089} INFO - Sync 1 DAGs
[2026-08-03T04:36:50.117+0000] {logging_mixin.py:188} INFO - [2026-08-03T04:36:50.117+0000] {dag.py:3947} INFO - Setting next_dagrun for football_etl to 2026-08-03 04:36:00+00:00, run_after=2026-08-03 04:38:00+00:00
[2026-08-03T04:36:50.141+0000] {processor.py:183} INFO - Processing /opt/airflow/dags/football_etl_dag.py took 0.129 seconds
[2026-08-03T04:37:20.303+0000] {processor.py:161} INFO - Started process (PID=420) to work on /opt/airflow/dags/football_etl_dag.py
[2026-08-03T04:37:20.305+0000] {processor.py:830} INFO - Processing file /opt/airflow/dags/football_etl_dag.py for tasks to queue
[2026-08-03T04:37:20.308+0000] {logging_mixin.py:188} INFO - [2026-08-03T04:37:20.308+0000] {dagbag.py:545} INFO - Filling up the DagBag from /opt/airflow/dags/football_etl_dag.py
[2026-08-03T04:37:20.329+0000] {processor.py:840} INFO - DAG(s) 'football_etl' retrieved from /opt/airflow/dags/football_etl_dag.py
[2026-08-03T04:37:20.366+0000] {logging_mixin.py:188} INFO - [2026-08-03T04:37:20.365+0000] {dag.py:3089} INFO - Sync 1 DAGs
[2026-08-03T04:37:20.392+0000] {logging_mixin.py:188} INFO - [2026-08-03T04:37:20.392+0000] {dag.py:3947} INFO - Setting next_dagrun for football_etl to 2026-08-03 04:36:00+00:00, run_after=2026-08-03 04:38:00+00:00
[2026-08-03T04:37:20.412+0000] {processor.py:183} INFO - Processing /opt/airflow/dags/football_etl_dag.py took 0.117 seconds
[2026-08-03T04:37:50.528+0000] {processor.py:161} INFO - Started process (PID=425) to work on /opt/airflow/dags/football_etl_dag.py
[2026-08-03T04:37:50.529+0000] {processor.py:830} INFO - Processing file /opt/airflow/dags/football_etl_dag.py for tasks to queue
[2026-08-03T04:37:50.532+0000] {logging_mixin.py:188} INFO - [2026-08-03T04:37:50.532+0000] {dagbag.py:545} INFO - Filling up the DagBag from /opt/airflow/dags/football_etl_dag.py
[2026-08-03T04:37:50.556+0000] {processor.py:840} INFO - DAG(s) 'football_etl' retrieved from /opt/airflow/dags/football_etl_dag.py
[2026-08-03T04:37:50.594+0000] {logging_mixin.py:188} INFO - [2026-08-03T04:37:50.594+0000] {dag.py:3089} INFO - Sync 1 DAGs
[2026-08-03T04:37:50.623+0000] {logging_mixin.py:188} INFO - [2026-08-03T04:37:50.622+0000] {dag.py:3947} INFO - Setting next_dagrun for football_etl to 2026-08-03 04:36:00+00:00, run_after=2026-08-03 04:38:00+00:00
[2026-08-03T04:37:50.644+0000] {processor.py:183} INFO - Processing /opt/airflow/dags/football_etl_dag.py took 0.124 seconds
[2026-08-03T04:38:20.880+0000] {processor.py:161} INFO - Started process (PID=436) to work on /opt/airflow/dags/football_etl_dag.py
[2026-08-03T04:38:20.883+0000] {processor.py:830} INFO - Processing file /opt/airflow/dags/football_etl_dag.py for tasks to queue
[2026-08-03T04:38:20.886+0000] {logging_mixin.py:188} INFO - [2026-08-03T04:38:20.885+0000] {dagbag.py:545} INFO - Filling up the DagBag from /opt/airflow/dags/football_etl_dag.py
[2026-08-03T04:38:20.909+0000] {processor.py:840} INFO - DAG(s) 'football_etl' retrieved from /opt/airflow/dags/football_etl_dag.py
[2026-08-03T04:38:20.956+0000] {logging_mixin.py:188} INFO - [2026-08-03T04:38:20.956+0000] {dag.py:3089} INFO - Sync 1 DAGs
[2026-08-03T04:38:20.994+0000] {logging_mixin.py:188} INFO - [2026-08-03T04:38:20.994+0000] {dag.py:3947} INFO - Setting next_dagrun for football_etl to 2026-08-03 04:38:00+00:00, run_after=2026-08-03 04:40:00+00:00
[2026-08-03T04:38:21.018+0000] {processor.py:183} INFO - Processing /opt/airflow/dags/football_etl_dag.py took 0.144 seconds
[2026-08-03T04:38:51.196+0000] {processor.py:161} INFO - Started process (PID=443) to work on /opt/airflow/dags/football_etl_dag.py
[2026-08-03T04:38:51.198+0000] {processor.py:830} INFO - Processing file /opt/airflow/dags/football_etl_dag.py for tasks to queue
[2026-08-03T04:38:51.201+0000] {logging_mixin.py:188} INFO - [2026-08-03T04:38:51.201+0000] {dagbag.py:545} INFO - Filling up the DagBag from /opt/airflow/dags/football_etl_dag.py
[2026-08-03T04:38:51.241+0000] {processor.py:840} INFO - DAG(s) 'football_etl' retrieved from /opt/airflow/dags/football_etl_dag.py
[2026-08-03T04:38:51.302+0000] {logging_mixin.py:188} INFO - [2026-08-03T04:38:51.302+0000] {dag.py:3089} INFO - Sync 1 DAGs
[2026-08-03T04:38:51.351+0000] {logging_mixin.py:188} INFO - [2026-08-03T04:38:51.351+0000] {dag.py:3947} INFO - Setting next_dagrun for football_etl to 2026-08-03 04:38:00+00:00, run_after=2026-08-03 04:40:00+00:00
[2026-08-03T04:38:51.381+0000] {processor.py:183} INFO - Processing /opt/airflow/dags/football_etl_dag.py took 0.195 seconds
[2026-08-03T04:39:21.499+0000] {processor.py:161} INFO - Started process (PID=448) to work on /opt/airflow/dags/football_etl_dag.py
[2026-08-03T04:39:21.500+0000] {processor.py:830} INFO - Processing file /opt/airflow/dags/football_etl_dag.py for tasks to queue
[2026-08-03T04:39:21.503+0000] {logging_mixin.py:188} INFO - [2026-08-03T04:39:21.503+0000] {dagbag.py:545} INFO - Filling up the DagBag from /opt/airflow/dags/football_etl_dag.py
[2026-08-03T04:39:21.529+0000] {processor.py:840} INFO - DAG(s) 'football_etl' retrieved from /opt/airflow/dags/football_etl_dag.py
[2026-08-03T04:39:21.569+0000] {logging_mixin.py:188} INFO - [2026-08-03T04:39:21.568+0000] {dag.py:3089} INFO - Sync 1 DAGs
[2026-08-03T04:39:21.599+0000] {logging_mixin.py:188} INFO - [2026-08-03T04:39:21.598+0000] {dag.py:3947} INFO - Setting next_dagrun for football_etl to 2026-08-03 04:38:00+00:00, run_after=2026-08-03 04:40:00+00:00
[2026-08-03T04:39:21.620+0000] {processor.py:183} INFO - Processing /opt/airflow/dags/football_etl_dag.py took 0.130 seconds
[2026-08-03T04:39:51.874+0000] {processor.py:161} INFO - Started process (PID=453) to work on /opt/airflow/dags/football_etl_dag.py
[2026-08-03T04:39:51.875+0000] {processor.py:830} INFO - Processing file /opt/airflow/dags/football_etl_dag.py for tasks to queue
[2026-08-03T04:39:51.877+0000] {logging_mixin.py:188} INFO - [2026-08-03T04:39:51.877+0000] {dagbag.py:545} INFO - Filling up the DagBag from /opt/airflow/dags/football_etl_dag.py
[2026-08-03T04:39:51.898+0000] {processor.py:840} INFO - DAG(s) 'football_etl' retrieved from /opt/airflow/dags/football_etl_dag.py
[2026-08-03T04:39:51.937+0000] {logging_mixin.py:188} INFO - [2026-08-03T04:39:51.937+0000] {dag.py:3089} INFO - Sync 1 DAGs
[2026-08-03T04:39:51.966+0000] {logging_mixin.py:188} INFO - [2026-08-03T04:39:51.966+0000] {dag.py:3947} INFO - Setting next_dagrun for football_etl to 2026-08-03 04:38:00+00:00, run_after=2026-08-03 04:40:00+00:00
[2026-08-03T04:39:51.990+0000] {processor.py:183} INFO - Processing /opt/airflow/dags/football_etl_dag.py took 0.123 seconds
[2026-08-03T04:40:22.079+0000] {processor.py:161} INFO - Started process (PID=466) to work on /opt/airflow/dags/football_etl_dag.py
[2026-08-03T04:40:22.081+0000] {processor.py:830} INFO - Processing file /opt/airflow/dags/football_etl_dag.py for tasks to queue
[2026-08-03T04:40:22.084+0000] {logging_mixin.py:188} INFO - [2026-08-03T04:40:22.083+0000] {dagbag.py:545} INFO - Filling up the DagBag from /opt/airflow/dags/football_etl_dag.py
[2026-08-03T04:40:22.106+0000] {processor.py:840} INFO - DAG(s) 'football_etl' retrieved from /opt/airflow/dags/football_etl_dag.py
[2026-08-03T04:40:22.146+0000] {logging_mixin.py:188} INFO - [2026-08-03T04:40:22.146+0000] {dag.py:3089} INFO - Sync 1 DAGs
[2026-08-03T04:40:22.177+0000] {logging_mixin.py:188} INFO - [2026-08-03T04:40:22.177+0000] {dag.py:3947} INFO - Setting next_dagrun for football_etl to 2026-08-03 04:40:00+00:00, run_after=2026-08-03 04:42:00+00:00
[2026-08-03T04:40:22.200+0000] {processor.py:183} INFO - Processing /opt/airflow/dags/football_etl_dag.py took 0.129 seconds
[2026-08-03T04:40:52.345+0000] {processor.py:161} INFO - Started process (PID=471) to work on /opt/airflow/dags/football_etl_dag.py
[2026-08-03T04:40:52.347+0000] {processor.py:830} INFO - Processing file /opt/airflow/dags/football_etl_dag.py for tasks to queue
[2026-08-03T04:40:52.350+0000] {logging_mixin.py:188} INFO - [2026-08-03T04:40:52.350+0000] {dagbag.py:545} INFO - Filling up the DagBag from /opt/airflow/dags/football_etl_dag.py
[2026-08-03T04:40:52.372+0000] {processor.py:840} INFO - DAG(s) 'football_etl' retrieved from /opt/airflow/dags/football_etl_dag.py
[2026-08-03T04:40:52.404+0000] {logging_mixin.py:188} INFO - [2026-08-03T04:40:52.404+0000] {dag.py:3089} INFO - Sync 1 DAGs
[2026-08-03T04:40:52.429+0000] {logging_mixin.py:188} INFO - [2026-08-03T04:40:52.429+0000] {dag.py:3947} INFO - Setting next_dagrun for football_etl to 2026-08-03 04:40:00+00:00, run_after=2026-08-03 04:42:00+00:00
[2026-08-03T04:40:52.451+0000] {processor.py:183} INFO - Processing /opt/airflow/dags/football_etl_dag.py took 0.114 seconds
[2026-08-03T04:41:22.636+0000] {processor.py:161} INFO - Started process (PID=476) to work on /opt/airflow/dags/football_etl_dag.py
[2026-08-03T04:41:22.638+0000] {processor.py:830} INFO - Processing file /opt/airflow/dags/football_etl_dag.py for tasks to queue
[2026-08-03T04:41:22.641+0000] {logging_mixin.py:188} INFO - [2026-08-03T04:41:22.641+0000] {dagbag.py:545} INFO - Filling up the DagBag from /opt/airflow/dags/football_etl_dag.py
[2026-08-03T04:41:22.666+0000] {processor.py:840} INFO - DAG(s) 'football_etl' retrieved from /opt/airflow/dags/football_etl_dag.py
[2026-08-03T04:41:22.701+0000] {logging_mixin.py:188} INFO - [2026-08-03T04:41:22.701+0000] {dag.py:3089} INFO - Sync 1 DAGs
[2026-08-03T04:41:22.731+0000] {logging_mixin.py:188} INFO - [2026-08-03T04:41:22.731+0000] {dag.py:3947} INFO - Setting next_dagrun for football_etl to 2026-08-03 04:40:00+00:00, run_after=2026-08-03 04:42:00+00:00
[2026-08-03T04:41:22.751+0000] {processor.py:183} INFO - Processing /opt/airflow/dags/football_etl_dag.py took 0.122 seconds
[2026-08-03T04:41:52.950+0000] {processor.py:161} INFO - Started process (PID=481) to work on /opt/airflow/dags/football_etl_dag.py
[2026-08-03T04:41:52.957+0000] {processor.py:830} INFO - Processing file /opt/airflow/dags/football_etl_dag.py for tasks to queue
[2026-08-03T04:41:52.969+0000] {logging_mixin.py:188} INFO - [2026-08-03T04:41:52.968+0000] {dagbag.py:545} INFO - Filling up the DagBag from /opt/airflow/dags/football_etl_dag.py
[2026-08-03T04:41:53.083+0000] {processor.py:840} INFO - DAG(s) 'football_etl' retrieved from /opt/airflow/dags/football_etl_dag.py
[2026-08-03T04:41:53.234+0000] {logging_mixin.py:188} INFO - [2026-08-03T04:41:53.233+0000] {dag.py:3089} INFO - Sync 1 DAGs
[2026-08-03T04:41:53.347+0000] {logging_mixin.py:188} INFO - [2026-08-03T04:41:53.347+0000] {dag.py:3947} INFO - Setting next_dagrun for football_etl to 2026-08-03 04:40:00+00:00, run_after=2026-08-03 04:42:00+00:00
[2026-08-03T04:41:53.411+0000] {processor.py:183} INFO - Processing /opt/airflow/dags/football_etl_dag.py took 0.490 seconds
[2026-08-03T04:42:23.758+0000] {processor.py:161} INFO - Started process (PID=492) to work on /opt/airflow/dags/football_etl_dag.py
[2026-08-03T04:42:23.762+0000] {processor.py:830} INFO - Processing file /opt/airflow/dags/football_etl_dag.py for tasks to queue
[2026-08-03T04:42:23.770+0000] {logging_mixin.py:188} INFO - [2026-08-03T04:42:23.769+0000] {dagbag.py:545} INFO - Filling up the DagBag from /opt/airflow/dags/football_etl_dag.py
[2026-08-03T04:42:23.833+0000] {processor.py:840} INFO - DAG(s) 'football_etl' retrieved from /opt/airflow/dags/football_etl_dag.py
[2026-08-03T04:42:23.953+0000] {logging_mixin.py:188} INFO - [2026-08-03T04:42:23.952+0000] {dag.py:3089} INFO - Sync 1 DAGs
[2026-08-03T04:42:24.055+0000] {logging_mixin.py:188} INFO - [2026-08-03T04:42:24.055+0000] {dag.py:3947} INFO - Setting next_dagrun for football_etl to 2026-08-03 04:42:00+00:00, run_after=2026-08-03 04:44:00+00:00
[2026-08-03T04:42:24.118+0000] {processor.py:183} INFO - Processing /opt/airflow/dags/football_etl_dag.py took 0.384 seconds
[2026-08-03T04:42:54.440+0000] {processor.py:161} INFO - Started process (PID=499) to work on /opt/airflow/dags/football_etl_dag.py
[2026-08-03T04:42:54.441+0000] {processor.py:830} INFO - Processing file /opt/airflow/dags/football_etl_dag.py for tasks to queue
[2026-08-03T04:42:54.444+0000] {logging_mixin.py:188} INFO - [2026-08-03T04:42:54.443+0000] {dagbag.py:545} INFO - Filling up the DagBag from /opt/airflow/dags/football_etl_dag.py
[2026-08-03T04:42:54.468+0000] {processor.py:840} INFO - DAG(s) 'football_etl' retrieved from /opt/airflow/dags/football_etl_dag.py
[2026-08-03T04:42:54.514+0000] {logging_mixin.py:188} INFO - [2026-08-03T04:42:54.514+0000] {dag.py:3089} INFO - Sync 1 DAGs
[2026-08-03T04:42:54.544+0000] {logging_mixin.py:188} INFO - [2026-08-03T04:42:54.543+0000] {dag.py:3947} INFO - Setting next_dagrun for football_etl to 2026-08-03 04:42:00+00:00, run_after=2026-08-03 04:44:00+00:00
[2026-08-03T04:42:55.199+0000] {processor.py:183} INFO - Processing /opt/airflow/dags/football_etl_dag.py took 0.766 seconds
[2026-08-03T04:43:25.409+0000] {processor.py:161} INFO - Started process (PID=504) to work on /opt/airflow/dags/football_etl_dag.py
[2026-08-03T04:43:25.412+0000] {processor.py:830} INFO - Processing file /opt/airflow/dags/football_etl_dag.py for tasks to queue
[2026-08-03T04:43:25.416+0000] {logging_mixin.py:188} INFO - [2026-08-03T04:43:25.415+0000] {dagbag.py:545} INFO - Filling up the DagBag from /opt/airflow/dags/football_etl_dag.py
[2026-08-03T04:43:25.447+0000] {processor.py:840} INFO - DAG(s) 'football_etl' retrieved from /opt/airflow/dags/football_etl_dag.py
[2026-08-03T04:43:25.503+0000] {logging_mixin.py:188} INFO - [2026-08-03T04:43:25.503+0000] {dag.py:3089} INFO - Sync 1 DAGs
[2026-08-03T04:43:25.543+0000] {logging_mixin.py:188} INFO - [2026-08-03T04:43:25.543+0000] {dag.py:3947} INFO - Setting next_dagrun for football_etl to 2026-08-03 04:42:00+00:00, run_after=2026-08-03 04:44:00+00:00
[2026-08-03T04:43:25.589+0000] {processor.py:183} INFO - Processing /opt/airflow/dags/football_etl_dag.py took 0.192 seconds
[2026-08-03T04:43:55.670+0000] {processor.py:161} INFO - Started process (PID=509) to work on /opt/airflow/dags/football_etl_dag.py
[2026-08-03T04:43:55.673+0000] {processor.py:830} INFO - Processing file /opt/airflow/dags/football_etl_dag.py for tasks to queue
[2026-08-03T04:43:55.679+0000] {logging_mixin.py:188} INFO - [2026-08-03T04:43:55.678+0000] {dagbag.py:545} INFO - Filling up the DagBag from /opt/airflow/dags/football_etl_dag.py
[2026-08-03T04:43:55.722+0000] {processor.py:840} INFO - DAG(s) 'football_etl' retrieved from /opt/airflow/dags/football_etl_dag.py
[2026-08-03T04:43:55.772+0000] {logging_mixin.py:188} INFO - [2026-08-03T04:43:55.772+0000] {dag.py:3089} INFO - Sync 1 DAGs
[2026-08-03T04:43:55.810+0000] {logging_mixin.py:188} INFO - [2026-08-03T04:43:55.809+0000] {dag.py:3947} INFO - Setting next_dagrun for football_etl to 2026-08-03 04:42:00+00:00, run_after=2026-08-03 04:44:00+00:00
[2026-08-03T04:43:55.845+0000] {processor.py:183} INFO - Processing /opt/airflow/dags/football_etl_dag.py took 0.190 seconds
[2026-08-03T04:44:26.038+0000] {processor.py:161} INFO - Started process (PID=522) to work on /opt/airflow/dags/football_etl_dag.py
[2026-08-03T04:44:26.041+0000] {processor.py:830} INFO - Processing file /opt/airflow/dags/football_etl_dag.py for tasks to queue
[2026-08-03T04:44:26.045+0000] {logging_mixin.py:188} INFO - [2026-08-03T04:44:26.044+0000] {dagbag.py:545} INFO - Filling up the DagBag from /opt/airflow/dags/football_etl_dag.py
[2026-08-03T04:44:26.069+0000] {processor.py:840} INFO - DAG(s) 'football_etl' retrieved from /opt/airflow/dags/football_etl_dag.py
[2026-08-03T04:44:26.107+0000] {logging_mixin.py:188} INFO - [2026-08-03T04:44:26.106+0000] {dag.py:3089} INFO - Sync 1 DAGs
[2026-08-03T04:44:26.134+0000] {logging_mixin.py:188} INFO - [2026-08-03T04:44:26.133+0000] {dag.py:3947} INFO - Setting next_dagrun for football_etl to 2026-08-03 04:44:00+00:00, run_after=2026-08-03 04:46:00+00:00
[2026-08-03T04:44:26.156+0000] {processor.py:183} INFO - Processing /opt/airflow/dags/football_etl_dag.py took 0.130 seconds
[2026-08-03T04:44:56.265+0000] {processor.py:161} INFO - Started process (PID=527) to work on /opt/airflow/dags/football_etl_dag.py
[2026-08-03T04:44:56.267+0000] {processor.py:830} INFO - Processing file /opt/airflow/dags/football_etl_dag.py for tasks to queue
[2026-08-03T04:44:56.269+0000] {logging_mixin.py:188} INFO - [2026-08-03T04:44:56.269+0000] {dagbag.py:545} INFO - Filling up the DagBag from /opt/airflow/dags/football_etl_dag.py
[2026-08-03T04:44:56.289+0000] {processor.py:840} INFO - DAG(s) 'football_etl' retrieved from /opt/airflow/dags/football_etl_dag.py
[2026-08-03T04:44:56.322+0000] {logging_mixin.py:188} INFO - [2026-08-03T04:44:56.322+0000] {dag.py:3089} INFO - Sync 1 DAGs
[2026-08-03T04:44:56.346+0000] {logging_mixin.py:188} INFO - [2026-08-03T04:44:56.346+0000] {dag.py:3947} INFO - Setting next_dagrun for football_etl to 2026-08-03 04:44:00+00:00, run_after=2026-08-03 04:46:00+00:00
[2026-08-03T04:44:56.365+0000] {processor.py:183} INFO - Processing /opt/airflow/dags/football_etl_dag.py took 0.105 seconds
[2026-08-03T04:45:26.674+0000] {processor.py:161} INFO - Started process (PID=532) to work on /opt/airflow/dags/football_etl_dag.py
[2026-08-03T04:45:26.676+0000] {processor.py:830} INFO - Processing file /opt/airflow/dags/football_etl_dag.py for tasks to queue
[2026-08-03T04:45:26.679+0000] {logging_mixin.py:188} INFO - [2026-08-03T04:45:26.678+0000] {dagbag.py:545} INFO - Filling up the DagBag from /opt/airflow/dags/football_etl_dag.py
[2026-08-03T04:45:26.700+0000] {processor.py:840} INFO - DAG(s) 'football_etl' retrieved from /opt/airflow/dags/football_etl_dag.py
[2026-08-03T04:45:26.733+0000] {logging_mixin.py:188} INFO - [2026-08-03T04:45:26.733+0000] {dag.py:3089} INFO - Sync 1 DAGs
[2026-08-03T04:45:26.758+0000] {logging_mixin.py:188} INFO - [2026-08-03T04:45:26.757+0000] {dag.py:3947} INFO - Setting next_dagrun for football_etl to 2026-08-03 04:44:00+00:00, run_after=2026-08-03 04:46:00+00:00
[2026-08-03T04:45:26.778+0000] {processor.py:183} INFO - Processing /opt/airflow/dags/football_etl_dag.py took 0.109 seconds
[2026-08-03T04:45:57.002+0000] {processor.py:161} INFO - Started process (PID=537) to work on /opt/airflow/dags/football_etl_dag.py
[2026-08-03T04:45:57.004+0000] {processor.py:830} INFO - Processing file /opt/airflow/dags/football_etl_dag.py for tasks to queue
[2026-08-03T04:45:57.007+0000] {logging_mixin.py:188} INFO - [2026-08-03T04:45:57.006+0000] {dagbag.py:545} INFO - Filling up the DagBag from /opt/airflow/dags/football_etl_dag.py
[2026-08-03T04:45:57.032+0000] {processor.py:840} INFO - DAG(s) 'football_etl' retrieved from /opt/airflow/dags/football_etl_dag.py
[2026-08-03T04:45:57.072+0000] {logging_mixin.py:188} INFO - [2026-08-03T04:45:57.071+0000] {dag.py:3089} INFO - Sync 1 DAGs
[2026-08-03T04:45:57.099+0000] {logging_mixin.py:188} INFO - [2026-08-03T04:45:57.099+0000] {dag.py:3947} INFO - Setting next_dagrun for football_etl to 2026-08-03 04:44:00+00:00, run_after=2026-08-03 04:46:00+00:00
[2026-08-03T04:45:57.122+0000] {processor.py:183} INFO - Processing /opt/airflow/dags/football_etl_dag.py took 0.128 seconds
[2026-08-03T04:46:27.224+0000] {processor.py:161} INFO - Started process (PID=550) to work on /opt/airflow/dags/football_etl_dag.py
[2026-08-03T04:46:27.225+0000] {processor.py:830} INFO - Processing file /opt/airflow/dags/football_etl_dag.py for tasks to queue
[2026-08-03T04:46:27.228+0000] {logging_mixin.py:188} INFO - [2026-08-03T04:46:27.228+0000] {dagbag.py:545} INFO - Filling up the DagBag from /opt/airflow/dags/football_etl_dag.py
[2026-08-03T04:46:27.251+0000] {processor.py:840} INFO - DAG(s) 'football_etl' retrieved from /opt/airflow/dags/football_etl_dag.py
[2026-08-03T04:46:27.295+0000] {logging_mixin.py:188} INFO - [2026-08-03T04:46:27.294+0000] {dag.py:3089} INFO - Sync 1 DAGs
[2026-08-03T04:46:27.349+0000] {logging_mixin.py:188} INFO - [2026-08-03T04:46:27.349+0000] {dag.py:3947} INFO - Setting next_dagrun for football_etl to 2026-08-03 04:46:00+00:00, run_after=2026-08-03 04:48:00+00:00
[2026-08-03T04:46:27.408+0000] {processor.py:183} INFO - Processing /opt/airflow/dags/football_etl_dag.py took 0.190 seconds
[2026-08-03T04:46:57.541+0000] {processor.py:161} INFO - Started process (PID=555) to work on /opt/airflow/dags/football_etl_dag.py
[2026-08-03T04:46:57.543+0000] {processor.py:830} INFO - Processing file /opt/airflow/dags/football_etl_dag.py for tasks to queue
[2026-08-03T04:46:57.546+0000] {logging_mixin.py:188} INFO - [2026-08-03T04:46:57.545+0000] {dagbag.py:545} INFO - Filling up the DagBag from /opt/airflow/dags/football_etl_dag.py
[2026-08-03T04:46:57.568+0000] {processor.py:840} INFO - DAG(s) 'football_etl' retrieved from /opt/airflow/dags/football_etl_dag.py
[2026-08-03T04:46:57.655+0000] {logging_mixin.py:188} INFO - [2026-08-03T04:46:57.654+0000] {dag.py:3089} INFO - Sync 1 DAGs
[2026-08-03T04:46:57.688+0000] {logging_mixin.py:188} INFO - [2026-08-03T04:46:57.687+0000] {dag.py:3947} INFO - Setting next_dagrun for football_etl to 2026-08-03 04:46:00+00:00, run_after=2026-08-03 04:48:00+00:00
[2026-08-03T04:46:57.710+0000] {processor.py:183} INFO - Processing /opt/airflow/dags/football_etl_dag.py took 0.176 seconds
[2026-08-03T04:47:27.922+0000] {processor.py:161} INFO - Started process (PID=560) to work on /opt/airflow/dags/football_etl_dag.py
[2026-08-03T04:47:27.924+0000] {processor.py:830} INFO - Processing file /opt/airflow/dags/football_etl_dag.py for tasks to queue
[2026-08-03T04:47:27.926+0000] {logging_mixin.py:188} INFO - [2026-08-03T04:47:27.926+0000] {dagbag.py:545} INFO - Filling up the DagBag from /opt/airflow/dags/football_etl_dag.py
[2026-08-03T04:47:27.947+0000] {processor.py:840} INFO - DAG(s) 'football_etl' retrieved from /opt/airflow/dags/football_etl_dag.py
[2026-08-03T04:47:27.980+0000] {logging_mixin.py:188} INFO - [2026-08-03T04:47:27.979+0000] {dag.py:3089} INFO - Sync 1 DAGs
[2026-08-03T04:47:28.004+0000] {logging_mixin.py:188} INFO - [2026-08-03T04:47:28.004+0000] {dag.py:3947} INFO - Setting next_dagrun for football_etl to 2026-08-03 04:46:00+00:00, run_after=2026-08-03 04:48:00+00:00
[2026-08-03T04:47:28.025+0000] {processor.py:183} INFO - Processing /opt/airflow/dags/football_etl_dag.py took 0.108 seconds
[2026-08-03T04:47:58.257+0000] {processor.py:161} INFO - Started process (PID=565) to work on /opt/airflow/dags/football_etl_dag.py
[2026-08-03T04:47:58.258+0000] {processor.py:830} INFO - Processing file /opt/airflow/dags/football_etl_dag.py for tasks to queue
[2026-08-03T04:47:58.261+0000] {logging_mixin.py:188} INFO - [2026-08-03T04:47:58.261+0000] {dagbag.py:545} INFO - Filling up the DagBag from /opt/airflow/dags/football_etl_dag.py
[2026-08-03T04:47:58.284+0000] {processor.py:840} INFO - DAG(s) 'football_etl' retrieved from /opt/airflow/dags/football_etl_dag.py
[2026-08-03T04:47:58.321+0000] {logging_mixin.py:188} INFO - [2026-08-03T04:47:58.321+0000] {dag.py:3089} INFO - Sync 1 DAGs
[2026-08-03T04:47:58.351+0000] {logging_mixin.py:188} INFO - [2026-08-03T04:47:58.351+0000] {dag.py:3947} INFO - Setting next_dagrun for football_etl to 2026-08-03 04:46:00+00:00, run_after=2026-08-03 04:48:00+00:00
[2026-08-03T04:47:58.374+0000] {processor.py:183} INFO - Processing /opt/airflow/dags/football_etl_dag.py took 0.125 seconds
[2026-08-03T04:48:28.486+0000] {processor.py:161} INFO - Started process (PID=578) to work on /opt/airflow/dags/football_etl_dag.py
[2026-08-03T04:48:28.490+0000] {processor.py:830} INFO - Processing file /opt/airflow/dags/football_etl_dag.py for tasks to queue
[2026-08-03T04:48:28.501+0000] {logging_mixin.py:188} INFO - [2026-08-03T04:48:28.499+0000] {dagbag.py:545} INFO - Filling up the DagBag from /opt/airflow/dags/football_etl_dag.py
[2026-08-03T04:48:28.570+0000] {processor.py:840} INFO - DAG(s) 'football_etl' retrieved from /opt/airflow/dags/football_etl_dag.py
[2026-08-03T04:48:28.657+0000] {logging_mixin.py:188} INFO - [2026-08-03T04:48:28.657+0000] {dag.py:3089} INFO - Sync 1 DAGs
[2026-08-03T04:48:28.715+0000] {logging_mixin.py:188} INFO - [2026-08-03T04:48:28.715+0000] {dag.py:3947} INFO - Setting next_dagrun for football_etl to 2026-08-03 04:48:00+00:00, run_after=2026-08-03 04:50:00+00:00
[2026-08-03T04:48:28.752+0000] {processor.py:183} INFO - Processing /opt/airflow/dags/football_etl_dag.py took 0.289 seconds
[2026-08-03T04:48:58.981+0000] {processor.py:161} INFO - Started process (PID=583) to work on /opt/airflow/dags/football_etl_dag.py
[2026-08-03T04:48:58.982+0000] {processor.py:830} INFO - Processing file /opt/airflow/dags/football_etl_dag.py for tasks to queue
[2026-08-03T04:48:58.985+0000] {logging_mixin.py:188} INFO - [2026-08-03T04:48:58.984+0000] {dagbag.py:545} INFO - Filling up the DagBag from /opt/airflow/dags/football_etl_dag.py
[2026-08-03T04:48:59.006+0000] {processor.py:840} INFO - DAG(s) 'football_etl' retrieved from /opt/airflow/dags/football_etl_dag.py
[2026-08-03T04:48:59.043+0000] {logging_mixin.py:188} INFO - [2026-08-03T04:48:59.042+0000] {dag.py:3089} INFO - Sync 1 DAGs
[2026-08-03T04:48:59.071+0000] {logging_mixin.py:188} INFO - [2026-08-03T04:48:59.071+0000] {dag.py:3947} INFO - Setting next_dagrun for football_etl to 2026-08-03 04:48:00+00:00, run_after=2026-08-03 04:50:00+00:00
[2026-08-03T04:48:59.092+0000] {processor.py:183} INFO - Processing /opt/airflow/dags/football_etl_dag.py took 0.118 seconds
[2026-08-03T04:49:29.298+0000] {processor.py:161} INFO - Started process (PID=588) to work on /opt/airflow/dags/football_etl_dag.py
[2026-08-03T04:49:29.300+0000] {processor.py:830} INFO - Processing file /opt/airflow/dags/football_etl_dag.py for tasks to queue
[2026-08-03T04:49:29.302+0000] {logging_mixin.py:188} INFO - [2026-08-03T04:49:29.302+0000] {dagbag.py:545} INFO - Filling up the DagBag from /opt/airflow/dags/football_etl_dag.py
[2026-08-03T04:49:29.329+0000] {processor.py:840} INFO - DAG(s) 'football_etl' retrieved from /opt/airflow/dags/football_etl_dag.py
[2026-08-03T04:49:29.367+0000] {logging_mixin.py:188} INFO - [2026-08-03T04:49:29.367+0000] {dag.py:3089} INFO - Sync 1 DAGs
[2026-08-03T04:49:29.395+0000] {logging_mixin.py:188} INFO - [2026-08-03T04:49:29.395+0000] {dag.py:3947} INFO - Setting next_dagrun for football_etl to 2026-08-03 04:48:00+00:00, run_after=2026-08-03 04:50:00+00:00
[2026-08-03T04:49:29.417+0000] {processor.py:183} INFO - Processing /opt/airflow/dags/football_etl_dag.py took 0.127 seconds
[2026-08-03T04:49:59.656+0000] {processor.py:161} INFO - Started process (PID=593) to work on /opt/airflow/dags/football_etl_dag.py
[2026-08-03T04:49:59.657+0000] {processor.py:830} INFO - Processing file /opt/airflow/dags/football_etl_dag.py for tasks to queue
[2026-08-03T04:49:59.661+0000] {logging_mixin.py:188} INFO - [2026-08-03T04:49:59.660+0000] {dagbag.py:545} INFO - Filling up the DagBag from /opt/airflow/dags/football_etl_dag.py
[2026-08-03T04:49:59.686+0000] {processor.py:840} INFO - DAG(s) 'football_etl' retrieved from /opt/airflow/dags/football_etl_dag.py
[2026-08-03T04:49:59.724+0000] {logging_mixin.py:188} INFO - [2026-08-03T04:49:59.723+0000] {dag.py:3089} INFO - Sync 1 DAGs
[2026-08-03T04:49:59.754+0000] {logging_mixin.py:188} INFO - [2026-08-03T04:49:59.754+0000] {dag.py:3947} INFO - Setting next_dagrun for football_etl to 2026-08-03 04:48:00+00:00, run_after=2026-08-03 04:50:00+00:00
[2026-08-03T04:49:59.780+0000] {processor.py:183} INFO - Processing /opt/airflow/dags/football_etl_dag.py took 0.137 seconds
[2026-08-03T04:50:29.868+0000] {processor.py:161} INFO - Started process (PID=606) to work on /opt/airflow/dags/football_etl_dag.py
[2026-08-03T04:50:29.870+0000] {processor.py:830} INFO - Processing file /opt/airflow/dags/football_etl_dag.py for tasks to queue
[2026-08-03T04:50:29.874+0000] {logging_mixin.py:188} INFO - [2026-08-03T04:50:29.874+0000] {dagbag.py:545} INFO - Filling up the DagBag from /opt/airflow/dags/football_etl_dag.py
[2026-08-03T04:50:29.901+0000] {processor.py:840} INFO - DAG(s) 'football_etl' retrieved from /opt/airflow/dags/football_etl_dag.py
[2026-08-03T04:50:29.952+0000] {logging_mixin.py:188} INFO - [2026-08-03T04:50:29.952+0000] {dag.py:3089} INFO - Sync 1 DAGs
[2026-08-03T04:50:29.980+0000] {logging_mixin.py:188} INFO - [2026-08-03T04:50:29.979+0000] {dag.py:3947} INFO - Setting next_dagrun for football_etl to 2026-08-03 04:50:00+00:00, run_after=2026-08-03 04:52:00+00:00
[2026-08-03T04:50:30.005+0000] {processor.py:183} INFO - Processing /opt/airflow/dags/football_etl_dag.py took 0.146 seconds
[2026-08-03T04:51:00.155+0000] {processor.py:161} INFO - Started process (PID=611) to work on /opt/airflow/dags/football_etl_dag.py
[2026-08-03T04:51:00.156+0000] {processor.py:830} INFO - Processing file /opt/airflow/dags/football_etl_dag.py for tasks to queue
[2026-08-03T04:51:00.160+0000] {logging_mixin.py:188} INFO - [2026-08-03T04:51:00.159+0000] {dagbag.py:545} INFO - Filling up the DagBag from /opt/airflow/dags/football_etl_dag.py
[2026-08-03T04:51:00.185+0000] {processor.py:840} INFO - DAG(s) 'football_etl' retrieved from /opt/airflow/dags/football_etl_dag.py
[2026-08-03T04:51:00.223+0000] {logging_mixin.py:188} INFO - [2026-08-03T04:51:00.223+0000] {dag.py:3089} INFO - Sync 1 DAGs
[2026-08-03T04:51:00.249+0000] {logging_mixin.py:188} INFO - [2026-08-03T04:51:00.249+0000] {dag.py:3947} INFO - Setting next_dagrun for football_etl to 2026-08-03 04:50:00+00:00, run_after=2026-08-03 04:52:00+00:00
[2026-08-03T04:51:00.272+0000] {processor.py:183} INFO - Processing /opt/airflow/dags/football_etl_dag.py took 0.126 seconds
[2026-08-03T04:51:30.446+0000] {processor.py:161} INFO - Started process (PID=616) to work on /opt/airflow/dags/football_etl_dag.py
[2026-08-03T04:51:30.447+0000] {processor.py:830} INFO - Processing file /opt/airflow/dags/football_etl_dag.py for tasks to queue
[2026-08-03T04:51:30.450+0000] {logging_mixin.py:188} INFO - [2026-08-03T04:51:30.450+0000] {dagbag.py:545} INFO - Filling up the DagBag from /opt/airflow/dags/football_etl_dag.py
[2026-08-03T04:51:30.472+0000] {processor.py:840} INFO - DAG(s) 'football_etl' retrieved from /opt/airflow/dags/football_etl_dag.py
[2026-08-03T04:51:30.507+0000] {logging_mixin.py:188} INFO - [2026-08-03T04:51:30.507+0000] {dag.py:3089} INFO - Sync 1 DAGs
[2026-08-03T04:51:30.536+0000] {logging_mixin.py:188} INFO - [2026-08-03T04:51:30.535+0000] {dag.py:3947} INFO - Setting next_dagrun for football_etl to 2026-08-03 04:50:00+00:00, run_after=2026-08-03 04:52:00+00:00
[2026-08-03T04:51:30.556+0000] {processor.py:183} INFO - Processing /opt/airflow/dags/football_etl_dag.py took 0.117 seconds
[2026-08-03T04:52:00.698+0000] {processor.py:161} INFO - Started process (PID=623) to work on /opt/airflow/dags/football_etl_dag.py
[2026-08-03T04:52:00.700+0000] {processor.py:830} INFO - Processing file /opt/airflow/dags/football_etl_dag.py for tasks to queue
[2026-08-03T04:52:00.703+0000] {logging_mixin.py:188} INFO - [2026-08-03T04:52:00.703+0000] {dagbag.py:545} INFO - Filling up the DagBag from /opt/airflow/dags/football_etl_dag.py
[2026-08-03T04:52:00.735+0000] {processor.py:840} INFO - DAG(s) 'football_etl' retrieved from /opt/airflow/dags/football_etl_dag.py
[2026-08-03T04:52:00.772+0000] {logging_mixin.py:188} INFO - [2026-08-03T04:52:00.772+0000] {dag.py:3089} INFO - Sync 1 DAGs
[2026-08-03T04:52:00.798+0000] {logging_mixin.py:188} INFO - [2026-08-03T04:52:00.798+0000] {dag.py:3947} INFO - Setting next_dagrun for football_etl to 2026-08-03 04:52:00+00:00, run_after=2026-08-03 04:54:00+00:00
[2026-08-03T04:52:00.819+0000] {processor.py:183} INFO - Processing /opt/airflow/dags/football_etl_dag.py took 0.127 seconds
[2026-08-03T04:52:30.946+0000] {processor.py:161} INFO - Started process (PID=634) to work on /opt/airflow/dags/football_etl_dag.py
[2026-08-03T04:52:30.948+0000] {processor.py:830} INFO - Processing file /opt/airflow/dags/football_etl_dag.py for tasks to queue
[2026-08-03T04:52:30.951+0000] {logging_mixin.py:188} INFO - [2026-08-03T04:52:30.950+0000] {dagbag.py:545} INFO - Filling up the DagBag from /opt/airflow/dags/football_etl_dag.py
[2026-08-03T04:52:30.974+0000] {processor.py:840} INFO - DAG(s) 'football_etl' retrieved from /opt/airflow/dags/football_etl_dag.py
[2026-08-03T04:52:31.008+0000] {logging_mixin.py:188} INFO - [2026-08-03T04:52:31.008+0000] {dag.py:3089} INFO - Sync 1 DAGs
[2026-08-03T04:52:31.033+0000] {logging_mixin.py:188} INFO - [2026-08-03T04:52:31.033+0000] {dag.py:3947} INFO - Setting next_dagrun for football_etl to 2026-08-03 04:52:00+00:00, run_after=2026-08-03 04:54:00+00:00
[2026-08-03T04:52:31.055+0000] {processor.py:183} INFO - Processing /opt/airflow/dags/football_etl_dag.py took 0.116 seconds
[2026-08-03T04:53:01.209+0000] {processor.py:161} INFO - Started process (PID=639) to work on /opt/airflow/dags/football_etl_dag.py
[2026-08-03T04:53:01.211+0000] {processor.py:830} INFO - Processing file /opt/airflow/dags/football_etl_dag.py for tasks to queue
[2026-08-03T04:53:01.214+0000] {logging_mixin.py:188} INFO - [2026-08-03T04:53:01.213+0000] {dagbag.py:545} INFO - Filling up the DagBag from /opt/airflow/dags/football_etl_dag.py
[2026-08-03T04:53:01.242+0000] {processor.py:840} INFO - DAG(s) 'football_etl' retrieved from /opt/airflow/dags/football_etl_dag.py
[2026-08-03T04:53:01.282+0000] {logging_mixin.py:188} INFO - [2026-08-03T04:53:01.281+0000] {dag.py:3089} INFO - Sync 1 DAGs
[2026-08-03T04:53:01.310+0000] {logging_mixin.py:188} INFO - [2026-08-03T04:53:01.310+0000] {dag.py:3947} INFO - Setting next_dagrun for football_etl to 2026-08-03 04:52:00+00:00, run_after=2026-08-03 04:54:00+00:00
[2026-08-03T04:53:01.332+0000] {processor.py:183} INFO - Processing /opt/airflow/dags/football_etl_dag.py took 0.130 seconds
[2026-08-03T04:53:31.565+0000] {processor.py:161} INFO - Started process (PID=644) to work on /opt/airflow/dags/football_etl_dag.py
[2026-08-03T04:53:31.566+0000] {processor.py:830} INFO - Processing file /opt/airflow/dags/football_etl_dag.py for tasks to queue
[2026-08-03T04:53:31.569+0000] {logging_mixin.py:188} INFO - [2026-08-03T04:53:31.569+0000] {dagbag.py:545} INFO - Filling up the DagBag from /opt/airflow/dags/football_etl_dag.py
[2026-08-03T04:53:31.595+0000] {processor.py:840} INFO - DAG(s) 'football_etl' retrieved from /opt/airflow/dags/football_etl_dag.py
[2026-08-03T04:53:31.632+0000] {logging_mixin.py:188} INFO - [2026-08-03T04:53:31.631+0000] {dag.py:3089} INFO - Sync 1 DAGs
[2026-08-03T04:53:31.658+0000] {logging_mixin.py:188} INFO - [2026-08-03T04:53:31.658+0000] {dag.py:3947} INFO - Setting next_dagrun for football_etl to 2026-08-03 04:52:00+00:00, run_after=2026-08-03 04:54:00+00:00
[2026-08-03T04:53:31.680+0000] {processor.py:183} INFO - Processing /opt/airflow/dags/football_etl_dag.py took 0.122 seconds
[2026-08-03T04:54:01.840+0000] {processor.py:161} INFO - Started process (PID=653) to work on /opt/airflow/dags/football_etl_dag.py
[2026-08-03T04:54:01.842+0000] {processor.py:830} INFO - Processing file /opt/airflow/dags/football_etl_dag.py for tasks to queue
[2026-08-03T04:54:01.845+0000] {logging_mixin.py:188} INFO - [2026-08-03T04:54:01.844+0000] {dagbag.py:545} INFO - Filling up the DagBag from /opt/airflow/dags/football_etl_dag.py
[2026-08-03T04:54:01.873+0000] {processor.py:840} INFO - DAG(s) 'football_etl' retrieved from /opt/airflow/dags/football_etl_dag.py
[2026-08-03T04:54:01.912+0000] {logging_mixin.py:188} INFO - [2026-08-03T04:54:01.911+0000] {dag.py:3089} INFO - Sync 1 DAGs
[2026-08-03T04:54:01.940+0000] {logging_mixin.py:188} INFO - [2026-08-03T04:54:01.939+0000] {dag.py:3947} INFO - Setting next_dagrun for football_etl to 2026-08-03 04:54:00+00:00, run_after=2026-08-03 04:56:00+00:00
[2026-08-03T04:54:01.961+0000] {processor.py:183} INFO - Processing /opt/airflow/dags/football_etl_dag.py took 0.128 seconds
[2026-08-03T04:54:32.046+0000] {processor.py:161} INFO - Started process (PID=662) to work on /opt/airflow/dags/football_etl_dag.py
[2026-08-03T04:54:32.047+0000] {processor.py:830} INFO - Processing file /opt/airflow/dags/football_etl_dag.py for tasks to queue
[2026-08-03T04:54:32.050+0000] {logging_mixin.py:188} INFO - [2026-08-03T04:54:32.050+0000] {dagbag.py:545} INFO - Filling up the DagBag from /opt/airflow/dags/football_etl_dag.py
[2026-08-03T04:54:32.075+0000] {processor.py:840} INFO - DAG(s) 'football_etl' retrieved from /opt/airflow/dags/football_etl_dag.py
[2026-08-03T04:54:32.114+0000] {logging_mixin.py:188} INFO - [2026-08-03T04:54:32.114+0000] {dag.py:3089} INFO - Sync 1 DAGs
[2026-08-03T04:54:32.141+0000] {logging_mixin.py:188} INFO - [2026-08-03T04:54:32.141+0000] {dag.py:3947} INFO - Setting next_dagrun for football_etl to 2026-08-03 04:54:00+00:00, run_after=2026-08-03 04:56:00+00:00
[2026-08-03T04:54:32.161+0000] {processor.py:183} INFO - Processing /opt/airflow/dags/football_etl_dag.py took 0.124 seconds
[2026-08-03T04:55:02.335+0000] {processor.py:161} INFO - Started process (PID=667) to work on /opt/airflow/dags/football_etl_dag.py
[2026-08-03T04:55:02.338+0000] {processor.py:830} INFO - Processing file /opt/airflow/dags/football_etl_dag.py for tasks to queue
[2026-08-03T04:55:02.342+0000] {logging_mixin.py:188} INFO - [2026-08-03T04:55:02.342+0000] {dagbag.py:545} INFO - Filling up the DagBag from /opt/airflow/dags/football_etl_dag.py
[2026-08-03T04:55:02.373+0000] {processor.py:840} INFO - DAG(s) 'football_etl' retrieved from /opt/airflow/dags/football_etl_dag.py
[2026-08-03T04:55:02.411+0000] {logging_mixin.py:188} INFO - [2026-08-03T04:55:02.411+0000] {dag.py:3089} INFO - Sync 1 DAGs
[2026-08-03T04:55:02.437+0000] {logging_mixin.py:188} INFO - [2026-08-03T04:55:02.437+0000] {dag.py:3947} INFO - Setting next_dagrun for football_etl to 2026-08-03 04:54:00+00:00, run_after=2026-08-03 04:56:00+00:00
[2026-08-03T04:55:02.458+0000] {processor.py:183} INFO - Processing /opt/airflow/dags/football_etl_dag.py took 0.135 seconds
[2026-08-03T04:55:32.705+0000] {processor.py:161} INFO - Started process (PID=672) to work on /opt/airflow/dags/football_etl_dag.py
[2026-08-03T04:55:32.706+0000] {processor.py:830} INFO - Processing file /opt/airflow/dags/football_etl_dag.py for tasks to queue
[2026-08-03T04:55:32.709+0000] {logging_mixin.py:188} INFO - [2026-08-03T04:55:32.709+0000] {dagbag.py:545} INFO - Filling up the DagBag from /opt/airflow/dags/football_etl_dag.py
[2026-08-03T04:55:32.736+0000] {processor.py:840} INFO - DAG(s) 'football_etl' retrieved from /opt/airflow/dags/football_etl_dag.py
[2026-08-03T04:55:32.777+0000] {logging_mixin.py:188} INFO - [2026-08-03T04:55:32.777+0000] {dag.py:3089} INFO - Sync 1 DAGs
[2026-08-03T04:55:32.806+0000] {logging_mixin.py:188} INFO - [2026-08-03T04:55:32.806+0000] {dag.py:3947} INFO - Setting next_dagrun for football_etl to 2026-08-03 04:54:00+00:00, run_after=2026-08-03 04:56:00+00:00
[2026-08-03T04:55:32.832+0000] {processor.py:183} INFO - Processing /opt/airflow/dags/football_etl_dag.py took 0.134 seconds
[2026-08-03T04:56:02.975+0000] {processor.py:161} INFO - Started process (PID=683) to work on /opt/airflow/dags/football_etl_dag.py
[2026-08-03T04:56:02.976+0000] {processor.py:830} INFO - Processing file /opt/airflow/dags/football_etl_dag.py for tasks to queue
[2026-08-03T04:56:02.979+0000] {logging_mixin.py:188} INFO - [2026-08-03T04:56:02.979+0000] {dagbag.py:545} INFO - Filling up the DagBag from /opt/airflow/dags/football_etl_dag.py
[2026-08-03T04:56:03.004+0000] {processor.py:840} INFO - DAG(s) 'football_etl' retrieved from /opt/airflow/dags/football_etl_dag.py
[2026-08-03T04:56:03.043+0000] {logging_mixin.py:188} INFO - [2026-08-03T04:56:03.042+0000] {dag.py:3089} INFO - Sync 1 DAGs
[2026-08-03T04:56:03.070+0000] {logging_mixin.py:188} INFO - [2026-08-03T04:56:03.070+0000] {dag.py:3947} INFO - Setting next_dagrun for football_etl to 2026-08-03 04:56:00+00:00, run_after=2026-08-03 04:58:00+00:00
[2026-08-03T04:56:03.091+0000] {processor.py:183} INFO - Processing /opt/airflow/dags/football_etl_dag.py took 0.125 seconds
[2026-08-03T04:56:33.201+0000] {processor.py:161} INFO - Started process (PID=690) to work on /opt/airflow/dags/football_etl_dag.py
[2026-08-03T04:56:33.203+0000] {processor.py:830} INFO - Processing file /opt/airflow/dags/football_etl_dag.py for tasks to queue
[2026-08-03T04:56:33.206+0000] {logging_mixin.py:188} INFO - [2026-08-03T04:56:33.205+0000] {dagbag.py:545} INFO - Filling up the DagBag from /opt/airflow/dags/football_etl_dag.py
[2026-08-03T04:56:33.231+0000] {processor.py:840} INFO - DAG(s) 'football_etl' retrieved from /opt/airflow/dags/football_etl_dag.py
[2026-08-03T04:56:33.269+0000] {logging_mixin.py:188} INFO - [2026-08-03T04:56:33.269+0000] {dag.py:3089} INFO - Sync 1 DAGs
[2026-08-03T04:56:33.297+0000] {logging_mixin.py:188} INFO - [2026-08-03T04:56:33.297+0000] {dag.py:3947} INFO - Setting next_dagrun for football_etl to 2026-08-03 04:56:00+00:00, run_after=2026-08-03 04:58:00+00:00
[2026-08-03T04:56:33.319+0000] {processor.py:183} INFO - Processing /opt/airflow/dags/football_etl_dag.py took 0.126 seconds
[2026-08-03T04:57:03.484+0000] {processor.py:161} INFO - Started process (PID=695) to work on /opt/airflow/dags/football_etl_dag.py
[2026-08-03T04:57:03.486+0000] {processor.py:830} INFO - Processing file /opt/airflow/dags/football_etl_dag.py for tasks to queue
[2026-08-03T04:57:03.489+0000] {logging_mixin.py:188} INFO - [2026-08-03T04:57:03.488+0000] {dagbag.py:545} INFO - Filling up the DagBag from /opt/airflow/dags/football_etl_dag.py
[2026-08-03T04:57:03.513+0000] {processor.py:840} INFO - DAG(s) 'football_etl' retrieved from /opt/airflow/dags/football_etl_dag.py
[2026-08-03T04:57:03.550+0000] {logging_mixin.py:188} INFO - [2026-08-03T04:57:03.550+0000] {dag.py:3089} INFO - Sync 1 DAGs
[2026-08-03T04:57:03.577+0000] {logging_mixin.py:188} INFO - [2026-08-03T04:57:03.577+0000] {dag.py:3947} INFO - Setting next_dagrun for football_etl to 2026-08-03 04:56:00+00:00, run_after=2026-08-03 04:58:00+00:00
[2026-08-03T04:57:03.600+0000] {processor.py:183} INFO - Processing /opt/airflow/dags/football_etl_dag.py took 0.124 seconds
[2026-08-03T04:57:33.844+0000] {processor.py:161} INFO - Started process (PID=700) to work on /opt/airflow/dags/football_etl_dag.py
[2026-08-03T04:57:33.845+0000] {processor.py:830} INFO - Processing file /opt/airflow/dags/football_etl_dag.py for tasks to queue
[2026-08-03T04:57:33.848+0000] {logging_mixin.py:188} INFO - [2026-08-03T04:57:33.848+0000] {dagbag.py:545} INFO - Filling up the DagBag from /opt/airflow/dags/football_etl_dag.py
[2026-08-03T04:57:33.875+0000] {processor.py:840} INFO - DAG(s) 'football_etl' retrieved from /opt/airflow/dags/football_etl_dag.py
[2026-08-03T04:57:33.912+0000] {logging_mixin.py:188} INFO - [2026-08-03T04:57:33.912+0000] {dag.py:3089} INFO - Sync 1 DAGs
[2026-08-03T04:57:33.938+0000] {logging_mixin.py:188} INFO - [2026-08-03T04:57:33.938+0000] {dag.py:3947} INFO - Setting next_dagrun for football_etl to 2026-08-03 04:56:00+00:00, run_after=2026-08-03 04:58:00+00:00
[2026-08-03T04:57:33.959+0000] {processor.py:183} INFO - Processing /opt/airflow/dags/football_etl_dag.py took 0.121 seconds
[2026-08-03T04:58:04.094+0000] {processor.py:161} INFO - Started process (PID=711) to work on /opt/airflow/dags/football_etl_dag.py
[2026-08-03T04:58:04.095+0000] {processor.py:830} INFO - Processing file /opt/airflow/dags/football_etl_dag.py for tasks to queue
[2026-08-03T04:58:04.098+0000] {logging_mixin.py:188} INFO - [2026-08-03T04:58:04.097+0000] {dagbag.py:545} INFO - Filling up the DagBag from /opt/airflow/dags/football_etl_dag.py
[2026-08-03T04:58:04.119+0000] {processor.py:840} INFO - DAG(s) 'football_etl' retrieved from /opt/airflow/dags/football_etl_dag.py
[2026-08-03T04:58:04.152+0000] {logging_mixin.py:188} INFO - [2026-08-03T04:58:04.151+0000] {dag.py:3089} INFO - Sync 1 DAGs
[2026-08-03T04:58:04.176+0000] {logging_mixin.py:188} INFO - [2026-08-03T04:58:04.176+0000] {dag.py:3947} INFO - Setting next_dagrun for football_etl to 2026-08-03 04:58:00+00:00, run_after=2026-08-03 05:00:00+00:00
[2026-08-03T04:58:04.199+0000] {processor.py:183} INFO - Processing /opt/airflow/dags/football_etl_dag.py took 0.111 seconds
[2026-08-03T04:58:34.355+0000] {processor.py:161} INFO - Started process (PID=718) to work on /opt/airflow/dags/football_etl_dag.py
[2026-08-03T04:58:34.357+0000] {processor.py:830} INFO - Processing file /opt/airflow/dags/football_etl_dag.py for tasks to queue
[2026-08-03T04:58:34.360+0000] {logging_mixin.py:188} INFO - [2026-08-03T04:58:34.359+0000] {dagbag.py:545} INFO - Filling up the DagBag from /opt/airflow/dags/football_etl_dag.py
[2026-08-03T04:58:34.383+0000] {processor.py:840} INFO - DAG(s) 'football_etl' retrieved from /opt/airflow/dags/football_etl_dag.py
[2026-08-03T04:58:34.420+0000] {logging_mixin.py:188} INFO - [2026-08-03T04:58:34.420+0000] {dag.py:3089} INFO - Sync 1 DAGs
[2026-08-03T04:58:34.448+0000] {logging_mixin.py:188} INFO - [2026-08-03T04:58:34.448+0000] {dag.py:3947} INFO - Setting next_dagrun for football_etl to 2026-08-03 04:58:00+00:00, run_after=2026-08-03 05:00:00+00:00
[2026-08-03T04:58:34.470+0000] {processor.py:183} INFO - Processing /opt/airflow/dags/football_etl_dag.py took 0.122 seconds
[2026-08-03T04:59:04.613+0000] {processor.py:161} INFO - Started process (PID=723) to work on /opt/airflow/dags/football_etl_dag.py
[2026-08-03T04:59:04.615+0000] {processor.py:830} INFO - Processing file /opt/airflow/dags/football_etl_dag.py for tasks to queue
[2026-08-03T04:59:04.618+0000] {logging_mixin.py:188} INFO - [2026-08-03T04:59:04.618+0000] {dagbag.py:545} INFO - Filling up the DagBag from /opt/airflow/dags/football_etl_dag.py
[2026-08-03T04:59:04.643+0000] {processor.py:840} INFO - DAG(s) 'football_etl' retrieved from /opt/airflow/dags/football_etl_dag.py
[2026-08-03T04:59:04.680+0000] {logging_mixin.py:188} INFO - [2026-08-03T04:59:04.680+0000] {dag.py:3089} INFO - Sync 1 DAGs
[2026-08-03T04:59:04.705+0000] {logging_mixin.py:188} INFO - [2026-08-03T04:59:04.705+0000] {dag.py:3947} INFO - Setting next_dagrun for football_etl to 2026-08-03 04:58:00+00:00, run_after=2026-08-03 05:00:00+00:00
[2026-08-03T04:59:04.724+0000] {processor.py:183} INFO - Processing /opt/airflow/dags/football_etl_dag.py took 0.118 seconds
[2026-08-03T04:59:34.941+0000] {processor.py:161} INFO - Started process (PID=728) to work on /opt/airflow/dags/football_etl_dag.py
[2026-08-03T04:59:34.943+0000] {processor.py:830} INFO - Processing file /opt/airflow/dags/football_etl_dag.py for tasks to queue
[2026-08-03T04:59:34.945+0000] {logging_mixin.py:188} INFO - [2026-08-03T04:59:34.944+0000] {dagbag.py:545} INFO - Filling up the DagBag from /opt/airflow/dags/football_etl_dag.py
[2026-08-03T04:59:34.967+0000] {processor.py:840} INFO - DAG(s) 'football_etl' retrieved from /opt/airflow/dags/football_etl_dag.py
[2026-08-03T04:59:35.000+0000] {logging_mixin.py:188} INFO - [2026-08-03T04:59:35.000+0000] {dag.py:3089} INFO - Sync 1 DAGs
[2026-08-03T04:59:35.026+0000] {logging_mixin.py:188} INFO - [2026-08-03T04:59:35.025+0000] {dag.py:3947} INFO - Setting next_dagrun for football_etl to 2026-08-03 04:58:00+00:00, run_after=2026-08-03 05:00:00+00:00
[2026-08-03T04:59:35.046+0000] {processor.py:183} INFO - Processing /opt/airflow/dags/football_etl_dag.py took 0.110 seconds
[2026-08-03T05:00:05.185+0000] {processor.py:161} INFO - Started process (PID=739) to work on /opt/airflow/dags/football_etl_dag.py
[2026-08-03T05:00:05.187+0000] {processor.py:830} INFO - Processing file /opt/airflow/dags/football_etl_dag.py for tasks to queue
[2026-08-03T05:00:05.191+0000] {logging_mixin.py:188} INFO - [2026-08-03T05:00:05.191+0000] {dagbag.py:545} INFO - Filling up the DagBag from /opt/airflow/dags/football_etl_dag.py
[2026-08-03T05:00:05.223+0000] {processor.py:840} INFO - DAG(s) 'football_etl' retrieved from /opt/airflow/dags/football_etl_dag.py
[2026-08-03T05:00:05.267+0000] {logging_mixin.py:188} INFO - [2026-08-03T05:00:05.267+0000] {dag.py:3089} INFO - Sync 1 DAGs
[2026-08-03T05:00:05.299+0000] {logging_mixin.py:188} INFO - [2026-08-03T05:00:05.299+0000] {dag.py:3947} INFO - Setting next_dagrun for football_etl to 2026-08-03 05:00:00+00:00, run_after=2026-08-03 05:02:00+00:00
[2026-08-03T05:00:05.326+0000] {processor.py:183} INFO - Processing /opt/airflow/dags/football_etl_dag.py took 0.149 seconds
[2026-08-03T05:00:35.458+0000] {processor.py:161} INFO - Started process (PID=746) to work on /opt/airflow/dags/football_etl_dag.py
[2026-08-03T05:00:35.460+0000] {processor.py:830} INFO - Processing file /opt/airflow/dags/football_etl_dag.py for tasks to queue
[2026-08-03T05:00:35.462+0000] {logging_mixin.py:188} INFO - [2026-08-03T05:00:35.461+0000] {dagbag.py:545} INFO - Filling up the DagBag from /opt/airflow/dags/football_etl_dag.py
[2026-08-03T05:00:35.483+0000] {processor.py:840} INFO - DAG(s) 'football_etl' retrieved from /opt/airflow/dags/football_etl_dag.py
[2026-08-03T05:00:35.514+0000] {logging_mixin.py:188} INFO - [2026-08-03T05:00:35.514+0000] {dag.py:3089} INFO - Sync 1 DAGs
[2026-08-03T05:00:35.539+0000] {logging_mixin.py:188} INFO - [2026-08-03T05:00:35.539+0000] {dag.py:3947} INFO - Setting next_dagrun for football_etl to 2026-08-03 05:00:00+00:00, run_after=2026-08-03 05:02:00+00:00
[2026-08-03T05:00:35.558+0000] {processor.py:183} INFO - Processing /opt/airflow/dags/football_etl_dag.py took 0.107 seconds
[2026-08-03T05:01:05.688+0000] {processor.py:161} INFO - Started process (PID=751) to work on /opt/airflow/dags/football_etl_dag.py
[2026-08-03T05:01:05.690+0000] {processor.py:830} INFO - Processing file /opt/airflow/dags/football_etl_dag.py for tasks to queue
[2026-08-03T05:01:05.693+0000] {logging_mixin.py:188} INFO - [2026-08-03T05:01:05.692+0000] {dagbag.py:545} INFO - Filling up the DagBag from /opt/airflow/dags/football_etl_dag.py
[2026-08-03T05:01:05.716+0000] {processor.py:840} INFO - DAG(s) 'football_etl' retrieved from /opt/airflow/dags/football_etl_dag.py
[2026-08-03T05:01:05.754+0000] {logging_mixin.py:188} INFO - [2026-08-03T05:01:05.754+0000] {dag.py:3089} INFO - Sync 1 DAGs
[2026-08-03T05:01:05.781+0000] {logging_mixin.py:188} INFO - [2026-08-03T05:01:05.780+0000] {dag.py:3947} INFO - Setting next_dagrun for football_etl to 2026-08-03 05:00:00+00:00, run_after=2026-08-03 05:02:00+00:00
[2026-08-03T05:01:05.801+0000] {processor.py:183} INFO - Processing /opt/airflow/dags/football_etl_dag.py took 0.121 seconds
[2026-08-03T05:01:35.987+0000] {processor.py:161} INFO - Started process (PID=756) to work on /opt/airflow/dags/football_etl_dag.py
[2026-08-03T05:01:35.989+0000] {processor.py:830} INFO - Processing file /opt/airflow/dags/football_etl_dag.py for tasks to queue
[2026-08-03T05:01:35.992+0000] {logging_mixin.py:188} INFO - [2026-08-03T05:01:35.992+0000] {dagbag.py:545} INFO - Filling up the DagBag from /opt/airflow/dags/football_etl_dag.py
[2026-08-03T05:01:36.014+0000] {processor.py:840} INFO - DAG(s) 'football_etl' retrieved from /opt/airflow/dags/football_etl_dag.py
[2026-08-03T05:01:36.051+0000] {logging_mixin.py:188} INFO - [2026-08-03T05:01:36.051+0000] {dag.py:3089} INFO - Sync 1 DAGs
[2026-08-03T05:01:36.079+0000] {logging_mixin.py:188} INFO - [2026-08-03T05:01:36.079+0000] {dag.py:3947} INFO - Setting next_dagrun for football_etl to 2026-08-03 05:00:00+00:00, run_after=2026-08-03 05:02:00+00:00
[2026-08-03T05:01:36.099+0000] {processor.py:183} INFO - Processing /opt/airflow/dags/football_etl_dag.py took 0.118 seconds
[2026-08-03T05:02:06.205+0000] {processor.py:161} INFO - Started process (PID=767) to work on /opt/airflow/dags/football_etl_dag.py
[2026-08-03T05:02:06.206+0000] {processor.py:830} INFO - Processing file /opt/airflow/dags/football_etl_dag.py for tasks to queue
[2026-08-03T05:02:06.209+0000] {logging_mixin.py:188} INFO - [2026-08-03T05:02:06.209+0000] {dagbag.py:545} INFO - Filling up the DagBag from /opt/airflow/dags/football_etl_dag.py
[2026-08-03T05:02:06.233+0000] {processor.py:840} INFO - DAG(s) 'football_etl' retrieved from /opt/airflow/dags/football_etl_dag.py
[2026-08-03T05:02:06.275+0000] {logging_mixin.py:188} INFO - [2026-08-03T05:02:06.275+0000] {dag.py:3089} INFO - Sync 1 DAGs
[2026-08-03T05:02:06.304+0000] {logging_mixin.py:188} INFO - [2026-08-03T05:02:06.304+0000] {dag.py:3947} INFO - Setting next_dagrun for football_etl to 2026-08-03 05:02:00+00:00, run_after=2026-08-03 05:04:00+00:00
[2026-08-03T05:02:06.325+0000] {processor.py:183} INFO - Processing /opt/airflow/dags/football_etl_dag.py took 0.129 seconds
[2026-08-03T05:02:36.507+0000] {processor.py:161} INFO - Started process (PID=774) to work on /opt/airflow/dags/football_etl_dag.py
[2026-08-03T05:02:36.508+0000] {processor.py:830} INFO - Processing file /opt/airflow/dags/football_etl_dag.py for tasks to queue
[2026-08-03T05:02:36.511+0000] {logging_mixin.py:188} INFO - [2026-08-03T05:02:36.511+0000] {dagbag.py:545} INFO - Filling up the DagBag from /opt/airflow/dags/football_etl_dag.py
[2026-08-03T05:02:36.532+0000] {processor.py:840} INFO - DAG(s) 'football_etl' retrieved from /opt/airflow/dags/football_etl_dag.py
[2026-08-03T05:02:36.569+0000] {logging_mixin.py:188} INFO - [2026-08-03T05:02:36.568+0000] {dag.py:3089} INFO - Sync 1 DAGs
[2026-08-03T05:02:36.595+0000] {logging_mixin.py:188} INFO - [2026-08-03T05:02:36.595+0000] {dag.py:3947} INFO - Setting next_dagrun for football_etl to 2026-08-03 05:02:00+00:00, run_after=2026-08-03 05:04:00+00:00
[2026-08-03T05:02:36.616+0000] {processor.py:183} INFO - Processing /opt/airflow/dags/football_etl_dag.py took 0.117 seconds
[2026-08-03T05:03:06.789+0000] {processor.py:161} INFO - Started process (PID=779) to work on /opt/airflow/dags/football_etl_dag.py
[2026-08-03T05:03:06.791+0000] {processor.py:830} INFO - Processing file /opt/airflow/dags/football_etl_dag.py for tasks to queue
[2026-08-03T05:03:06.795+0000] {logging_mixin.py:188} INFO - [2026-08-03T05:03:06.795+0000] {dagbag.py:545} INFO - Filling up the DagBag from /opt/airflow/dags/football_etl_dag.py
[2026-08-03T05:03:06.822+0000] {processor.py:840} INFO - DAG(s) 'football_etl' retrieved from /opt/airflow/dags/football_etl_dag.py
[2026-08-03T05:03:06.859+0000] {logging_mixin.py:188} INFO - [2026-08-03T05:03:06.859+0000] {dag.py:3089} INFO - Sync 1 DAGs
[2026-08-03T05:03:06.887+0000] {logging_mixin.py:188} INFO - [2026-08-03T05:03:06.887+0000] {dag.py:3947} INFO - Setting next_dagrun for football_etl to 2026-08-03 05:02:00+00:00, run_after=2026-08-03 05:04:00+00:00
[2026-08-03T05:03:06.909+0000] {processor.py:183} INFO - Processing /opt/airflow/dags/football_etl_dag.py took 0.128 seconds
[2026-08-03T05:03:37.109+0000] {processor.py:161} INFO - Started process (PID=784) to work on /opt/airflow/dags/football_etl_dag.py
[2026-08-03T05:03:37.111+0000] {processor.py:830} INFO - Processing file /opt/airflow/dags/football_etl_dag.py for tasks to queue
[2026-08-03T05:03:37.116+0000] {logging_mixin.py:188} INFO - [2026-08-03T05:03:37.115+0000] {dagbag.py:545} INFO - Filling up the DagBag from /opt/airflow/dags/football_etl_dag.py
[2026-08-03T05:03:37.140+0000] {processor.py:840} INFO - DAG(s) 'football_etl' retrieved from /opt/airflow/dags/football_etl_dag.py
[2026-08-03T05:03:37.180+0000] {logging_mixin.py:188} INFO - [2026-08-03T05:03:37.180+0000] {dag.py:3089} INFO - Sync 1 DAGs
[2026-08-03T05:03:37.210+0000] {logging_mixin.py:188} INFO - [2026-08-03T05:03:37.210+0000] {dag.py:3947} INFO - Setting next_dagrun for football_etl to 2026-08-03 05:02:00+00:00, run_after=2026-08-03 05:04:00+00:00
[2026-08-03T05:03:37.232+0000] {processor.py:183} INFO - Processing /opt/airflow/dags/football_etl_dag.py took 0.132 seconds
[2026-08-03T05:04:07.338+0000] {processor.py:161} INFO - Started process (PID=795) to work on /opt/airflow/dags/football_etl_dag.py
[2026-08-03T05:04:07.339+0000] {processor.py:830} INFO - Processing file /opt/airflow/dags/football_etl_dag.py for tasks to queue
[2026-08-03T05:04:07.343+0000] {logging_mixin.py:188} INFO - [2026-08-03T05:04:07.342+0000] {dagbag.py:545} INFO - Filling up the DagBag from /opt/airflow/dags/football_etl_dag.py
[2026-08-03T05:04:07.369+0000] {processor.py:840} INFO - DAG(s) 'football_etl' retrieved from /opt/airflow/dags/football_etl_dag.py
[2026-08-03T05:04:07.410+0000] {logging_mixin.py:188} INFO - [2026-08-03T05:04:07.410+0000] {dag.py:3089} INFO - Sync 1 DAGs
[2026-08-03T05:04:07.439+0000] {logging_mixin.py:188} INFO - [2026-08-03T05:04:07.439+0000] {dag.py:3947} INFO - Setting next_dagrun for football_etl to 2026-08-03 05:04:00+00:00, run_after=2026-08-03 05:06:00+00:00
[2026-08-03T05:04:07.461+0000] {processor.py:183} INFO - Processing /opt/airflow/dags/football_etl_dag.py took 0.132 seconds
[2026-08-03T05:04:37.569+0000] {processor.py:161} INFO - Started process (PID=802) to work on /opt/airflow/dags/football_etl_dag.py
[2026-08-03T05:04:37.570+0000] {processor.py:830} INFO - Processing file /opt/airflow/dags/football_etl_dag.py for tasks to queue
[2026-08-03T05:04:37.573+0000] {logging_mixin.py:188} INFO - [2026-08-03T05:04:37.572+0000] {dagbag.py:545} INFO - Filling up the DagBag from /opt/airflow/dags/football_etl_dag.py
[2026-08-03T05:04:37.596+0000] {processor.py:840} INFO - DAG(s) 'football_etl' retrieved from /opt/airflow/dags/football_etl_dag.py
[2026-08-03T05:04:37.635+0000] {logging_mixin.py:188} INFO - [2026-08-03T05:04:37.634+0000] {dag.py:3089} INFO - Sync 1 DAGs
[2026-08-03T05:04:37.664+0000] {logging_mixin.py:188} INFO - [2026-08-03T05:04:37.664+0000] {dag.py:3947} INFO - Setting next_dagrun for football_etl to 2026-08-03 05:04:00+00:00, run_after=2026-08-03 05:06:00+00:00
[2026-08-03T05:04:37.685+0000] {processor.py:183} INFO - Processing /opt/airflow/dags/football_etl_dag.py took 0.123 seconds
[2026-08-03T05:05:07.856+0000] {processor.py:161} INFO - Started process (PID=807) to work on /opt/airflow/dags/football_etl_dag.py
[2026-08-03T05:05:07.858+0000] {processor.py:830} INFO - Processing file /opt/airflow/dags/football_etl_dag.py for tasks to queue
[2026-08-03T05:05:07.861+0000] {logging_mixin.py:188} INFO - [2026-08-03T05:05:07.860+0000] {dagbag.py:545} INFO - Filling up the DagBag from /opt/airflow/dags/football_etl_dag.py
[2026-08-03T05:05:07.885+0000] {processor.py:840} INFO - DAG(s) 'football_etl' retrieved from /opt/airflow/dags/football_etl_dag.py
[2026-08-03T05:05:07.922+0000] {logging_mixin.py:188} INFO - [2026-08-03T05:05:07.922+0000] {dag.py:3089} INFO - Sync 1 DAGs
[2026-08-03T05:05:07.948+0000] {logging_mixin.py:188} INFO - [2026-08-03T05:05:07.948+0000] {dag.py:3947} INFO - Setting next_dagrun for football_etl to 2026-08-03 05:04:00+00:00, run_after=2026-08-03 05:06:00+00:00
[2026-08-03T05:05:07.969+0000] {processor.py:183} INFO - Processing /opt/airflow/dags/football_etl_dag.py took 0.120 seconds
[2026-08-03T05:05:38.288+0000] {processor.py:161} INFO - Started process (PID=812) to work on /opt/airflow/dags/football_etl_dag.py
[2026-08-03T05:05:38.289+0000] {processor.py:830} INFO - Processing file /opt/airflow/dags/football_etl_dag.py for tasks to queue
[2026-08-03T05:05:38.292+0000] {logging_mixin.py:188} INFO - [2026-08-03T05:05:38.292+0000] {dagbag.py:545} INFO - Filling up the DagBag from /opt/airflow/dags/football_etl_dag.py
[2026-08-03T05:05:38.314+0000] {processor.py:840} INFO - DAG(s) 'football_etl' retrieved from /opt/airflow/dags/football_etl_dag.py
[2026-08-03T05:05:38.351+0000] {logging_mixin.py:188} INFO - [2026-08-03T05:05:38.351+0000] {dag.py:3089} INFO - Sync 1 DAGs
[2026-08-03T05:05:38.380+0000] {logging_mixin.py:188} INFO - [2026-08-03T05:05:38.379+0000] {dag.py:3947} INFO - Setting next_dagrun for football_etl to 2026-08-03 05:04:00+00:00, run_after=2026-08-03 05:06:00+00:00
[2026-08-03T05:05:38.405+0000] {processor.py:183} INFO - Processing /opt/airflow/dags/football_etl_dag.py took 0.129 seconds
[2026-08-03T05:06:08.515+0000] {processor.py:161} INFO - Started process (PID=823) to work on /opt/airflow/dags/football_etl_dag.py
[2026-08-03T05:06:08.517+0000] {processor.py:830} INFO - Processing file /opt/airflow/dags/football_etl_dag.py for tasks to queue
[2026-08-03T05:06:08.522+0000] {logging_mixin.py:188} INFO - [2026-08-03T05:06:08.521+0000] {dagbag.py:545} INFO - Filling up the DagBag from /opt/airflow/dags/football_etl_dag.py
[2026-08-03T05:06:08.553+0000] {processor.py:840} INFO - DAG(s) 'football_etl' retrieved from /opt/airflow/dags/football_etl_dag.py
[2026-08-03T05:06:08.592+0000] {logging_mixin.py:188} INFO - [2026-08-03T05:06:08.591+0000] {dag.py:3089} INFO - Sync 1 DAGs
[2026-08-03T05:06:08.625+0000] {logging_mixin.py:188} INFO - [2026-08-03T05:06:08.625+0000] {dag.py:3947} INFO - Setting next_dagrun for football_etl to 2026-08-03 05:06:00+00:00, run_after=2026-08-03 05:08:00+00:00
[2026-08-03T05:06:08.647+0000] {processor.py:183} INFO - Processing /opt/airflow/dags/football_etl_dag.py took 0.147 seconds
[2026-08-03T05:06:38.779+0000] {processor.py:161} INFO - Started process (PID=830) to work on /opt/airflow/dags/football_etl_dag.py
[2026-08-03T05:06:38.780+0000] {processor.py:830} INFO - Processing file /opt/airflow/dags/football_etl_dag.py for tasks to queue
[2026-08-03T05:06:38.783+0000] {logging_mixin.py:188} INFO - [2026-08-03T05:06:38.782+0000] {dagbag.py:545} INFO - Filling up the DagBag from /opt/airflow/dags/football_etl_dag.py
[2026-08-03T05:06:38.805+0000] {processor.py:840} INFO - DAG(s) 'football_etl' retrieved from /opt/airflow/dags/football_etl_dag.py
[2026-08-03T05:06:38.843+0000] {logging_mixin.py:188} INFO - [2026-08-03T05:06:38.843+0000] {dag.py:3089} INFO - Sync 1 DAGs
[2026-08-03T05:06:38.869+0000] {logging_mixin.py:188} INFO - [2026-08-03T05:06:38.869+0000] {dag.py:3947} INFO - Setting next_dagrun for football_etl to 2026-08-03 05:06:00+00:00, run_after=2026-08-03 05:08:00+00:00
[2026-08-03T05:06:38.893+0000] {processor.py:183} INFO - Processing /opt/airflow/dags/football_etl_dag.py took 0.120 seconds
[2026-08-03T05:07:09.094+0000] {processor.py:161} INFO - Started process (PID=835) to work on /opt/airflow/dags/football_etl_dag.py
[2026-08-03T05:07:09.095+0000] {processor.py:830} INFO - Processing file /opt/airflow/dags/football_etl_dag.py for tasks to queue
[2026-08-03T05:07:09.098+0000] {logging_mixin.py:188} INFO - [2026-08-03T05:07:09.098+0000] {dagbag.py:545} INFO - Filling up the DagBag from /opt/airflow/dags/football_etl_dag.py
[2026-08-03T05:07:09.125+0000] {processor.py:840} INFO - DAG(s) 'football_etl' retrieved from /opt/airflow/dags/football_etl_dag.py
[2026-08-03T05:07:09.166+0000] {logging_mixin.py:188} INFO - [2026-08-03T05:07:09.166+0000] {dag.py:3089} INFO - Sync 1 DAGs
[2026-08-03T05:07:09.197+0000] {logging_mixin.py:188} INFO - [2026-08-03T05:07:09.197+0000] {dag.py:3947} INFO - Setting next_dagrun for football_etl to 2026-08-03 05:06:00+00:00, run_after=2026-08-03 05:08:00+00:00
[2026-08-03T05:07:09.227+0000] {processor.py:183} INFO - Processing /opt/airflow/dags/football_etl_dag.py took 0.141 seconds
[2026-08-03T05:07:39.347+0000] {processor.py:161} INFO - Started process (PID=840) to work on /opt/airflow/dags/football_etl_dag.py
[2026-08-03T05:07:39.349+0000] {processor.py:830} INFO - Processing file /opt/airflow/dags/football_etl_dag.py for tasks to queue
[2026-08-03T05:07:39.353+0000] {logging_mixin.py:188} INFO - [2026-08-03T05:07:39.353+0000] {dagbag.py:545} INFO - Filling up the DagBag from /opt/airflow/dags/football_etl_dag.py
[2026-08-03T05:07:39.384+0000] {processor.py:840} INFO - DAG(s) 'football_etl' retrieved from /opt/airflow/dags/football_etl_dag.py
[2026-08-03T05:07:39.427+0000] {logging_mixin.py:188} INFO - [2026-08-03T05:07:39.426+0000] {dag.py:3089} INFO - Sync 1 DAGs
[2026-08-03T05:07:39.460+0000] {logging_mixin.py:188} INFO - [2026-08-03T05:07:39.460+0000] {dag.py:3947} INFO - Setting next_dagrun for football_etl to 2026-08-03 05:06:00+00:00, run_after=2026-08-03 05:08:00+00:00
[2026-08-03T05:07:39.484+0000] {processor.py:183} INFO - Processing /opt/airflow/dags/football_etl_dag.py took 0.149 seconds
[2026-08-03T05:08:09.659+0000] {processor.py:161} INFO - Started process (PID=851) to work on /opt/airflow/dags/football_etl_dag.py
[2026-08-03T05:08:09.660+0000] {processor.py:830} INFO - Processing file /opt/airflow/dags/football_etl_dag.py for tasks to queue
[2026-08-03T05:08:09.663+0000] {logging_mixin.py:188} INFO - [2026-08-03T05:08:09.663+0000] {dagbag.py:545} INFO - Filling up the DagBag from /opt/airflow/dags/football_etl_dag.py
[2026-08-03T05:08:09.687+0000] {processor.py:840} INFO - DAG(s) 'football_etl' retrieved from /opt/airflow/dags/football_etl_dag.py
[2026-08-03T05:08:09.729+0000] {logging_mixin.py:188} INFO - [2026-08-03T05:08:09.729+0000] {dag.py:3089} INFO - Sync 1 DAGs
[2026-08-03T05:08:09.759+0000] {logging_mixin.py:188} INFO - [2026-08-03T05:08:09.759+0000] {dag.py:3947} INFO - Setting next_dagrun for football_etl to 2026-08-03 05:08:00+00:00, run_after=2026-08-03 05:10:00+00:00
[2026-08-03T05:08:09.782+0000] {processor.py:183} INFO - Processing /opt/airflow/dags/football_etl_dag.py took 0.131 seconds
[2026-08-03T05:08:39.936+0000] {processor.py:161} INFO - Started process (PID=858) to work on /opt/airflow/dags/football_etl_dag.py
[2026-08-03T05:08:39.937+0000] {processor.py:830} INFO - Processing file /opt/airflow/dags/football_etl_dag.py for tasks to queue
[2026-08-03T05:08:39.940+0000] {logging_mixin.py:188} INFO - [2026-08-03T05:08:39.939+0000] {dagbag.py:545} INFO - Filling up the DagBag from /opt/airflow/dags/football_etl_dag.py
[2026-08-03T05:08:39.963+0000] {processor.py:840} INFO - DAG(s) 'football_etl' retrieved from /opt/airflow/dags/football_etl_dag.py
[2026-08-03T05:08:40.005+0000] {logging_mixin.py:188} INFO - [2026-08-03T05:08:40.005+0000] {dag.py:3089} INFO - Sync 1 DAGs
[2026-08-03T05:08:40.048+0000] {logging_mixin.py:188} INFO - [2026-08-03T05:08:40.047+0000] {dag.py:3947} INFO - Setting next_dagrun for football_etl to 2026-08-03 05:08:00+00:00, run_after=2026-08-03 05:10:00+00:00
[2026-08-03T05:08:40.077+0000] {processor.py:183} INFO - Processing /opt/airflow/dags/football_etl_dag.py took 0.149 seconds
[2026-08-03T05:09:10.236+0000] {processor.py:161} INFO - Started process (PID=863) to work on /opt/airflow/dags/football_etl_dag.py
[2026-08-03T05:09:10.238+0000] {processor.py:830} INFO - Processing file /opt/airflow/dags/football_etl_dag.py for tasks to queue
[2026-08-03T05:09:10.241+0000] {logging_mixin.py:188} INFO - [2026-08-03T05:09:10.241+0000] {dagbag.py:545} INFO - Filling up the DagBag from /opt/airflow/dags/football_etl_dag.py
[2026-08-03T05:09:10.270+0000] {processor.py:840} INFO - DAG(s) 'football_etl' retrieved from /opt/airflow/dags/football_etl_dag.py
[2026-08-03T05:09:10.312+0000] {logging_mixin.py:188} INFO - [2026-08-03T05:09:10.311+0000] {dag.py:3089} INFO - Sync 1 DAGs
[2026-08-03T05:09:10.355+0000] {logging_mixin.py:188} INFO - [2026-08-03T05:09:10.354+0000] {dag.py:3947} INFO - Setting next_dagrun for football_etl to 2026-08-03 05:08:00+00:00, run_after=2026-08-03 05:10:00+00:00
[2026-08-03T05:09:10.377+0000] {processor.py:183} INFO - Processing /opt/airflow/dags/football_etl_dag.py took 0.149 seconds
[2026-08-03T05:09:40.628+0000] {processor.py:161} INFO - Started process (PID=868) to work on /opt/airflow/dags/football_etl_dag.py
[2026-08-03T05:09:40.630+0000] {processor.py:830} INFO - Processing file /opt/airflow/dags/football_etl_dag.py for tasks to queue
[2026-08-03T05:09:40.635+0000] {logging_mixin.py:188} INFO - [2026-08-03T05:09:40.634+0000] {dagbag.py:545} INFO - Filling up the DagBag from /opt/airflow/dags/football_etl_dag.py
[2026-08-03T05:09:40.667+0000] {processor.py:840} INFO - DAG(s) 'football_etl' retrieved from /opt/airflow/dags/football_etl_dag.py
[2026-08-03T05:09:40.748+0000] {logging_mixin.py:188} INFO - [2026-08-03T05:09:40.748+0000] {dag.py:3089} INFO - Sync 1 DAGs
[2026-08-03T05:09:40.799+0000] {logging_mixin.py:188} INFO - [2026-08-03T05:09:40.798+0000] {dag.py:3947} INFO - Setting next_dagrun for football_etl to 2026-08-03 05:08:00+00:00, run_after=2026-08-03 05:10:00+00:00
[2026-08-03T05:09:40.834+0000] {processor.py:183} INFO - Processing /opt/airflow/dags/football_etl_dag.py took 0.218 seconds
[2026-08-03T05:10:11.094+0000] {processor.py:161} INFO - Started process (PID=879) to work on /opt/airflow/dags/football_etl_dag.py
[2026-08-03T05:10:11.095+0000] {processor.py:830} INFO - Processing file /opt/airflow/dags/football_etl_dag.py for tasks to queue
[2026-08-03T05:10:11.098+0000] {logging_mixin.py:188} INFO - [2026-08-03T05:10:11.098+0000] {dagbag.py:545} INFO - Filling up the DagBag from /opt/airflow/dags/football_etl_dag.py
[2026-08-03T05:10:11.124+0000] {processor.py:840} INFO - DAG(s) 'football_etl' retrieved from /opt/airflow/dags/football_etl_dag.py
[2026-08-03T05:10:11.163+0000] {logging_mixin.py:188} INFO - [2026-08-03T05:10:11.162+0000] {dag.py:3089} INFO - Sync 1 DAGs
[2026-08-03T05:10:11.192+0000] {logging_mixin.py:188} INFO - [2026-08-03T05:10:11.192+0000] {dag.py:3947} INFO - Setting next_dagrun for football_etl to 2026-08-03 05:10:00+00:00, run_after=2026-08-03 05:12:00+00:00
[2026-08-03T05:10:11.216+0000] {processor.py:183} INFO - Processing /opt/airflow/dags/football_etl_dag.py took 0.131 seconds
[2026-08-03T05:10:41.284+0000] {processor.py:161} INFO - Started process (PID=886) to work on /opt/airflow/dags/football_etl_dag.py
[2026-08-03T05:10:41.286+0000] {processor.py:830} INFO - Processing file /opt/airflow/dags/football_etl_dag.py for tasks to queue
[2026-08-03T05:10:41.290+0000] {logging_mixin.py:188} INFO - [2026-08-03T05:10:41.290+0000] {dagbag.py:545} INFO - Filling up the DagBag from /opt/airflow/dags/football_etl_dag.py
[2026-08-03T05:10:41.318+0000] {processor.py:840} INFO - DAG(s) 'football_etl' retrieved from /opt/airflow/dags/football_etl_dag.py
[2026-08-03T05:10:41.362+0000] {logging_mixin.py:188} INFO - [2026-08-03T05:10:41.362+0000] {dag.py:3089} INFO - Sync 1 DAGs
[2026-08-03T05:10:41.388+0000] {logging_mixin.py:188} INFO - [2026-08-03T05:10:41.388+0000] {dag.py:3947} INFO - Setting next_dagrun for football_etl to 2026-08-03 05:10:00+00:00, run_after=2026-08-03 05:12:00+00:00
[2026-08-03T05:10:41.409+0000] {processor.py:183} INFO - Processing /opt/airflow/dags/football_etl_dag.py took 0.136 seconds
[2026-08-03T05:11:11.614+0000] {processor.py:161} INFO - Started process (PID=891) to work on /opt/airflow/dags/football_etl_dag.py
[2026-08-03T05:11:11.616+0000] {processor.py:830} INFO - Processing file /opt/airflow/dags/football_etl_dag.py for tasks to queue
[2026-08-03T05:11:11.618+0000] {logging_mixin.py:188} INFO - [2026-08-03T05:11:11.617+0000] {dagbag.py:545} INFO - Filling up the DagBag from /opt/airflow/dags/football_etl_dag.py
[2026-08-03T05:11:11.643+0000] {processor.py:840} INFO - DAG(s) 'football_etl' retrieved from /opt/airflow/dags/football_etl_dag.py
[2026-08-03T05:11:11.677+0000] {logging_mixin.py:188} INFO - [2026-08-03T05:11:11.677+0000] {dag.py:3089} INFO - Sync 1 DAGs
[2026-08-03T05:11:11.702+0000] {logging_mixin.py:188} INFO - [2026-08-03T05:11:11.702+0000] {dag.py:3947} INFO - Setting next_dagrun for football_etl to 2026-08-03 05:10:00+00:00, run_after=2026-08-03 05:12:00+00:00
[2026-08-03T05:11:11.723+0000] {processor.py:183} INFO - Processing /opt/airflow/dags/football_etl_dag.py took 0.115 seconds
[2026-08-03T05:11:41.819+0000] {processor.py:161} INFO - Started process (PID=902) to work on /opt/airflow/dags/football_etl_dag.py
[2026-08-03T05:11:41.821+0000] {processor.py:830} INFO - Processing file /opt/airflow/dags/football_etl_dag.py for tasks to queue
[2026-08-03T05:11:41.824+0000] {logging_mixin.py:188} INFO - [2026-08-03T05:11:41.823+0000] {dagbag.py:545} INFO - Filling up the DagBag from /opt/airflow/dags/football_etl_dag.py
[2026-08-03T05:11:41.852+0000] {processor.py:840} INFO - DAG(s) 'football_etl' retrieved from /opt/airflow/dags/football_etl_dag.py
[2026-08-03T05:11:41.896+0000] {logging_mixin.py:188} INFO - [2026-08-03T05:11:41.895+0000] {dag.py:3089} INFO - Sync 1 DAGs
[2026-08-03T05:11:41.941+0000] {logging_mixin.py:188} INFO - [2026-08-03T05:11:41.941+0000] {dag.py:3947} INFO - Setting next_dagrun for football_etl to 2026-08-03 05:10:00+00:00, run_after=2026-08-03 05:12:00+00:00
[2026-08-03T05:11:41.973+0000] {processor.py:183} INFO - Processing /opt/airflow/dags/football_etl_dag.py took 0.163 seconds
[2026-08-03T05:12:12.088+0000] {processor.py:161} INFO - Started process (PID=915) to work on /opt/airflow/dags/football_etl_dag.py
[2026-08-03T05:12:12.090+0000] {processor.py:830} INFO - Processing file /opt/airflow/dags/football_etl_dag.py for tasks to queue
[2026-08-03T05:12:12.093+0000] {logging_mixin.py:188} INFO - [2026-08-03T05:12:12.092+0000] {dagbag.py:545} INFO - Filling up the DagBag from /opt/airflow/dags/football_etl_dag.py
[2026-08-03T05:12:12.119+0000] {processor.py:840} INFO - DAG(s) 'football_etl' retrieved from /opt/airflow/dags/football_etl_dag.py
[2026-08-03T05:12:12.164+0000] {logging_mixin.py:188} INFO - [2026-08-03T05:12:12.164+0000] {dag.py:3089} INFO - Sync 1 DAGs
[2026-08-03T05:12:12.193+0000] {logging_mixin.py:188} INFO - [2026-08-03T05:12:12.193+0000] {dag.py:3947} INFO - Setting next_dagrun for football_etl to 2026-08-03 05:12:00+00:00, run_after=2026-08-03 05:14:00+00:00
[2026-08-03T05:12:12.216+0000] {processor.py:183} INFO - Processing /opt/airflow/dags/football_etl_dag.py took 0.134 seconds
