[2026-07-26T03:50:16.414+0000] {manager.py:470} INFO - Processing files using up to 2 processes at a time 
[2026-07-26T03:50:16.416+0000] {manager.py:471} INFO - Process each file at most once every 30 seconds
[2026-07-26T03:50:16.418+0000] {manager.py:472} INFO - Checking for new files in /opt/airflow/dags every 300 seconds
[2026-07-26T03:50:16.420+0000] {manager.py:737} INFO - Searching for files in /opt/airflow/dags
[2026-07-26T03:50:16.429+0000] {manager.py:740} INFO - There are 0 files in /opt/airflow/dags
[2026-07-26T03:55:16.837+0000] {manager.py:737} INFO - Searching for files in /opt/airflow/dags
[2026-07-26T03:55:16.843+0000] {manager.py:740} INFO - There are 0 files in /opt/airflow/dags
[2026-07-26T04:00:17.425+0000] {manager.py:737} INFO - Searching for files in /opt/airflow/dags
[2026-07-26T04:00:17.443+0000] {manager.py:740} INFO - There are 2 files in /opt/airflow/dags
[2026-07-26T04:00:18.282+0000] {manager.py:1016} ERROR - Processor for /opt/airflow/dags/football_etl_dag.py exited with return code 1.
[2026-07-26T04:00:19.299+0000] {manager.py:878} INFO - 
================================================================================
DAG File Processing Stats

File Path                                PID    Runtime      # DAGs    # Errors  Last Runtime    Last Run
---------------------------------------  -----  ---------  --------  ----------  --------------  -------------------
/opt/airflow/dags/football_etl_dag.py                             0          -1  0.77s           2026-07-26T04:00:18
/opt/airflow/dags/tempCodeRunnerFile.py                           1           0  0.63s           2026-07-26T04:00:18
================================================================================
[2026-07-26T04:00:49.537+0000] {manager.py:878} INFO - 
================================================================================
DAG File Processing Stats

File Path                                PID    Runtime      # DAGs    # Errors  Last Runtime    Last Run
---------------------------------------  -----  ---------  --------  ----------  --------------  -------------------
/opt/airflow/dags/football_etl_dag.py                             1           0  0.25s           2026-07-26T04:00:48
/opt/airflow/dags/tempCodeRunnerFile.py                           1           0  0.17s           2026-07-26T04:00:48
================================================================================
[2026-07-26T04:01:00.625+0000] {manager.py:1128} WARNING - Skipping processing of missing file: /opt/airflow/dags/tempCodeRunnerFile.py
[2026-07-26T04:01:19.863+0000] {manager.py:878} INFO - 
================================================================================
DAG File Processing Stats

File Path                              PID    Runtime      # DAGs    # Errors  Last Runtime    Last Run
-------------------------------------  -----  ---------  --------  ----------  --------------  -------------------
/opt/airflow/dags/football_etl_dag.py                           1           0  0.15s           2026-07-26T04:01:18
================================================================================
[2026-07-26T04:01:50.118+0000] {manager.py:878} INFO - 
================================================================================
DAG File Processing Stats

File Path                              PID    Runtime      # DAGs    # Errors  Last Runtime    Last Run
-------------------------------------  -----  ---------  --------  ----------  --------------  -------------------
/opt/airflow/dags/football_etl_dag.py                           1           0  0.16s           2026-07-26T04:01:49
================================================================================
[2026-07-26T04:02:20.459+0000] {manager.py:878} INFO - 
================================================================================
DAG File Processing Stats

File Path                              PID    Runtime      # DAGs    # Errors  Last Runtime    Last Run
-------------------------------------  -----  ---------  --------  ----------  --------------  -------------------
/opt/airflow/dags/football_etl_dag.py                           1           0  0.14s           2026-07-26T04:02:19
================================================================================
[2026-07-26T04:02:50.684+0000] {manager.py:878} INFO - 
================================================================================
DAG File Processing Stats

File Path                              PID    Runtime      # DAGs    # Errors  Last Runtime    Last Run
-------------------------------------  -----  ---------  --------  ----------  --------------  -------------------
/opt/airflow/dags/football_etl_dag.py                           1           0  0.15s           2026-07-26T04:02:49
================================================================================
[2026-07-26T04:03:20.995+0000] {manager.py:878} INFO - 
================================================================================
DAG File Processing Stats

File Path                              PID    Runtime      # DAGs    # Errors  Last Runtime    Last Run
-------------------------------------  -----  ---------  --------  ----------  --------------  -------------------
/opt/airflow/dags/football_etl_dag.py                           1           0  0.21s           2026-07-26T04:03:20
================================================================================
[2026-07-26T04:03:51.315+0000] {manager.py:878} INFO - 
================================================================================
DAG File Processing Stats

File Path                              PID    Runtime      # DAGs    # Errors  Last Runtime    Last Run
-------------------------------------  -----  ---------  --------  ----------  --------------  -------------------
/opt/airflow/dags/football_etl_dag.py                           1           0  0.17s           2026-07-26T04:03:50
================================================================================
[2026-07-26T04:04:21.553+0000] {manager.py:878} INFO - 
================================================================================
DAG File Processing Stats

File Path                              PID    Runtime      # DAGs    # Errors  Last Runtime    Last Run
-------------------------------------  -----  ---------  --------  ----------  --------------  -------------------
/opt/airflow/dags/football_etl_dag.py                           1           0  0.14s           2026-07-26T04:04:20
================================================================================
[2026-07-26T04:04:51.839+0000] {manager.py:878} INFO - 
================================================================================
DAG File Processing Stats

File Path                              PID    Runtime      # DAGs    # Errors  Last Runtime    Last Run
-------------------------------------  -----  ---------  --------  ----------  --------------  -------------------
/opt/airflow/dags/football_etl_dag.py                           1           0  0.16s           2026-07-26T04:04:50
================================================================================
[2026-07-26T04:05:18.061+0000] {manager.py:737} INFO - Searching for files in /opt/airflow/dags
[2026-07-26T04:05:18.093+0000] {manager.py:740} INFO - There are 1 files in /opt/airflow/dags
[2026-07-26T04:05:22.149+0000] {manager.py:878} INFO - 
================================================================================
DAG File Processing Stats

File Path                              PID    Runtime      # DAGs    # Errors  Last Runtime    Last Run
-------------------------------------  -----  ---------  --------  ----------  --------------  -------------------
/opt/airflow/dags/football_etl_dag.py                           1           0  0.16s           2026-07-26T04:05:21
================================================================================
[2026-07-26T04:05:52.449+0000] {manager.py:878} INFO - 
================================================================================
DAG File Processing Stats

File Path                              PID    Runtime      # DAGs    # Errors  Last Runtime    Last Run
-------------------------------------  -----  ---------  --------  ----------  --------------  -------------------
/opt/airflow/dags/football_etl_dag.py                           1           0  0.16s           2026-07-26T04:05:51
================================================================================
[2026-07-26T04:06:22.668+0000] {manager.py:878} INFO - 
================================================================================
DAG File Processing Stats

File Path                              PID    Runtime      # DAGs    # Errors  Last Runtime    Last Run
-------------------------------------  -----  ---------  --------  ----------  --------------  -------------------
/opt/airflow/dags/football_etl_dag.py                           1           0  0.17s           2026-07-26T04:06:21
================================================================================
[2026-07-26T04:06:52.997+0000] {manager.py:878} INFO - 
================================================================================
DAG File Processing Stats

File Path                              PID    Runtime      # DAGs    # Errors  Last Runtime    Last Run
-------------------------------------  -----  ---------  --------  ----------  --------------  -------------------
/opt/airflow/dags/football_etl_dag.py                           1           0  0.16s           2026-07-26T04:06:52
================================================================================
[2026-07-26T04:07:07.609+0000] {manager.py:452} INFO - Exiting gracefully upon receiving signal 15
[2026-07-26T04:07:17.545+0000] {manager.py:470} INFO - Processing files using up to 2 processes at a time 
[2026-07-26T04:07:17.548+0000] {manager.py:471} INFO - Process each file at most once every 30 seconds
[2026-07-26T04:07:17.549+0000] {manager.py:472} INFO - Checking for new files in /opt/airflow/dags every 300 seconds
[2026-07-26T04:07:17.551+0000] {manager.py:737} INFO - Searching for files in /opt/airflow/dags
[2026-07-26T04:07:17.576+0000] {manager.py:740} INFO - There are 1 files in /opt/airflow/dags
[2026-07-26T04:07:17.759+0000] {manager.py:878} INFO - 
================================================================================
DAG File Processing Stats

File Path                                PID  Runtime      # DAGs    # Errors  Last Runtime    Last Run
-------------------------------------  -----  ---------  --------  ----------  --------------  ----------
/opt/airflow/dags/football_etl_dag.py    164  0.09s             0           0
================================================================================
[2026-07-26T04:07:48.007+0000] {manager.py:878} INFO - 
================================================================================
DAG File Processing Stats

File Path                                PID  Runtime      # DAGs    # Errors  Last Runtime    Last Run
-------------------------------------  -----  ---------  --------  ----------  --------------  -------------------
/opt/airflow/dags/football_etl_dag.py    169  0.01s             1           0  0.23s           2026-07-26T04:07:17
================================================================================
[2026-07-26T04:08:18.306+0000] {manager.py:878} INFO - 
================================================================================
DAG File Processing Stats

File Path                                PID  Runtime      # DAGs    # Errors  Last Runtime    Last Run
-------------------------------------  -----  ---------  --------  ----------  --------------  -------------------
/opt/airflow/dags/football_etl_dag.py    174  0.00s             1           0  0.17s           2026-07-26T04:07:48
================================================================================
[2026-07-26T04:08:48.535+0000] {manager.py:878} INFO - 
================================================================================
DAG File Processing Stats

File Path                                PID  Runtime      # DAGs    # Errors  Last Runtime    Last Run
-------------------------------------  -----  ---------  --------  ----------  --------------  -------------------
/opt/airflow/dags/football_etl_dag.py    179  0.01s             1           0  0.16s           2026-07-26T04:08:18
================================================================================
[2026-07-26T04:09:18.811+0000] {manager.py:878} INFO - 
================================================================================
DAG File Processing Stats

File Path                                PID  Runtime      # DAGs    # Errors  Last Runtime    Last Run
-------------------------------------  -----  ---------  --------  ----------  --------------  -------------------
/opt/airflow/dags/football_etl_dag.py    184  0.01s             1           0  0.16s           2026-07-26T04:08:48
================================================================================
[2026-07-26T04:09:49.072+0000] {manager.py:878} INFO - 
================================================================================
DAG File Processing Stats

File Path                                PID  Runtime      # DAGs    # Errors  Last Runtime    Last Run
-------------------------------------  -----  ---------  --------  ----------  --------------  -------------------
/opt/airflow/dags/football_etl_dag.py    189  0.01s             1           0  0.15s           2026-07-26T04:09:18
================================================================================
[2026-07-26T04:10:19.156+0000] {manager.py:878} INFO - 
================================================================================
DAG File Processing Stats

File Path                              PID    Runtime      # DAGs    # Errors  Last Runtime    Last Run
-------------------------------------  -----  ---------  --------  ----------  --------------  -------------------
/opt/airflow/dags/football_etl_dag.py                           1           0  0.18s           2026-07-26T04:10:13
================================================================================
[2026-07-26T04:10:49.523+0000] {manager.py:878} INFO - 
================================================================================
DAG File Processing Stats

File Path                              PID    Runtime      # DAGs    # Errors  Last Runtime    Last Run
-------------------------------------  -----  ---------  --------  ----------  --------------  -------------------
/opt/airflow/dags/football_etl_dag.py                           1           0  0.23s           2026-07-26T04:10:43
================================================================================
[2026-07-26T04:11:19.872+0000] {manager.py:878} INFO - 
================================================================================
DAG File Processing Stats

File Path                              PID    Runtime      # DAGs    # Errors  Last Runtime    Last Run
-------------------------------------  -----  ---------  --------  ----------  --------------  -------------------
/opt/airflow/dags/football_etl_dag.py                           1           0  0.20s           2026-07-26T04:11:00
================================================================================
[2026-07-26T04:11:50.315+0000] {manager.py:878} INFO - 
================================================================================
DAG File Processing Stats

File Path                              PID    Runtime      # DAGs    # Errors  Last Runtime    Last Run
-------------------------------------  -----  ---------  --------  ----------  --------------  -------------------
/opt/airflow/dags/football_etl_dag.py                           1           0  0.17s           2026-07-26T04:11:31
================================================================================
[2026-07-26T04:12:17.603+0000] {manager.py:737} INFO - Searching for files in /opt/airflow/dags
[2026-07-26T04:12:17.629+0000] {manager.py:740} INFO - There are 1 files in /opt/airflow/dags
[2026-07-26T04:12:20.662+0000] {manager.py:878} INFO - 
================================================================================
DAG File Processing Stats

File Path                              PID    Runtime      # DAGs    # Errors  Last Runtime    Last Run
-------------------------------------  -----  ---------  --------  ----------  --------------  -------------------
/opt/airflow/dags/football_etl_dag.py                           1           0  0.16s           2026-07-26T04:12:01
================================================================================
[2026-07-26T04:12:50.866+0000] {manager.py:878} INFO - 
================================================================================
DAG File Processing Stats

File Path                              PID    Runtime      # DAGs    # Errors  Last Runtime    Last Run
-------------------------------------  -----  ---------  --------  ----------  --------------  -------------------
/opt/airflow/dags/football_etl_dag.py                           1           0  0.14s           2026-07-26T04:12:31
================================================================================
[2026-07-26T04:13:21.168+0000] {manager.py:878} INFO - 
================================================================================
DAG File Processing Stats

File Path                              PID    Runtime      # DAGs    # Errors  Last Runtime    Last Run
-------------------------------------  -----  ---------  --------  ----------  --------------  -------------------
/opt/airflow/dags/football_etl_dag.py                           1           0  0.20s           2026-07-26T04:13:02
================================================================================
[2026-07-26T04:13:51.461+0000] {manager.py:878} INFO - 
================================================================================
DAG File Processing Stats

File Path                              PID    Runtime      # DAGs    # Errors  Last Runtime    Last Run
-------------------------------------  -----  ---------  --------  ----------  --------------  -------------------
/opt/airflow/dags/football_etl_dag.py                           1           0  0.16s           2026-07-26T04:13:32
================================================================================
[2026-07-26T04:14:21.670+0000] {manager.py:878} INFO - 
================================================================================
DAG File Processing Stats

File Path                              PID    Runtime      # DAGs    # Errors  Last Runtime    Last Run
-------------------------------------  -----  ---------  --------  ----------  --------------  -------------------
/opt/airflow/dags/football_etl_dag.py                           1           0  0.20s           2026-07-26T04:14:02
================================================================================
[2026-07-26T04:14:52.270+0000] {manager.py:878} INFO - 
================================================================================
DAG File Processing Stats

File Path                              PID    Runtime      # DAGs    # Errors  Last Runtime    Last Run
-------------------------------------  -----  ---------  --------  ----------  --------------  -------------------
/opt/airflow/dags/football_etl_dag.py                           1           0  0.20s           2026-07-26T04:14:33
================================================================================
[2026-07-26T04:15:22.735+0000] {manager.py:878} INFO - 
================================================================================
DAG File Processing Stats

File Path                              PID    Runtime      # DAGs    # Errors  Last Runtime    Last Run
-------------------------------------  -----  ---------  --------  ----------  --------------  -------------------
/opt/airflow/dags/football_etl_dag.py                           1           0  0.89s           2026-07-26T04:15:05
================================================================================
[2026-07-26T04:15:53.035+0000] {manager.py:878} INFO - 
================================================================================
DAG File Processing Stats

File Path                              PID    Runtime      # DAGs    # Errors  Last Runtime    Last Run
-------------------------------------  -----  ---------  --------  ----------  --------------  -------------------
/opt/airflow/dags/football_etl_dag.py                           1           0  0.71s           2026-07-26T04:15:36
================================================================================
[2026-07-26T04:16:23.308+0000] {manager.py:878} INFO - 
================================================================================
DAG File Processing Stats

File Path                              PID    Runtime      # DAGs    # Errors  Last Runtime    Last Run
-------------------------------------  -----  ---------  --------  ----------  --------------  -------------------
/opt/airflow/dags/football_etl_dag.py                           1           0  0.82s           2026-07-26T04:16:07
================================================================================
[2026-07-26T04:16:53.385+0000] {manager.py:878} INFO - 
================================================================================
DAG File Processing Stats

File Path                              PID    Runtime      # DAGs    # Errors  Last Runtime    Last Run
-------------------------------------  -----  ---------  --------  ----------  --------------  -------------------
/opt/airflow/dags/football_etl_dag.py                           1           0  0.79s           2026-07-26T04:16:38
================================================================================
[2026-07-26T04:17:17.681+0000] {manager.py:737} INFO - Searching for files in /opt/airflow/dags
[2026-07-26T04:17:17.712+0000] {manager.py:740} INFO - There are 1 files in /opt/airflow/dags
[2026-07-26T04:17:23.759+0000] {manager.py:878} INFO - 
================================================================================
DAG File Processing Stats

File Path                              PID    Runtime      # DAGs    # Errors  Last Runtime    Last Run
-------------------------------------  -----  ---------  --------  ----------  --------------  -------------------
/opt/airflow/dags/football_etl_dag.py                           1           0  0.82s           2026-07-26T04:17:09
================================================================================
[2026-07-26T04:17:53.940+0000] {manager.py:878} INFO - 
================================================================================
DAG File Processing Stats

File Path                              PID    Runtime      # DAGs    # Errors  Last Runtime    Last Run
-------------------------------------  -----  ---------  --------  ----------  --------------  -------------------
/opt/airflow/dags/football_etl_dag.py                           1           0  0.20s           2026-07-26T04:17:40
================================================================================
[2026-07-26T04:18:24.241+0000] {manager.py:878} INFO - 
================================================================================
DAG File Processing Stats

File Path                              PID    Runtime      # DAGs    # Errors  Last Runtime    Last Run
-------------------------------------  -----  ---------  --------  ----------  --------------  -------------------
/opt/airflow/dags/football_etl_dag.py                           0           1  0.54s           2026-07-26T04:18:23
================================================================================
[2026-07-26T04:18:54.540+0000] {manager.py:878} INFO - 
================================================================================
DAG File Processing Stats

File Path                              PID    Runtime      # DAGs    # Errors  Last Runtime    Last Run
-------------------------------------  -----  ---------  --------  ----------  --------------  -------------------
/opt/airflow/dags/football_etl_dag.py                           0           1  0.17s           2026-07-26T04:18:52
================================================================================
[2026-07-26T04:19:24.760+0000] {manager.py:878} INFO - 
================================================================================
DAG File Processing Stats

File Path                              PID    Runtime      # DAGs    # Errors  Last Runtime    Last Run
-------------------------------------  -----  ---------  --------  ----------  --------------  -------------------
/opt/airflow/dags/football_etl_dag.py                           0           1  0.62s           2026-07-26T04:19:11
================================================================================
[2026-07-26T04:19:54.954+0000] {manager.py:878} INFO - 
================================================================================
DAG File Processing Stats

File Path                              PID    Runtime      # DAGs    # Errors  Last Runtime    Last Run
-------------------------------------  -----  ---------  --------  ----------  --------------  -------------------
/opt/airflow/dags/football_etl_dag.py                           0           1  0.31s           2026-07-26T04:19:42
================================================================================
[2026-07-26T04:20:25.025+0000] {manager.py:878} INFO - 
================================================================================
DAG File Processing Stats

File Path                              PID    Runtime      # DAGs    # Errors  Last Runtime    Last Run
-------------------------------------  -----  ---------  --------  ----------  --------------  -------------------
/opt/airflow/dags/football_etl_dag.py                           0           1  0.46s           2026-07-26T04:20:12
================================================================================
[2026-07-26T04:20:55.237+0000] {manager.py:878} INFO - 
================================================================================
DAG File Processing Stats

File Path                              PID    Runtime      # DAGs    # Errors  Last Runtime    Last Run
-------------------------------------  -----  ---------  --------  ----------  --------------  -------------------
/opt/airflow/dags/football_etl_dag.py                           0           1  0.18s           2026-07-26T04:20:43
================================================================================
[2026-07-26T04:21:25.517+0000] {manager.py:878} INFO - 
================================================================================
DAG File Processing Stats

File Path                              PID    Runtime      # DAGs    # Errors  Last Runtime    Last Run
-------------------------------------  -----  ---------  --------  ----------  --------------  -------------------
/opt/airflow/dags/football_etl_dag.py                           0           1  0.09s           2026-07-26T04:21:13
================================================================================
[2026-07-26T04:21:55.809+0000] {manager.py:878} INFO - 
================================================================================
DAG File Processing Stats

File Path                              PID    Runtime      # DAGs    # Errors  Last Runtime    Last Run
-------------------------------------  -----  ---------  --------  ----------  --------------  -------------------
/opt/airflow/dags/football_etl_dag.py                           0           1  0.11s           2026-07-26T04:21:43
================================================================================
[2026-07-26T04:22:17.985+0000] {manager.py:737} INFO - Searching for files in /opt/airflow/dags
[2026-07-26T04:22:18.215+0000] {manager.py:740} INFO - There are 1 files in /opt/airflow/dags
[2026-07-26T04:22:26.418+0000] {manager.py:878} INFO - 
================================================================================
DAG File Processing Stats

File Path                              PID    Runtime      # DAGs    # Errors  Last Runtime    Last Run
-------------------------------------  -----  ---------  --------  ----------  --------------  -------------------
/opt/airflow/dags/football_etl_dag.py                           0           1  0.11s           2026-07-26T04:22:14
================================================================================
[2026-07-26T04:22:56.713+0000] {manager.py:878} INFO - 
================================================================================
DAG File Processing Stats

File Path                              PID    Runtime      # DAGs    # Errors  Last Runtime    Last Run
-------------------------------------  -----  ---------  --------  ----------  --------------  -------------------
/opt/airflow/dags/football_etl_dag.py                           0           1  0.12s           2026-07-26T04:22:44
================================================================================
[2026-07-26T04:23:27.118+0000] {manager.py:878} INFO - 
================================================================================
DAG File Processing Stats

File Path                              PID    Runtime      # DAGs    # Errors  Last Runtime    Last Run
-------------------------------------  -----  ---------  --------  ----------  --------------  -------------------
/opt/airflow/dags/football_etl_dag.py                           0           1  0.14s           2026-07-26T04:23:00
================================================================================
[2026-07-26T04:23:57.797+0000] {manager.py:878} INFO - 
================================================================================
DAG File Processing Stats

File Path                              PID    Runtime      # DAGs    # Errors  Last Runtime    Last Run
-------------------------------------  -----  ---------  --------  ----------  --------------  -------------------
/opt/airflow/dags/football_etl_dag.py                           1           0  2.28s           2026-07-26T04:23:33
================================================================================
[2026-07-26T04:24:28.427+0000] {manager.py:878} INFO - 
================================================================================
DAG File Processing Stats

File Path                              PID    Runtime      # DAGs    # Errors  Last Runtime    Last Run
-------------------------------------  -----  ---------  --------  ----------  --------------  -------------------
/opt/airflow/dags/football_etl_dag.py                           1           0  1.19s           2026-07-26T04:24:05
================================================================================
[2026-07-26T04:24:59.057+0000] {manager.py:878} INFO - 
================================================================================
DAG File Processing Stats

File Path                              PID    Runtime      # DAGs    # Errors  Last Runtime    Last Run
-------------------------------------  -----  ---------  --------  ----------  --------------  -------------------
/opt/airflow/dags/football_etl_dag.py                           1           0  0.89s           2026-07-26T04:24:36
================================================================================
[2026-07-26T04:25:29.890+0000] {manager.py:878} INFO - 
================================================================================
DAG File Processing Stats

File Path                              PID    Runtime      # DAGs    # Errors  Last Runtime    Last Run
-------------------------------------  -----  ---------  --------  ----------  --------------  -------------------
/opt/airflow/dags/football_etl_dag.py                           1           0  1.25s           2026-07-26T04:25:08
================================================================================
[2026-07-26T04:25:59.971+0000] {manager.py:878} INFO - 
================================================================================
DAG File Processing Stats

File Path                              PID    Runtime      # DAGs    # Errors  Last Runtime    Last Run
-------------------------------------  -----  ---------  --------  ----------  --------------  -------------------
/opt/airflow/dags/football_etl_dag.py                           1           0  0.56s           2026-07-26T04:25:39
================================================================================
[2026-07-26T04:26:30.218+0000] {manager.py:878} INFO - 
================================================================================
DAG File Processing Stats

File Path                              PID    Runtime      # DAGs    # Errors  Last Runtime    Last Run
-------------------------------------  -----  ---------  --------  ----------  --------------  -------------------
/opt/airflow/dags/football_etl_dag.py                           1           0  0.17s           2026-07-26T04:26:10
================================================================================
[2026-07-26T04:27:00.572+0000] {manager.py:878} INFO - 
================================================================================
DAG File Processing Stats

File Path                              PID    Runtime      # DAGs    # Errors  Last Runtime    Last Run
-------------------------------------  -----  ---------  --------  ----------  --------------  -------------------
/opt/airflow/dags/football_etl_dag.py                           1           0  0.20s           2026-07-26T04:26:40
================================================================================
[2026-07-26T04:27:18.713+0000] {manager.py:737} INFO - Searching for files in /opt/airflow/dags
[2026-07-26T04:27:18.777+0000] {manager.py:740} INFO - There are 1 files in /opt/airflow/dags
[2026-07-26T04:27:30.900+0000] {manager.py:878} INFO - 
================================================================================
DAG File Processing Stats

File Path                              PID    Runtime      # DAGs    # Errors  Last Runtime    Last Run
-------------------------------------  -----  ---------  --------  ----------  --------------  -------------------
/opt/airflow/dags/football_etl_dag.py                           1           0  0.17s           2026-07-26T04:27:10
================================================================================
[2026-07-26T04:28:01.115+0000] {manager.py:878} INFO - 
================================================================================
DAG File Processing Stats

File Path                              PID    Runtime      # DAGs    # Errors  Last Runtime    Last Run
-------------------------------------  -----  ---------  --------  ----------  --------------  -------------------
/opt/airflow/dags/football_etl_dag.py                           1           0  0.20s           2026-07-26T04:27:41
================================================================================
[2026-07-26T04:28:31.360+0000] {manager.py:878} INFO - 
================================================================================
DAG File Processing Stats

File Path                              PID    Runtime      # DAGs    # Errors  Last Runtime    Last Run
-------------------------------------  -----  ---------  --------  ----------  --------------  -------------------
/opt/airflow/dags/football_etl_dag.py                           1           0  0.76s           2026-07-26T04:28:12
================================================================================
[2026-07-26T04:29:01.545+0000] {manager.py:878} INFO - 
================================================================================
DAG File Processing Stats

File Path                              PID    Runtime      # DAGs    # Errors  Last Runtime    Last Run
-------------------------------------  -----  ---------  --------  ----------  --------------  -------------------
/opt/airflow/dags/football_etl_dag.py                           1           0  0.17s           2026-07-26T04:28:42
================================================================================
[2026-07-26T04:29:31.888+0000] {manager.py:878} INFO - 
================================================================================
DAG File Processing Stats

File Path                              PID    Runtime      # DAGs    # Errors  Last Runtime    Last Run
-------------------------------------  -----  ---------  --------  ----------  --------------  -------------------
/opt/airflow/dags/football_etl_dag.py                           1           0  0.18s           2026-07-26T04:29:12
================================================================================
[2026-07-26T04:30:02.216+0000] {manager.py:878} INFO - 
================================================================================
DAG File Processing Stats

File Path                              PID    Runtime      # DAGs    # Errors  Last Runtime    Last Run
-------------------------------------  -----  ---------  --------  ----------  --------------  -------------------
/opt/airflow/dags/football_etl_dag.py                           1           0  0.15s           2026-07-26T04:29:43
================================================================================
[2026-07-26T04:30:32.514+0000] {manager.py:878} INFO - 
================================================================================
DAG File Processing Stats

File Path                              PID    Runtime      # DAGs    # Errors  Last Runtime    Last Run
-------------------------------------  -----  ---------  --------  ----------  --------------  -------------------
/opt/airflow/dags/football_etl_dag.py                           1           0  0.18s           2026-07-26T04:30:13
================================================================================
[2026-07-26T04:31:02.706+0000] {manager.py:878} INFO - 
================================================================================
DAG File Processing Stats

File Path                              PID    Runtime      # DAGs    # Errors  Last Runtime    Last Run
-------------------------------------  -----  ---------  --------  ----------  --------------  -------------------
/opt/airflow/dags/football_etl_dag.py                           1           0  0.17s           2026-07-26T04:30:43
================================================================================
[2026-07-26T04:31:33.008+0000] {manager.py:878} INFO - 
================================================================================
DAG File Processing Stats

File Path                              PID    Runtime      # DAGs    # Errors  Last Runtime    Last Run
-------------------------------------  -----  ---------  --------  ----------  --------------  -------------------
/opt/airflow/dags/football_etl_dag.py                           1           0  0.16s           2026-07-26T04:31:13
================================================================================
[2026-07-26T04:32:03.204+0000] {manager.py:878} INFO - 
================================================================================
DAG File Processing Stats

File Path                              PID    Runtime      # DAGs    # Errors  Last Runtime    Last Run
-------------------------------------  -----  ---------  --------  ----------  --------------  -------------------
/opt/airflow/dags/football_etl_dag.py                           1           0  0.15s           2026-07-26T04:31:44
================================================================================
[2026-07-26T04:32:19.400+0000] {manager.py:737} INFO - Searching for files in /opt/airflow/dags
[2026-07-26T04:32:19.426+0000] {manager.py:740} INFO - There are 1 files in /opt/airflow/dags
[2026-07-26T04:32:33.519+0000] {manager.py:878} INFO - 
================================================================================
DAG File Processing Stats

File Path                              PID    Runtime      # DAGs    # Errors  Last Runtime    Last Run
-------------------------------------  -----  ---------  --------  ----------  --------------  -------------------
/opt/airflow/dags/football_etl_dag.py                           1           0  0.18s           2026-07-26T04:32:14
================================================================================
[2026-07-26T04:33:03.714+0000] {manager.py:878} INFO - 
================================================================================
DAG File Processing Stats

File Path                              PID    Runtime      # DAGs    # Errors  Last Runtime    Last Run
-------------------------------------  -----  ---------  --------  ----------  --------------  -------------------
/opt/airflow/dags/football_etl_dag.py                           1           0  0.16s           2026-07-26T04:32:44
================================================================================
[2026-07-26T04:33:34.082+0000] {manager.py:878} INFO - 
================================================================================
DAG File Processing Stats

File Path                              PID    Runtime      # DAGs    # Errors  Last Runtime    Last Run
-------------------------------------  -----  ---------  --------  ----------  --------------  -------------------
/opt/airflow/dags/football_etl_dag.py                           1           0  0.16s           2026-07-26T04:33:14
================================================================================
[2026-07-26T04:34:04.294+0000] {manager.py:878} INFO - 
================================================================================
DAG File Processing Stats

File Path                              PID    Runtime      # DAGs    # Errors  Last Runtime    Last Run
-------------------------------------  -----  ---------  --------  ----------  --------------  -------------------
/opt/airflow/dags/football_etl_dag.py                           1           0  0.25s           2026-07-26T04:33:45
================================================================================
[2026-07-26T04:34:34.668+0000] {manager.py:878} INFO - 
================================================================================
DAG File Processing Stats

File Path                              PID    Runtime      # DAGs    # Errors  Last Runtime    Last Run
-------------------------------------  -----  ---------  --------  ----------  --------------  -------------------
/opt/airflow/dags/football_etl_dag.py                           1           0  0.22s           2026-07-26T04:34:15
================================================================================
[2026-07-26T04:35:05.053+0000] {manager.py:878} INFO - 
================================================================================
DAG File Processing Stats

File Path                              PID    Runtime      # DAGs    # Errors  Last Runtime    Last Run
-------------------------------------  -----  ---------  --------  ----------  --------------  -------------------
/opt/airflow/dags/football_etl_dag.py                           1           0  0.21s           2026-07-26T04:34:46
================================================================================
[2026-07-26T04:35:35.430+0000] {manager.py:878} INFO - 
================================================================================
DAG File Processing Stats

File Path                              PID    Runtime      # DAGs    # Errors  Last Runtime    Last Run
-------------------------------------  -----  ---------  --------  ----------  --------------  -------------------
/opt/airflow/dags/football_etl_dag.py                           1           0  0.17s           2026-07-26T04:35:16
================================================================================
[2026-07-26T04:36:05.797+0000] {manager.py:878} INFO - 
================================================================================
DAG File Processing Stats

File Path                              PID    Runtime      # DAGs    # Errors  Last Runtime    Last Run
-------------------------------------  -----  ---------  --------  ----------  --------------  -------------------
/opt/airflow/dags/football_etl_dag.py                           1           0  0.24s           2026-07-26T04:35:46
================================================================================
[2026-07-26T04:36:36.065+0000] {manager.py:878} INFO - 
================================================================================
DAG File Processing Stats

File Path                              PID    Runtime      # DAGs    # Errors  Last Runtime    Last Run
-------------------------------------  -----  ---------  --------  ----------  --------------  -------------------
/opt/airflow/dags/football_etl_dag.py                           1           0  0.22s           2026-07-26T04:36:17
================================================================================
[2026-07-26T04:37:06.424+0000] {manager.py:878} INFO - 
================================================================================
DAG File Processing Stats

File Path                              PID    Runtime      # DAGs    # Errors  Last Runtime    Last Run
-------------------------------------  -----  ---------  --------  ----------  --------------  -------------------
/opt/airflow/dags/football_etl_dag.py                           1           0  0.14s           2026-07-26T04:36:47
================================================================================
[2026-07-26T04:37:19.573+0000] {manager.py:737} INFO - Searching for files in /opt/airflow/dags
[2026-07-26T04:37:19.601+0000] {manager.py:740} INFO - There are 1 files in /opt/airflow/dags
[2026-07-26T18:20:17.738+0000] {manager.py:470} INFO - Processing files using up to 2 processes at a time 
[2026-07-26T18:20:17.740+0000] {manager.py:471} INFO - Process each file at most once every 30 seconds
[2026-07-26T18:20:17.741+0000] {manager.py:472} INFO - Checking for new files in /opt/airflow/dags every 300 seconds
[2026-07-26T18:20:17.743+0000] {manager.py:737} INFO - Searching for files in /opt/airflow/dags
[2026-07-26T18:20:17.782+0000] {manager.py:740} INFO - There are 1 files in /opt/airflow/dags
[2026-07-26T18:20:18.016+0000] {manager.py:878} INFO - 
================================================================================
DAG File Processing Stats

File Path                                PID  Runtime      # DAGs    # Errors  Last Runtime    Last Run
-------------------------------------  -----  ---------  --------  ----------  --------------  ----------
/opt/airflow/dags/football_etl_dag.py    164  0.07s             0           0
================================================================================
[2026-07-26T18:20:48.218+0000] {manager.py:878} INFO - 
================================================================================
DAG File Processing Stats

File Path                                PID  Runtime      # DAGs    # Errors  Last Runtime    Last Run
-------------------------------------  -----  ---------  --------  ----------  --------------  -------------------
/opt/airflow/dags/football_etl_dag.py    169  0.01s             1           0  0.24s           2026-07-26T18:20:18
================================================================================
[2026-07-26T18:21:18.628+0000] {manager.py:878} INFO - 
================================================================================
DAG File Processing Stats

File Path                                PID  Runtime      # DAGs    # Errors  Last Runtime    Last Run
-------------------------------------  -----  ---------  --------  ----------  --------------  -------------------
/opt/airflow/dags/football_etl_dag.py    174  0.01s             1           0  0.31s           2026-07-26T18:20:48
================================================================================
[2026-07-26T18:21:48.872+0000] {manager.py:878} INFO - 
================================================================================
DAG File Processing Stats

File Path                              PID    Runtime      # DAGs    # Errors  Last Runtime    Last Run
-------------------------------------  -----  ---------  --------  ----------  --------------  -------------------
/opt/airflow/dags/football_etl_dag.py                           1           0  0.29s           2026-07-26T18:21:18
================================================================================
[2026-07-26T18:22:19.253+0000] {manager.py:878} INFO - 
================================================================================
DAG File Processing Stats

File Path                                PID  Runtime      # DAGs    # Errors  Last Runtime    Last Run
-------------------------------------  -----  ---------  --------  ----------  --------------  -------------------
/opt/airflow/dags/football_etl_dag.py    184  0.00s             1           0  0.18s           2026-07-26T18:21:49
================================================================================
[2026-07-26T18:22:49.494+0000] {manager.py:878} INFO - 
================================================================================
DAG File Processing Stats

File Path                                PID  Runtime      # DAGs    # Errors  Last Runtime    Last Run
-------------------------------------  -----  ---------  --------  ----------  --------------  -------------------
/opt/airflow/dags/football_etl_dag.py    189  0.01s             1           0  0.16s           2026-07-26T18:22:19
================================================================================
[2026-07-26T18:23:19.861+0000] {manager.py:878} INFO - 
================================================================================
DAG File Processing Stats

File Path                                PID  Runtime      # DAGs    # Errors  Last Runtime    Last Run
-------------------------------------  -----  ---------  --------  ----------  --------------  -------------------
/opt/airflow/dags/football_etl_dag.py    194  0.00s             1           0  0.18s           2026-07-26T18:22:49
================================================================================
[2026-07-26T18:23:50.116+0000] {manager.py:878} INFO - 
================================================================================
DAG File Processing Stats

File Path                                PID  Runtime      # DAGs    # Errors  Last Runtime    Last Run
-------------------------------------  -----  ---------  --------  ----------  --------------  -------------------
/opt/airflow/dags/football_etl_dag.py    199  0.00s             1           0  0.16s           2026-07-26T18:23:20
================================================================================
[2026-07-26T18:24:20.526+0000] {manager.py:878} INFO - 
================================================================================
DAG File Processing Stats

File Path                                PID  Runtime      # DAGs    # Errors  Last Runtime    Last Run
-------------------------------------  -----  ---------  --------  ----------  --------------  -------------------
/opt/airflow/dags/football_etl_dag.py    204  0.01s             1           0  0.16s           2026-07-26T18:23:50
================================================================================
[2026-07-26T18:24:50.767+0000] {manager.py:878} INFO - 
================================================================================
DAG File Processing Stats

File Path                                PID  Runtime      # DAGs    # Errors  Last Runtime    Last Run
-------------------------------------  -----  ---------  --------  ----------  --------------  -------------------
/opt/airflow/dags/football_etl_dag.py    209  0.00s             1           0  0.15s           2026-07-26T18:24:20
================================================================================
[2026-07-26T18:25:18.064+0000] {manager.py:737} INFO - Searching for files in /opt/airflow/dags
[2026-07-26T18:25:18.114+0000] {manager.py:740} INFO - There are 1 files in /opt/airflow/dags
[2026-07-26T18:25:21.166+0000] {manager.py:878} INFO - 
================================================================================
DAG File Processing Stats

File Path                                PID  Runtime      # DAGs    # Errors  Last Runtime    Last Run
-------------------------------------  -----  ---------  --------  ----------  --------------  -------------------
/opt/airflow/dags/football_etl_dag.py    214  0.00s             1           0  0.15s           2026-07-26T18:24:50
================================================================================
[2026-07-26T18:25:51.448+0000] {manager.py:878} INFO - 
================================================================================
DAG File Processing Stats

File Path                                PID  Runtime      # DAGs    # Errors  Last Runtime    Last Run
-------------------------------------  -----  ---------  --------  ----------  --------------  -------------------
/opt/airflow/dags/football_etl_dag.py    219  0.00s             1           0  0.15s           2026-07-26T18:25:21
================================================================================
[2026-07-26T18:26:21.814+0000] {manager.py:878} INFO - 
================================================================================
DAG File Processing Stats

File Path                                PID  Runtime      # DAGs    # Errors  Last Runtime    Last Run
-------------------------------------  -----  ---------  --------  ----------  --------------  -------------------
/opt/airflow/dags/football_etl_dag.py    224  0.01s             1           0  0.15s           2026-07-26T18:25:51
================================================================================
[2026-07-26T18:26:52.041+0000] {manager.py:878} INFO - 
================================================================================
DAG File Processing Stats

File Path                                PID  Runtime      # DAGs    # Errors  Last Runtime    Last Run
-------------------------------------  -----  ---------  --------  ----------  --------------  -------------------
/opt/airflow/dags/football_etl_dag.py    229  0.01s             1           0  0.15s           2026-07-26T18:26:21
================================================================================
[2026-07-26T18:27:22.399+0000] {manager.py:878} INFO - 
================================================================================
DAG File Processing Stats

File Path                                PID  Runtime      # DAGs    # Errors  Last Runtime    Last Run
-------------------------------------  -----  ---------  --------  ----------  --------------  -------------------
/opt/airflow/dags/football_etl_dag.py    234  0.01s             1           0  0.15s           2026-07-26T18:26:52
================================================================================
[2026-07-26T18:27:52.658+0000] {manager.py:878} INFO - 
================================================================================
DAG File Processing Stats

File Path                                PID  Runtime      # DAGs    # Errors  Last Runtime    Last Run
-------------------------------------  -----  ---------  --------  ----------  --------------  -------------------
/opt/airflow/dags/football_etl_dag.py    239  0.00s             1           0  0.16s           2026-07-26T18:27:22
================================================================================
[2026-07-26T18:28:22.972+0000] {manager.py:878} INFO - 
================================================================================
DAG File Processing Stats

File Path                                PID  Runtime      # DAGs    # Errors  Last Runtime    Last Run
-------------------------------------  -----  ---------  --------  ----------  --------------  -------------------
/opt/airflow/dags/football_etl_dag.py    244  0.01s             1           0  0.17s           2026-07-26T18:27:52
================================================================================
[2026-07-26T18:28:53.287+0000] {manager.py:878} INFO - 
================================================================================
DAG File Processing Stats

File Path                                PID  Runtime      # DAGs    # Errors  Last Runtime    Last Run
-------------------------------------  -----  ---------  --------  ----------  --------------  -------------------
/opt/airflow/dags/football_etl_dag.py    249  0.01s             1           0  0.24s           2026-07-26T18:28:23
================================================================================
[2026-07-26T18:29:23.696+0000] {manager.py:878} INFO - 
================================================================================
DAG File Processing Stats

File Path                                PID  Runtime      # DAGs    # Errors  Last Runtime    Last Run
-------------------------------------  -----  ---------  --------  ----------  --------------  -------------------
/opt/airflow/dags/football_etl_dag.py    254  0.00s             1           0  0.19s           2026-07-26T18:28:53
================================================================================
[2026-07-26T18:29:53.936+0000] {manager.py:878} INFO - 
================================================================================
DAG File Processing Stats

File Path                                PID  Runtime      # DAGs    # Errors  Last Runtime    Last Run
-------------------------------------  -----  ---------  --------  ----------  --------------  -------------------
/opt/airflow/dags/football_etl_dag.py    259  0.00s             1           0  0.15s           2026-07-26T18:29:23
================================================================================
[2026-07-26T18:30:18.207+0000] {manager.py:737} INFO - Searching for files in /opt/airflow/dags
[2026-07-26T18:30:18.245+0000] {manager.py:740} INFO - There are 1 files in /opt/airflow/dags
[2026-07-26T18:30:24.310+0000] {manager.py:878} INFO - 
================================================================================
DAG File Processing Stats

File Path                                PID  Runtime      # DAGs    # Errors  Last Runtime    Last Run
-------------------------------------  -----  ---------  --------  ----------  --------------  -------------------
/opt/airflow/dags/football_etl_dag.py    264  0.00s             1           0  0.15s           2026-07-26T18:29:54
================================================================================
[2026-07-26T18:30:54.531+0000] {manager.py:878} INFO - 
================================================================================
DAG File Processing Stats

File Path                              PID    Runtime      # DAGs    # Errors  Last Runtime    Last Run
-------------------------------------  -----  ---------  --------  ----------  --------------  -------------------
/opt/airflow/dags/football_etl_dag.py                           1           0  0.24s           2026-07-26T18:30:24
================================================================================
[2026-07-26T18:31:24.905+0000] {manager.py:878} INFO - 
================================================================================
DAG File Processing Stats

File Path                              PID    Runtime      # DAGs    # Errors  Last Runtime    Last Run
-------------------------------------  -----  ---------  --------  ----------  --------------  -------------------
/opt/airflow/dags/football_etl_dag.py                           1           0  0.18s           2026-07-26T18:30:54
================================================================================
[2026-07-26T18:31:55.316+0000] {manager.py:878} INFO - 
================================================================================
DAG File Processing Stats

File Path                                PID  Runtime      # DAGs    # Errors  Last Runtime    Last Run
-------------------------------------  -----  ---------  --------  ----------  --------------  -------------------
/opt/airflow/dags/football_etl_dag.py    279  0.01s             1           0  0.15s           2026-07-26T18:31:25
================================================================================
[2026-07-26T18:32:25.670+0000] {manager.py:878} INFO - 
================================================================================
DAG File Processing Stats

File Path                                PID  Runtime      # DAGs    # Errors  Last Runtime    Last Run
-------------------------------------  -----  ---------  --------  ----------  --------------  -------------------
/opt/airflow/dags/football_etl_dag.py    284  0.00s             1           0  0.18s           2026-07-26T18:31:55
================================================================================
[2026-07-26T18:32:55.948+0000] {manager.py:878} INFO - 
================================================================================
DAG File Processing Stats

File Path                                PID  Runtime      # DAGs    # Errors  Last Runtime    Last Run
-------------------------------------  -----  ---------  --------  ----------  --------------  -------------------
/opt/airflow/dags/football_etl_dag.py    289  0.01s             1           0  0.19s           2026-07-26T18:32:25
================================================================================
[2026-07-26T18:33:26.271+0000] {manager.py:878} INFO - 
================================================================================
DAG File Processing Stats

File Path                                PID  Runtime      # DAGs    # Errors  Last Runtime    Last Run
-------------------------------------  -----  ---------  --------  ----------  --------------  -------------------
/opt/airflow/dags/football_etl_dag.py    294  0.01s             1           0  0.16s           2026-07-26T18:32:56
================================================================================
[2026-07-26T18:33:56.519+0000] {manager.py:878} INFO - 
================================================================================
DAG File Processing Stats

File Path                                PID  Runtime      # DAGs    # Errors  Last Runtime    Last Run
-------------------------------------  -----  ---------  --------  ----------  --------------  -------------------
/opt/airflow/dags/football_etl_dag.py    299  0.01s             1           0  0.16s           2026-07-26T18:33:26
================================================================================
[2026-07-26T18:34:26.859+0000] {manager.py:878} INFO - 
================================================================================
DAG File Processing Stats

File Path                                PID  Runtime      # DAGs    # Errors  Last Runtime    Last Run
-------------------------------------  -----  ---------  --------  ----------  --------------  -------------------
/opt/airflow/dags/football_etl_dag.py    304  0.01s             1           0  0.16s           2026-07-26T18:33:56
================================================================================
[2026-07-26T18:34:57.154+0000] {manager.py:878} INFO - 
================================================================================
DAG File Processing Stats

File Path                                PID  Runtime      # DAGs    # Errors  Last Runtime    Last Run
-------------------------------------  -----  ---------  --------  ----------  --------------  -------------------
/opt/airflow/dags/football_etl_dag.py    309  0.01s             1           0  0.18s           2026-07-26T18:34:27
================================================================================
[2026-07-26T18:35:18.331+0000] {manager.py:737} INFO - Searching for files in /opt/airflow/dags
[2026-07-26T18:35:18.356+0000] {manager.py:740} INFO - There are 1 files in /opt/airflow/dags
[2026-07-26T18:35:27.448+0000] {manager.py:878} INFO - 
================================================================================
DAG File Processing Stats

File Path                                PID  Runtime      # DAGs    # Errors  Last Runtime    Last Run
-------------------------------------  -----  ---------  --------  ----------  --------------  -------------------
/opt/airflow/dags/football_etl_dag.py    314  0.01s             1           0  0.15s           2026-07-26T18:34:57
================================================================================
[2026-07-26T18:35:57.691+0000] {manager.py:878} INFO - 
================================================================================
DAG File Processing Stats

File Path                                PID  Runtime      # DAGs    # Errors  Last Runtime    Last Run
-------------------------------------  -----  ---------  --------  ----------  --------------  -------------------
/opt/airflow/dags/football_etl_dag.py    319  0.01s             1           0  0.18s           2026-07-26T18:35:27
================================================================================
[2026-07-26T18:36:27.936+0000] {manager.py:878} INFO - 
================================================================================
DAG File Processing Stats

File Path                                PID  Runtime      # DAGs    # Errors  Last Runtime    Last Run
-------------------------------------  -----  ---------  --------  ----------  --------------  -------------------
/opt/airflow/dags/football_etl_dag.py    324  0.01s             1           0  0.17s           2026-07-26T18:35:57
================================================================================
[2026-07-26T18:36:58.292+0000] {manager.py:878} INFO - 
================================================================================
DAG File Processing Stats

File Path                                PID  Runtime      # DAGs    # Errors  Last Runtime    Last Run
-------------------------------------  -----  ---------  --------  ----------  --------------  -------------------
/opt/airflow/dags/football_etl_dag.py    329  0.00s             1           0  0.16s           2026-07-26T18:36:28
================================================================================
[2026-07-26T18:37:28.589+0000] {manager.py:878} INFO - 
================================================================================
DAG File Processing Stats

File Path                                PID  Runtime      # DAGs    # Errors  Last Runtime    Last Run
-------------------------------------  -----  ---------  --------  ----------  --------------  -------------------
/opt/airflow/dags/football_etl_dag.py    334  0.01s             1           0  0.15s           2026-07-26T18:36:58
================================================================================
[2026-07-26T18:37:58.862+0000] {manager.py:878} INFO - 
================================================================================
DAG File Processing Stats

File Path                                PID  Runtime      # DAGs    # Errors  Last Runtime    Last Run
-------------------------------------  -----  ---------  --------  ----------  --------------  -------------------
/opt/airflow/dags/football_etl_dag.py    339  0.00s             1           0  0.15s           2026-07-26T18:37:28
================================================================================
[2026-07-26T18:38:29.111+0000] {manager.py:878} INFO - 
================================================================================
DAG File Processing Stats

File Path                                PID  Runtime      # DAGs    # Errors  Last Runtime    Last Run
-------------------------------------  -----  ---------  --------  ----------  --------------  -------------------
/opt/airflow/dags/football_etl_dag.py    344  0.01s             1           0  0.15s           2026-07-26T18:37:59
================================================================================
[2026-07-26T18:38:59.408+0000] {manager.py:878} INFO - 
================================================================================
DAG File Processing Stats

File Path                                PID  Runtime      # DAGs    # Errors  Last Runtime    Last Run
-------------------------------------  -----  ---------  --------  ----------  --------------  -------------------
/opt/airflow/dags/football_etl_dag.py    349  0.01s             1           0  0.16s           2026-07-26T18:38:29
================================================================================
[2026-07-26T18:39:29.686+0000] {manager.py:878} INFO - 
================================================================================
DAG File Processing Stats

File Path                                PID  Runtime      # DAGs    # Errors  Last Runtime    Last Run
-------------------------------------  -----  ---------  --------  ----------  --------------  -------------------
/opt/airflow/dags/football_etl_dag.py    354  0.00s             1           0  0.16s           2026-07-26T18:38:59
================================================================================
[2026-07-26T18:39:59.959+0000] {manager.py:878} INFO - 
================================================================================
DAG File Processing Stats

File Path                                PID  Runtime      # DAGs    # Errors  Last Runtime    Last Run
-------------------------------------  -----  ---------  --------  ----------  --------------  -------------------
/opt/airflow/dags/football_etl_dag.py    359  0.01s             1           0  0.15s           2026-07-26T18:39:29
================================================================================
[2026-07-26T18:40:18.634+0000] {manager.py:737} INFO - Searching for files in /opt/airflow/dags
[2026-07-26T18:40:18.673+0000] {manager.py:740} INFO - There are 1 files in /opt/airflow/dags
[2026-07-26T18:40:30.341+0000] {manager.py:878} INFO - 
================================================================================
DAG File Processing Stats

File Path                              PID    Runtime      # DAGs    # Errors  Last Runtime    Last Run
-------------------------------------  -----  ---------  --------  ----------  --------------  -------------------
/opt/airflow/dags/football_etl_dag.py                           1           0  0.56s           2026-07-26T18:40:00
================================================================================
[2026-07-26T18:41:01.032+0000] {manager.py:878} INFO - 
================================================================================
DAG File Processing Stats

File Path                                PID  Runtime      # DAGs    # Errors  Last Runtime    Last Run
-------------------------------------  -----  ---------  --------  ----------  --------------  -------------------
/opt/airflow/dags/football_etl_dag.py    369  0.00s             1           0  0.16s           2026-07-26T18:40:30
================================================================================
[2026-07-26T18:41:31.421+0000] {manager.py:878} INFO - 
================================================================================
DAG File Processing Stats

File Path                                PID  Runtime      # DAGs    # Errors  Last Runtime    Last Run
-------------------------------------  -----  ---------  --------  ----------  --------------  -------------------
/opt/airflow/dags/football_etl_dag.py    374  0.01s             1           0  0.16s           2026-07-26T18:41:01
================================================================================
[2026-07-26T18:42:01.677+0000] {manager.py:878} INFO - 
================================================================================
DAG File Processing Stats

File Path                                PID  Runtime      # DAGs    # Errors  Last Runtime    Last Run
-------------------------------------  -----  ---------  --------  ----------  --------------  -------------------
/opt/airflow/dags/football_etl_dag.py    379  0.01s             1           0  0.13s           2026-07-26T18:41:31
================================================================================
[2026-07-26T18:42:32.013+0000] {manager.py:878} INFO - 
================================================================================
DAG File Processing Stats

File Path                                PID  Runtime      # DAGs    # Errors  Last Runtime    Last Run
-------------------------------------  -----  ---------  --------  ----------  --------------  -------------------
/opt/airflow/dags/football_etl_dag.py    384  0.01s             1           0  0.25s           2026-07-26T18:42:01
================================================================================
[2026-07-26T18:43:02.401+0000] {manager.py:878} INFO - 
================================================================================
DAG File Processing Stats

File Path                                PID  Runtime      # DAGs    # Errors  Last Runtime    Last Run
-------------------------------------  -----  ---------  --------  ----------  --------------  -------------------
/opt/airflow/dags/football_etl_dag.py    389  0.01s             1           0  0.17s           2026-07-26T18:42:32
================================================================================
[2026-07-26T18:43:32.713+0000] {manager.py:878} INFO - 
================================================================================
DAG File Processing Stats

File Path                                PID  Runtime      # DAGs    # Errors  Last Runtime    Last Run
-------------------------------------  -----  ---------  --------  ----------  --------------  -------------------
/opt/airflow/dags/football_etl_dag.py    394  0.00s             1           0  0.15s           2026-07-26T18:43:02
================================================================================
[2026-07-26T18:44:02.985+0000] {manager.py:878} INFO - 
================================================================================
DAG File Processing Stats

File Path                                PID  Runtime      # DAGs    # Errors  Last Runtime    Last Run
-------------------------------------  -----  ---------  --------  ----------  --------------  -------------------
/opt/airflow/dags/football_etl_dag.py    399  0.00s             1           0  0.13s           2026-07-26T18:43:32
================================================================================
[2026-07-26T18:44:33.226+0000] {manager.py:878} INFO - 
================================================================================
DAG File Processing Stats

File Path                                PID  Runtime      # DAGs    # Errors  Last Runtime    Last Run
-------------------------------------  -----  ---------  --------  ----------  --------------  -------------------
/opt/airflow/dags/football_etl_dag.py    404  0.01s             1           0  0.16s           2026-07-26T18:44:03
================================================================================
[2026-07-26T18:45:03.481+0000] {manager.py:878} INFO - 
================================================================================
DAG File Processing Stats

File Path                                PID  Runtime      # DAGs    # Errors  Last Runtime    Last Run
-------------------------------------  -----  ---------  --------  ----------  --------------  -------------------
/opt/airflow/dags/football_etl_dag.py    409  0.01s             1           0  0.17s           2026-07-26T18:44:33
================================================================================
[2026-07-26T18:45:18.664+0000] {manager.py:737} INFO - Searching for files in /opt/airflow/dags
[2026-07-26T18:45:18.685+0000] {manager.py:740} INFO - There are 1 files in /opt/airflow/dags
[2026-07-26T18:45:33.823+0000] {manager.py:878} INFO - 
================================================================================
DAG File Processing Stats

File Path                                PID  Runtime      # DAGs    # Errors  Last Runtime    Last Run
-------------------------------------  -----  ---------  --------  ----------  --------------  -------------------
/opt/airflow/dags/football_etl_dag.py    414  0.00s             1           0  0.17s           2026-07-26T18:45:03
================================================================================
[2026-07-26T18:46:04.067+0000] {manager.py:878} INFO - 
================================================================================
DAG File Processing Stats

File Path                                PID  Runtime      # DAGs    # Errors  Last Runtime    Last Run
-------------------------------------  -----  ---------  --------  ----------  --------------  -------------------
/opt/airflow/dags/football_etl_dag.py    419  0.00s             1           0  0.16s           2026-07-26T18:45:33
================================================================================
[2026-07-26T18:46:34.439+0000] {manager.py:878} INFO - 
================================================================================
DAG File Processing Stats

File Path                                PID  Runtime      # DAGs    # Errors  Last Runtime    Last Run
-------------------------------------  -----  ---------  --------  ----------  --------------  -------------------
/opt/airflow/dags/football_etl_dag.py    424  0.00s             1           0  0.14s           2026-07-26T18:46:04
================================================================================
[2026-07-26T18:47:04.721+0000] {manager.py:878} INFO - 
================================================================================
DAG File Processing Stats

File Path                                PID  Runtime      # DAGs    # Errors  Last Runtime    Last Run
-------------------------------------  -----  ---------  --------  ----------  --------------  -------------------
/opt/airflow/dags/football_etl_dag.py    429  0.01s             1           0  0.15s           2026-07-26T18:46:34
================================================================================
[2026-07-26T18:47:35.081+0000] {manager.py:878} INFO - 
================================================================================
DAG File Processing Stats

File Path                                PID  Runtime      # DAGs    # Errors  Last Runtime    Last Run
-------------------------------------  -----  ---------  --------  ----------  --------------  -------------------
/opt/airflow/dags/football_etl_dag.py    434  0.00s             1           0  0.15s           2026-07-26T18:47:04
================================================================================
[2026-07-26T18:48:05.361+0000] {manager.py:878} INFO - 
================================================================================
DAG File Processing Stats

File Path                                PID  Runtime      # DAGs    # Errors  Last Runtime    Last Run
-------------------------------------  -----  ---------  --------  ----------  --------------  -------------------
/opt/airflow/dags/football_etl_dag.py    439  0.01s             1           0  0.13s           2026-07-26T18:47:35
================================================================================
[2026-07-26T18:48:35.684+0000] {manager.py:878} INFO - 
================================================================================
DAG File Processing Stats

File Path                                PID  Runtime      # DAGs    # Errors  Last Runtime    Last Run
-------------------------------------  -----  ---------  --------  ----------  --------------  -------------------
/opt/airflow/dags/football_etl_dag.py    444  0.01s             1           0  0.17s           2026-07-26T18:48:05
================================================================================
[2026-07-26T18:49:05.963+0000] {manager.py:878} INFO - 
================================================================================
DAG File Processing Stats

File Path                                PID  Runtime      # DAGs    # Errors  Last Runtime    Last Run
-------------------------------------  -----  ---------  --------  ----------  --------------  -------------------
/opt/airflow/dags/football_etl_dag.py    449  0.01s             1           0  0.16s           2026-07-26T18:48:35
================================================================================
[2026-07-26T18:49:36.345+0000] {manager.py:878} INFO - 
================================================================================
DAG File Processing Stats

File Path                                PID  Runtime      # DAGs    # Errors  Last Runtime    Last Run
-------------------------------------  -----  ---------  --------  ----------  --------------  -------------------
/opt/airflow/dags/football_etl_dag.py    454  0.01s             1           0  0.14s           2026-07-26T18:49:06
================================================================================
[2026-07-26T18:50:06.667+0000] {manager.py:878} INFO - 
================================================================================
DAG File Processing Stats

File Path                                PID  Runtime      # DAGs    # Errors  Last Runtime    Last Run
-------------------------------------  -----  ---------  --------  ----------  --------------  -------------------
/opt/airflow/dags/football_etl_dag.py    459  0.00s             1           0  0.15s           2026-07-26T18:49:36
================================================================================
[2026-07-26T18:50:18.840+0000] {manager.py:737} INFO - Searching for files in /opt/airflow/dags
[2026-07-26T18:50:18.869+0000] {manager.py:740} INFO - There are 1 files in /opt/airflow/dags
[2026-07-26T18:50:37.095+0000] {manager.py:878} INFO - 
================================================================================
DAG File Processing Stats

File Path                                PID  Runtime      # DAGs    # Errors  Last Runtime    Last Run
-------------------------------------  -----  ---------  --------  ----------  --------------  -------------------
/opt/airflow/dags/football_etl_dag.py    464  0.01s             1           0  0.13s           2026-07-26T18:50:06
================================================================================
[2026-07-26T18:51:07.336+0000] {manager.py:878} INFO - 
================================================================================
DAG File Processing Stats

File Path                                PID  Runtime      # DAGs    # Errors  Last Runtime    Last Run
-------------------------------------  -----  ---------  --------  ----------  --------------  -------------------
/opt/airflow/dags/football_etl_dag.py    469  0.00s             1           0  0.16s           2026-07-26T18:50:37
================================================================================
[2026-07-26T18:51:37.609+0000] {manager.py:878} INFO - 
================================================================================
DAG File Processing Stats

File Path                                PID  Runtime      # DAGs    # Errors  Last Runtime    Last Run
-------------------------------------  -----  ---------  --------  ----------  --------------  -------------------
/opt/airflow/dags/football_etl_dag.py    474  0.00s             1           0  0.16s           2026-07-26T18:51:07
================================================================================
[2026-07-26T18:52:07.814+0000] {manager.py:878} INFO - 
================================================================================
DAG File Processing Stats

File Path                                PID  Runtime      # DAGs    # Errors  Last Runtime    Last Run
-------------------------------------  -----  ---------  --------  ----------  --------------  -------------------
/opt/airflow/dags/football_etl_dag.py    479  0.01s             1           0  0.16s           2026-07-26T18:51:37
================================================================================
[2026-07-26T18:52:38.106+0000] {manager.py:878} INFO - 
================================================================================
DAG File Processing Stats

File Path                                PID  Runtime      # DAGs    # Errors  Last Runtime    Last Run
-------------------------------------  -----  ---------  --------  ----------  --------------  -------------------
/opt/airflow/dags/football_etl_dag.py    484  0.01s             1           0  0.22s           2026-07-26T18:52:08
================================================================================
[2026-07-26T18:53:08.391+0000] {manager.py:878} INFO - 
================================================================================
DAG File Processing Stats

File Path                                PID  Runtime      # DAGs    # Errors  Last Runtime    Last Run
-------------------------------------  -----  ---------  --------  ----------  --------------  -------------------
/opt/airflow/dags/football_etl_dag.py    489  0.01s             1           0  0.17s           2026-07-26T18:52:38
================================================================================
[2026-07-26T18:53:38.725+0000] {manager.py:878} INFO - 
================================================================================
DAG File Processing Stats

File Path                                PID  Runtime      # DAGs    # Errors  Last Runtime    Last Run
-------------------------------------  -----  ---------  --------  ----------  --------------  -------------------
/opt/airflow/dags/football_etl_dag.py    494  0.01s             1           0  0.16s           2026-07-26T18:53:08
================================================================================
[2026-07-26T18:54:09.016+0000] {manager.py:878} INFO - 
================================================================================
DAG File Processing Stats

File Path                                PID  Runtime      # DAGs    # Errors  Last Runtime    Last Run
-------------------------------------  -----  ---------  --------  ----------  --------------  -------------------
/opt/airflow/dags/football_etl_dag.py    499  0.01s             1           0  0.16s           2026-07-26T18:53:38
================================================================================
[2026-07-26T18:54:39.410+0000] {manager.py:878} INFO - 
================================================================================
DAG File Processing Stats

File Path                                PID  Runtime      # DAGs    # Errors  Last Runtime    Last Run
-------------------------------------  -----  ---------  --------  ----------  --------------  -------------------
/opt/airflow/dags/football_etl_dag.py    504  0.01s             1           0  0.16s           2026-07-26T18:54:09
================================================================================
[2026-07-26T18:55:09.728+0000] {manager.py:878} INFO - 
================================================================================
DAG File Processing Stats

File Path                                PID  Runtime      # DAGs    # Errors  Last Runtime    Last Run
-------------------------------------  -----  ---------  --------  ----------  --------------  -------------------
/opt/airflow/dags/football_etl_dag.py    509  0.01s             1           0  0.19s           2026-07-26T18:54:39
================================================================================
[2026-07-26T18:55:18.931+0000] {manager.py:737} INFO - Searching for files in /opt/airflow/dags
[2026-07-26T18:55:18.966+0000] {manager.py:740} INFO - There are 1 files in /opt/airflow/dags
[2026-07-26T18:55:40.178+0000] {manager.py:878} INFO - 
================================================================================
DAG File Processing Stats

File Path                                PID  Runtime      # DAGs    # Errors  Last Runtime    Last Run
-------------------------------------  -----  ---------  --------  ----------  --------------  -------------------
/opt/airflow/dags/football_etl_dag.py    514  0.01s             1           0  0.15s           2026-07-26T18:55:09
================================================================================
[2026-07-26T18:56:10.408+0000] {manager.py:878} INFO - 
================================================================================
DAG File Processing Stats

File Path                                PID  Runtime      # DAGs    # Errors  Last Runtime    Last Run
-------------------------------------  -----  ---------  --------  ----------  --------------  -------------------
/opt/airflow/dags/football_etl_dag.py    519  0.01s             1           0  0.15s           2026-07-26T18:55:40
================================================================================
[2026-07-26T18:56:40.762+0000] {manager.py:878} INFO - 
================================================================================
DAG File Processing Stats

File Path                                PID  Runtime      # DAGs    # Errors  Last Runtime    Last Run
-------------------------------------  -----  ---------  --------  ----------  --------------  -------------------
/opt/airflow/dags/football_etl_dag.py    524  0.00s             1           0  0.15s           2026-07-26T18:56:10
================================================================================
[2026-07-26T18:57:11.044+0000] {manager.py:878} INFO - 
================================================================================
DAG File Processing Stats

File Path                                PID  Runtime      # DAGs    # Errors  Last Runtime    Last Run
-------------------------------------  -----  ---------  --------  ----------  --------------  -------------------
/opt/airflow/dags/football_etl_dag.py    529  0.01s             1           0  0.18s           2026-07-26T18:56:40
================================================================================
[2026-07-26T18:57:41.390+0000] {manager.py:878} INFO - 
================================================================================
DAG File Processing Stats

File Path                                PID  Runtime      # DAGs    # Errors  Last Runtime    Last Run
-------------------------------------  -----  ---------  --------  ----------  --------------  -------------------
/opt/airflow/dags/football_etl_dag.py    534  0.00s             1           0  0.15s           2026-07-26T18:57:11
================================================================================
[2026-07-26T18:58:11.746+0000] {manager.py:878} INFO - 
================================================================================
DAG File Processing Stats

File Path                                PID  Runtime      # DAGs    # Errors  Last Runtime    Last Run
-------------------------------------  -----  ---------  --------  ----------  --------------  -------------------
/opt/airflow/dags/football_etl_dag.py    539  0.01s             1           0  0.17s           2026-07-26T18:57:41
================================================================================
[2026-07-26T18:58:42.085+0000] {manager.py:878} INFO - 
================================================================================
DAG File Processing Stats

File Path                                PID  Runtime      # DAGs    # Errors  Last Runtime    Last Run
-------------------------------------  -----  ---------  --------  ----------  --------------  -------------------
/opt/airflow/dags/football_etl_dag.py    544  0.00s             1           0  0.15s           2026-07-26T18:58:11
================================================================================
[2026-07-26T18:59:12.375+0000] {manager.py:878} INFO - 
================================================================================
DAG File Processing Stats

File Path                                PID  Runtime      # DAGs    # Errors  Last Runtime    Last Run
-------------------------------------  -----  ---------  --------  ----------  --------------  -------------------
/opt/airflow/dags/football_etl_dag.py    549  0.00s             1           0  0.15s           2026-07-26T18:58:42
================================================================================
[2026-07-26T18:59:42.670+0000] {manager.py:878} INFO - 
================================================================================
DAG File Processing Stats

File Path                                PID  Runtime      # DAGs    # Errors  Last Runtime    Last Run
-------------------------------------  -----  ---------  --------  ----------  --------------  -------------------
/opt/airflow/dags/football_etl_dag.py    554  0.01s             1           0  0.15s           2026-07-26T18:59:12
================================================================================
[2026-07-26T19:00:12.921+0000] {manager.py:878} INFO - 
================================================================================
DAG File Processing Stats

File Path                                PID  Runtime      # DAGs    # Errors  Last Runtime    Last Run
-------------------------------------  -----  ---------  --------  ----------  --------------  -------------------
/opt/airflow/dags/football_etl_dag.py    559  0.00s             1           0  0.19s           2026-07-26T18:59:42
================================================================================
[2026-07-26T19:00:19.048+0000] {manager.py:737} INFO - Searching for files in /opt/airflow/dags
[2026-07-26T19:00:19.076+0000] {manager.py:740} INFO - There are 1 files in /opt/airflow/dags
[2026-07-26T19:00:43.330+0000] {manager.py:878} INFO - 
================================================================================
DAG File Processing Stats

File Path                                PID  Runtime      # DAGs    # Errors  Last Runtime    Last Run
-------------------------------------  -----  ---------  --------  ----------  --------------  -------------------
/opt/airflow/dags/football_etl_dag.py    564  0.00s             1           0  0.16s           2026-07-26T19:00:13
================================================================================
[2026-07-26T19:01:13.622+0000] {manager.py:878} INFO - 
================================================================================
DAG File Processing Stats

File Path                                PID  Runtime      # DAGs    # Errors  Last Runtime    Last Run
-------------------------------------  -----  ---------  --------  ----------  --------------  -------------------
/opt/airflow/dags/football_etl_dag.py    569  0.00s             1           0  0.22s           2026-07-26T19:00:43
================================================================================
[2026-07-26T19:01:44.028+0000] {manager.py:878} INFO - 
================================================================================
DAG File Processing Stats

File Path                                PID  Runtime      # DAGs    # Errors  Last Runtime    Last Run
-------------------------------------  -----  ---------  --------  ----------  --------------  -------------------
/opt/airflow/dags/football_etl_dag.py    574  0.01s             1           0  0.14s           2026-07-26T19:01:13
================================================================================
[2026-07-26T19:02:14.261+0000] {manager.py:878} INFO - 
================================================================================
DAG File Processing Stats

File Path                                PID  Runtime      # DAGs    # Errors  Last Runtime    Last Run
-------------------------------------  -----  ---------  --------  ----------  --------------  -------------------
/opt/airflow/dags/football_etl_dag.py    579  0.00s             1           0  0.18s           2026-07-26T19:01:44
================================================================================
[2026-07-26T19:02:44.561+0000] {manager.py:878} INFO - 
================================================================================
DAG File Processing Stats

File Path                                PID  Runtime      # DAGs    # Errors  Last Runtime    Last Run
-------------------------------------  -----  ---------  --------  ----------  --------------  -------------------
/opt/airflow/dags/football_etl_dag.py    584  0.00s             1           0  0.16s           2026-07-26T19:02:14
================================================================================
[2026-07-26T19:03:14.852+0000] {manager.py:878} INFO - 
================================================================================
DAG File Processing Stats

File Path                                PID  Runtime      # DAGs    # Errors  Last Runtime    Last Run
-------------------------------------  -----  ---------  --------  ----------  --------------  -------------------
/opt/airflow/dags/football_etl_dag.py    589  0.00s             1           0  0.17s           2026-07-26T19:02:44
================================================================================
[2026-07-26T19:03:45.175+0000] {manager.py:878} INFO - 
================================================================================
DAG File Processing Stats

File Path                                PID  Runtime      # DAGs    # Errors  Last Runtime    Last Run
-------------------------------------  -----  ---------  --------  ----------  --------------  -------------------
/opt/airflow/dags/football_etl_dag.py    594  0.00s             1           0  0.14s           2026-07-26T19:03:14
================================================================================
[2026-07-26T19:04:15.451+0000] {manager.py:878} INFO - 
================================================================================
DAG File Processing Stats

File Path                                PID  Runtime      # DAGs    # Errors  Last Runtime    Last Run
-------------------------------------  -----  ---------  --------  ----------  --------------  -------------------
/opt/airflow/dags/football_etl_dag.py    599  0.00s             1           0  0.15s           2026-07-26T19:03:45
================================================================================
[2026-07-26T19:04:45.783+0000] {manager.py:878} INFO - 
================================================================================
DAG File Processing Stats

File Path                                PID  Runtime      # DAGs    # Errors  Last Runtime    Last Run
-------------------------------------  -----  ---------  --------  ----------  --------------  -------------------
/opt/airflow/dags/football_etl_dag.py    604  0.01s             1           0  0.17s           2026-07-26T19:04:15
================================================================================
[2026-07-26T19:05:16.096+0000] {manager.py:878} INFO - 
================================================================================
DAG File Processing Stats

File Path                                PID  Runtime      # DAGs    # Errors  Last Runtime    Last Run
-------------------------------------  -----  ---------  --------  ----------  --------------  -------------------
/opt/airflow/dags/football_etl_dag.py    609  0.01s             1           0  0.20s           2026-07-26T19:04:45
================================================================================
[2026-07-26T19:05:19.207+0000] {manager.py:737} INFO - Searching for files in /opt/airflow/dags
[2026-07-26T19:05:19.231+0000] {manager.py:740} INFO - There are 1 files in /opt/airflow/dags
[2026-07-26T19:05:46.438+0000] {manager.py:878} INFO - 
================================================================================
DAG File Processing Stats

File Path                                PID  Runtime      # DAGs    # Errors  Last Runtime    Last Run
-------------------------------------  -----  ---------  --------  ----------  --------------  -------------------
/opt/airflow/dags/football_etl_dag.py    614  0.01s             1           0  0.16s           2026-07-26T19:05:16
================================================================================
[2026-07-26T19:06:16.715+0000] {manager.py:878} INFO - 
================================================================================
DAG File Processing Stats

File Path                                PID  Runtime      # DAGs    # Errors  Last Runtime    Last Run
-------------------------------------  -----  ---------  --------  ----------  --------------  -------------------
/opt/airflow/dags/football_etl_dag.py    619  0.01s             1           0  0.19s           2026-07-26T19:05:46
================================================================================
[2026-07-26T19:06:47.129+0000] {manager.py:878} INFO - 
================================================================================
DAG File Processing Stats

File Path                                PID  Runtime      # DAGs    # Errors  Last Runtime    Last Run
-------------------------------------  -----  ---------  --------  ----------  --------------  -------------------
/opt/airflow/dags/football_etl_dag.py    624  0.00s             1           0  0.15s           2026-07-26T19:06:16
================================================================================
[2026-07-27T04:19:34.215+0000] {manager.py:470} INFO - Processing files using up to 2 processes at a time 
[2026-07-27T04:19:34.218+0000] {manager.py:471} INFO - Process each file at most once every 30 seconds
[2026-07-27T04:19:34.224+0000] {manager.py:472} INFO - Checking for new files in /opt/airflow/dags every 300 seconds
[2026-07-27T04:19:34.229+0000] {manager.py:737} INFO - Searching for files in /opt/airflow/dags
[2026-07-27T04:19:34.279+0000] {manager.py:740} INFO - There are 1 files in /opt/airflow/dags
[2026-07-27T04:19:34.570+0000] {manager.py:878} INFO - 
================================================================================
DAG File Processing Stats

File Path                                PID  Runtime      # DAGs    # Errors  Last Runtime    Last Run
-------------------------------------  -----  ---------  --------  ----------  --------------  ----------
/opt/airflow/dags/football_etl_dag.py    163  0.15s             0           0
================================================================================
[2026-07-27T04:20:04.832+0000] {manager.py:878} INFO - 
================================================================================
DAG File Processing Stats

File Path                                PID  Runtime      # DAGs    # Errors  Last Runtime    Last Run
-------------------------------------  -----  ---------  --------  ----------  --------------  -------------------
/opt/airflow/dags/football_etl_dag.py    168  0.01s             1           0  0.35s           2026-07-27T04:19:34
================================================================================
[2026-07-27T04:20:35.153+0000] {manager.py:878} INFO - 
================================================================================
DAG File Processing Stats

File Path                              PID    Runtime      # DAGs    # Errors  Last Runtime    Last Run
-------------------------------------  -----  ---------  --------  ----------  --------------  -------------------
/opt/airflow/dags/football_etl_dag.py                           1           0  0.45s           2026-07-27T04:20:05
================================================================================
[2026-07-27T04:21:05.697+0000] {manager.py:878} INFO - 
================================================================================
DAG File Processing Stats

File Path                              PID    Runtime      # DAGs    # Errors  Last Runtime    Last Run
-------------------------------------  -----  ---------  --------  ----------  --------------  -------------------
/opt/airflow/dags/football_etl_dag.py                           1           0  0.27s           2026-07-27T04:20:35
================================================================================
[2026-07-27T04:21:36.160+0000] {manager.py:878} INFO - 
================================================================================
DAG File Processing Stats

File Path                                PID  Runtime      # DAGs    # Errors  Last Runtime    Last Run
-------------------------------------  -----  ---------  --------  ----------  --------------  -------------------
/opt/airflow/dags/football_etl_dag.py    183  0.01s             1           0  0.17s           2026-07-27T04:21:06
================================================================================
[2026-07-27T04:22:06.551+0000] {manager.py:878} INFO - 
================================================================================
DAG File Processing Stats

File Path                                PID  Runtime      # DAGs    # Errors  Last Runtime    Last Run
-------------------------------------  -----  ---------  --------  ----------  --------------  -------------------
/opt/airflow/dags/football_etl_dag.py    188  0.00s             1           0  0.18s           2026-07-27T04:21:36
================================================================================
[2026-07-27T04:22:36.781+0000] {manager.py:878} INFO - 
================================================================================
DAG File Processing Stats

File Path                                PID  Runtime      # DAGs    # Errors  Last Runtime    Last Run
-------------------------------------  -----  ---------  --------  ----------  --------------  -------------------
/opt/airflow/dags/football_etl_dag.py    193  0.01s             1           0  0.20s           2026-07-27T04:22:06
================================================================================
[2026-07-27T04:23:07.161+0000] {manager.py:878} INFO - 
================================================================================
DAG File Processing Stats

File Path                                PID  Runtime      # DAGs    # Errors  Last Runtime    Last Run
-------------------------------------  -----  ---------  --------  ----------  --------------  -------------------
/opt/airflow/dags/football_etl_dag.py    198  0.01s             1           0  0.33s           2026-07-27T04:22:37
================================================================================
[2026-07-27T04:23:37.505+0000] {manager.py:878} INFO - 
================================================================================
DAG File Processing Stats

File Path                                PID  Runtime      # DAGs    # Errors  Last Runtime    Last Run
-------------------------------------  -----  ---------  --------  ----------  --------------  -------------------
/opt/airflow/dags/football_etl_dag.py    203  0.01s             1           0  0.17s           2026-07-27T04:23:07
================================================================================
[2026-07-27T04:24:07.703+0000] {manager.py:878} INFO - 
================================================================================
DAG File Processing Stats

File Path                                PID  Runtime      # DAGs    # Errors  Last Runtime    Last Run
-------------------------------------  -----  ---------  --------  ----------  --------------  -------------------
/opt/airflow/dags/football_etl_dag.py    208  0.01s             1           0  0.17s           2026-07-27T04:23:37
================================================================================
[2026-07-27T04:24:35.047+0000] {manager.py:737} INFO - Searching for files in /opt/airflow/dags
[2026-07-27T04:24:35.082+0000] {manager.py:740} INFO - There are 1 files in /opt/airflow/dags
[2026-07-27T04:24:38.130+0000] {manager.py:878} INFO - 
================================================================================
DAG File Processing Stats

File Path                                PID  Runtime      # DAGs    # Errors  Last Runtime    Last Run
-------------------------------------  -----  ---------  --------  ----------  --------------  -------------------
/opt/airflow/dags/football_etl_dag.py    213  0.00s             1           0  0.20s           2026-07-27T04:24:07
================================================================================
[2026-07-27T04:25:08.378+0000] {manager.py:878} INFO - 
================================================================================
DAG File Processing Stats

File Path                                PID  Runtime      # DAGs    # Errors  Last Runtime    Last Run
-------------------------------------  -----  ---------  --------  ----------  --------------  -------------------
/opt/airflow/dags/football_etl_dag.py    218  0.01s             1           0  0.16s           2026-07-27T04:24:38
================================================================================
[2026-07-27T04:25:38.737+0000] {manager.py:878} INFO - 
================================================================================
DAG File Processing Stats

File Path                                PID  Runtime      # DAGs    # Errors  Last Runtime    Last Run
-------------------------------------  -----  ---------  --------  ----------  --------------  -------------------
/opt/airflow/dags/football_etl_dag.py    223  0.01s             1           0  0.16s           2026-07-27T04:25:08
================================================================================
[2026-07-27T04:26:08.998+0000] {manager.py:878} INFO - 
================================================================================
DAG File Processing Stats

File Path                                PID  Runtime      # DAGs    # Errors  Last Runtime    Last Run
-------------------------------------  -----  ---------  --------  ----------  --------------  -------------------
/opt/airflow/dags/football_etl_dag.py    228  0.01s             1           0  0.17s           2026-07-27T04:25:38
================================================================================
[2026-07-27T04:26:39.318+0000] {manager.py:878} INFO - 
================================================================================
DAG File Processing Stats

File Path                                PID  Runtime      # DAGs    # Errors  Last Runtime    Last Run
-------------------------------------  -----  ---------  --------  ----------  --------------  -------------------
/opt/airflow/dags/football_etl_dag.py    233  0.00s             1           0  0.16s           2026-07-27T04:26:09
================================================================================
[2026-07-27T04:27:09.597+0000] {manager.py:878} INFO - 
================================================================================
DAG File Processing Stats

File Path                                PID  Runtime      # DAGs    # Errors  Last Runtime    Last Run
-------------------------------------  -----  ---------  --------  ----------  --------------  -------------------
/opt/airflow/dags/football_etl_dag.py    238  0.01s             1           0  0.16s           2026-07-27T04:26:39
================================================================================
[2026-07-27T04:27:39.893+0000] {manager.py:878} INFO - 
================================================================================
DAG File Processing Stats

File Path                                PID  Runtime      # DAGs    # Errors  Last Runtime    Last Run
-------------------------------------  -----  ---------  --------  ----------  --------------  -------------------
/opt/airflow/dags/football_etl_dag.py    243  0.01s             1           0  0.15s           2026-07-27T04:27:09
================================================================================
[2026-07-27T04:28:10.152+0000] {manager.py:878} INFO - 
================================================================================
DAG File Processing Stats

File Path                                PID  Runtime      # DAGs    # Errors  Last Runtime    Last Run
-------------------------------------  -----  ---------  --------  ----------  --------------  -------------------
/opt/airflow/dags/football_etl_dag.py    248  0.00s             1           0  0.16s           2026-07-27T04:27:40
================================================================================
[2026-07-27T04:28:40.503+0000] {manager.py:878} INFO - 
================================================================================
DAG File Processing Stats

File Path                                PID  Runtime      # DAGs    # Errors  Last Runtime    Last Run
-------------------------------------  -----  ---------  --------  ----------  --------------  -------------------
/opt/airflow/dags/football_etl_dag.py    253  0.01s             1           0  0.15s           2026-07-27T04:28:10
================================================================================
[2026-07-27T04:29:10.800+0000] {manager.py:878} INFO - 
================================================================================
DAG File Processing Stats

File Path                                PID  Runtime      # DAGs    # Errors  Last Runtime    Last Run
-------------------------------------  -----  ---------  --------  ----------  --------------  -------------------
/opt/airflow/dags/football_etl_dag.py    258  0.01s             1           0  0.15s           2026-07-27T04:28:40
================================================================================
[2026-07-27T04:29:35.102+0000] {manager.py:737} INFO - Searching for files in /opt/airflow/dags
[2026-07-27T04:29:35.125+0000] {manager.py:740} INFO - There are 1 files in /opt/airflow/dags
[2026-07-27T04:29:41.104+0000] {manager.py:878} INFO - 
================================================================================
DAG File Processing Stats

File Path                                PID  Runtime      # DAGs    # Errors  Last Runtime    Last Run
-------------------------------------  -----  ---------  --------  ----------  --------------  -------------------
/opt/airflow/dags/football_etl_dag.py    263  0.01s             1           0  0.17s           2026-07-27T04:29:10
================================================================================
[2026-07-27T04:30:11.417+0000] {manager.py:878} INFO - 
================================================================================
DAG File Processing Stats

File Path                                PID  Runtime      # DAGs    # Errors  Last Runtime    Last Run
-------------------------------------  -----  ---------  --------  ----------  --------------  -------------------
/opt/airflow/dags/football_etl_dag.py    268  0.01s             1           0  0.14s           2026-07-27T04:29:41
================================================================================
[2026-07-27T04:30:41.719+0000] {manager.py:878} INFO - 
================================================================================
DAG File Processing Stats

File Path                                PID  Runtime      # DAGs    # Errors  Last Runtime    Last Run
-------------------------------------  -----  ---------  --------  ----------  --------------  -------------------
/opt/airflow/dags/football_etl_dag.py    273  0.01s             1           0  0.16s           2026-07-27T04:30:11
================================================================================
[2026-07-27T04:31:12.056+0000] {manager.py:878} INFO - 
================================================================================
DAG File Processing Stats

File Path                                PID  Runtime      # DAGs    # Errors  Last Runtime    Last Run
-------------------------------------  -----  ---------  --------  ----------  --------------  -------------------
/opt/airflow/dags/football_etl_dag.py    278  0.01s             1           0  0.16s           2026-07-27T04:30:41
================================================================================
[2026-07-27T04:31:42.358+0000] {manager.py:878} INFO - 
================================================================================
DAG File Processing Stats

File Path                                PID  Runtime      # DAGs    # Errors  Last Runtime    Last Run
-------------------------------------  -----  ---------  --------  ----------  --------------  -------------------
/opt/airflow/dags/football_etl_dag.py    283  0.01s             1           0  0.16s           2026-07-27T04:31:12
================================================================================
[2026-07-27T04:32:12.647+0000] {manager.py:878} INFO - 
================================================================================
DAG File Processing Stats

File Path                                PID  Runtime      # DAGs    # Errors  Last Runtime    Last Run
-------------------------------------  -----  ---------  --------  ----------  --------------  -------------------
/opt/airflow/dags/football_etl_dag.py    288  0.01s             1           0  0.15s           2026-07-27T04:31:42
================================================================================
[2026-07-27T04:32:42.898+0000] {manager.py:878} INFO - 
================================================================================
DAG File Processing Stats

File Path                                PID  Runtime      # DAGs    # Errors  Last Runtime    Last Run
-------------------------------------  -----  ---------  --------  ----------  --------------  -------------------
/opt/airflow/dags/football_etl_dag.py    293  0.00s             1           0  0.16s           2026-07-27T04:32:12
================================================================================
[2026-07-27T04:33:13.142+0000] {manager.py:878} INFO - 
================================================================================
DAG File Processing Stats

File Path                                PID  Runtime      # DAGs    # Errors  Last Runtime    Last Run
-------------------------------------  -----  ---------  --------  ----------  --------------  -------------------
/opt/airflow/dags/football_etl_dag.py    298  0.01s             1           0  0.19s           2026-07-27T04:32:43
================================================================================
[2026-07-27T04:33:43.486+0000] {manager.py:878} INFO - 
================================================================================
DAG File Processing Stats

File Path                                PID  Runtime      # DAGs    # Errors  Last Runtime    Last Run
-------------------------------------  -----  ---------  --------  ----------  --------------  -------------------
/opt/airflow/dags/football_etl_dag.py    303  0.01s             1           0  0.18s           2026-07-27T04:33:13
================================================================================
[2026-07-27T04:34:13.825+0000] {manager.py:878} INFO - 
================================================================================
DAG File Processing Stats

File Path                                PID  Runtime      # DAGs    # Errors  Last Runtime    Last Run
-------------------------------------  -----  ---------  --------  ----------  --------------  -------------------
/opt/airflow/dags/football_etl_dag.py    308  0.01s             1           0  0.16s           2026-07-27T04:33:43
================================================================================
[2026-07-27T04:34:35.118+0000] {manager.py:737} INFO - Searching for files in /opt/airflow/dags
[2026-07-27T04:34:35.143+0000] {manager.py:740} INFO - There are 1 files in /opt/airflow/dags
[2026-07-27T04:34:44.134+0000] {manager.py:878} INFO - 
================================================================================
DAG File Processing Stats

File Path                                PID  Runtime      # DAGs    # Errors  Last Runtime    Last Run
-------------------------------------  -----  ---------  --------  ----------  --------------  -------------------
/opt/airflow/dags/football_etl_dag.py    313  0.01s             1           0  0.16s           2026-07-27T04:34:13
================================================================================
[2026-07-27T04:35:14.452+0000] {manager.py:878} INFO - 
================================================================================
DAG File Processing Stats

File Path                                PID  Runtime      # DAGs    # Errors  Last Runtime    Last Run
-------------------------------------  -----  ---------  --------  ----------  --------------  -------------------
/opt/airflow/dags/football_etl_dag.py    318  0.01s             1           0  0.17s           2026-07-27T04:34:44
================================================================================
[2026-07-27T04:35:44.751+0000] {manager.py:878} INFO - 
================================================================================
DAG File Processing Stats

File Path                                PID  Runtime      # DAGs    # Errors  Last Runtime    Last Run
-------------------------------------  -----  ---------  --------  ----------  --------------  -------------------
/opt/airflow/dags/football_etl_dag.py    323  0.01s             1           0  0.15s           2026-07-27T04:35:14
================================================================================
[2026-07-27T04:36:15.056+0000] {manager.py:878} INFO - 
================================================================================
DAG File Processing Stats

File Path                                PID  Runtime      # DAGs    # Errors  Last Runtime    Last Run
-------------------------------------  -----  ---------  --------  ----------  --------------  -------------------
/opt/airflow/dags/football_etl_dag.py    328  0.01s             1           0  0.15s           2026-07-27T04:35:44
================================================================================
[2026-07-27T04:36:45.377+0000] {manager.py:878} INFO - 
================================================================================
DAG File Processing Stats

File Path                                PID  Runtime      # DAGs    # Errors  Last Runtime    Last Run
-------------------------------------  -----  ---------  --------  ----------  --------------  -------------------
/opt/airflow/dags/football_etl_dag.py    333  0.01s             1           0  0.16s           2026-07-27T04:36:15
================================================================================
[2026-07-27T04:37:15.720+0000] {manager.py:878} INFO - 
================================================================================
DAG File Processing Stats

File Path                                PID  Runtime      # DAGs    # Errors  Last Runtime    Last Run
-------------------------------------  -----  ---------  --------  ----------  --------------  -------------------
/opt/airflow/dags/football_etl_dag.py    338  0.01s             1           0  0.15s           2026-07-27T04:36:45
================================================================================
[2026-07-27T04:37:46.054+0000] {manager.py:878} INFO - 
================================================================================
DAG File Processing Stats

File Path                                PID  Runtime      # DAGs    # Errors  Last Runtime    Last Run
-------------------------------------  -----  ---------  --------  ----------  --------------  -------------------
/opt/airflow/dags/football_etl_dag.py    343  0.01s             1           0  0.16s           2026-07-27T04:37:15
================================================================================
[2026-07-27T04:38:16.297+0000] {manager.py:878} INFO - 
================================================================================
DAG File Processing Stats

File Path                                PID  Runtime      # DAGs    # Errors  Last Runtime    Last Run
-------------------------------------  -----  ---------  --------  ----------  --------------  -------------------
/opt/airflow/dags/football_etl_dag.py    348  0.01s             1           0  0.16s           2026-07-27T04:37:46
================================================================================
[2026-07-27T04:38:46.650+0000] {manager.py:878} INFO - 
================================================================================
DAG File Processing Stats

File Path                                PID  Runtime      # DAGs    # Errors  Last Runtime    Last Run
-------------------------------------  -----  ---------  --------  ----------  --------------  -------------------
/opt/airflow/dags/football_etl_dag.py    353  0.01s             1           0  0.17s           2026-07-27T04:38:16
================================================================================
[2026-07-27T04:39:16.908+0000] {manager.py:878} INFO - 
================================================================================
DAG File Processing Stats

File Path                                PID  Runtime      # DAGs    # Errors  Last Runtime    Last Run
-------------------------------------  -----  ---------  --------  ----------  --------------  -------------------
/opt/airflow/dags/football_etl_dag.py    358  0.01s             1           0  0.16s           2026-07-27T04:38:46
================================================================================
[2026-07-27T04:39:35.137+0000] {manager.py:737} INFO - Searching for files in /opt/airflow/dags
[2026-07-27T04:39:35.171+0000] {manager.py:740} INFO - There are 1 files in /opt/airflow/dags
[2026-07-27T04:39:47.311+0000] {manager.py:878} INFO - 
================================================================================
DAG File Processing Stats

File Path                                PID  Runtime      # DAGs    # Errors  Last Runtime    Last Run
-------------------------------------  -----  ---------  --------  ----------  --------------  -------------------
/opt/airflow/dags/football_etl_dag.py    363  0.01s             1           0  0.19s           2026-07-27T04:39:17
================================================================================
[2026-07-27T04:40:17.561+0000] {manager.py:878} INFO - 
================================================================================
DAG File Processing Stats

File Path                                PID  Runtime      # DAGs    # Errors  Last Runtime    Last Run
-------------------------------------  -----  ---------  --------  ----------  --------------  -------------------
/opt/airflow/dags/football_etl_dag.py    368  0.00s             1           0  0.16s           2026-07-27T04:39:47
================================================================================
[2026-07-27T04:40:47.884+0000] {manager.py:878} INFO - 
================================================================================
DAG File Processing Stats

File Path                                PID  Runtime      # DAGs    # Errors  Last Runtime    Last Run
-------------------------------------  -----  ---------  --------  ----------  --------------  -------------------
/opt/airflow/dags/football_etl_dag.py    373  0.01s             1           0  0.17s           2026-07-27T04:40:17
================================================================================
[2026-07-27T04:41:18.154+0000] {manager.py:878} INFO - 
================================================================================
DAG File Processing Stats

File Path                                PID  Runtime      # DAGs    # Errors  Last Runtime    Last Run
-------------------------------------  -----  ---------  --------  ----------  --------------  -------------------
/opt/airflow/dags/football_etl_dag.py    378  0.01s             1           0  0.16s           2026-07-27T04:40:48
================================================================================
[2026-07-27T04:41:48.482+0000] {manager.py:878} INFO - 
================================================================================
DAG File Processing Stats

File Path                                PID  Runtime      # DAGs    # Errors  Last Runtime    Last Run
-------------------------------------  -----  ---------  --------  ----------  --------------  -------------------
/opt/airflow/dags/football_etl_dag.py    383  0.01s             1           0  0.16s           2026-07-27T04:41:18
================================================================================
[2026-07-27T04:42:18.741+0000] {manager.py:878} INFO - 
================================================================================
DAG File Processing Stats

File Path                                PID  Runtime      # DAGs    # Errors  Last Runtime    Last Run
-------------------------------------  -----  ---------  --------  ----------  --------------  -------------------
/opt/airflow/dags/football_etl_dag.py    388  0.01s             1           0  0.15s           2026-07-27T04:41:48
================================================================================
[2026-07-27T04:42:49.025+0000] {manager.py:878} INFO - 
================================================================================
DAG File Processing Stats

File Path                                PID  Runtime      # DAGs    # Errors  Last Runtime    Last Run
-------------------------------------  -----  ---------  --------  ----------  --------------  -------------------
/opt/airflow/dags/football_etl_dag.py    393  0.01s             1           0  0.15s           2026-07-27T04:42:18
================================================================================
[2026-07-27T04:43:19.322+0000] {manager.py:878} INFO - 
================================================================================
DAG File Processing Stats

File Path                                PID  Runtime      # DAGs    # Errors  Last Runtime    Last Run
-------------------------------------  -----  ---------  --------  ----------  --------------  -------------------
/opt/airflow/dags/football_etl_dag.py    398  0.01s             1           0  0.18s           2026-07-27T04:42:49
================================================================================
[2026-07-27T04:43:49.635+0000] {manager.py:878} INFO - 
================================================================================
DAG File Processing Stats

File Path                                PID  Runtime      # DAGs    # Errors  Last Runtime    Last Run
-------------------------------------  -----  ---------  --------  ----------  --------------  -------------------
/opt/airflow/dags/football_etl_dag.py    403  0.01s             1           0  0.17s           2026-07-27T04:43:19
================================================================================
[2026-07-27T04:44:19.934+0000] {manager.py:878} INFO - 
================================================================================
DAG File Processing Stats

File Path                                PID  Runtime      # DAGs    # Errors  Last Runtime    Last Run
-------------------------------------  -----  ---------  --------  ----------  --------------  -------------------
/opt/airflow/dags/football_etl_dag.py    408  0.00s             1           0  0.15s           2026-07-27T04:43:49
================================================================================
[2026-07-27T04:44:35.151+0000] {manager.py:737} INFO - Searching for files in /opt/airflow/dags
[2026-07-27T04:44:35.180+0000] {manager.py:740} INFO - There are 1 files in /opt/airflow/dags
[2026-07-27T04:44:50.350+0000] {manager.py:878} INFO - 
================================================================================
DAG File Processing Stats

File Path                                PID  Runtime      # DAGs    # Errors  Last Runtime    Last Run
-------------------------------------  -----  ---------  --------  ----------  --------------  -------------------
/opt/airflow/dags/football_etl_dag.py    413  0.00s             1           0  0.16s           2026-07-27T04:44:20
================================================================================
[2026-07-27T04:45:20.686+0000] {manager.py:878} INFO - 
================================================================================
DAG File Processing Stats

File Path                                PID  Runtime      # DAGs    # Errors  Last Runtime    Last Run
-------------------------------------  -----  ---------  --------  ----------  --------------  -------------------
/opt/airflow/dags/football_etl_dag.py    418  0.01s             1           0  0.15s           2026-07-27T04:44:50
================================================================================
[2026-07-27T04:45:50.990+0000] {manager.py:878} INFO - 
================================================================================
DAG File Processing Stats

File Path                                PID  Runtime      # DAGs    # Errors  Last Runtime    Last Run
-------------------------------------  -----  ---------  --------  ----------  --------------  -------------------
/opt/airflow/dags/football_etl_dag.py    423  0.00s             1           0  0.15s           2026-07-27T04:45:20
================================================================================
[2026-07-27T04:46:21.371+0000] {manager.py:878} INFO - 
================================================================================
DAG File Processing Stats

File Path                                PID  Runtime      # DAGs    # Errors  Last Runtime    Last Run
-------------------------------------  -----  ---------  --------  ----------  --------------  -------------------
/opt/airflow/dags/football_etl_dag.py    428  0.00s             1           0  0.14s           2026-07-27T04:45:51
================================================================================
[2026-07-27T04:46:51.704+0000] {manager.py:878} INFO - 
================================================================================
DAG File Processing Stats

File Path                                PID  Runtime      # DAGs    # Errors  Last Runtime    Last Run
-------------------------------------  -----  ---------  --------  ----------  --------------  -------------------
/opt/airflow/dags/football_etl_dag.py    433  0.01s             1           0  0.14s           2026-07-27T04:46:21
================================================================================
[2026-07-27T04:47:22.114+0000] {manager.py:878} INFO - 
================================================================================
DAG File Processing Stats

File Path                                PID  Runtime      # DAGs    # Errors  Last Runtime    Last Run
-------------------------------------  -----  ---------  --------  ----------  --------------  -------------------
/opt/airflow/dags/football_etl_dag.py    438  0.00s             1           0  0.15s           2026-07-27T04:46:51
================================================================================
[2026-07-27T04:47:52.384+0000] {manager.py:878} INFO - 
================================================================================
DAG File Processing Stats

File Path                                PID  Runtime      # DAGs    # Errors  Last Runtime    Last Run
-------------------------------------  -----  ---------  --------  ----------  --------------  -------------------
/opt/airflow/dags/football_etl_dag.py    443  0.01s             1           0  0.16s           2026-07-27T04:47:22
================================================================================
[2026-07-27T04:48:22.706+0000] {manager.py:878} INFO - 
================================================================================
DAG File Processing Stats

File Path                                PID  Runtime      # DAGs    # Errors  Last Runtime    Last Run
-------------------------------------  -----  ---------  --------  ----------  --------------  -------------------
/opt/airflow/dags/football_etl_dag.py    448  0.01s             1           0  0.17s           2026-07-27T04:47:52
================================================================================
[2026-07-27T04:48:53.070+0000] {manager.py:878} INFO - 
================================================================================
DAG File Processing Stats

File Path                                PID  Runtime      # DAGs    # Errors  Last Runtime    Last Run
-------------------------------------  -----  ---------  --------  ----------  --------------  -------------------
/opt/airflow/dags/football_etl_dag.py    453  0.02s             1           0  0.20s           2026-07-27T04:48:22
================================================================================
[2026-07-27T04:49:23.249+0000] {manager.py:878} INFO - 
================================================================================
DAG File Processing Stats

File Path                              PID    Runtime      # DAGs    # Errors  Last Runtime    Last Run
-------------------------------------  -----  ---------  --------  ----------  --------------  -------------------
/opt/airflow/dags/football_etl_dag.py                           1           0  0.25s           2026-07-27T04:48:53
================================================================================
[2026-07-27T04:49:35.574+0000] {manager.py:737} INFO - Searching for files in /opt/airflow/dags
[2026-07-27T04:49:35.595+0000] {manager.py:740} INFO - There are 1 files in /opt/airflow/dags
[2026-07-27T04:49:53.787+0000] {manager.py:878} INFO - 
================================================================================
DAG File Processing Stats

File Path                                PID  Runtime      # DAGs    # Errors  Last Runtime    Last Run
-------------------------------------  -----  ---------  --------  ----------  --------------  -------------------
/opt/airflow/dags/football_etl_dag.py    463  0.01s             1           0  0.18s           2026-07-27T04:49:23
================================================================================
[2026-07-27T04:50:24.144+0000] {manager.py:878} INFO - 
================================================================================
DAG File Processing Stats

File Path                                PID  Runtime      # DAGs    # Errors  Last Runtime    Last Run
-------------------------------------  -----  ---------  --------  ----------  --------------  -------------------
/opt/airflow/dags/football_etl_dag.py    468  0.01s             1           0  0.16s           2026-07-27T04:49:53
================================================================================
[2026-07-27T04:50:54.435+0000] {manager.py:878} INFO - 
================================================================================
DAG File Processing Stats

File Path                                PID  Runtime      # DAGs    # Errors  Last Runtime    Last Run
-------------------------------------  -----  ---------  --------  ----------  --------------  -------------------
/opt/airflow/dags/football_etl_dag.py    473  0.00s             1           0  0.15s           2026-07-27T04:50:24
================================================================================
[2026-07-27T04:51:24.721+0000] {manager.py:878} INFO - 
================================================================================
DAG File Processing Stats

File Path                                PID  Runtime      # DAGs    # Errors  Last Runtime    Last Run
-------------------------------------  -----  ---------  --------  ----------  --------------  -------------------
/opt/airflow/dags/football_etl_dag.py    478  0.01s             1           0  0.15s           2026-07-27T04:50:54
================================================================================
[2026-07-27T04:51:55.004+0000] {manager.py:878} INFO - 
================================================================================
DAG File Processing Stats

File Path                                PID  Runtime      # DAGs    # Errors  Last Runtime    Last Run
-------------------------------------  -----  ---------  --------  ----------  --------------  -------------------
/opt/airflow/dags/football_etl_dag.py    483  0.01s             1           0  0.20s           2026-07-27T04:51:24
================================================================================
[2026-07-27T04:52:25.379+0000] {manager.py:878} INFO - 
================================================================================
DAG File Processing Stats

File Path                                PID  Runtime      # DAGs    # Errors  Last Runtime    Last Run
-------------------------------------  -----  ---------  --------  ----------  --------------  -------------------
/opt/airflow/dags/football_etl_dag.py    488  0.01s             1           0  0.20s           2026-07-27T04:51:55
================================================================================
[2026-07-27T04:52:55.681+0000] {manager.py:878} INFO - 
================================================================================
DAG File Processing Stats

File Path                                PID  Runtime      # DAGs    # Errors  Last Runtime    Last Run
-------------------------------------  -----  ---------  --------  ----------  --------------  -------------------
/opt/airflow/dags/football_etl_dag.py    493  0.00s             1           0  0.16s           2026-07-27T04:52:25
================================================================================
[2026-07-27T04:53:26.023+0000] {manager.py:878} INFO - 
================================================================================
DAG File Processing Stats

File Path                                PID  Runtime      # DAGs    # Errors  Last Runtime    Last Run
-------------------------------------  -----  ---------  --------  ----------  --------------  -------------------
/opt/airflow/dags/football_etl_dag.py    498  0.01s             1           0  0.17s           2026-07-27T04:52:55
================================================================================
[2026-07-27T04:53:56.357+0000] {manager.py:878} INFO - 
================================================================================
DAG File Processing Stats

File Path                                PID  Runtime      # DAGs    # Errors  Last Runtime    Last Run
-------------------------------------  -----  ---------  --------  ----------  --------------  -------------------
/opt/airflow/dags/football_etl_dag.py    503  0.01s             1           0  0.19s           2026-07-27T04:53:26
================================================================================
[2026-07-27T04:54:26.642+0000] {manager.py:878} INFO - 
================================================================================
DAG File Processing Stats

File Path                                PID  Runtime      # DAGs    # Errors  Last Runtime    Last Run
-------------------------------------  -----  ---------  --------  ----------  --------------  -------------------
/opt/airflow/dags/football_etl_dag.py    508  0.00s             1           0  0.16s           2026-07-27T04:53:56
================================================================================
[2026-07-27T04:54:35.762+0000] {manager.py:737} INFO - Searching for files in /opt/airflow/dags
[2026-07-27T04:54:35.789+0000] {manager.py:740} INFO - There are 1 files in /opt/airflow/dags
[2026-07-27T04:54:57.016+0000] {manager.py:878} INFO - 
================================================================================
DAG File Processing Stats

File Path                                PID  Runtime      # DAGs    # Errors  Last Runtime    Last Run
-------------------------------------  -----  ---------  --------  ----------  --------------  -------------------
/opt/airflow/dags/football_etl_dag.py    513  0.01s             1           0  0.15s           2026-07-27T04:54:26
================================================================================
[2026-07-27T04:55:27.322+0000] {manager.py:878} INFO - 
================================================================================
DAG File Processing Stats

File Path                                PID  Runtime      # DAGs    # Errors  Last Runtime    Last Run
-------------------------------------  -----  ---------  --------  ----------  --------------  -------------------
/opt/airflow/dags/football_etl_dag.py    518  0.01s             1           0  0.16s           2026-07-27T04:54:57
================================================================================
[2026-07-27T04:55:57.615+0000] {manager.py:878} INFO - 
================================================================================
DAG File Processing Stats

File Path                                PID  Runtime      # DAGs    # Errors  Last Runtime    Last Run
-------------------------------------  -----  ---------  --------  ----------  --------------  -------------------
/opt/airflow/dags/football_etl_dag.py    523  0.01s             1           0  0.16s           2026-07-27T04:55:27
================================================================================
[2026-07-27T04:56:27.876+0000] {manager.py:878} INFO - 
================================================================================
DAG File Processing Stats

File Path                                PID  Runtime      # DAGs    # Errors  Last Runtime    Last Run
-------------------------------------  -----  ---------  --------  ----------  --------------  -------------------
/opt/airflow/dags/football_etl_dag.py    528  0.00s             1           0  0.18s           2026-07-27T04:55:57
================================================================================
[2026-07-27T04:56:58.242+0000] {manager.py:878} INFO - 
================================================================================
DAG File Processing Stats

File Path                                PID  Runtime      # DAGs    # Errors  Last Runtime    Last Run
-------------------------------------  -----  ---------  --------  ----------  --------------  -------------------
/opt/airflow/dags/football_etl_dag.py    533  0.00s             1           0  0.15s           2026-07-27T04:56:28
================================================================================
[2026-07-27T04:57:28.500+0000] {manager.py:878} INFO - 
================================================================================
DAG File Processing Stats

File Path                                PID  Runtime      # DAGs    # Errors  Last Runtime    Last Run
-------------------------------------  -----  ---------  --------  ----------  --------------  -------------------
/opt/airflow/dags/football_etl_dag.py    538  0.01s             1           0  0.13s           2026-07-27T04:56:58
================================================================================
[2026-07-27T04:57:58.843+0000] {manager.py:878} INFO - 
================================================================================
DAG File Processing Stats

File Path                                PID  Runtime      # DAGs    # Errors  Last Runtime    Last Run
-------------------------------------  -----  ---------  --------  ----------  --------------  -------------------
/opt/airflow/dags/football_etl_dag.py    543  0.00s             1           0  0.22s           2026-07-27T04:57:28
================================================================================
[2026-07-27T04:58:29.233+0000] {manager.py:878} INFO - 
================================================================================
DAG File Processing Stats

File Path                                PID  Runtime      # DAGs    # Errors  Last Runtime    Last Run
-------------------------------------  -----  ---------  --------  ----------  --------------  -------------------
/opt/airflow/dags/football_etl_dag.py    548  0.00s             1           0  0.15s           2026-07-27T04:57:58
================================================================================
[2026-07-27T04:58:59.500+0000] {manager.py:878} INFO - 
================================================================================
DAG File Processing Stats

File Path                                PID  Runtime      # DAGs    # Errors  Last Runtime    Last Run
-------------------------------------  -----  ---------  --------  ----------  --------------  -------------------
/opt/airflow/dags/football_etl_dag.py    553  0.00s             1           0  0.14s           2026-07-27T04:58:29
================================================================================
[2026-07-27T04:59:29.874+0000] {manager.py:878} INFO - 
================================================================================
DAG File Processing Stats

File Path                                PID  Runtime      # DAGs    # Errors  Last Runtime    Last Run
-------------------------------------  -----  ---------  --------  ----------  --------------  -------------------
/opt/airflow/dags/football_etl_dag.py    558  0.01s             1           0  0.16s           2026-07-27T04:58:59
================================================================================
[2026-07-27T04:59:35.921+0000] {manager.py:737} INFO - Searching for files in /opt/airflow/dags
[2026-07-27T04:59:35.949+0000] {manager.py:740} INFO - There are 1 files in /opt/airflow/dags
[2026-07-27T05:00:00.141+0000] {manager.py:878} INFO - 
================================================================================
DAG File Processing Stats

File Path                                PID  Runtime      # DAGs    # Errors  Last Runtime    Last Run
-------------------------------------  -----  ---------  --------  ----------  --------------  -------------------
/opt/airflow/dags/football_etl_dag.py    563  0.01s             1           0  0.14s           2026-07-27T04:59:30
================================================================================
[2026-07-27T05:00:30.457+0000] {manager.py:878} INFO - 
================================================================================
DAG File Processing Stats

File Path                                PID  Runtime      # DAGs    # Errors  Last Runtime    Last Run
-------------------------------------  -----  ---------  --------  ----------  --------------  -------------------
/opt/airflow/dags/football_etl_dag.py    568  0.01s             1           0  0.18s           2026-07-27T05:00:00
================================================================================
[2026-07-27T05:01:00.734+0000] {manager.py:878} INFO - 
================================================================================
DAG File Processing Stats

File Path                                PID  Runtime      # DAGs    # Errors  Last Runtime    Last Run
-------------------------------------  -----  ---------  --------  ----------  --------------  -------------------
/opt/airflow/dags/football_etl_dag.py    573  0.01s             1           0  0.15s           2026-07-27T05:00:30
================================================================================
[2026-07-27T05:01:31.063+0000] {manager.py:878} INFO - 
================================================================================
DAG File Processing Stats

File Path                                PID  Runtime      # DAGs    # Errors  Last Runtime    Last Run
-------------------------------------  -----  ---------  --------  ----------  --------------  -------------------
/opt/airflow/dags/football_etl_dag.py    578  0.00s             1           0  0.20s           2026-07-27T05:01:00
================================================================================
[2026-07-27T05:02:01.408+0000] {manager.py:878} INFO - 
================================================================================
DAG File Processing Stats

File Path                                PID  Runtime      # DAGs    # Errors  Last Runtime    Last Run
-------------------------------------  -----  ---------  --------  ----------  --------------  -------------------
/opt/airflow/dags/football_etl_dag.py    583  0.01s             1           0  0.15s           2026-07-27T05:01:31
================================================================================
[2026-07-27T05:02:31.648+0000] {manager.py:878} INFO - 
================================================================================
DAG File Processing Stats

File Path                                PID  Runtime      # DAGs    # Errors  Last Runtime    Last Run
-------------------------------------  -----  ---------  --------  ----------  --------------  -------------------
/opt/airflow/dags/football_etl_dag.py    588  0.01s             1           0  0.17s           2026-07-27T05:02:01
================================================================================
[2026-07-27T05:03:02.029+0000] {manager.py:878} INFO - 
================================================================================
DAG File Processing Stats

File Path                                PID  Runtime      # DAGs    # Errors  Last Runtime    Last Run
-------------------------------------  -----  ---------  --------  ----------  --------------  -------------------
/opt/airflow/dags/football_etl_dag.py    593  0.00s             1           0  0.15s           2026-07-27T05:02:31
================================================================================
[2026-07-27T05:03:32.274+0000] {manager.py:878} INFO - 
================================================================================
DAG File Processing Stats

File Path                                PID  Runtime      # DAGs    # Errors  Last Runtime    Last Run
-------------------------------------  -----  ---------  --------  ----------  --------------  -------------------
/opt/airflow/dags/football_etl_dag.py    598  0.01s             1           0  0.15s           2026-07-27T05:03:02
================================================================================
[2026-07-27T05:04:02.618+0000] {manager.py:878} INFO - 
================================================================================
DAG File Processing Stats

File Path                                PID  Runtime      # DAGs    # Errors  Last Runtime    Last Run
-------------------------------------  -----  ---------  --------  ----------  --------------  -------------------
/opt/airflow/dags/football_etl_dag.py    603  0.01s             1           0  0.15s           2026-07-27T05:03:32
================================================================================
[2026-07-27T05:04:32.835+0000] {manager.py:878} INFO - 
================================================================================
DAG File Processing Stats

File Path                                PID  Runtime      # DAGs    # Errors  Last Runtime    Last Run
-------------------------------------  -----  ---------  --------  ----------  --------------  -------------------
/opt/airflow/dags/football_etl_dag.py    608  0.00s             1           0  0.20s           2026-07-27T05:04:02
================================================================================
[2026-07-27T05:04:36.004+0000] {manager.py:737} INFO - Searching for files in /opt/airflow/dags
[2026-07-27T05:04:36.028+0000] {manager.py:740} INFO - There are 1 files in /opt/airflow/dags
[2026-07-27T05:05:03.121+0000] {manager.py:878} INFO - 
================================================================================
DAG File Processing Stats

File Path                                PID  Runtime      # DAGs    # Errors  Last Runtime    Last Run
-------------------------------------  -----  ---------  --------  ----------  --------------  -------------------
/opt/airflow/dags/football_etl_dag.py    613  0.00s             1           0  0.15s           2026-07-27T05:04:32
================================================================================
[2026-07-27T05:05:33.421+0000] {manager.py:878} INFO - 
================================================================================
DAG File Processing Stats

File Path                                PID  Runtime      # DAGs    # Errors  Last Runtime    Last Run
-------------------------------------  -----  ---------  --------  ----------  --------------  -------------------
/opt/airflow/dags/football_etl_dag.py    618  0.00s             1           0  0.14s           2026-07-27T05:05:03
================================================================================
[2026-07-27T05:06:03.652+0000] {manager.py:878} INFO - 
================================================================================
DAG File Processing Stats

File Path                                PID  Runtime      # DAGs    # Errors  Last Runtime    Last Run
-------------------------------------  -----  ---------  --------  ----------  --------------  -------------------
/opt/airflow/dags/football_etl_dag.py    623  0.00s             1           0  0.19s           2026-07-27T05:05:33
================================================================================
[2026-07-27T05:06:33.921+0000] {manager.py:878} INFO - 
================================================================================
DAG File Processing Stats

File Path                                PID  Runtime      # DAGs    # Errors  Last Runtime    Last Run
-------------------------------------  -----  ---------  --------  ----------  --------------  -------------------
/opt/airflow/dags/football_etl_dag.py    628  0.01s             1           0  0.16s           2026-07-27T05:06:03
================================================================================
[2026-07-27T05:07:04.247+0000] {manager.py:878} INFO - 
================================================================================
DAG File Processing Stats

File Path                                PID  Runtime      # DAGs    # Errors  Last Runtime    Last Run
-------------------------------------  -----  ---------  --------  ----------  --------------  -------------------
/opt/airflow/dags/football_etl_dag.py    633  0.01s             1           0  0.16s           2026-07-27T05:06:34
================================================================================
[2026-07-27T05:07:34.513+0000] {manager.py:878} INFO - 
================================================================================
DAG File Processing Stats

File Path                                PID  Runtime      # DAGs    # Errors  Last Runtime    Last Run
-------------------------------------  -----  ---------  --------  ----------  --------------  -------------------
/opt/airflow/dags/football_etl_dag.py    638  0.01s             1           0  0.15s           2026-07-27T05:07:04
================================================================================
[2026-07-27T05:08:04.798+0000] {manager.py:878} INFO - 
================================================================================
DAG File Processing Stats

File Path                                PID  Runtime      # DAGs    # Errors  Last Runtime    Last Run
-------------------------------------  -----  ---------  --------  ----------  --------------  -------------------
/opt/airflow/dags/football_etl_dag.py    643  0.01s             1           0  0.16s           2026-07-27T05:07:34
================================================================================
[2026-07-27T05:08:35.116+0000] {manager.py:878} INFO - 
================================================================================
DAG File Processing Stats

File Path                                PID  Runtime      # DAGs    # Errors  Last Runtime    Last Run
-------------------------------------  -----  ---------  --------  ----------  --------------  -------------------
/opt/airflow/dags/football_etl_dag.py    648  0.01s             1           0  0.17s           2026-07-27T05:08:04
================================================================================
[2026-07-27T05:09:05.468+0000] {manager.py:878} INFO - 
================================================================================
DAG File Processing Stats

File Path                                PID  Runtime      # DAGs    # Errors  Last Runtime    Last Run
-------------------------------------  -----  ---------  --------  ----------  --------------  -------------------
/opt/airflow/dags/football_etl_dag.py    653  0.01s             1           0  0.14s           2026-07-27T05:08:35
================================================================================
[2026-07-27T05:09:35.740+0000] {manager.py:878} INFO - 
================================================================================
DAG File Processing Stats

File Path                                PID  Runtime      # DAGs    # Errors  Last Runtime    Last Run
-------------------------------------  -----  ---------  --------  ----------  --------------  -------------------
/opt/airflow/dags/football_etl_dag.py    658  0.01s             1           0  0.17s           2026-07-27T05:09:05
================================================================================
[2026-07-27T05:09:36.817+0000] {manager.py:737} INFO - Searching for files in /opt/airflow/dags
[2026-07-27T05:09:36.894+0000] {manager.py:740} INFO - There are 1 files in /opt/airflow/dags
[2026-07-27T05:10:06.162+0000] {manager.py:878} INFO - 
================================================================================
DAG File Processing Stats

File Path                                PID  Runtime      # DAGs    # Errors  Last Runtime    Last Run
-------------------------------------  -----  ---------  --------  ----------  --------------  -------------------
/opt/airflow/dags/football_etl_dag.py    663  0.01s             1           0  0.15s           2026-07-27T05:09:35
================================================================================
[2026-07-27T05:10:36.406+0000] {manager.py:878} INFO - 
================================================================================
DAG File Processing Stats

File Path                                PID  Runtime      # DAGs    # Errors  Last Runtime    Last Run
-------------------------------------  -----  ---------  --------  ----------  --------------  -------------------
/opt/airflow/dags/football_etl_dag.py    668  0.00s             1           0  0.14s           2026-07-27T05:10:06
================================================================================
[2026-07-27T05:11:06.703+0000] {manager.py:878} INFO - 
================================================================================
DAG File Processing Stats

File Path                                PID  Runtime      # DAGs    # Errors  Last Runtime    Last Run
-------------------------------------  -----  ---------  --------  ----------  --------------  -------------------
/opt/airflow/dags/football_etl_dag.py    673  0.00s             1           0  0.14s           2026-07-27T05:10:36
================================================================================
[2026-07-27T05:11:37.043+0000] {manager.py:878} INFO - 
================================================================================
DAG File Processing Stats

File Path                                PID  Runtime      # DAGs    # Errors  Last Runtime    Last Run
-------------------------------------  -----  ---------  --------  ----------  --------------  -------------------
/opt/airflow/dags/football_etl_dag.py    678  0.00s             1           0  0.18s           2026-07-27T05:11:06
================================================================================
[2026-07-27T05:12:07.262+0000] {manager.py:878} INFO - 
================================================================================
DAG File Processing Stats

File Path                                PID  Runtime      # DAGs    # Errors  Last Runtime    Last Run
-------------------------------------  -----  ---------  --------  ----------  --------------  -------------------
/opt/airflow/dags/football_etl_dag.py    683  0.00s             1           0  0.14s           2026-07-27T05:11:37
================================================================================
[2026-07-27T05:12:37.543+0000] {manager.py:878} INFO - 
================================================================================
DAG File Processing Stats

File Path                                PID  Runtime      # DAGs    # Errors  Last Runtime    Last Run
-------------------------------------  -----  ---------  --------  ----------  --------------  -------------------
/opt/airflow/dags/football_etl_dag.py    688  0.00s             1           0  0.13s           2026-07-27T05:12:07
================================================================================
[2026-07-27T05:13:07.805+0000] {manager.py:878} INFO - 
================================================================================
DAG File Processing Stats

File Path                                PID  Runtime      # DAGs    # Errors  Last Runtime    Last Run
-------------------------------------  -----  ---------  --------  ----------  --------------  -------------------
/opt/airflow/dags/football_etl_dag.py    693  0.00s             1           0  0.16s           2026-07-27T05:12:37
================================================================================
[2026-07-27T05:13:38.080+0000] {manager.py:878} INFO - 
================================================================================
DAG File Processing Stats

File Path                                PID  Runtime      # DAGs    # Errors  Last Runtime    Last Run
-------------------------------------  -----  ---------  --------  ----------  --------------  -------------------
/opt/airflow/dags/football_etl_dag.py    698  0.00s             1           0  0.16s           2026-07-27T05:13:07
================================================================================
[2026-07-27T05:14:08.408+0000] {manager.py:878} INFO - 
================================================================================
DAG File Processing Stats

File Path                                PID  Runtime      # DAGs    # Errors  Last Runtime    Last Run
-------------------------------------  -----  ---------  --------  ----------  --------------  -------------------
/opt/airflow/dags/football_etl_dag.py    703  0.01s             1           0  0.17s           2026-07-27T05:13:38
================================================================================
[2026-07-27T05:14:37.668+0000] {manager.py:737} INFO - Searching for files in /opt/airflow/dags
[2026-07-27T05:14:37.710+0000] {manager.py:740} INFO - There are 1 files in /opt/airflow/dags
[2026-07-27T05:14:38.763+0000] {manager.py:878} INFO - 
================================================================================
DAG File Processing Stats

File Path                                PID  Runtime      # DAGs    # Errors  Last Runtime    Last Run
-------------------------------------  -----  ---------  --------  ----------  --------------  -------------------
/opt/airflow/dags/football_etl_dag.py    708  0.01s             1           0  0.16s           2026-07-27T05:14:08
================================================================================
[2026-07-27T05:15:09.041+0000] {manager.py:878} INFO - 
================================================================================
DAG File Processing Stats

File Path                                PID  Runtime      # DAGs    # Errors  Last Runtime    Last Run
-------------------------------------  -----  ---------  --------  ----------  --------------  -------------------
/opt/airflow/dags/football_etl_dag.py    713  0.01s             1           0  0.16s           2026-07-27T05:14:38
================================================================================
[2026-07-27T05:15:39.320+0000] {manager.py:878} INFO - 
================================================================================
DAG File Processing Stats

File Path                                PID  Runtime      # DAGs    # Errors  Last Runtime    Last Run
-------------------------------------  -----  ---------  --------  ----------  --------------  -------------------
/opt/airflow/dags/football_etl_dag.py    718  0.01s             1           0  0.15s           2026-07-27T05:15:09
================================================================================
[2026-07-27T05:16:09.594+0000] {manager.py:878} INFO - 
================================================================================
DAG File Processing Stats

File Path                                PID  Runtime      # DAGs    # Errors  Last Runtime    Last Run
-------------------------------------  -----  ---------  --------  ----------  --------------  -------------------
/opt/airflow/dags/football_etl_dag.py    723  0.00s             1           0  0.18s           2026-07-27T05:15:39
================================================================================
[2026-07-27T05:16:39.921+0000] {manager.py:878} INFO - 
================================================================================
DAG File Processing Stats

File Path                                PID  Runtime      # DAGs    # Errors  Last Runtime    Last Run
-------------------------------------  -----  ---------  --------  ----------  --------------  -------------------
/opt/airflow/dags/football_etl_dag.py    728  0.00s             1           0  0.14s           2026-07-27T05:16:09
================================================================================
[2026-07-27T05:17:10.221+0000] {manager.py:878} INFO - 
================================================================================
DAG File Processing Stats

File Path                                PID  Runtime      # DAGs    # Errors  Last Runtime    Last Run
-------------------------------------  -----  ---------  --------  ----------  --------------  -------------------
/opt/airflow/dags/football_etl_dag.py    733  0.01s             1           0  0.15s           2026-07-27T05:16:40
================================================================================
[2026-07-27T05:17:40.489+0000] {manager.py:878} INFO - 
================================================================================
DAG File Processing Stats

File Path                                PID  Runtime      # DAGs    # Errors  Last Runtime    Last Run
-------------------------------------  -----  ---------  --------  ----------  --------------  -------------------
/opt/airflow/dags/football_etl_dag.py    738  0.00s             1           0  0.16s           2026-07-27T05:17:10
================================================================================
[2026-07-27T05:18:10.779+0000] {manager.py:878} INFO - 
================================================================================
DAG File Processing Stats

File Path                                PID  Runtime      # DAGs    # Errors  Last Runtime    Last Run
-------------------------------------  -----  ---------  --------  ----------  --------------  -------------------
/opt/airflow/dags/football_etl_dag.py    743  0.01s             1           0  0.20s           2026-07-27T05:17:40
================================================================================
[2026-07-27T05:18:41.040+0000] {manager.py:878} INFO - 
================================================================================
DAG File Processing Stats

File Path                                PID  Runtime      # DAGs    # Errors  Last Runtime    Last Run
-------------------------------------  -----  ---------  --------  ----------  --------------  -------------------
/opt/airflow/dags/football_etl_dag.py    748  0.01s             1           0  0.18s           2026-07-27T05:18:10
================================================================================
[2026-07-27T05:19:11.336+0000] {manager.py:878} INFO - 
================================================================================
DAG File Processing Stats

File Path                                PID  Runtime      # DAGs    # Errors  Last Runtime    Last Run
-------------------------------------  -----  ---------  --------  ----------  --------------  -------------------
/opt/airflow/dags/football_etl_dag.py    753  0.01s             1           0  0.19s           2026-07-27T05:18:41
================================================================================
[2026-07-27T05:19:37.695+0000] {manager.py:737} INFO - Searching for files in /opt/airflow/dags
[2026-07-27T05:19:37.718+0000] {manager.py:740} INFO - There are 1 files in /opt/airflow/dags
[2026-07-27T05:19:41.659+0000] {manager.py:878} INFO - 
================================================================================
DAG File Processing Stats

File Path                                PID  Runtime      # DAGs    # Errors  Last Runtime    Last Run
-------------------------------------  -----  ---------  --------  ----------  --------------  -------------------
/opt/airflow/dags/football_etl_dag.py    758  0.00s             1           0  0.18s           2026-07-27T05:19:11
================================================================================
[2026-07-27T05:20:11.985+0000] {manager.py:878} INFO - 
================================================================================
DAG File Processing Stats

File Path                                PID  Runtime      # DAGs    # Errors  Last Runtime    Last Run
-------------------------------------  -----  ---------  --------  ----------  --------------  -------------------
/opt/airflow/dags/football_etl_dag.py    763  0.00s             1           0  0.16s           2026-07-27T05:19:41
================================================================================
[2026-07-27T05:20:42.237+0000] {manager.py:878} INFO - 
================================================================================
DAG File Processing Stats

File Path                                PID  Runtime      # DAGs    # Errors  Last Runtime    Last Run
-------------------------------------  -----  ---------  --------  ----------  --------------  -------------------
/opt/airflow/dags/football_etl_dag.py    768  0.01s             1           0  0.16s           2026-07-27T05:20:12
================================================================================
[2026-07-27T05:21:12.587+0000] {manager.py:878} INFO - 
================================================================================
DAG File Processing Stats

File Path                                PID  Runtime      # DAGs    # Errors  Last Runtime    Last Run
-------------------------------------  -----  ---------  --------  ----------  --------------  -------------------
/opt/airflow/dags/football_etl_dag.py    773  0.00s             1           0  0.15s           2026-07-27T05:20:42
================================================================================
[2026-07-27T05:21:42.910+0000] {manager.py:878} INFO - 
================================================================================
DAG File Processing Stats

File Path                                PID  Runtime      # DAGs    # Errors  Last Runtime    Last Run
-------------------------------------  -----  ---------  --------  ----------  --------------  -------------------
/opt/airflow/dags/football_etl_dag.py    778  0.01s             1           0  0.18s           2026-07-27T05:21:12
================================================================================
[2026-07-27T05:22:13.313+0000] {manager.py:878} INFO - 
================================================================================
DAG File Processing Stats

File Path                                PID  Runtime      # DAGs    # Errors  Last Runtime    Last Run
-------------------------------------  -----  ---------  --------  ----------  --------------  -------------------
/opt/airflow/dags/football_etl_dag.py    783  0.00s             1           0  0.14s           2026-07-27T05:21:43
================================================================================
[2026-07-27T05:22:43.585+0000] {manager.py:878} INFO - 
================================================================================
DAG File Processing Stats

File Path                                PID  Runtime      # DAGs    # Errors  Last Runtime    Last Run
-------------------------------------  -----  ---------  --------  ----------  --------------  -------------------
/opt/airflow/dags/football_etl_dag.py    788  0.01s             1           0  0.15s           2026-07-27T05:22:13
================================================================================
[2026-07-27T18:14:44.700+0000] {manager.py:470} INFO - Processing files using up to 2 processes at a time 
[2026-07-27T18:14:44.701+0000] {manager.py:471} INFO - Process each file at most once every 30 seconds
[2026-07-27T18:14:44.703+0000] {manager.py:472} INFO - Checking for new files in /opt/airflow/dags every 300 seconds
[2026-07-27T18:14:44.704+0000] {manager.py:737} INFO - Searching for files in /opt/airflow/dags
[2026-07-27T18:14:44.727+0000] {manager.py:740} INFO - There are 1 files in /opt/airflow/dags
[2026-07-27T18:14:44.949+0000] {manager.py:878} INFO - 
================================================================================
DAG File Processing Stats

File Path                                PID  Runtime      # DAGs    # Errors  Last Runtime    Last Run
-------------------------------------  -----  ---------  --------  ----------  --------------  ----------
/opt/airflow/dags/football_etl_dag.py    165  0.13s             0           0
================================================================================
[2026-07-27T18:15:15.120+0000] {manager.py:878} INFO - 
================================================================================
DAG File Processing Stats

File Path                              PID    Runtime      # DAGs    # Errors  Last Runtime    Last Run
-------------------------------------  -----  ---------  --------  ----------  --------------  -------------------
/opt/airflow/dags/football_etl_dag.py                           1           0  0.33s           2026-07-27T18:14:45
================================================================================
[2026-07-27T18:15:45.565+0000] {manager.py:878} INFO - 
================================================================================
DAG File Processing Stats

File Path                              PID    Runtime      # DAGs    # Errors  Last Runtime    Last Run
-------------------------------------  -----  ---------  --------  ----------  --------------  -------------------
/opt/airflow/dags/football_etl_dag.py                           1           0  0.35s           2026-07-27T18:15:15
================================================================================
[2026-07-27T18:16:16.164+0000] {manager.py:878} INFO - 
================================================================================
DAG File Processing Stats

File Path                                PID  Runtime      # DAGs    # Errors  Last Runtime    Last Run
-------------------------------------  -----  ---------  --------  ----------  --------------  -------------------
/opt/airflow/dags/football_etl_dag.py    180  0.00s             1           0  0.16s           2026-07-27T18:15:46
================================================================================
[2026-07-27T18:16:46.524+0000] {manager.py:878} INFO - 
================================================================================
DAG File Processing Stats

File Path                                PID  Runtime      # DAGs    # Errors  Last Runtime    Last Run
-------------------------------------  -----  ---------  --------  ----------  --------------  -------------------
/opt/airflow/dags/football_etl_dag.py    185  0.01s             1           0  0.19s           2026-07-27T18:16:16
================================================================================
[2026-07-27T18:17:16.688+0000] {manager.py:878} INFO - 
================================================================================
DAG File Processing Stats

File Path                              PID    Runtime      # DAGs    # Errors  Last Runtime    Last Run
-------------------------------------  -----  ---------  --------  ----------  --------------  -------------------
/opt/airflow/dags/football_etl_dag.py                           1           0  0.18s           2026-07-27T18:16:46
================================================================================
[2026-07-27T18:17:47.092+0000] {manager.py:878} INFO - 
================================================================================
DAG File Processing Stats

File Path                                PID  Runtime      # DAGs    # Errors  Last Runtime    Last Run
-------------------------------------  -----  ---------  --------  ----------  --------------  -------------------
/opt/airflow/dags/football_etl_dag.py    195  0.01s             1           0  0.20s           2026-07-27T18:17:17
================================================================================
[2026-07-27T18:18:17.503+0000] {manager.py:878} INFO - 
================================================================================
DAG File Processing Stats

File Path                                PID  Runtime      # DAGs    # Errors  Last Runtime    Last Run
-------------------------------------  -----  ---------  --------  ----------  --------------  -------------------
/opt/airflow/dags/football_etl_dag.py    200  0.00s             1           0  0.19s           2026-07-27T18:17:47
================================================================================
[2026-07-27T18:18:47.723+0000] {manager.py:878} INFO - 
================================================================================
DAG File Processing Stats

File Path                                PID  Runtime      # DAGs    # Errors  Last Runtime    Last Run
-------------------------------------  -----  ---------  --------  ----------  --------------  -------------------
/opt/airflow/dags/football_etl_dag.py    205  0.01s             1           0  0.15s           2026-07-27T18:18:17
================================================================================
[2026-07-27T18:19:18.026+0000] {manager.py:878} INFO - 
================================================================================
DAG File Processing Stats

File Path                                PID  Runtime      # DAGs    # Errors  Last Runtime    Last Run
-------------------------------------  -----  ---------  --------  ----------  --------------  -------------------
/opt/airflow/dags/football_etl_dag.py    210  0.00s             1           0  0.18s           2026-07-27T18:18:47
================================================================================
[2026-07-27T18:19:45.230+0000] {manager.py:737} INFO - Searching for files in /opt/airflow/dags
[2026-07-27T18:19:45.273+0000] {manager.py:740} INFO - There are 1 files in /opt/airflow/dags
[2026-07-27T18:19:48.336+0000] {manager.py:878} INFO - 
================================================================================
DAG File Processing Stats

File Path                                PID  Runtime      # DAGs    # Errors  Last Runtime    Last Run
-------------------------------------  -----  ---------  --------  ----------  --------------  -------------------
/opt/airflow/dags/football_etl_dag.py    215  0.01s             1           0  0.15s           2026-07-27T18:19:18
================================================================================
[2026-07-27T18:20:18.669+0000] {manager.py:878} INFO - 
================================================================================
DAG File Processing Stats

File Path                                PID  Runtime      # DAGs    # Errors  Last Runtime    Last Run
-------------------------------------  -----  ---------  --------  ----------  --------------  -------------------
/opt/airflow/dags/football_etl_dag.py    220  0.00s             1           0  0.16s           2026-07-27T18:19:48
================================================================================
[2026-07-27T18:20:48.905+0000] {manager.py:878} INFO - 
================================================================================
DAG File Processing Stats

File Path                                PID  Runtime      # DAGs    # Errors  Last Runtime    Last Run
-------------------------------------  -----  ---------  --------  ----------  --------------  -------------------
/opt/airflow/dags/football_etl_dag.py    225  0.00s             1           0  0.15s           2026-07-27T18:20:18
================================================================================
[2026-07-27T18:21:19.221+0000] {manager.py:878} INFO - 
================================================================================
DAG File Processing Stats

File Path                                PID  Runtime      # DAGs    # Errors  Last Runtime    Last Run
-------------------------------------  -----  ---------  --------  ----------  --------------  -------------------
/opt/airflow/dags/football_etl_dag.py    230  0.01s             1           0  0.17s           2026-07-27T18:20:49
================================================================================
[2026-07-27T18:21:49.488+0000] {manager.py:878} INFO - 
================================================================================
DAG File Processing Stats

File Path                                PID  Runtime      # DAGs    # Errors  Last Runtime    Last Run
-------------------------------------  -----  ---------  --------  ----------  --------------  -------------------
/opt/airflow/dags/football_etl_dag.py    242  0.01s             1           0  0.19s           2026-07-27T18:21:19
================================================================================
[2026-07-27T18:22:19.831+0000] {manager.py:878} INFO - 
================================================================================
DAG File Processing Stats

File Path                                PID  Runtime      # DAGs    # Errors  Last Runtime    Last Run
-------------------------------------  -----  ---------  --------  ----------  --------------  -------------------
/opt/airflow/dags/football_etl_dag.py    247  0.01s             1           0  0.16s           2026-07-27T18:21:49
================================================================================
[2026-07-27T18:22:50.055+0000] {manager.py:878} INFO - 
================================================================================
DAG File Processing Stats

File Path                                PID  Runtime      # DAGs    # Errors  Last Runtime    Last Run
-------------------------------------  -----  ---------  --------  ----------  --------------  -------------------
/opt/airflow/dags/football_etl_dag.py    252  0.01s             1           0  0.17s           2026-07-27T18:22:19
================================================================================
[2026-07-27T18:23:20.429+0000] {manager.py:878} INFO - 
================================================================================
DAG File Processing Stats

File Path                                PID  Runtime      # DAGs    # Errors  Last Runtime    Last Run
-------------------------------------  -----  ---------  --------  ----------  --------------  -------------------
/opt/airflow/dags/football_etl_dag.py    257  0.01s             1           0  0.16s           2026-07-27T18:22:50
================================================================================
[2026-07-27T18:23:50.655+0000] {manager.py:878} INFO - 
================================================================================
DAG File Processing Stats

File Path                              PID    Runtime      # DAGs    # Errors  Last Runtime    Last Run
-------------------------------------  -----  ---------  --------  ----------  --------------  -------------------
/opt/airflow/dags/football_etl_dag.py                           1           0  0.37s           2026-07-27T18:23:20
================================================================================
[2026-07-27T18:24:21.189+0000] {manager.py:878} INFO - 
================================================================================
DAG File Processing Stats

File Path                                PID  Runtime      # DAGs    # Errors  Last Runtime    Last Run
-------------------------------------  -----  ---------  --------  ----------  --------------  -------------------
/opt/airflow/dags/football_etl_dag.py    267  0.01s             1           0  0.17s           2026-07-27T18:23:51
================================================================================
[2026-07-27T18:24:45.661+0000] {manager.py:737} INFO - Searching for files in /opt/airflow/dags
[2026-07-27T18:24:45.689+0000] {manager.py:740} INFO - There are 1 files in /opt/airflow/dags
[2026-07-27T18:24:51.740+0000] {manager.py:878} INFO - 
================================================================================
DAG File Processing Stats

File Path                              PID    Runtime      # DAGs    # Errors  Last Runtime    Last Run
-------------------------------------  -----  ---------  --------  ----------  --------------  -------------------
/opt/airflow/dags/football_etl_dag.py                           1           0  0.31s           2026-07-27T18:24:32
================================================================================
[2026-07-27T18:25:01.668+0000] {manager.py:452} INFO - Exiting gracefully upon receiving signal 15
[2026-07-27T18:25:14.012+0000] {manager.py:470} INFO - Processing files using up to 2 processes at a time 
[2026-07-27T18:25:14.013+0000] {manager.py:471} INFO - Process each file at most once every 30 seconds
[2026-07-27T18:25:14.015+0000] {manager.py:472} INFO - Checking for new files in /opt/airflow/dags every 300 seconds
[2026-07-27T18:25:14.018+0000] {manager.py:737} INFO - Searching for files in /opt/airflow/dags
[2026-07-27T18:25:14.051+0000] {manager.py:740} INFO - There are 1 files in /opt/airflow/dags
[2026-07-27T18:25:14.188+0000] {manager.py:878} INFO - 
================================================================================
DAG File Processing Stats

File Path                                PID  Runtime      # DAGs    # Errors  Last Runtime    Last Run
-------------------------------------  -----  ---------  --------  ----------  --------------  ----------
/opt/airflow/dags/football_etl_dag.py    164  0.06s             0           0
================================================================================
[2026-07-27T18:25:44.451+0000] {manager.py:878} INFO - 
================================================================================
DAG File Processing Stats

File Path                                PID  Runtime      # DAGs    # Errors  Last Runtime    Last Run
-------------------------------------  -----  ---------  --------  ----------  --------------  -------------------
/opt/airflow/dags/football_etl_dag.py    169  0.01s             1           0  0.18s           2026-07-27T18:25:14
================================================================================
[2026-07-27T18:26:14.735+0000] {manager.py:878} INFO - 
================================================================================
DAG File Processing Stats

File Path                                PID  Runtime      # DAGs    # Errors  Last Runtime    Last Run
-------------------------------------  -----  ---------  --------  ----------  --------------  -------------------
/opt/airflow/dags/football_etl_dag.py    174  0.00s             1           0  0.17s           2026-07-27T18:25:44
================================================================================
[2026-07-27T18:26:45.030+0000] {manager.py:878} INFO - 
================================================================================
DAG File Processing Stats

File Path                                PID  Runtime      # DAGs    # Errors  Last Runtime    Last Run
-------------------------------------  -----  ---------  --------  ----------  --------------  -------------------
/opt/airflow/dags/football_etl_dag.py    179  0.00s             1           0  0.16s           2026-07-27T18:26:14
================================================================================
[2026-07-27T18:27:15.369+0000] {manager.py:878} INFO - 
================================================================================
DAG File Processing Stats

File Path                              PID    Runtime      # DAGs    # Errors  Last Runtime    Last Run
-------------------------------------  -----  ---------  --------  ----------  --------------  -------------------
/opt/airflow/dags/football_etl_dag.py                           0           1  0.10s           2026-07-27T18:27:14
================================================================================
[2026-07-27T18:27:33.024+0000] {manager.py:452} INFO - Exiting gracefully upon receiving signal 15
[2026-07-27T18:27:43.340+0000] {manager.py:470} INFO - Processing files using up to 2 processes at a time 
[2026-07-27T18:27:43.342+0000] {manager.py:471} INFO - Process each file at most once every 30 seconds
[2026-07-27T18:27:43.344+0000] {manager.py:472} INFO - Checking for new files in /opt/airflow/dags every 300 seconds
[2026-07-27T18:27:43.346+0000] {manager.py:737} INFO - Searching for files in /opt/airflow/dags
[2026-07-27T18:27:43.378+0000] {manager.py:740} INFO - There are 1 files in /opt/airflow/dags
[2026-07-27T18:27:43.491+0000] {manager.py:878} INFO - 
================================================================================
DAG File Processing Stats

File Path                                PID  Runtime      # DAGs    # Errors  Last Runtime    Last Run
-------------------------------------  -----  ---------  --------  ----------  --------------  ----------
/opt/airflow/dags/football_etl_dag.py    164  0.04s             0           0
================================================================================
[2026-07-27T18:28:13.676+0000] {manager.py:878} INFO - 
================================================================================
DAG File Processing Stats

File Path                                PID  Runtime      # DAGs    # Errors  Last Runtime    Last Run
-------------------------------------  -----  ---------  --------  ----------  --------------  -------------------
/opt/airflow/dags/football_etl_dag.py    175  0.01s             1           0  0.16s           2026-07-27T18:27:43
================================================================================
[2026-07-27T18:28:43.989+0000] {manager.py:878} INFO - 
================================================================================
DAG File Processing Stats

File Path                                PID  Runtime      # DAGs    # Errors  Last Runtime    Last Run
-------------------------------------  -----  ---------  --------  ----------  --------------  -------------------
/opt/airflow/dags/football_etl_dag.py    180  0.00s             1           0  0.18s           2026-07-27T18:28:13
================================================================================
[2026-07-27T18:29:14.293+0000] {manager.py:878} INFO - 
================================================================================
DAG File Processing Stats

File Path                                PID  Runtime      # DAGs    # Errors  Last Runtime    Last Run
-------------------------------------  -----  ---------  --------  ----------  --------------  -------------------
/opt/airflow/dags/football_etl_dag.py    185  0.01s             1           0  0.18s           2026-07-27T18:28:44
================================================================================
[2026-07-27T18:29:40.596+0000] {manager.py:452} INFO - Exiting gracefully upon receiving signal 15
[2026-07-27T18:29:58.946+0000] {manager.py:470} INFO - Processing files using up to 2 processes at a time 
[2026-07-27T18:29:58.951+0000] {manager.py:471} INFO - Process each file at most once every 30 seconds
[2026-07-27T18:29:58.953+0000] {manager.py:472} INFO - Checking for new files in /opt/airflow/dags every 300 seconds
[2026-07-27T18:29:58.955+0000] {manager.py:737} INFO - Searching for files in /opt/airflow/dags
[2026-07-27T18:29:58.991+0000] {manager.py:740} INFO - There are 1 files in /opt/airflow/dags
[2026-07-27T18:29:59.132+0000] {manager.py:878} INFO - 
================================================================================
DAG File Processing Stats

File Path                                PID  Runtime      # DAGs    # Errors  Last Runtime    Last Run
-------------------------------------  -----  ---------  --------  ----------  --------------  ----------
/opt/airflow/dags/football_etl_dag.py    163  0.07s             0           0
================================================================================
[2026-07-27T18:30:29.362+0000] {manager.py:878} INFO - 
================================================================================
DAG File Processing Stats

File Path                                PID  Runtime      # DAGs    # Errors  Last Runtime    Last Run
-------------------------------------  -----  ---------  --------  ----------  --------------  -------------------
/opt/airflow/dags/football_etl_dag.py    175  0.01s             1           0  0.19s           2026-07-27T18:29:59
================================================================================
[2026-07-27T18:30:59.626+0000] {manager.py:878} INFO - 
================================================================================
DAG File Processing Stats

File Path                              PID    Runtime      # DAGs    # Errors  Last Runtime    Last Run
-------------------------------------  -----  ---------  --------  ----------  --------------  -------------------
/opt/airflow/dags/football_etl_dag.py                           1           0  0.29s           2026-07-27T18:30:29
================================================================================
[2026-07-27T18:31:30.011+0000] {manager.py:878} INFO - 
================================================================================
DAG File Processing Stats

File Path                                PID  Runtime      # DAGs    # Errors  Last Runtime    Last Run
-------------------------------------  -----  ---------  --------  ----------  --------------  -------------------
/opt/airflow/dags/football_etl_dag.py    185  0.01s             1           0  0.16s           2026-07-27T18:30:59
================================================================================
[2026-07-27T18:32:00.341+0000] {manager.py:878} INFO - 
================================================================================
DAG File Processing Stats

File Path                                PID  Runtime      # DAGs    # Errors  Last Runtime    Last Run
-------------------------------------  -----  ---------  --------  ----------  --------------  -------------------
/opt/airflow/dags/football_etl_dag.py    190  0.01s             1           0  0.17s           2026-07-27T18:31:30
================================================================================
[2026-07-27T18:32:30.582+0000] {manager.py:878} INFO - 
================================================================================
DAG File Processing Stats

File Path                                PID  Runtime      # DAGs    # Errors  Last Runtime    Last Run
-------------------------------------  -----  ---------  --------  ----------  --------------  -------------------
/opt/airflow/dags/football_etl_dag.py    204  0.00s             1           0  0.16s           2026-07-27T18:32:00
================================================================================
[2026-07-27T18:33:00.974+0000] {manager.py:878} INFO - 
================================================================================
DAG File Processing Stats

File Path                                PID  Runtime      # DAGs    # Errors  Last Runtime    Last Run
-------------------------------------  -----  ---------  --------  ----------  --------------  -------------------
/opt/airflow/dags/football_etl_dag.py    209  0.01s             1           0  0.15s           2026-07-27T18:32:30
================================================================================
[2026-07-27T18:33:31.168+0000] {manager.py:878} INFO - 
================================================================================
DAG File Processing Stats

File Path                              PID    Runtime      # DAGs    # Errors  Last Runtime    Last Run
-------------------------------------  -----  ---------  --------  ----------  --------------  -------------------
/opt/airflow/dags/football_etl_dag.py                           1           0  0.22s           2026-07-27T18:33:01
================================================================================
[2026-07-27T18:34:01.608+0000] {manager.py:878} INFO - 
================================================================================
DAG File Processing Stats

File Path                                PID  Runtime      # DAGs    # Errors  Last Runtime    Last Run
-------------------------------------  -----  ---------  --------  ----------  --------------  -------------------
/opt/airflow/dags/football_etl_dag.py    225  0.01s             1           0  0.16s           2026-07-27T18:33:31
================================================================================
[2026-07-27T18:34:31.953+0000] {manager.py:878} INFO - 
================================================================================
DAG File Processing Stats

File Path                                PID  Runtime      # DAGs    # Errors  Last Runtime    Last Run
-------------------------------------  -----  ---------  --------  ----------  --------------  -------------------
/opt/airflow/dags/football_etl_dag.py    233  0.00s             1           0  0.19s           2026-07-27T18:34:01
================================================================================
[2026-07-27T18:34:59.121+0000] {manager.py:737} INFO - Searching for files in /opt/airflow/dags
[2026-07-27T18:34:59.146+0000] {manager.py:740} INFO - There are 1 files in /opt/airflow/dags
[2026-07-27T18:35:02.212+0000] {manager.py:878} INFO - 
================================================================================
DAG File Processing Stats

File Path                                PID  Runtime      # DAGs    # Errors  Last Runtime    Last Run
-------------------------------------  -----  ---------  --------  ----------  --------------  -------------------
/opt/airflow/dags/football_etl_dag.py    238  0.01s             1           0  0.17s           2026-07-27T18:34:32
================================================================================
[2026-07-27T18:35:32.536+0000] {manager.py:878} INFO - 
================================================================================
DAG File Processing Stats

File Path                                PID  Runtime      # DAGs    # Errors  Last Runtime    Last Run
-------------------------------------  -----  ---------  --------  ----------  --------------  -------------------
/opt/airflow/dags/football_etl_dag.py    246  0.01s             1           0  0.17s           2026-07-27T18:35:02
================================================================================
[2026-07-27T18:36:02.781+0000] {manager.py:878} INFO - 
================================================================================
DAG File Processing Stats

File Path                                PID  Runtime      # DAGs    # Errors  Last Runtime    Last Run
-------------------------------------  -----  ---------  --------  ----------  --------------  -------------------
/opt/airflow/dags/football_etl_dag.py    257  0.01s             1           0  0.18s           2026-07-27T18:35:32
================================================================================
[2026-07-27T18:36:33.082+0000] {manager.py:878} INFO - 
================================================================================
DAG File Processing Stats

File Path                                PID  Runtime      # DAGs    # Errors  Last Runtime    Last Run
-------------------------------------  -----  ---------  --------  ----------  --------------  -------------------
/opt/airflow/dags/football_etl_dag.py    262  0.01s             1           0  0.15s           2026-07-27T18:36:02
================================================================================
[2026-07-27T18:37:03.294+0000] {manager.py:878} INFO - 
================================================================================
DAG File Processing Stats

File Path                                PID  Runtime      # DAGs    # Errors  Last Runtime    Last Run
-------------------------------------  -----  ---------  --------  ----------  --------------  -------------------
/opt/airflow/dags/football_etl_dag.py    267  0.01s             1           0  0.16s           2026-07-27T18:36:33
================================================================================
[2026-07-27T18:37:33.596+0000] {manager.py:878} INFO - 
================================================================================
DAG File Processing Stats

File Path                                PID  Runtime      # DAGs    # Errors  Last Runtime    Last Run
-------------------------------------  -----  ---------  --------  ----------  --------------  -------------------
/opt/airflow/dags/football_etl_dag.py    278  0.01s             1           0  0.18s           2026-07-27T18:37:03
================================================================================
[2026-07-27T18:38:03.844+0000] {manager.py:878} INFO - 
================================================================================
DAG File Processing Stats

File Path                                PID  Runtime      # DAGs    # Errors  Last Runtime    Last Run
-------------------------------------  -----  ---------  --------  ----------  --------------  -------------------
/opt/airflow/dags/football_etl_dag.py    289  0.01s             1           0  0.16s           2026-07-27T18:37:33
================================================================================
[2026-07-27T18:38:34.135+0000] {manager.py:878} INFO - 
================================================================================
DAG File Processing Stats

File Path                                PID  Runtime      # DAGs    # Errors  Last Runtime    Last Run
-------------------------------------  -----  ---------  --------  ----------  --------------  -------------------
/opt/airflow/dags/football_etl_dag.py    297  0.01s             1           0  0.16s           2026-07-27T18:38:03
================================================================================
[2026-07-27T18:39:04.356+0000] {manager.py:878} INFO - 
================================================================================
DAG File Processing Stats

File Path                                PID  Runtime      # DAGs    # Errors  Last Runtime    Last Run
-------------------------------------  -----  ---------  --------  ----------  --------------  -------------------
/opt/airflow/dags/football_etl_dag.py    311  0.01s             1           0  0.16s           2026-07-27T18:38:34
================================================================================
[2026-07-27T18:39:34.659+0000] {manager.py:878} INFO - 
================================================================================
DAG File Processing Stats

File Path                                PID  Runtime      # DAGs    # Errors  Last Runtime    Last Run
-------------------------------------  -----  ---------  --------  ----------  --------------  -------------------
/opt/airflow/dags/football_etl_dag.py    316  0.01s             1           0  0.19s           2026-07-27T18:39:04
================================================================================
[2026-07-27T18:39:59.852+0000] {manager.py:737} INFO - Searching for files in /opt/airflow/dags
[2026-07-27T18:39:59.879+0000] {manager.py:740} INFO - There are 1 files in /opt/airflow/dags
[2026-07-27T18:40:04.937+0000] {manager.py:878} INFO - 
================================================================================
DAG File Processing Stats

File Path                                PID  Runtime      # DAGs    # Errors  Last Runtime    Last Run
-------------------------------------  -----  ---------  --------  ----------  --------------  -------------------
/opt/airflow/dags/football_etl_dag.py    327  0.01s             1           0  0.16s           2026-07-27T18:39:34
================================================================================
[2026-07-27T18:40:35.209+0000] {manager.py:878} INFO - 
================================================================================
DAG File Processing Stats

File Path                                PID  Runtime      # DAGs    # Errors  Last Runtime    Last Run
-------------------------------------  -----  ---------  --------  ----------  --------------  -------------------
/opt/airflow/dags/football_etl_dag.py    335  0.01s             1           0  0.21s           2026-07-27T18:40:05
================================================================================
[2026-07-27T18:41:05.579+0000] {manager.py:878} INFO - 
================================================================================
DAG File Processing Stats

File Path                                PID  Runtime      # DAGs    # Errors  Last Runtime    Last Run
-------------------------------------  -----  ---------  --------  ----------  --------------  -------------------
/opt/airflow/dags/football_etl_dag.py    343  0.00s             1           0  0.19s           2026-07-27T18:40:35
================================================================================
[2026-07-27T18:41:35.819+0000] {manager.py:878} INFO - 
================================================================================
DAG File Processing Stats

File Path                                PID  Runtime      # DAGs    # Errors  Last Runtime    Last Run
-------------------------------------  -----  ---------  --------  ----------  --------------  -------------------
/opt/airflow/dags/football_etl_dag.py    348  0.01s             1           0  0.15s           2026-07-27T18:41:05
================================================================================
[2026-07-27T18:42:06.117+0000] {manager.py:878} INFO - 
================================================================================
DAG File Processing Stats

File Path                                PID  Runtime      # DAGs    # Errors  Last Runtime    Last Run
-------------------------------------  -----  ---------  --------  ----------  --------------  -------------------
/opt/airflow/dags/football_etl_dag.py    359  0.01s             1           0  0.17s           2026-07-27T18:41:35
================================================================================
[2026-07-27T18:42:36.402+0000] {manager.py:878} INFO - 
================================================================================
DAG File Processing Stats

File Path                                PID  Runtime      # DAGs    # Errors  Last Runtime    Last Run
-------------------------------------  -----  ---------  --------  ----------  --------------  -------------------
/opt/airflow/dags/football_etl_dag.py    370  0.01s             1           0  0.16s           2026-07-27T18:42:06
================================================================================
[2026-07-27T18:43:06.735+0000] {manager.py:878} INFO - 
================================================================================
DAG File Processing Stats

File Path                                PID  Runtime      # DAGs    # Errors  Last Runtime    Last Run
-------------------------------------  -----  ---------  --------  ----------  --------------  -------------------
/opt/airflow/dags/football_etl_dag.py    378  0.01s             1           0  0.16s           2026-07-27T18:42:36
================================================================================
[2026-07-27T18:43:36.980+0000] {manager.py:878} INFO - 
================================================================================
DAG File Processing Stats

File Path                                PID  Runtime      # DAGs    # Errors  Last Runtime    Last Run
-------------------------------------  -----  ---------  --------  ----------  --------------  -------------------
/opt/airflow/dags/football_etl_dag.py    386  0.01s             1           0  0.16s           2026-07-27T18:43:06
================================================================================
[2026-07-27T18:44:07.302+0000] {manager.py:878} INFO - 
================================================================================
DAG File Processing Stats

File Path                                PID  Runtime      # DAGs    # Errors  Last Runtime    Last Run
-------------------------------------  -----  ---------  --------  ----------  --------------  -------------------
/opt/airflow/dags/football_etl_dag.py    403  0.01s             1           0  0.18s           2026-07-27T18:43:37
================================================================================
[2026-07-27T18:44:37.641+0000] {manager.py:878} INFO - 
================================================================================
DAG File Processing Stats

File Path                                PID  Runtime      # DAGs    # Errors  Last Runtime    Last Run
-------------------------------------  -----  ---------  --------  ----------  --------------  -------------------
/opt/airflow/dags/football_etl_dag.py    414  0.01s             1           0  0.21s           2026-07-27T18:44:07
================================================================================
[2026-07-27T18:44:59.950+0000] {manager.py:737} INFO - Searching for files in /opt/airflow/dags
[2026-07-27T18:45:00.001+0000] {manager.py:740} INFO - There are 1 files in /opt/airflow/dags
[2026-07-27T18:45:07.922+0000] {manager.py:878} INFO - 
================================================================================
DAG File Processing Stats

File Path                                PID  Runtime      # DAGs    # Errors  Last Runtime    Last Run
-------------------------------------  -----  ---------  --------  ----------  --------------  -------------------
/opt/airflow/dags/football_etl_dag.py    422  0.01s             1           0  0.18s           2026-07-27T18:44:37
================================================================================
[2026-07-27T18:45:38.310+0000] {manager.py:878} INFO - 
================================================================================
DAG File Processing Stats

File Path                                PID  Runtime      # DAGs    # Errors  Last Runtime    Last Run
-------------------------------------  -----  ---------  --------  ----------  --------------  -------------------
/opt/airflow/dags/football_etl_dag.py    430  0.01s             1           0  0.26s           2026-07-27T18:45:08
================================================================================
[2026-07-27T18:46:08.621+0000] {manager.py:878} INFO - 
================================================================================
DAG File Processing Stats

File Path                                PID  Runtime      # DAGs    # Errors  Last Runtime    Last Run
-------------------------------------  -----  ---------  --------  ----------  --------------  -------------------
/opt/airflow/dags/football_etl_dag.py    444  0.01s             1           0  0.21s           2026-07-27T18:45:38
================================================================================
[2026-07-27T18:46:38.897+0000] {manager.py:878} INFO - 
================================================================================
DAG File Processing Stats

File Path                                PID  Runtime      # DAGs    # Errors  Last Runtime    Last Run
-------------------------------------  -----  ---------  --------  ----------  --------------  -------------------
/opt/airflow/dags/football_etl_dag.py    449  0.01s             1           0  0.20s           2026-07-27T18:46:08
================================================================================
[2026-07-27T18:47:09.179+0000] {manager.py:878} INFO - 
================================================================================
DAG File Processing Stats

File Path                                PID  Runtime      # DAGs    # Errors  Last Runtime    Last Run
-------------------------------------  -----  ---------  --------  ----------  --------------  -------------------
/opt/airflow/dags/football_etl_dag.py    460  0.01s             1           0  0.16s           2026-07-27T18:46:39
================================================================================
[2026-07-27T18:47:39.467+0000] {manager.py:878} INFO - 
================================================================================
DAG File Processing Stats

File Path                                PID  Runtime      # DAGs    # Errors  Last Runtime    Last Run
-------------------------------------  -----  ---------  --------  ----------  --------------  -------------------
/opt/airflow/dags/football_etl_dag.py    465  0.01s             1           0  0.17s           2026-07-27T18:47:09
================================================================================
[2026-07-27T18:48:09.743+0000] {manager.py:878} INFO - 
================================================================================
DAG File Processing Stats

File Path                                PID  Runtime      # DAGs    # Errors  Last Runtime    Last Run
-------------------------------------  -----  ---------  --------  ----------  --------------  -------------------
/opt/airflow/dags/football_etl_dag.py    479  0.01s             1           0  0.18s           2026-07-27T18:47:39
================================================================================
[2026-07-27T18:48:40.015+0000] {manager.py:878} INFO - 
================================================================================
DAG File Processing Stats

File Path                                PID  Runtime      # DAGs    # Errors  Last Runtime    Last Run
-------------------------------------  -----  ---------  --------  ----------  --------------  -------------------
/opt/airflow/dags/football_etl_dag.py    484  0.01s             1           0  0.20s           2026-07-27T18:48:09
================================================================================
[2026-07-27T18:49:10.353+0000] {manager.py:878} INFO - 
================================================================================
DAG File Processing Stats

File Path                                PID  Runtime      # DAGs    # Errors  Last Runtime    Last Run
-------------------------------------  -----  ---------  --------  ----------  --------------  -------------------
/opt/airflow/dags/football_etl_dag.py    498  0.01s             1           0  0.16s           2026-07-27T18:48:40
================================================================================
[2026-07-27T18:49:40.621+0000] {manager.py:878} INFO - 
================================================================================
DAG File Processing Stats

File Path                                PID  Runtime      # DAGs    # Errors  Last Runtime    Last Run
-------------------------------------  -----  ---------  --------  ----------  --------------  -------------------
/opt/airflow/dags/football_etl_dag.py    503  0.01s             1           0  0.22s           2026-07-27T18:49:10
================================================================================
[2026-07-27T18:50:00.900+0000] {manager.py:737} INFO - Searching for files in /opt/airflow/dags
[2026-07-27T18:50:00.933+0000] {manager.py:740} INFO - There are 1 files in /opt/airflow/dags
[2026-07-27T18:50:11.023+0000] {manager.py:878} INFO - 
================================================================================
DAG File Processing Stats

File Path                                PID  Runtime      # DAGs    # Errors  Last Runtime    Last Run
-------------------------------------  -----  ---------  --------  ----------  --------------  -------------------
/opt/airflow/dags/football_etl_dag.py    517  0.01s             1           0  0.17s           2026-07-27T18:49:40
================================================================================
[2026-07-27T18:50:41.250+0000] {manager.py:878} INFO - 
================================================================================
DAG File Processing Stats

File Path                                PID  Runtime      # DAGs    # Errors  Last Runtime    Last Run
-------------------------------------  -----  ---------  --------  ----------  --------------  -------------------
/opt/airflow/dags/football_etl_dag.py    522  0.00s             1           0  0.18s           2026-07-27T18:50:11
================================================================================
[2026-07-27T18:51:11.618+0000] {manager.py:878} INFO - 
================================================================================
DAG File Processing Stats

File Path                                PID  Runtime      # DAGs    # Errors  Last Runtime    Last Run
-------------------------------------  -----  ---------  --------  ----------  --------------  -------------------
/opt/airflow/dags/football_etl_dag.py    533  0.01s             1           0  0.15s           2026-07-27T18:50:41
================================================================================
[2026-07-27T18:51:41.864+0000] {manager.py:878} INFO - 
================================================================================
DAG File Processing Stats

File Path                                PID  Runtime      # DAGs    # Errors  Last Runtime    Last Run
-------------------------------------  -----  ---------  --------  ----------  --------------  -------------------
/opt/airflow/dags/football_etl_dag.py    538  0.01s             1           0  0.16s           2026-07-27T18:51:11
================================================================================
[2026-07-27T18:51:51.574+0000] {manager.py:452} INFO - Exiting gracefully upon receiving signal 15
[2026-07-27T18:53:22.735+0000] {manager.py:470} INFO - Processing files using up to 2 processes at a time 
[2026-07-27T18:53:22.737+0000] {manager.py:471} INFO - Process each file at most once every 30 seconds
[2026-07-27T18:53:22.739+0000] {manager.py:472} INFO - Checking for new files in /opt/airflow/dags every 300 seconds
[2026-07-27T18:53:22.742+0000] {manager.py:737} INFO - Searching for files in /opt/airflow/dags
[2026-07-27T18:53:22.781+0000] {manager.py:740} INFO - There are 1 files in /opt/airflow/dags
[2026-07-27T18:53:22.936+0000] {manager.py:878} INFO - 
================================================================================
DAG File Processing Stats

File Path                                PID  Runtime      # DAGs    # Errors  Last Runtime    Last Run
-------------------------------------  -----  ---------  --------  ----------  --------------  ----------
/opt/airflow/dags/football_etl_dag.py    163  0.07s             0           0
================================================================================
[2026-07-27T18:53:53.205+0000] {manager.py:878} INFO - 
================================================================================
DAG File Processing Stats

File Path                                PID  Runtime      # DAGs    # Errors  Last Runtime    Last Run
-------------------------------------  -----  ---------  --------  ----------  --------------  -------------------
/opt/airflow/dags/football_etl_dag.py    190  0.01s             1           0  0.26s           2026-07-27T18:53:23
================================================================================
[2026-07-27T18:54:23.582+0000] {manager.py:878} INFO - 
================================================================================
DAG File Processing Stats

File Path                              PID    Runtime      # DAGs    # Errors  Last Runtime    Last Run
-------------------------------------  -----  ---------  --------  ----------  --------------  -------------------
/opt/airflow/dags/football_etl_dag.py                           1           0  0.40s           2026-07-27T18:53:53
================================================================================
[2026-07-27T18:54:54.010+0000] {manager.py:878} INFO - 
================================================================================
DAG File Processing Stats

File Path                                PID  Runtime      # DAGs    # Errors  Last Runtime    Last Run
-------------------------------------  -----  ---------  --------  ----------  --------------  -------------------
/opt/airflow/dags/football_etl_dag.py    218  0.01s             1           0  0.18s           2026-07-27T18:54:23
================================================================================
[2026-07-27T18:55:24.379+0000] {manager.py:878} INFO - 
================================================================================
DAG File Processing Stats

File Path                                PID  Runtime      # DAGs    # Errors  Last Runtime    Last Run
-------------------------------------  -----  ---------  --------  ----------  --------------  -------------------
/opt/airflow/dags/football_etl_dag.py    235  0.01s             1           0  0.16s           2026-07-27T18:54:54
================================================================================
[2026-07-27T18:55:54.606+0000] {manager.py:878} INFO - 
================================================================================
DAG File Processing Stats

File Path                                PID  Runtime      # DAGs    # Errors  Last Runtime    Last Run
-------------------------------------  -----  ---------  --------  ----------  --------------  -------------------
/opt/airflow/dags/football_etl_dag.py    240  0.01s             1           0  0.16s           2026-07-27T18:55:24
================================================================================
[2026-07-27T18:56:24.959+0000] {manager.py:878} INFO - 
================================================================================
DAG File Processing Stats

File Path                                PID  Runtime      # DAGs    # Errors  Last Runtime    Last Run
-------------------------------------  -----  ---------  --------  ----------  --------------  -------------------
/opt/airflow/dags/football_etl_dag.py    254  0.01s             1           0  0.18s           2026-07-27T18:55:54
================================================================================
[2026-07-27T18:56:55.197+0000] {manager.py:878} INFO - 
================================================================================
DAG File Processing Stats

File Path                                PID  Runtime      # DAGs    # Errors  Last Runtime    Last Run
-------------------------------------  -----  ---------  --------  ----------  --------------  -------------------
/opt/airflow/dags/football_etl_dag.py    259  0.01s             1           0  0.17s           2026-07-27T18:56:25
================================================================================
[2026-07-27T18:57:25.603+0000] {manager.py:878} INFO - 
================================================================================
DAG File Processing Stats

File Path                                PID  Runtime      # DAGs    # Errors  Last Runtime    Last Run
-------------------------------------  -----  ---------  --------  ----------  --------------  -------------------
/opt/airflow/dags/football_etl_dag.py    270  0.01s             1           0  0.19s           2026-07-27T18:56:55
================================================================================
[2026-07-27T18:57:55.845+0000] {manager.py:878} INFO - 
================================================================================
DAG File Processing Stats

File Path                                PID  Runtime      # DAGs    # Errors  Last Runtime    Last Run
-------------------------------------  -----  ---------  --------  ----------  --------------  -------------------
/opt/airflow/dags/football_etl_dag.py    275  0.01s             1           0  0.16s           2026-07-27T18:57:25
================================================================================
[2026-07-27T18:58:23.102+0000] {manager.py:737} INFO - Searching for files in /opt/airflow/dags
[2026-07-27T18:58:23.128+0000] {manager.py:740} INFO - There are 1 files in /opt/airflow/dags
[2026-07-27T18:58:26.173+0000] {manager.py:878} INFO - 
================================================================================
DAG File Processing Stats

File Path                                PID  Runtime      # DAGs    # Errors  Last Runtime    Last Run
-------------------------------------  -----  ---------  --------  ----------  --------------  -------------------
/opt/airflow/dags/football_etl_dag.py    286  0.01s             1           0  0.17s           2026-07-27T18:57:56
================================================================================
[2026-07-27T18:58:56.419+0000] {manager.py:878} INFO - 
================================================================================
DAG File Processing Stats

File Path                                PID  Runtime      # DAGs    # Errors  Last Runtime    Last Run
-------------------------------------  -----  ---------  --------  ----------  --------------  -------------------
/opt/airflow/dags/football_etl_dag.py    300  0.01s             1           0  0.18s           2026-07-27T18:58:26
================================================================================
[2026-07-27T18:59:26.725+0000] {manager.py:878} INFO - 
================================================================================
DAG File Processing Stats

File Path                                PID  Runtime      # DAGs    # Errors  Last Runtime    Last Run
-------------------------------------  -----  ---------  --------  ----------  --------------  -------------------
/opt/airflow/dags/football_etl_dag.py    311  0.01s             1           0  0.20s           2026-07-27T18:58:56
================================================================================
[2026-07-27T18:59:56.973+0000] {manager.py:878} INFO - 
================================================================================
DAG File Processing Stats

File Path                                PID  Runtime      # DAGs    # Errors  Last Runtime    Last Run
-------------------------------------  -----  ---------  --------  ----------  --------------  -------------------
/opt/airflow/dags/football_etl_dag.py    316  0.01s             1           0  0.15s           2026-07-27T18:59:26
================================================================================
[2026-07-27T19:00:27.229+0000] {manager.py:878} INFO - 
================================================================================
DAG File Processing Stats

File Path                                PID  Runtime      # DAGs    # Errors  Last Runtime    Last Run
-------------------------------------  -----  ---------  --------  ----------  --------------  -------------------
/opt/airflow/dags/football_etl_dag.py    330  0.00s             1           0  0.18s           2026-07-27T18:59:57
================================================================================
[2026-07-27T19:00:57.549+0000] {manager.py:878} INFO - 
================================================================================
DAG File Processing Stats

File Path                                PID  Runtime      # DAGs    # Errors  Last Runtime    Last Run
-------------------------------------  -----  ---------  --------  ----------  --------------  -------------------
/opt/airflow/dags/football_etl_dag.py    335  0.01s             1           0  0.14s           2026-07-27T19:00:27
================================================================================
[2026-07-27T19:01:27.795+0000] {manager.py:878} INFO - 
================================================================================
DAG File Processing Stats

File Path                                PID  Runtime      # DAGs    # Errors  Last Runtime    Last Run
-------------------------------------  -----  ---------  --------  ----------  --------------  -------------------
/opt/airflow/dags/football_etl_dag.py    346  0.01s             1           0  0.16s           2026-07-27T19:00:57
================================================================================
[2026-07-27T19:01:58.075+0000] {manager.py:878} INFO - 
================================================================================
DAG File Processing Stats

File Path                                PID  Runtime      # DAGs    # Errors  Last Runtime    Last Run
-------------------------------------  -----  ---------  --------  ----------  --------------  -------------------
/opt/airflow/dags/football_etl_dag.py    351  0.01s             1           0  0.17s           2026-07-27T19:01:27
================================================================================
[2026-07-27T19:02:28.318+0000] {manager.py:878} INFO - 
================================================================================
DAG File Processing Stats

File Path                                PID  Runtime      # DAGs    # Errors  Last Runtime    Last Run
-------------------------------------  -----  ---------  --------  ----------  --------------  -------------------
/opt/airflow/dags/football_etl_dag.py    365  0.00s             1           0  0.16s           2026-07-27T19:01:58
================================================================================
[2026-07-27T19:02:58.627+0000] {manager.py:878} INFO - 
================================================================================
DAG File Processing Stats

File Path                                PID  Runtime      # DAGs    # Errors  Last Runtime    Last Run
-------------------------------------  -----  ---------  --------  ----------  --------------  -------------------
/opt/airflow/dags/football_etl_dag.py    370  0.01s             1           0  0.16s           2026-07-27T19:02:28
================================================================================
[2026-07-27T19:03:23.837+0000] {manager.py:737} INFO - Searching for files in /opt/airflow/dags
[2026-07-27T19:03:23.862+0000] {manager.py:740} INFO - There are 1 files in /opt/airflow/dags
[2026-07-27T19:03:28.923+0000] {manager.py:878} INFO - 
================================================================================
DAG File Processing Stats

File Path                                PID  Runtime      # DAGs    # Errors  Last Runtime    Last Run
-------------------------------------  -----  ---------  --------  ----------  --------------  -------------------
/opt/airflow/dags/football_etl_dag.py    378  0.00s             1           0  0.18s           2026-07-27T19:02:58
================================================================================
[2026-07-27T19:03:59.181+0000] {manager.py:878} INFO - 
================================================================================
DAG File Processing Stats

File Path                                PID  Runtime      # DAGs    # Errors  Last Runtime    Last Run
-------------------------------------  -----  ---------  --------  ----------  --------------  -------------------
/opt/airflow/dags/football_etl_dag.py    389  0.01s             1           0  0.16s           2026-07-27T19:03:29
================================================================================
[2026-07-27T19:04:29.437+0000] {manager.py:878} INFO - 
================================================================================
DAG File Processing Stats

File Path                                PID  Runtime      # DAGs    # Errors  Last Runtime    Last Run
-------------------------------------  -----  ---------  --------  ----------  --------------  -------------------
/opt/airflow/dags/football_etl_dag.py    403  0.01s             1           0  0.18s           2026-07-27T19:03:59
================================================================================
[2026-07-27T19:04:59.736+0000] {manager.py:878} INFO - 
================================================================================
DAG File Processing Stats

File Path                                PID  Runtime      # DAGs    # Errors  Last Runtime    Last Run
-------------------------------------  -----  ---------  --------  ----------  --------------  -------------------
/opt/airflow/dags/football_etl_dag.py    408  0.00s             1           0  0.15s           2026-07-27T19:04:29
================================================================================
[2026-07-27T19:05:29.943+0000] {manager.py:878} INFO - 
================================================================================
DAG File Processing Stats

File Path                                PID  Runtime      # DAGs    # Errors  Last Runtime    Last Run
-------------------------------------  -----  ---------  --------  ----------  --------------  -------------------
/opt/airflow/dags/football_etl_dag.py    419  0.01s             1           0  0.15s           2026-07-27T19:04:59
================================================================================
[2026-07-27T19:06:00.256+0000] {manager.py:878} INFO - 
================================================================================
DAG File Processing Stats

File Path                                PID  Runtime      # DAGs    # Errors  Last Runtime    Last Run
-------------------------------------  -----  ---------  --------  ----------  --------------  -------------------
/opt/airflow/dags/football_etl_dag.py    424  0.01s             1           0  0.17s           2026-07-27T19:05:30
================================================================================
[2026-07-27T19:06:30.517+0000] {manager.py:878} INFO - 
================================================================================
DAG File Processing Stats

File Path                                PID  Runtime      # DAGs    # Errors  Last Runtime    Last Run
-------------------------------------  -----  ---------  --------  ----------  --------------  -------------------
/opt/airflow/dags/football_etl_dag.py    438  0.00s             1           0  0.24s           2026-07-27T19:06:00
================================================================================
[2026-07-27T19:07:00.936+0000] {manager.py:878} INFO - 
================================================================================
DAG File Processing Stats

File Path                                PID  Runtime      # DAGs    # Errors  Last Runtime    Last Run
-------------------------------------  -----  ---------  --------  ----------  --------------  -------------------
/opt/airflow/dags/football_etl_dag.py    443  0.01s             1           0  0.20s           2026-07-27T19:06:30
================================================================================
[2026-07-27T19:07:31.154+0000] {manager.py:878} INFO - 
================================================================================
DAG File Processing Stats

File Path                                PID  Runtime      # DAGs    # Errors  Last Runtime    Last Run
-------------------------------------  -----  ---------  --------  ----------  --------------  -------------------
/opt/airflow/dags/football_etl_dag.py    454  0.01s             1           0  0.17s           2026-07-27T19:07:01
================================================================================
[2026-07-27T19:08:01.497+0000] {manager.py:878} INFO - 
================================================================================
DAG File Processing Stats

File Path                                PID  Runtime      # DAGs    # Errors  Last Runtime    Last Run
-------------------------------------  -----  ---------  --------  ----------  --------------  -------------------
/opt/airflow/dags/football_etl_dag.py    472  0.01s             1           0  0.20s           2026-07-27T19:07:31
================================================================================
[2026-07-27T19:08:23.882+0000] {manager.py:737} INFO - Searching for files in /opt/airflow/dags
[2026-07-27T19:08:23.917+0000] {manager.py:740} INFO - There are 1 files in /opt/airflow/dags
[2026-07-27T19:08:31.789+0000] {manager.py:878} INFO - 
================================================================================
DAG File Processing Stats

File Path                                PID  Runtime      # DAGs    # Errors  Last Runtime    Last Run
-------------------------------------  -----  ---------  --------  ----------  --------------  -------------------
/opt/airflow/dags/football_etl_dag.py    484  0.00s             1           0  0.22s           2026-07-27T19:08:01
================================================================================
[2026-07-27T19:09:02.218+0000] {manager.py:878} INFO - 
================================================================================
DAG File Processing Stats

File Path                                PID  Runtime      # DAGs    # Errors  Last Runtime    Last Run
-------------------------------------  -----  ---------  --------  ----------  --------------  -------------------
/opt/airflow/dags/football_etl_dag.py    492  0.01s             1           0  0.21s           2026-07-27T19:08:31
================================================================================
[2026-07-27T19:09:32.393+0000] {manager.py:878} INFO - 
================================================================================
DAG File Processing Stats

File Path                              PID    Runtime      # DAGs    # Errors  Last Runtime    Last Run
-------------------------------------  -----  ---------  --------  ----------  --------------  -------------------
/opt/airflow/dags/football_etl_dag.py                           1           0  0.20s           2026-07-27T19:09:02
================================================================================
[2026-07-27T19:10:02.788+0000] {manager.py:878} INFO - 
================================================================================
DAG File Processing Stats

File Path                                PID  Runtime      # DAGs    # Errors  Last Runtime    Last Run
-------------------------------------  -----  ---------  --------  ----------  --------------  -------------------
/opt/airflow/dags/football_etl_dag.py    513  0.01s             1           0  0.21s           2026-07-27T19:09:32
================================================================================
[2026-07-27T19:10:32.990+0000] {manager.py:878} INFO - 
================================================================================
DAG File Processing Stats

File Path                                PID  Runtime      # DAGs    # Errors  Last Runtime    Last Run
-------------------------------------  -----  ---------  --------  ----------  --------------  -------------------
/opt/airflow/dags/football_etl_dag.py    522  0.01s             1           0  0.18s           2026-07-27T19:10:02
================================================================================
[2026-07-27T19:11:03.315+0000] {manager.py:878} INFO - 
================================================================================
DAG File Processing Stats

File Path                                PID  Runtime      # DAGs    # Errors  Last Runtime    Last Run
-------------------------------------  -----  ---------  --------  ----------  --------------  -------------------
/opt/airflow/dags/football_etl_dag.py    527  0.01s             1           0  0.22s           2026-07-27T19:10:33
================================================================================
[2026-07-27T19:11:33.571+0000] {manager.py:878} INFO - 
================================================================================
DAG File Processing Stats

File Path                                PID  Runtime      # DAGs    # Errors  Last Runtime    Last Run
-------------------------------------  -----  ---------  --------  ----------  --------------  -------------------
/opt/airflow/dags/football_etl_dag.py    538  0.01s             1           0  0.22s           2026-07-27T19:11:03
================================================================================
[2026-07-27T19:12:03.865+0000] {manager.py:878} INFO - 
================================================================================
DAG File Processing Stats

File Path                                PID  Runtime      # DAGs    # Errors  Last Runtime    Last Run
-------------------------------------  -----  ---------  --------  ----------  --------------  -------------------
/opt/airflow/dags/football_etl_dag.py    549  0.01s             1           0  0.23s           2026-07-27T19:11:33
================================================================================
[2026-07-27T19:12:34.133+0000] {manager.py:878} INFO - 
================================================================================
DAG File Processing Stats

File Path                                PID  Runtime      # DAGs    # Errors  Last Runtime    Last Run
-------------------------------------  -----  ---------  --------  ----------  --------------  -------------------
/opt/airflow/dags/football_etl_dag.py    557  0.01s             1           0  0.16s           2026-07-27T19:12:04
================================================================================
[2026-07-27T19:13:04.403+0000] {manager.py:878} INFO - 
================================================================================
DAG File Processing Stats

File Path                                PID  Runtime      # DAGs    # Errors  Last Runtime    Last Run
-------------------------------------  -----  ---------  --------  ----------  --------------  -------------------
/opt/airflow/dags/football_etl_dag.py    565  0.01s             1           0  0.18s           2026-07-27T19:12:34
================================================================================
[2026-07-27T19:13:24.567+0000] {manager.py:737} INFO - Searching for files in /opt/airflow/dags
[2026-07-27T19:13:24.592+0000] {manager.py:740} INFO - There are 1 files in /opt/airflow/dags
[2026-07-27T19:13:34.710+0000] {manager.py:878} INFO - 
================================================================================
DAG File Processing Stats

File Path                                PID  Runtime      # DAGs    # Errors  Last Runtime    Last Run
-------------------------------------  -----  ---------  --------  ----------  --------------  -------------------
/opt/airflow/dags/football_etl_dag.py    576  0.01s             1           0  0.20s           2026-07-27T19:13:04
================================================================================
[2026-07-27T19:14:04.983+0000] {manager.py:878} INFO - 
================================================================================
DAG File Processing Stats

File Path                                PID  Runtime      # DAGs    # Errors  Last Runtime    Last Run
-------------------------------------  -----  ---------  --------  ----------  --------------  -------------------
/opt/airflow/dags/football_etl_dag.py    587  0.00s             1           0  0.16s           2026-07-27T19:13:34
================================================================================
[2026-07-27T19:14:35.216+0000] {manager.py:878} INFO - 
================================================================================
DAG File Processing Stats

File Path                                PID  Runtime      # DAGs    # Errors  Last Runtime    Last Run
-------------------------------------  -----  ---------  --------  ----------  --------------  -------------------
/opt/airflow/dags/football_etl_dag.py    595  0.01s             1           0  0.19s           2026-07-27T19:14:05
================================================================================
[2026-07-27T19:15:05.581+0000] {manager.py:878} INFO - 
================================================================================
DAG File Processing Stats

File Path                                PID  Runtime      # DAGs    # Errors  Last Runtime    Last Run
-------------------------------------  -----  ---------  --------  ----------  --------------  -------------------
/opt/airflow/dags/football_etl_dag.py    600  0.00s             1           0  0.17s           2026-07-27T19:14:35
================================================================================
[2026-07-27T19:15:35.793+0000] {manager.py:878} INFO - 
================================================================================
DAG File Processing Stats

File Path                                PID  Runtime      # DAGs    # Errors  Last Runtime    Last Run
-------------------------------------  -----  ---------  --------  ----------  --------------  -------------------
/opt/airflow/dags/football_etl_dag.py    611  0.01s             1           0  0.15s           2026-07-27T19:15:05
================================================================================
[2026-07-27T19:16:06.111+0000] {manager.py:878} INFO - 
================================================================================
DAG File Processing Stats

File Path                                PID  Runtime      # DAGs    # Errors  Last Runtime    Last Run
-------------------------------------  -----  ---------  --------  ----------  --------------  -------------------
/opt/airflow/dags/football_etl_dag.py    622  0.01s             1           0  0.17s           2026-07-27T19:15:35
================================================================================
[2026-07-27T19:16:36.333+0000] {manager.py:878} INFO - 
================================================================================
DAG File Processing Stats

File Path                                PID  Runtime      # DAGs    # Errors  Last Runtime    Last Run
-------------------------------------  -----  ---------  --------  ----------  --------------  -------------------
/opt/airflow/dags/football_etl_dag.py    630  0.01s             1           0  0.20s           2026-07-27T19:16:06
================================================================================
[2026-07-27T19:17:06.677+0000] {manager.py:878} INFO - 
================================================================================
DAG File Processing Stats

File Path                                PID  Runtime      # DAGs    # Errors  Last Runtime    Last Run
-------------------------------------  -----  ---------  --------  ----------  --------------  -------------------
/opt/airflow/dags/football_etl_dag.py    635  0.00s             1           0  0.20s           2026-07-27T19:16:36
================================================================================
[2026-07-27T19:17:36.879+0000] {manager.py:878} INFO - 
================================================================================
DAG File Processing Stats

File Path                                PID  Runtime      # DAGs    # Errors  Last Runtime    Last Run
-------------------------------------  -----  ---------  --------  ----------  --------------  -------------------
/opt/airflow/dags/football_etl_dag.py    646  0.01s             1           0  0.16s           2026-07-27T19:17:06
================================================================================
[2026-07-27T19:18:07.218+0000] {manager.py:878} INFO - 
================================================================================
DAG File Processing Stats

File Path                                PID  Runtime      # DAGs    # Errors  Last Runtime    Last Run
-------------------------------------  -----  ---------  --------  ----------  --------------  -------------------
/opt/airflow/dags/football_etl_dag.py    657  0.01s             1           0  0.17s           2026-07-27T19:17:37
================================================================================
[2026-07-27T19:18:25.316+0000] {manager.py:737} INFO - Searching for files in /opt/airflow/dags
[2026-07-27T19:18:25.341+0000] {manager.py:740} INFO - There are 1 files in /opt/airflow/dags
[2026-07-27T19:18:37.426+0000] {manager.py:878} INFO - 
================================================================================
DAG File Processing Stats

File Path                                PID  Runtime      # DAGs    # Errors  Last Runtime    Last Run
-------------------------------------  -----  ---------  --------  ----------  --------------  -------------------
/opt/airflow/dags/football_etl_dag.py    665  0.00s             1           0  0.20s           2026-07-27T19:18:07
================================================================================
[2026-07-27T19:19:07.743+0000] {manager.py:878} INFO - 
================================================================================
DAG File Processing Stats

File Path                                PID  Runtime      # DAGs    # Errors  Last Runtime    Last Run
-------------------------------------  -----  ---------  --------  ----------  --------------  -------------------
/opt/airflow/dags/football_etl_dag.py    670  0.01s             1           0  0.16s           2026-07-27T19:18:37
================================================================================
[2026-07-27T19:19:37.988+0000] {manager.py:878} INFO - 
================================================================================
DAG File Processing Stats

File Path                                PID  Runtime      # DAGs    # Errors  Last Runtime    Last Run
-------------------------------------  -----  ---------  --------  ----------  --------------  -------------------
/opt/airflow/dags/football_etl_dag.py    681  0.00s             1           0  0.15s           2026-07-27T19:19:07
================================================================================
[2026-07-27T19:20:08.250+0000] {manager.py:878} INFO - 
================================================================================
DAG File Processing Stats

File Path                                PID  Runtime      # DAGs    # Errors  Last Runtime    Last Run
-------------------------------------  -----  ---------  --------  ----------  --------------  -------------------
/opt/airflow/dags/football_etl_dag.py    692  0.00s             1           0  0.16s           2026-07-27T19:19:38
================================================================================
[2026-07-27T19:20:38.557+0000] {manager.py:878} INFO - 
================================================================================
DAG File Processing Stats

File Path                                PID  Runtime      # DAGs    # Errors  Last Runtime    Last Run
-------------------------------------  -----  ---------  --------  ----------  --------------  -------------------
/opt/airflow/dags/football_etl_dag.py    700  0.01s             1           0  0.17s           2026-07-27T19:20:08
================================================================================
[2026-07-27T19:21:08.819+0000] {manager.py:878} INFO - 
================================================================================
DAG File Processing Stats

File Path                                PID  Runtime      # DAGs    # Errors  Last Runtime    Last Run
-------------------------------------  -----  ---------  --------  ----------  --------------  -------------------
/opt/airflow/dags/football_etl_dag.py    705  0.01s             1           0  0.15s           2026-07-27T19:20:38
================================================================================
[2026-07-27T19:21:39.084+0000] {manager.py:878} INFO - 
================================================================================
DAG File Processing Stats

File Path                                PID  Runtime      # DAGs    # Errors  Last Runtime    Last Run
-------------------------------------  -----  ---------  --------  ----------  --------------  -------------------
/opt/airflow/dags/football_etl_dag.py    716  0.01s             1           0  0.16s           2026-07-27T19:21:08
================================================================================
[2026-07-27T19:22:09.382+0000] {manager.py:878} INFO - 
================================================================================
DAG File Processing Stats

File Path                                PID  Runtime      # DAGs    # Errors  Last Runtime    Last Run
-------------------------------------  -----  ---------  --------  ----------  --------------  -------------------
/opt/airflow/dags/football_etl_dag.py    727  0.01s             1           0  0.16s           2026-07-27T19:21:39
================================================================================
[2026-07-27T19:22:39.603+0000] {manager.py:878} INFO - 
================================================================================
DAG File Processing Stats

File Path                                PID  Runtime      # DAGs    # Errors  Last Runtime    Last Run
-------------------------------------  -----  ---------  --------  ----------  --------------  -------------------
/opt/airflow/dags/football_etl_dag.py    735  0.01s             1           0  0.15s           2026-07-27T19:22:09
================================================================================
[2026-07-27T19:23:09.930+0000] {manager.py:878} INFO - 
================================================================================
DAG File Processing Stats

File Path                                PID  Runtime      # DAGs    # Errors  Last Runtime    Last Run
-------------------------------------  -----  ---------  --------  ----------  --------------  -------------------
/opt/airflow/dags/football_etl_dag.py    743  0.01s             1           0  0.24s           2026-07-27T19:22:39
================================================================================
[2026-07-27T19:23:26.121+0000] {manager.py:737} INFO - Searching for files in /opt/airflow/dags
[2026-07-27T19:23:26.145+0000] {manager.py:740} INFO - There are 1 files in /opt/airflow/dags
[2026-07-27T19:23:40.258+0000] {manager.py:878} INFO - 
================================================================================
DAG File Processing Stats

File Path                                PID  Runtime      # DAGs    # Errors  Last Runtime    Last Run
-------------------------------------  -----  ---------  --------  ----------  --------------  -------------------
/opt/airflow/dags/football_etl_dag.py    751  0.00s             1           0  0.22s           2026-07-27T19:23:10
================================================================================
[2026-07-27T19:24:10.616+0000] {manager.py:878} INFO - 
================================================================================
DAG File Processing Stats

File Path                                PID  Runtime      # DAGs    # Errors  Last Runtime    Last Run
-------------------------------------  -----  ---------  --------  ----------  --------------  -------------------
/opt/airflow/dags/football_etl_dag.py    762  0.03s             1           0  0.14s           2026-07-27T19:23:40
================================================================================
[2026-07-27T19:24:40.888+0000] {manager.py:878} INFO - 
================================================================================
DAG File Processing Stats

File Path                                PID  Runtime      # DAGs    # Errors  Last Runtime    Last Run
-------------------------------------  -----  ---------  --------  ----------  --------------  -------------------
/opt/airflow/dags/football_etl_dag.py    770  0.01s             1           0  0.26s           2026-07-27T19:24:10
================================================================================
[2026-07-27T19:25:11.211+0000] {manager.py:878} INFO - 
================================================================================
DAG File Processing Stats

File Path                                PID  Runtime      # DAGs    # Errors  Last Runtime    Last Run
-------------------------------------  -----  ---------  --------  ----------  --------------  -------------------
/opt/airflow/dags/football_etl_dag.py    778  0.01s             1           0  0.18s           2026-07-27T19:24:41
================================================================================
[2026-07-27T19:25:41.461+0000] {manager.py:878} INFO - 
================================================================================
DAG File Processing Stats

File Path                                PID  Runtime      # DAGs    # Errors  Last Runtime    Last Run
-------------------------------------  -----  ---------  --------  ----------  --------------  -------------------
/opt/airflow/dags/football_etl_dag.py    786  0.00s             1           0  0.16s           2026-07-27T19:25:11
================================================================================
[2026-07-27T19:26:11.765+0000] {manager.py:878} INFO - 
================================================================================
DAG File Processing Stats

File Path                                PID  Runtime      # DAGs    # Errors  Last Runtime    Last Run
-------------------------------------  -----  ---------  --------  ----------  --------------  -------------------
/opt/airflow/dags/football_etl_dag.py    797  0.00s             1           0  0.15s           2026-07-27T19:25:41
================================================================================
[2026-07-27T19:26:41.962+0000] {manager.py:878} INFO - 
================================================================================
DAG File Processing Stats

File Path                                PID  Runtime      # DAGs    # Errors  Last Runtime    Last Run
-------------------------------------  -----  ---------  --------  ----------  --------------  -------------------
/opt/airflow/dags/football_etl_dag.py    805  0.01s             1           0  0.16s           2026-07-27T19:26:11
================================================================================
[2026-07-27T19:27:12.276+0000] {manager.py:878} INFO - 
================================================================================
DAG File Processing Stats

File Path                                PID  Runtime      # DAGs    # Errors  Last Runtime    Last Run
-------------------------------------  -----  ---------  --------  ----------  --------------  -------------------
/opt/airflow/dags/football_etl_dag.py    813  0.01s             1           0  0.17s           2026-07-27T19:26:42
================================================================================
[2026-07-27T19:27:42.513+0000] {manager.py:878} INFO - 
================================================================================
DAG File Processing Stats

File Path                                PID  Runtime      # DAGs    # Errors  Last Runtime    Last Run
-------------------------------------  -----  ---------  --------  ----------  --------------  -------------------
/opt/airflow/dags/football_etl_dag.py    821  0.01s             1           0  0.20s           2026-07-27T19:27:12
================================================================================
[2026-07-27T19:28:12.839+0000] {manager.py:878} INFO - 
================================================================================
DAG File Processing Stats

File Path                                PID  Runtime      # DAGs    # Errors  Last Runtime    Last Run
-------------------------------------  -----  ---------  --------  ----------  --------------  -------------------
/opt/airflow/dags/football_etl_dag.py    832  0.01s             1           0  0.16s           2026-07-27T19:27:42
================================================================================
[2026-07-27T19:28:26.169+0000] {manager.py:737} INFO - Searching for files in /opt/airflow/dags
[2026-07-27T19:28:26.200+0000] {manager.py:740} INFO - There are 1 files in /opt/airflow/dags
[2026-07-27T19:28:43.063+0000] {manager.py:878} INFO - 
================================================================================
DAG File Processing Stats

File Path                              PID    Runtime      # DAGs    # Errors  Last Runtime    Last Run
-------------------------------------  -----  ---------  --------  ----------  --------------  -------------------
/opt/airflow/dags/football_etl_dag.py                           1           0  0.28s           2026-07-27T19:28:13
================================================================================
[2026-07-27T19:29:13.657+0000] {manager.py:878} INFO - 
================================================================================
DAG File Processing Stats

File Path                                PID  Runtime      # DAGs    # Errors  Last Runtime    Last Run
-------------------------------------  -----  ---------  --------  ----------  --------------  -------------------
/opt/airflow/dags/football_etl_dag.py    848  0.01s             1           0  0.17s           2026-07-27T19:28:43
================================================================================
[2026-07-27T19:29:43.823+0000] {manager.py:878} INFO - 
================================================================================
DAG File Processing Stats

File Path                              PID    Runtime      # DAGs    # Errors  Last Runtime    Last Run
-------------------------------------  -----  ---------  --------  ----------  --------------  -------------------
/opt/airflow/dags/football_etl_dag.py                           1           0  1.00s           2026-07-27T19:29:14
================================================================================
[2026-07-27T19:30:14.089+0000] {manager.py:878} INFO - 
================================================================================
DAG File Processing Stats

File Path                              PID    Runtime      # DAGs    # Errors  Last Runtime    Last Run
-------------------------------------  -----  ---------  --------  ----------  --------------  -------------------
/opt/airflow/dags/football_etl_dag.py                           1           0  0.18s           2026-07-27T19:29:45
================================================================================
[2026-07-27T19:30:44.335+0000] {manager.py:878} INFO - 
================================================================================
DAG File Processing Stats

File Path                              PID    Runtime      # DAGs    # Errors  Last Runtime    Last Run
-------------------------------------  -----  ---------  --------  ----------  --------------  -------------------
/opt/airflow/dags/football_etl_dag.py                           1           0  0.18s           2026-07-27T19:30:15
================================================================================
[2026-07-27T19:31:14.693+0000] {manager.py:878} INFO - 
================================================================================
DAG File Processing Stats

File Path                              PID    Runtime      # DAGs    # Errors  Last Runtime    Last Run
-------------------------------------  -----  ---------  --------  ----------  --------------  -------------------
/opt/airflow/dags/football_etl_dag.py                           1           0  0.16s           2026-07-27T19:30:45
================================================================================
[2026-07-27T19:31:44.914+0000] {manager.py:878} INFO - 
================================================================================
DAG File Processing Stats

File Path                              PID    Runtime      # DAGs    # Errors  Last Runtime    Last Run
-------------------------------------  -----  ---------  --------  ----------  --------------  -------------------
/opt/airflow/dags/football_etl_dag.py                           1           0  0.15s           2026-07-27T19:31:15
================================================================================
[2026-07-27T19:32:15.207+0000] {manager.py:878} INFO - 
================================================================================
DAG File Processing Stats

File Path                              PID    Runtime      # DAGs    # Errors  Last Runtime    Last Run
-------------------------------------  -----  ---------  --------  ----------  --------------  -------------------
/opt/airflow/dags/football_etl_dag.py                           1           0  0.16s           2026-07-27T19:31:46
================================================================================
[2026-07-27T19:32:45.498+0000] {manager.py:878} INFO - 
================================================================================
DAG File Processing Stats

File Path                              PID    Runtime      # DAGs    # Errors  Last Runtime    Last Run
-------------------------------------  -----  ---------  --------  ----------  --------------  -------------------
/opt/airflow/dags/football_etl_dag.py                           1           0  0.17s           2026-07-27T19:32:16
================================================================================
[2026-07-27T19:33:15.882+0000] {manager.py:878} INFO - 
================================================================================
DAG File Processing Stats

File Path                              PID    Runtime      # DAGs    # Errors  Last Runtime    Last Run
-------------------------------------  -----  ---------  --------  ----------  --------------  -------------------
/opt/airflow/dags/football_etl_dag.py                           1           0  0.28s           2026-07-27T19:32:46
================================================================================
[2026-07-27T19:33:27.075+0000] {manager.py:737} INFO - Searching for files in /opt/airflow/dags
[2026-07-27T19:33:27.100+0000] {manager.py:740} INFO - There are 1 files in /opt/airflow/dags
[2026-07-27T19:33:46.257+0000] {manager.py:878} INFO - 
================================================================================
DAG File Processing Stats

File Path                              PID    Runtime      # DAGs    # Errors  Last Runtime    Last Run
-------------------------------------  -----  ---------  --------  ----------  --------------  -------------------
/opt/airflow/dags/football_etl_dag.py                           1           0  0.16s           2026-07-27T19:33:17
================================================================================
[2026-07-27T19:34:16.519+0000] {manager.py:878} INFO - 
================================================================================
DAG File Processing Stats

File Path                              PID    Runtime      # DAGs    # Errors  Last Runtime    Last Run
-------------------------------------  -----  ---------  --------  ----------  --------------  -------------------
/opt/airflow/dags/football_etl_dag.py                           1           0  0.16s           2026-07-27T19:33:47
================================================================================
[2026-07-27T19:34:46.872+0000] {manager.py:878} INFO - 
================================================================================
DAG File Processing Stats

File Path                              PID    Runtime      # DAGs    # Errors  Last Runtime    Last Run
-------------------------------------  -----  ---------  --------  ----------  --------------  -------------------
/opt/airflow/dags/football_etl_dag.py                           1           0  0.14s           2026-07-27T19:34:17
================================================================================
[2026-07-27T19:35:17.240+0000] {manager.py:878} INFO - 
================================================================================
DAG File Processing Stats

File Path                              PID    Runtime      # DAGs    # Errors  Last Runtime    Last Run
-------------------------------------  -----  ---------  --------  ----------  --------------  -------------------
/opt/airflow/dags/football_etl_dag.py                           1           0  0.24s           2026-07-27T19:34:48
================================================================================
[2026-07-27T19:35:47.545+0000] {manager.py:878} INFO - 
================================================================================
DAG File Processing Stats

File Path                              PID    Runtime      # DAGs    # Errors  Last Runtime    Last Run
-------------------------------------  -----  ---------  --------  ----------  --------------  -------------------
/opt/airflow/dags/football_etl_dag.py                           1           0  0.25s           2026-07-27T19:35:18
================================================================================
[2026-07-27T19:36:17.889+0000] {manager.py:878} INFO - 
================================================================================
DAG File Processing Stats

File Path                              PID    Runtime      # DAGs    # Errors  Last Runtime    Last Run
-------------------------------------  -----  ---------  --------  ----------  --------------  -------------------
/opt/airflow/dags/football_etl_dag.py                           1           0  0.17s           2026-07-27T19:35:48
================================================================================
[2026-07-27T19:36:48.128+0000] {manager.py:878} INFO - 
================================================================================
DAG File Processing Stats

File Path                              PID    Runtime      # DAGs    # Errors  Last Runtime    Last Run
-------------------------------------  -----  ---------  --------  ----------  --------------  -------------------
/opt/airflow/dags/football_etl_dag.py                           1           0  0.23s           2026-07-27T19:36:19
================================================================================
[2026-07-27T19:37:18.507+0000] {manager.py:878} INFO - 
================================================================================
DAG File Processing Stats

File Path                              PID    Runtime      # DAGs    # Errors  Last Runtime    Last Run
-------------------------------------  -----  ---------  --------  ----------  --------------  -------------------
/opt/airflow/dags/football_etl_dag.py                           1           0  0.16s           2026-07-27T19:36:49
================================================================================
[2026-07-27T19:37:48.831+0000] {manager.py:878} INFO - 
================================================================================
DAG File Processing Stats

File Path                              PID    Runtime      # DAGs    # Errors  Last Runtime    Last Run
-------------------------------------  -----  ---------  --------  ----------  --------------  -------------------
/opt/airflow/dags/football_etl_dag.py                           1           0  0.18s           2026-07-27T19:37:19
================================================================================
[2026-07-27T19:38:19.044+0000] {manager.py:878} INFO - 
================================================================================
DAG File Processing Stats

File Path                              PID    Runtime      # DAGs    # Errors  Last Runtime    Last Run
-------------------------------------  -----  ---------  --------  ----------  --------------  -------------------
/opt/airflow/dags/football_etl_dag.py                           1           0  0.24s           2026-07-27T19:37:50
================================================================================
[2026-07-27T19:38:27.288+0000] {manager.py:737} INFO - Searching for files in /opt/airflow/dags
[2026-07-27T19:38:27.313+0000] {manager.py:740} INFO - There are 1 files in /opt/airflow/dags
[2026-07-27T19:38:49.482+0000] {manager.py:878} INFO - 
================================================================================
DAG File Processing Stats

File Path                              PID    Runtime      # DAGs    # Errors  Last Runtime    Last Run
-------------------------------------  -----  ---------  --------  ----------  --------------  -------------------
/opt/airflow/dags/football_etl_dag.py                           1           0  0.17s           2026-07-27T19:38:20
================================================================================
[2026-07-27T19:39:19.790+0000] {manager.py:878} INFO - 
================================================================================
DAG File Processing Stats

File Path                              PID    Runtime      # DAGs    # Errors  Last Runtime    Last Run
-------------------------------------  -----  ---------  --------  ----------  --------------  -------------------
/opt/airflow/dags/football_etl_dag.py                           1           0  0.16s           2026-07-27T19:38:50
================================================================================
[2026-07-27T19:39:50.045+0000] {manager.py:878} INFO - 
================================================================================
DAG File Processing Stats

File Path                              PID    Runtime      # DAGs    # Errors  Last Runtime    Last Run
-------------------------------------  -----  ---------  --------  ----------  --------------  -------------------
/opt/airflow/dags/football_etl_dag.py                           1           0  0.17s           2026-07-27T19:39:20
================================================================================
[2026-07-27T19:40:20.368+0000] {manager.py:878} INFO - 
================================================================================
DAG File Processing Stats

File Path                              PID    Runtime      # DAGs    # Errors  Last Runtime    Last Run
-------------------------------------  -----  ---------  --------  ----------  --------------  -------------------
/opt/airflow/dags/football_etl_dag.py                           1           0  0.17s           2026-07-27T19:39:51
================================================================================
[2026-07-27T19:40:50.601+0000] {manager.py:878} INFO - 
================================================================================
DAG File Processing Stats

File Path                              PID    Runtime      # DAGs    # Errors  Last Runtime    Last Run
-------------------------------------  -----  ---------  --------  ----------  --------------  -------------------
/opt/airflow/dags/football_etl_dag.py                           1           0  0.20s           2026-07-27T19:40:21
================================================================================
[2026-07-27T19:40:56.995+0000] {manager.py:452} INFO - Exiting gracefully upon receiving signal 15
[2026-07-27T19:41:38.682+0000] {manager.py:470} INFO - Processing files using up to 2 processes at a time 
[2026-07-27T19:41:38.684+0000] {manager.py:471} INFO - Process each file at most once every 30 seconds
[2026-07-27T19:41:38.685+0000] {manager.py:472} INFO - Checking for new files in /opt/airflow/dags every 300 seconds
[2026-07-27T19:41:38.686+0000] {manager.py:737} INFO - Searching for files in /opt/airflow/dags
[2026-07-27T19:41:38.714+0000] {manager.py:740} INFO - There are 1 files in /opt/airflow/dags
[2026-07-27T19:41:38.870+0000] {manager.py:878} INFO - 
================================================================================
DAG File Processing Stats

File Path                                PID  Runtime      # DAGs    # Errors  Last Runtime    Last Run
-------------------------------------  -----  ---------  --------  ----------  --------------  ----------
/opt/airflow/dags/football_etl_dag.py    164  0.07s             0           0
================================================================================
[2026-07-27T19:42:09.061+0000] {manager.py:878} INFO - 
================================================================================
DAG File Processing Stats

File Path                              PID    Runtime      # DAGs    # Errors  Last Runtime    Last Run
-------------------------------------  -----  ---------  --------  ----------  --------------  -------------------
/opt/airflow/dags/football_etl_dag.py                           1           0  0.48s           2026-07-27T19:41:39
================================================================================
[2026-07-27T19:42:39.095+0000] {manager.py:878} INFO - 
================================================================================
DAG File Processing Stats

File Path                              PID    Runtime      # DAGs    # Errors  Last Runtime    Last Run
-------------------------------------  -----  ---------  --------  ----------  --------------  -------------------
/opt/airflow/dags/football_etl_dag.py                           1           0  0.45s           2026-07-27T19:42:09
================================================================================
[2026-07-27T19:43:09.301+0000] {manager.py:878} INFO - 
================================================================================
DAG File Processing Stats

File Path                              PID    Runtime      # DAGs    # Errors  Last Runtime    Last Run
-------------------------------------  -----  ---------  --------  ----------  --------------  -------------------
/opt/airflow/dags/football_etl_dag.py                           1           0  0.15s           2026-07-27T19:42:40
================================================================================
[2026-07-27T19:43:39.639+0000] {manager.py:878} INFO - 
================================================================================
DAG File Processing Stats

File Path                              PID    Runtime      # DAGs    # Errors  Last Runtime    Last Run
-------------------------------------  -----  ---------  --------  ----------  --------------  -------------------
/opt/airflow/dags/football_etl_dag.py                           1           0  0.17s           2026-07-27T19:43:10
================================================================================
[2026-07-27T19:44:09.911+0000] {manager.py:878} INFO - 
================================================================================
DAG File Processing Stats

File Path                              PID    Runtime      # DAGs    # Errors  Last Runtime    Last Run
-------------------------------------  -----  ---------  --------  ----------  --------------  -------------------
/opt/airflow/dags/football_etl_dag.py                           1           0  0.16s           2026-07-27T19:43:40
================================================================================
[2026-07-27T19:44:37.718+0000] {manager.py:452} INFO - Exiting gracefully upon receiving signal 15
[2026-07-27T19:45:18.755+0000] {manager.py:470} INFO - Processing files using up to 2 processes at a time 
[2026-07-27T19:45:18.757+0000] {manager.py:471} INFO - Process each file at most once every 30 seconds
[2026-07-27T19:45:18.762+0000] {manager.py:472} INFO - Checking for new files in /opt/airflow/dags every 300 seconds
[2026-07-27T19:45:18.764+0000] {manager.py:737} INFO - Searching for files in /opt/airflow/dags
[2026-07-27T19:45:18.797+0000] {manager.py:740} INFO - There are 1 files in /opt/airflow/dags
[2026-07-27T19:45:18.991+0000] {manager.py:878} INFO - 
================================================================================
DAG File Processing Stats

File Path                                PID  Runtime      # DAGs    # Errors  Last Runtime    Last Run
-------------------------------------  -----  ---------  --------  ----------  --------------  ----------
/opt/airflow/dags/football_etl_dag.py    163  0.08s             0           0
================================================================================
[2026-07-27T19:45:49.214+0000] {manager.py:878} INFO - 
================================================================================
DAG File Processing Stats

File Path                              PID    Runtime      # DAGs    # Errors  Last Runtime    Last Run
-------------------------------------  -----  ---------  --------  ----------  --------------  -------------------
/opt/airflow/dags/football_etl_dag.py                           1           0  0.45s           2026-07-27T19:45:19
================================================================================
[2026-07-27T19:46:19.757+0000] {manager.py:878} INFO - 
================================================================================
DAG File Processing Stats

File Path                              PID    Runtime      # DAGs    # Errors  Last Runtime    Last Run
-------------------------------------  -----  ---------  --------  ----------  --------------  -------------------
/opt/airflow/dags/football_etl_dag.py                           1           0  0.37s           2026-07-27T19:45:49
================================================================================
[2026-07-27T19:46:50.390+0000] {manager.py:878} INFO - 
================================================================================
DAG File Processing Stats

File Path                                PID  Runtime      # DAGs    # Errors  Last Runtime    Last Run
-------------------------------------  -----  ---------  --------  ----------  --------------  -------------------
/opt/airflow/dags/football_etl_dag.py    191  0.01s             1           0  0.16s           2026-07-27T19:46:20
================================================================================
[2026-07-27T19:47:20.694+0000] {manager.py:878} INFO - 
================================================================================
DAG File Processing Stats

File Path                                PID  Runtime      # DAGs    # Errors  Last Runtime    Last Run
-------------------------------------  -----  ---------  --------  ----------  --------------  -------------------
/opt/airflow/dags/football_etl_dag.py    202  0.01s             1           0  0.17s           2026-07-27T19:46:50
================================================================================
[2026-07-27T19:47:50.928+0000] {manager.py:878} INFO - 
================================================================================
DAG File Processing Stats

File Path                                PID  Runtime      # DAGs    # Errors  Last Runtime    Last Run
-------------------------------------  -----  ---------  --------  ----------  --------------  -------------------
/opt/airflow/dags/football_etl_dag.py    210  0.01s             1           0  0.19s           2026-07-27T19:47:20
================================================================================
[2026-07-27T19:48:21.193+0000] {manager.py:878} INFO - 
================================================================================
DAG File Processing Stats

File Path                                PID  Runtime      # DAGs    # Errors  Last Runtime    Last Run
-------------------------------------  -----  ---------  --------  ----------  --------------  -------------------
/opt/airflow/dags/football_etl_dag.py    224  0.01s             1           0  0.19s           2026-07-27T19:47:51
================================================================================
[2026-07-27T19:48:51.424+0000] {manager.py:878} INFO - 
================================================================================
DAG File Processing Stats

File Path                                PID  Runtime      # DAGs    # Errors  Last Runtime    Last Run
-------------------------------------  -----  ---------  --------  ----------  --------------  -------------------
/opt/airflow/dags/football_etl_dag.py    231  0.01s             1           0  0.21s           2026-07-27T19:48:21
================================================================================
[2026-07-27T19:49:21.729+0000] {manager.py:878} INFO - 
================================================================================
DAG File Processing Stats

File Path                                PID  Runtime      # DAGs    # Errors  Last Runtime    Last Run
-------------------------------------  -----  ---------  --------  ----------  --------------  -------------------
/opt/airflow/dags/football_etl_dag.py    239  0.01s             1           0  0.18s           2026-07-27T19:48:51
================================================================================
[2026-07-27T19:49:52.030+0000] {manager.py:878} INFO - 
================================================================================
DAG File Processing Stats

File Path                                PID  Runtime      # DAGs    # Errors  Last Runtime    Last Run
-------------------------------------  -----  ---------  --------  ----------  --------------  -------------------
/opt/airflow/dags/football_etl_dag.py    251  0.01s             1           0  0.21s           2026-07-27T19:49:21
================================================================================
[2026-07-27T19:50:19.232+0000] {manager.py:737} INFO - Searching for files in /opt/airflow/dags
[2026-07-27T19:50:19.263+0000] {manager.py:740} INFO - There are 1 files in /opt/airflow/dags
[2026-07-27T19:50:22.313+0000] {manager.py:878} INFO - 
================================================================================
DAG File Processing Stats

File Path                                PID  Runtime      # DAGs    # Errors  Last Runtime    Last Run
-------------------------------------  -----  ---------  --------  ----------  --------------  -------------------
/opt/airflow/dags/football_etl_dag.py    264  0.01s             1           0  0.23s           2026-07-27T19:49:52
================================================================================
[2026-07-27T19:50:52.559+0000] {manager.py:878} INFO - 
================================================================================
DAG File Processing Stats

File Path                                PID  Runtime      # DAGs    # Errors  Last Runtime    Last Run
-------------------------------------  -----  ---------  --------  ----------  --------------  -------------------
/opt/airflow/dags/football_etl_dag.py    274  0.01s             1           0  0.17s           2026-07-27T19:50:22
================================================================================
[2026-07-27T19:51:22.767+0000] {manager.py:878} INFO - 
================================================================================
DAG File Processing Stats

File Path                                PID  Runtime      # DAGs    # Errors  Last Runtime    Last Run
-------------------------------------  -----  ---------  --------  ----------  --------------  -------------------
/opt/airflow/dags/football_etl_dag.py    282  0.00s             1           0  0.16s           2026-07-27T19:50:52
================================================================================
[2026-07-27T19:51:53.050+0000] {manager.py:878} INFO - 
================================================================================
DAG File Processing Stats

File Path                                PID  Runtime      # DAGs    # Errors  Last Runtime    Last Run
-------------------------------------  -----  ---------  --------  ----------  --------------  -------------------
/opt/airflow/dags/football_etl_dag.py    289  0.01s             1           0  0.16s           2026-07-27T19:51:22
================================================================================
[2026-07-27T19:52:23.259+0000] {manager.py:878} INFO - 
================================================================================
DAG File Processing Stats

File Path                                PID  Runtime      # DAGs    # Errors  Last Runtime    Last Run
-------------------------------------  -----  ---------  --------  ----------  --------------  -------------------
/opt/airflow/dags/football_etl_dag.py    310  0.01s             1           0  0.16s           2026-07-27T19:51:53
================================================================================
[2026-07-27T19:52:53.576+0000] {manager.py:878} INFO - 
================================================================================
DAG File Processing Stats

File Path                                PID  Runtime      # DAGs    # Errors  Last Runtime    Last Run
-------------------------------------  -----  ---------  --------  ----------  --------------  -------------------
/opt/airflow/dags/football_etl_dag.py    317  0.01s             1           0  0.22s           2026-07-27T19:52:23
================================================================================
[2026-07-27T19:53:23.924+0000] {manager.py:878} INFO - 
================================================================================
DAG File Processing Stats

File Path                                PID  Runtime      # DAGs    # Errors  Last Runtime    Last Run
-------------------------------------  -----  ---------  --------  ----------  --------------  -------------------
/opt/airflow/dags/football_etl_dag.py    322  0.01s             1           0  0.18s           2026-07-27T19:52:53
================================================================================
[2026-07-27T19:53:54.181+0000] {manager.py:878} INFO - 
================================================================================
DAG File Processing Stats

File Path                                PID  Runtime      # DAGs    # Errors  Last Runtime    Last Run
-------------------------------------  -----  ---------  --------  ----------  --------------  -------------------
/opt/airflow/dags/football_etl_dag.py    333  0.01s             1           0  0.17s           2026-07-27T19:53:24
================================================================================
[2026-07-27T19:54:24.438+0000] {manager.py:878} INFO - 
================================================================================
DAG File Processing Stats

File Path                                PID  Runtime      # DAGs    # Errors  Last Runtime    Last Run
-------------------------------------  -----  ---------  --------  ----------  --------------  -------------------
/opt/airflow/dags/football_etl_dag.py    352  0.01s             1           0  0.20s           2026-07-27T19:53:54
================================================================================
[2026-07-27T19:54:54.741+0000] {manager.py:878} INFO - 
================================================================================
DAG File Processing Stats

File Path                                PID  Runtime      # DAGs    # Errors  Last Runtime    Last Run
-------------------------------------  -----  ---------  --------  ----------  --------------  -------------------
/opt/airflow/dags/football_etl_dag.py    359  0.01s             1           0  0.23s           2026-07-27T19:54:24
================================================================================
[2026-07-27T19:55:20.030+0000] {manager.py:737} INFO - Searching for files in /opt/airflow/dags
[2026-07-27T19:55:20.052+0000] {manager.py:740} INFO - There are 1 files in /opt/airflow/dags
[2026-07-27T19:55:25.105+0000] {manager.py:878} INFO - 
================================================================================
DAG File Processing Stats

File Path                                PID  Runtime      # DAGs    # Errors  Last Runtime    Last Run
-------------------------------------  -----  ---------  --------  ----------  --------------  -------------------
/opt/airflow/dags/football_etl_dag.py    366  0.01s             1           0  0.20s           2026-07-27T19:54:54
================================================================================
[2026-07-27T19:55:55.312+0000] {manager.py:878} INFO - 
================================================================================
DAG File Processing Stats

File Path                                PID  Runtime      # DAGs    # Errors  Last Runtime    Last Run
-------------------------------------  -----  ---------  --------  ----------  --------------  -------------------
/opt/airflow/dags/football_etl_dag.py    373  0.01s             1           0  0.18s           2026-07-27T19:55:25
================================================================================
[2026-07-27T19:56:25.662+0000] {manager.py:878} INFO - 
================================================================================
DAG File Processing Stats

File Path                                PID  Runtime      # DAGs    # Errors  Last Runtime    Last Run
-------------------------------------  -----  ---------  --------  ----------  --------------  -------------------
/opt/airflow/dags/football_etl_dag.py    386  0.01s             1           0  0.16s           2026-07-27T19:55:55
================================================================================
[2026-07-27T19:56:55.886+0000] {manager.py:878} INFO - 
================================================================================
DAG File Processing Stats

File Path                              PID    Runtime      # DAGs    # Errors  Last Runtime    Last Run
-------------------------------------  -----  ---------  --------  ----------  --------------  -------------------
/opt/airflow/dags/football_etl_dag.py                           1           0  0.27s           2026-07-27T19:56:25
================================================================================
[2026-07-27T19:57:26.278+0000] {manager.py:878} INFO - 
================================================================================
DAG File Processing Stats

File Path                              PID    Runtime      # DAGs    # Errors  Last Runtime    Last Run
-------------------------------------  -----  ---------  --------  ----------  --------------  -------------------
/opt/airflow/dags/football_etl_dag.py                           1           0  0.27s           2026-07-27T19:56:56
================================================================================
[2026-07-27T19:57:56.734+0000] {manager.py:878} INFO - 
================================================================================
DAG File Processing Stats

File Path                                PID  Runtime      # DAGs    # Errors  Last Runtime    Last Run
-------------------------------------  -----  ---------  --------  ----------  --------------  -------------------
/opt/airflow/dags/football_etl_dag.py    409  0.01s             1           0  0.19s           2026-07-27T19:57:26
================================================================================
[2026-07-27T19:58:27.062+0000] {manager.py:878} INFO - 
================================================================================
DAG File Processing Stats

File Path                                PID  Runtime      # DAGs    # Errors  Last Runtime    Last Run
-------------------------------------  -----  ---------  --------  ----------  --------------  -------------------
/opt/airflow/dags/football_etl_dag.py    424  0.01s             1           0  0.26s           2026-07-27T19:57:56
================================================================================
[2026-07-27T19:58:57.388+0000] {manager.py:878} INFO - 
================================================================================
DAG File Processing Stats

File Path                                PID  Runtime      # DAGs    # Errors  Last Runtime    Last Run
-------------------------------------  -----  ---------  --------  ----------  --------------  -------------------
/opt/airflow/dags/football_etl_dag.py    429  0.01s             1           0  0.30s           2026-07-27T19:58:27
================================================================================
[2026-07-27T19:59:27.867+0000] {manager.py:878} INFO - 
================================================================================
DAG File Processing Stats

File Path                                PID  Runtime      # DAGs    # Errors  Last Runtime    Last Run
-------------------------------------  -----  ---------  --------  ----------  --------------  -------------------
/opt/airflow/dags/football_etl_dag.py    444  0.04s             1           0  0.25s           2026-07-27T19:58:57
================================================================================
[2026-07-27T19:59:58.018+0000] {manager.py:878} INFO - 
================================================================================
DAG File Processing Stats

File Path                              PID    Runtime      # DAGs    # Errors  Last Runtime    Last Run
-------------------------------------  -----  ---------  --------  ----------  --------------  -------------------
/opt/airflow/dags/football_etl_dag.py                           1           0  0.97s           2026-07-27T19:59:28
================================================================================
[2026-07-27T20:00:20.321+0000] {manager.py:737} INFO - Searching for files in /opt/airflow/dags
[2026-07-27T20:00:20.363+0000] {manager.py:740} INFO - There are 1 files in /opt/airflow/dags
[2026-07-27T20:00:28.444+0000] {manager.py:878} INFO - 
================================================================================
DAG File Processing Stats

File Path                              PID    Runtime      # DAGs    # Errors  Last Runtime    Last Run
-------------------------------------  -----  ---------  --------  ----------  --------------  -------------------
/opt/airflow/dags/football_etl_dag.py                           1           0  0.47s           2026-07-27T19:59:59
================================================================================
[2026-07-27T20:00:58.889+0000] {manager.py:878} INFO - 
================================================================================
DAG File Processing Stats

File Path                              PID    Runtime      # DAGs    # Errors  Last Runtime    Last Run
-------------------------------------  -----  ---------  --------  ----------  --------------  -------------------
/opt/airflow/dags/football_etl_dag.py                           1           0  0.37s           2026-07-27T20:00:30
================================================================================
[2026-07-27T20:01:29.453+0000] {manager.py:878} INFO - 
================================================================================
DAG File Processing Stats

File Path                              PID    Runtime      # DAGs    # Errors  Last Runtime    Last Run
-------------------------------------  -----  ---------  --------  ----------  --------------  -------------------
/opt/airflow/dags/football_etl_dag.py                           1           0  0.27s           2026-07-27T20:01:00
================================================================================
[2026-07-27T20:01:59.516+0000] {manager.py:878} INFO - 
================================================================================
DAG File Processing Stats

File Path                              PID    Runtime      # DAGs    # Errors  Last Runtime    Last Run
-------------------------------------  -----  ---------  --------  ----------  --------------  -------------------
/opt/airflow/dags/football_etl_dag.py                           1           0  0.26s           2026-07-27T20:01:31
================================================================================
[2026-07-27T20:02:29.676+0000] {manager.py:878} INFO - 
================================================================================
DAG File Processing Stats

File Path                              PID    Runtime      # DAGs    # Errors  Last Runtime    Last Run
-------------------------------------  -----  ---------  --------  ----------  --------------  -------------------
/opt/airflow/dags/football_etl_dag.py                           1           0  0.29s           2026-07-27T20:02:01
================================================================================
[2026-07-27T20:02:59.917+0000] {manager.py:878} INFO - 
================================================================================
DAG File Processing Stats

File Path                              PID    Runtime      # DAGs    # Errors  Last Runtime    Last Run
-------------------------------------  -----  ---------  --------  ----------  --------------  -------------------
/opt/airflow/dags/football_etl_dag.py                           1           0  0.29s           2026-07-27T20:02:31
================================================================================
[2026-07-27T20:03:30.433+0000] {manager.py:878} INFO - 
================================================================================
DAG File Processing Stats

File Path                              PID    Runtime      # DAGs    # Errors  Last Runtime    Last Run
-------------------------------------  -----  ---------  --------  ----------  --------------  -------------------
/opt/airflow/dags/football_etl_dag.py                           1           0  0.15s           2026-07-27T20:03:02
================================================================================
[2026-07-27T20:04:00.654+0000] {manager.py:878} INFO - 
================================================================================
DAG File Processing Stats

File Path                              PID    Runtime      # DAGs    # Errors  Last Runtime    Last Run
-------------------------------------  -----  ---------  --------  ----------  --------------  -------------------
/opt/airflow/dags/football_etl_dag.py                           1           0  0.14s           2026-07-27T20:03:32
================================================================================
[2026-07-27T20:04:30.941+0000] {manager.py:878} INFO - 
================================================================================
DAG File Processing Stats

File Path                              PID    Runtime      # DAGs    # Errors  Last Runtime    Last Run
-------------------------------------  -----  ---------  --------  ----------  --------------  -------------------
/opt/airflow/dags/football_etl_dag.py                           1           0  0.17s           2026-07-27T20:04:02
================================================================================
[2026-07-27T20:05:01.168+0000] {manager.py:878} INFO - 
================================================================================
DAG File Processing Stats

File Path                              PID    Runtime      # DAGs    # Errors  Last Runtime    Last Run
-------------------------------------  -----  ---------  --------  ----------  --------------  -------------------
/opt/airflow/dags/football_etl_dag.py                           1           0  0.19s           2026-07-27T20:04:33
================================================================================
[2026-07-27T20:05:20.462+0000] {manager.py:737} INFO - Searching for files in /opt/airflow/dags
[2026-07-27T20:05:20.494+0000] {manager.py:740} INFO - There are 1 files in /opt/airflow/dags
[2026-07-27T20:05:31.355+0000] {manager.py:878} INFO - 
================================================================================
DAG File Processing Stats

File Path                              PID    Runtime      # DAGs    # Errors  Last Runtime    Last Run
-------------------------------------  -----  ---------  --------  ----------  --------------  -------------------
/opt/airflow/dags/football_etl_dag.py                           1           0  0.18s           2026-07-27T20:05:03
================================================================================
[2026-07-27T20:06:01.772+0000] {manager.py:878} INFO - 
================================================================================
DAG File Processing Stats

File Path                              PID    Runtime      # DAGs    # Errors  Last Runtime    Last Run
-------------------------------------  -----  ---------  --------  ----------  --------------  -------------------
/opt/airflow/dags/football_etl_dag.py                           1           0  0.21s           2026-07-27T20:05:33
================================================================================
[2026-07-27T20:06:32.172+0000] {manager.py:878} INFO - 
================================================================================
DAG File Processing Stats

File Path                              PID    Runtime      # DAGs    # Errors  Last Runtime    Last Run
-------------------------------------  -----  ---------  --------  ----------  --------------  -------------------
/opt/airflow/dags/football_etl_dag.py                           1           0  0.26s           2026-07-27T20:06:04
================================================================================
[2026-07-27T20:07:02.705+0000] {manager.py:878} INFO - 
================================================================================
DAG File Processing Stats

File Path                              PID    Runtime      # DAGs    # Errors  Last Runtime    Last Run
-------------------------------------  -----  ---------  --------  ----------  --------------  -------------------
/opt/airflow/dags/football_etl_dag.py                           1           0  0.23s           2026-07-27T20:06:34
================================================================================
[2026-07-27T20:07:33.090+0000] {manager.py:878} INFO - 
================================================================================
DAG File Processing Stats

File Path                              PID    Runtime      # DAGs    # Errors  Last Runtime    Last Run
-------------------------------------  -----  ---------  --------  ----------  --------------  -------------------
/opt/airflow/dags/football_etl_dag.py                           1           0  0.18s           2026-07-27T20:07:05
================================================================================
[2026-07-27T20:08:03.424+0000] {manager.py:878} INFO - 
================================================================================
DAG File Processing Stats

File Path                              PID    Runtime      # DAGs    # Errors  Last Runtime    Last Run
-------------------------------------  -----  ---------  --------  ----------  --------------  -------------------
/opt/airflow/dags/football_etl_dag.py                           1           0  0.20s           2026-07-27T20:07:35
================================================================================
[2026-07-27T20:08:33.636+0000] {manager.py:878} INFO - 
================================================================================
DAG File Processing Stats

File Path                              PID    Runtime      # DAGs    # Errors  Last Runtime    Last Run
-------------------------------------  -----  ---------  --------  ----------  --------------  -------------------
/opt/airflow/dags/football_etl_dag.py                           1           0  0.24s           2026-07-27T20:08:05
================================================================================
[2026-07-27T20:09:03.649+0000] {manager.py:878} INFO - 
================================================================================
DAG File Processing Stats

File Path                              PID    Runtime      # DAGs    # Errors  Last Runtime    Last Run
-------------------------------------  -----  ---------  --------  ----------  --------------  -------------------
/opt/airflow/dags/football_etl_dag.py                           1           0  0.20s           2026-07-27T20:08:36
================================================================================
[2026-07-27T20:09:34.328+0000] {manager.py:878} INFO - 
================================================================================
DAG File Processing Stats

File Path                              PID    Runtime      # DAGs    # Errors  Last Runtime    Last Run
-------------------------------------  -----  ---------  --------  ----------  --------------  -------------------
/opt/airflow/dags/football_etl_dag.py                           1           0  0.20s           2026-07-27T20:09:06
================================================================================
[2026-07-27T20:10:04.747+0000] {manager.py:878} INFO - 
================================================================================
DAG File Processing Stats

File Path                              PID    Runtime      # DAGs    # Errors  Last Runtime    Last Run
-------------------------------------  -----  ---------  --------  ----------  --------------  -------------------
/opt/airflow/dags/football_etl_dag.py                           1           0  0.27s           2026-07-27T20:09:36
================================================================================
[2026-07-27T20:10:21.050+0000] {manager.py:737} INFO - Searching for files in /opt/airflow/dags
[2026-07-27T20:10:21.084+0000] {manager.py:740} INFO - There are 1 files in /opt/airflow/dags
[2026-07-27T20:10:29.088+0000] {manager.py:452} INFO - Exiting gracefully upon receiving signal 15
[2026-07-27T20:22:09.213+0000] {manager.py:470} INFO - Processing files using up to 2 processes at a time 
[2026-07-27T20:22:09.215+0000] {manager.py:471} INFO - Process each file at most once every 30 seconds
[2026-07-27T20:22:09.218+0000] {manager.py:472} INFO - Checking for new files in /opt/airflow/dags every 300 seconds
[2026-07-27T20:22:09.220+0000] {manager.py:737} INFO - Searching for files in /opt/airflow/dags
[2026-07-27T20:22:09.270+0000] {manager.py:740} INFO - There are 1 files in /opt/airflow/dags
[2026-07-27T20:22:09.620+0000] {manager.py:878} INFO - 
================================================================================
DAG File Processing Stats

File Path                                PID  Runtime      # DAGs    # Errors  Last Runtime    Last Run
-------------------------------------  -----  ---------  --------  ----------  --------------  ----------
/opt/airflow/dags/football_etl_dag.py    164  0.10s             0           0
================================================================================
[2026-07-27T20:22:37.530+0000] {manager.py:452} INFO - Exiting gracefully upon receiving signal 15
